Workbook

Sheet Sheet2
A3: Cty | B3: CPC
A4: Cty | B4: Far Eastern
A5: Cty | B5: Nhóm Trung Quốc

Sheet GAP
B3: BẢNG TÍNH GIÁ MUA CHAI, VẢY TỪ CÁC TRẠM
J4: Giá B0 | K4: Giá B0
I5: ĐVT: đồng/ký | J5: 9500 | K5: 10000
B6: Nhóm chai PET | C6: Thành phần chai PET sau phân loại | D6: Giá B0 | E6: Hao hụt | G6: Gap (đảm bảo chi phí và lợi nhuận) | H6: Giá mua theo công thức | I6: Giá mua đề xuất
E7: Tỷ lệ | F7: Quy ra tiền
B8: A. Giá mua Chai
B9: Chai PET nhóm 1 | C9: B1.1 + B1.2 + B1.3 + B2.1 + B3 + B6.1 | D9: 9500 | E9: 0.11 | F9: =D9*E9 -> 1045 | G9: 3500 | H9: =D9+F9+G9 -> 14045 | I9: 14500 | J9: =I9-D9 -> 5000 | K9: 5000 | L9: =J9-K9 -> 0
B10: Chai PET nhóm 2 | C10: B4 + B5 | D10: 9500 | E10: 0.11 | F10: =D10*E10 -> 1045 | G10: 500 | H10: =D10+F10+G10 -> 11045 | I10: 11500 | J10: =I10-D10 -> 2000 | K10: 2000 | L10: =J10-K10 -> 0
B11: Chai PET nhóm 3 | C11: B2.2 + B6.2 | D11: 9500 | E11: 0.11 | F11: =D11*E11 -> 1045 | G11: 2000 | H11: =D11+F11+G11 -> 12545 | I11: 13000 | J11: =I11-D11 -> 3500 | K11: 3500 | L11: =J11-K11 -> 0
B12: Chai PET nhóm 4 | C12: Nắp HD Ép, cổ chai, PP (quai) | D12: 9500 | E12: 0.11 | F12: =D12*E12 -> 1045 | G12: -5000 | H12: =D12+F12+G12 -> 5545 | I12: 6000 | J12: =I12-D12 -> -3500 | K12: -3500 | L12: =J12-K12 -> 0
B13: B. Giá mua Vảy | L13: =J13-K13 -> 0
B14: Nhóm 1 | C14: Vảy B6.2 | D14: =I11 -> 13000 | E14: 0.08 | F14: =D14*E14 -> 1040 | G14: 2000 | H14: =D14+F14+G14 -> 16040 | I14: 16000 | J14: =I14-D14 -> 3000 | K14: 3000 | L14: =J14-K14 -> 0
B16: BẢNG COPY QUA TỜ TRÌNH DUYỆT
B17: Mã SAP | C17: Tên Chai | D17: Giá đề xuất
C18: Chai PET B1.1 | D18: =$I$9 -> 14500
C19: Chai PET B1 KPL (B1.2) | D19: =D18-500 -> 14000
C20: Chai PET B1.3 | D20: =$I$9 -> 14500
B21: 150000004 | C21: Chai PET B2.1 | D21: =$I$9 -> 14500
B22: 150000050 | C22: Chai PET B2.2 | D22: =$I$11 -> 13000
B23: 150000005 | C23: Chai PET B3 | D23: =$I$9 -> 14500
B24: 150000014 | C24: Chai PET B4 | D24: =$I$10 -> 11500
B25: 150000015 | C25: Chai PET B5 | D25: =$I$10 -> 11500
B26: 150000016 | C26: Chai PET B6.1 | D26: =$I$9 -> 14500
B27: 150000114 | C27: Chai PET B6.2 | D27: =$I$11 -> 13000
C28: Nắp HD Ép, cổ chai | D28: =$I$12 -> 6000
C29: PP (quai) | D29: =$I$12 -> 6000
B30: 150000061 | C30: Vảy PET B6.2_A6 | D30: =I14 -> 16000

Sheet Giá mua Chai-Vảy
A2: 2026
A3: 2
B6: Giá chai B0 | C6: 9500
B7: Chi phí phân loại | C7: 3000
B8: Tỷ lệ hao hụt thực tế | C8: 0.11
B9: Tổng chi phí | C9: =SUM(C6:C7) -> 12500
B10: Chi phí hao hụt | C10: =C9*C8/(1-C8) -> 1544.9438
B11: Giá bán hòa vốn đơn vị | C11: =+C9/(1-C8) -> 14044.944 | X11: So giá mua BO
B12: Chai | S12: Check với SAP | V12: TT | W12: BOM | X12: TT | Y12: BOM
A13: STT | B13: Tên vật tư | C13: Cơ cấu thành phẩm theo BOM | E13: Giá bán chai 3 trạm về DTR | F13: Cơ cấu nguyên vật liệu BOM (gram) | G13: Cơ cấu thành phẩm thực tế | H13: Tỷ trọng giá trị | I13: Phân bổ giá B0 | J13: Phân bổ chi phí phân loại | K13: Chi phí sau phân loại | L13: Doanh thu đơn vị | M13: Lợi nhuận đơn vị | N13: Giá thành 1kg sau phân loại | O13: Giá bán chai 3 trạm về DTR | P13: Diff | R13: Giá BO sau phân loại | S13: BOM SAP | T13: Diff | U13: %Diff | V13: Tỷ 3 cấp chất lượng | W13: Tỷ 3 cấp chất lượng | X13: Tỷ 3 cấp chất lượng | Y13: Tỷ 3 cấp chất lượng | Z13: Cơ cấu giá trừ chất lượng | AA13: GAP so BO | AC13: Giá mua theo phân loại | AD13: Chi phí Băm Vảy | AE13: Vảy
A14: 1 | B14: Chai PET B1 | C14: 0.54 | E14: 15000 | F14: =C14*1000 -> 540 | G14: =F14/1000/(1-$C$8) -> 0.60674157 | H14: =E14*G14/SUMPRODUCT($E$14:$E$20,$G$14:$G$20) -> 0.63804647 | I14: =$C$6*H14 -> 6061.4415 | J14: =($C$7+$C$10)*H14 -> 2899.8854 | K14: =I14+J14 -> 8961.3269 | L14: =E14*G14 -> 9101.1236 | M14: =L14-K14 -> 139.7967 | N14: =K14/(F14/(1-$C$8))*1000 -> 14769.594 | O14: 15000 | P14: =O14-N14 -> 230.40567 | Q14: =P14/E14 -> 0.015360378 | R14: =I14/F14*1000 -> 11224.892 | S14: ='[1]BOM (Long)'!$P$7 -> 11536.632 | T14: =R14-S14 -> -311.74009 | U14: =T14/S14 -> -0.02702176 | V14: =R14/R$16 -> 1.25 | W14: =S14/S$16 -> 1.25 | X14: =S14/C$6 -> 1.2143823 | Y14: =S14/C$6 -> 1.2143823 | Z14: 9700 | AC14: 12500 | AE14: =AC14+AD14 -> 12500
A15: 5 | B15: Chai PET B2.2 | C15: 0.03 | E15: 13500 | F15: =C15*1000 -> 30 | G15: =F15/1000/(1-$C$8) -> 0.033707865 | H15: =E15*G15/SUMPRODUCT($E$14:$E$20,$G$14:$G$20) -> 0.031902324 | I15: =$C$6*H15 -> 303.07208 | J15: =($C$7+$C$10)*H15 -> 144.99427 | K15: =I15+J15 -> 448.06634 | L15: =E15*G15 -> 455.05618 | M15: =L15-K15 -> 6.989835 | N15: =K15/(F15/(1-$C$8))*1000 -> 13292.635 | O15: 13500 | P15: =O15-N15 -> 207.3651 | Q15: =P15/E15 -> 0.015360378 | R15: =I15/F15*1000 -> 10102.403 | S15: ='[1]BOM (Long)'!$P$9 -> 10152.236 | T15: =R15-S15 -> -49.833445 | U15: =T15/S15 -> -0.0049086177 | V15: =R15/R$16 -> 1.125 | W15: =S15/S$16 -> 1.1 | X15: =S15/C$6 -> 1.0686564 | Y15: =S15/C$6 -> 1.0686564 | Z15: =Z14/$Y$15 -> 9076.8182 | AA15: =Z15-$Z$14 -> -623.18182 | AB15: =Z15-Z14 -> -623.18182 | AC15: 10000
A16: 7 | B16: Chai PET B4 | C16: 0.02 | E16: 12000 | F16: =C16*1000 -> 20 | G16: =F16/1000/(1-$C$8) -> 0.02247191 | H16: =E16*G16/SUMPRODUCT($E$14:$E$20,$G$14:$G$20) -> 0.018905081 | I16: =$C$6*H16 -> 179.59827 | J16: =($C$7+$C$10)*H16 -> 85.92253 | K16: =I16+J16 -> 265.5208 | L16: =E16*G16 -> 269.66292 | M16: =L16-K16 -> 4.1421244 | N16: =K16/(F16/(1-$C$8))*1000 -> 11815.675 | O16: 12000 | P16: =O16-N16 -> 184.32454 | Q16: =P16/E16 -> 0.015360378 | R16: =I16/F16*1000 -> 8979.9134 | S16: ='[1]BOM (Long)'!$P$10 -> 9229.3054 | T16: =R16-S16 -> -249.39207 | U16: =T16/S16 -> -0.02702176 | V16: =R16/R$16 -> 1 | W16: =S16/S$16 -> 1 | X16: =S16/C$6 -> 0.97150583 | Y16: =S16/C$6 -> 0.97150583 | Z16: =Z15/$Y$15 -> 8493.673 | AA16: =Z16-$Z$14 -> -1206.327 | AB16: =Z16-Z15 -> -583.14516 | AC16: 9000
A17: 8 | B17: Chai PET B5 | C17: 0.02 | E17: 12000 | F17: =C17*1000 -> 20 | G17: =F17/1000/(1-$C$8) -> 0.02247191 | H17: =E17*G17/SUMPRODUCT($E$14:$E$20,$G$14:$G$20) -> 0.018905081 | I17: =$C$6*H17 -> 179.59827 | J17: =($C$7+$C$10)*H17 -> 85.92253 | K17: =I17+J17 -> 265.5208 | L17: =E17*G17 -> 269.66292 | M17: =L17-K17 -> 4.1421244 | N17: =K17/(F17/(1-$C$8))*1000 -> 11815.675 | O17: 12000 | P17: =O17-N17 -> 184.32454 | Q17: =P17/E17 -> 0.015360378 | R17: =I17/F17*1000 -> 8979.9134 | S17: ='[1]BOM (Long)'!$P$11 -> 9229.3054 | T17: =R17-S17 -> -249.39207 | U17: =T17/S17 -> -0.02702176 | V17: =R17/R$16 -> 1 | W17: =S17/S$16 -> 1 | X17: =S17/C$6 -> 0.97150583 | Y17: =S17/C$6 -> 0.97150583 | Z17: =Z16/$Y$15 -> 7947.9923 | AA17: =Z17-$Z$14 -> -1752.0077 | AB17: =Z17-Z16 -> -545.68068 | AC17: 9000
A18: 10 | B18: Chai PET B6.2 | C18: 0.27 | E18: 13500 | F18: =C18*1000 -> 270 | G18: =F18/1000/(1-$C$8) -> 0.30337079 | H18: =E18*G18/SUMPRODUCT($E$14:$E$20,$G$14:$G$20) -> 0.28712091 | I18: =$C$6*H18 -> 2727.6487 | J18: =($C$7+$C$10)*H18 -> 1304.9484 | K18: =I18+J18 -> 4032.5971 | L18: =E18*G18 -> 4095.5056 | M18: =L18-K18 -> 62.908515 | N18: =K18/(F18/(1-$C$8))*1000 -> 13292.635 | O18: 13500 | P18: =O18-N18 -> 207.3651 | Q18: =P18/E18 -> 0.015360378 | R18: =I18/F18*1000 -> 10102.403 | S18: ='[1]BOM (Long)'!$P$13 -> 10152.236 | T18: =R18-S18 -> -49.833445 | U18: =T18/S18 -> -0.0049086177 | V18: =R18/R$16 -> 1.125 | W18: =S18/S$16 -> 1.1 | X18: =S18/C$6 -> 1.0686564 | Y18: =S18/C$6 -> 1.0686564 | Z18: =Z17/$Y$15 -> 7437.3692 | AA18: =Z18-$Z$14 -> -2262.6308 | AB18: =Z18-Z17 -> -510.62313 | AC18: 10000 | AD18: ='[2]CP Công đoạn (3)'!$CJ$6 -> 2321.031 | AE18: =AC18+AD18 -> 12321.031
A19: 11 | B19: Nắp HD ép, cổ chai | C19: 0.01 | E19: 6500 | F19: =C19*1000 -> 10 | G19: =F19/1000/(1-$C$8) -> 0.011235955 | H19: =E19*G19/SUMPRODUCT($E$14:$E$20,$G$14:$G$20) -> 0.005120126 | I19: =$C$6*H19 -> 48.641197 | J19: =($C$7+$C$10)*H19 -> 23.270685 | K19: =I19+J19 -> 71.911882 | L19: =E19*G19 -> 73.033708 | M19: =L19-K19 -> 1.1218254 | N19: =K19/(F19/(1-$C$8))*1000 -> 6400.1575 | O19: 6500 | P19: =O19-N19 -> 99.842458 | Q19: =P19/E19 -> 0.015360378 | R19: =I19/F19*1000 -> 4864.1197 | S19: ='[1]BOM (Long)'!$P$14 -> 5537.5833 | T19: =R19-S19 -> -673.46352 | U19: =T19/S19 -> -0.12161687 | V19: =R19/R$16 -> 0.54166667 | W19: =S19/S$16 -> 0.6 | X19: =S19/C$6 -> 0.5829035 | Y19: =S19/C$6 -> 0.5829035 | Z19: =Z18/$Y$15 -> 6959.5514 | AA19: =Z19-$Z$14 -> -2740.4486 | AB19: =Z19-Z18 -> -477.81786 | AC19: 5000
F20: =C20*1000 -> 0 | G20: =F20/1000/(1-$C$8) -> 0 | H20: =E20*G20/SUMPRODUCT($E$14:$E$20,$G$14:$G$20) -> 0 | I20: =$C$6*H20 -> 0 | J20: =($C$7+$C$10)*H20 -> 0 | K20: =I20+J20 -> 0 | L20: =E20*G20 -> 0 | M20: =L20-K20 -> 0 | N20: =K20/(F20/(1-$C$8))*1000 -> #DIV/0! | P20: =O20-N20 -> #DIV/0! | Q20: =P20/E20 -> #DIV/0!
B21: Thành phẩm thu được sau lựa | C21: =SUM(C14:C20) -> 0.89 | F21: =SUM(F14:F20) -> 890 | G21: =SUM(G14:G20) -> 1 | H21: =SUM(H14:H20) -> 1 | I21: =SUM(I14:I20) -> 9500 | J21: =SUM(J14:J20) -> 4544.9438 | K21: =SUM(K14:K20) -> 14044.944 | L21: =SUM(L14:L20) -> 14264.045 | M21: =SUM(M14:M20) -> 219.10112
B22: Hao hụt (%) | C22: =100%-C21 -> 0.11
B23: Hao hụt (gram_BOM) | F23: =1000-F21 -> 110
B26: Giá chai BX mix sau phân loại | C26: =C11 -> 14044.944
B27: Chi phí phân loại | C27: 1500
B28: Tỷ lệ hao hụt thực tế | C28: 0.06
B29: Tổng chi phí | C29: =SUM(C26:C27) -> 15544.944
B30: Chi phí hao hụt | C30: =C29*C28/(1-C28) -> 992.23046
B31: Giá bán hòa vốn đơn vị | C31: =+C29/(1-C28) -> 16537.174
X32: So giá mua BO
B33: Vảy | S33: Check với SAP | V33: TT | W33: BOM | X33: TT | Y33: BOM
A34: STT | B34: Tên vật tư | C34: Cơ cấu thành phẩm theo BOM | E34: Giá bán thành chai trước băm | F34: Cơ cấu nguyên vật liệu BOM (gram) | G34: Cơ cấu thành phẩm thực tế | H34: Tỷ trọng giá trị | I34: Phân bổ giá chai băm | J34: Chi phí băm | K34: Giá thành sau băm | L34: Doanh thu đơn vị | M34: Lợi nhuận đơn vị | N34: Giá thành 1kg sau Băm | O34: Giá bán vảy 3 trạm về DTR | P34: Diff | R34: Giá BO sau phân loại | S34: BOM SAP | T34: Diff | U34: %Diff | V34: Tỷ 3 cấp chất lượng | W34: Tỷ 3 cấp chất lượng | X34: Tỷ 3 cấp chất lượng | Y34: Tỷ 3 cấp chất lượng | Z34: Cơ cấu giá trừ chất lượng | AA34: GAP so BO
A35: 1 | B35: Vảy_ Chai PET B1 | C35: 0.54 | E35: =N14 -> 14769.594 | F35: =C35*1000 -> 540 | G35: =F35/1000/(1-$C$28) -> 0.57446809 | H35: =E35*G35/SUMPRODUCT($E$35:$E$40,$G$35:$G$40) -> 0.63804647 | I35: =$C$26*H35 -> 8961.3269 | J35: =$C$27+$C$30 -> 2492.2305 | K35: =N14+J35 -> 17261.825 | L35: =O35 -> 16500 | M35: =L35-K35 -> -761.82479 | N35: =K35 -> 17261.825 | O35: 16500 | P35: =O35-N35 -> -761.82479 | Q35: =P35/E35 -> -0.051580617 | R35: =I35/F35*1000 -> 16595.05 | S35: ='[1]BOM (Long)'!$P$7 -> 11536.632 | T35: =R35-S35 -> 5058.418 | U35: =T35/S35 -> 0.43846576 | V35: =R35/R$16 -> 1.8480189 | W35: =S35/S$16 -> 1.25 | X35: =S35/C$6 -> 1.2143823 | Y35: =S35/C$6 -> 1.2143823 | Z35: 9700
A36: 5 | B36: Vảy_Chai PET B2.2 | C36: 0.03 | E36: =N15 -> 13292.635 | F36: =C36*1000 -> 30 | G36: =F36/1000/(1-$C$28) -> 0.031914894 | H36: =E36*G36/SUMPRODUCT($E$35:$E$40,$G$35:$G$40) -> 0.031902324 | I36: =$C$26*H36 -> 448.06634 | J36: =$C$27+$C$30 -> 2492.2305 | K36: =N15+J36 -> 15784.865 | L36: =O36 -> 15000 | M36: =L36-K36 -> -784.86535 | N36: =K36 -> 15784.865 | O36: 15000 | P36: =O36-N36 -> -784.86535 | Q36: =P36/E36 -> -0.05904513 | R36: =I36/F36*1000 -> 14935.545 | S36: ='[1]BOM (Long)'!$P$9 -> 10152.236 | T36: =R36-S36 -> 4783.3089 | U36: =T36/S36 -> 0.47115816 | V36: =R36/R$16 -> 1.663217 | W36: =S36/S$16 -> 1.1 | X36: =S36/C$6 -> 1.0686564 | Y36: =S36/C$6 -> 1.0686564 | Z36: =Z35/$Y$15 -> 9076.8182 | AA36: =Z36-$Z$14 -> -623.18182 | AB36: =Z36-Z35 -> -623.18182
A37: 7 | B37: Vảy_Chai PET B4 | C37: 0.02 | E37: =N16 -> 11815.675 | F37: =C37*1000 -> 20 | G37: =F37/1000/(1-$C$28) -> 0.021276596 | H37: =E37*G37/SUMPRODUCT($E$35:$E$40,$G$35:$G$40) -> 0.018905081 | I37: =$C$26*H37 -> 265.5208 | J37: =$C$27+$C$30 -> 2492.2305 | K37: =N16+J37 -> 14307.906 | L37: =O37 -> 13500 | M37: =L37-K37 -> -807.90592 | N37: =K37 -> 14307.906 | O37: 13500 | P37: =O37-N37 -> -807.90592 | Q37: =P37/E37 -> -0.068375771 | R37: =I37/F37*1000 -> 13276.04 | S37: ='[1]BOM (Long)'!$P$10 -> 9229.3054 | T37: =R37-S37 -> 4046.7344 | U37: =T37/S37 -> 0.43846576 | V37: =R37/R$16 -> 1.4784151 | W37: =S37/S$16 -> 1 | X37: =S37/C$6 -> 0.97150583 | Y37: =S37/C$6 -> 0.97150583 | Z37: =Z36/$Y$15 -> 8493.673 | AA37: =Z37-$Z$14 -> -1206.327 | AB37: =Z37-Z36 -> -583.14516
A38: 8 | B38: Vảy_Chai PET B5 | C38: 0.02 | E38: =N17 -> 11815.675 | F38: =C38*1000 -> 20 | G38: =F38/1000/(1-$C$28) -> 0.021276596 | H38: =E38*G38/SUMPRODUCT($E$35:$E$40,$G$35:$G$40) -> 0.018905081 | I38: =$C$26*H38 -> 265.5208 | J38: =$C$27+$C$30 -> 2492.2305 | K38: =N17+J38 -> 14307.906 | L38: =O38 -> 13500 | M38: =L38-K38 -> -807.90592 | N38: =K38 -> 14307.906 | O38: 13500 | P38: =O38-N38 -> -807.90592 | Q38: =P38/E38 -> -0.068375771 | R38: =I38/F38*1000 -> 13276.04 | S38: ='[1]BOM (Long)'!$P$11 -> 9229.3054 | T38: =R38-S38 -> 4046.7344 | U38: =T38/S38 -> 0.43846576 | V38: =R38/R$16 -> 1.4784151 | W38: =S38/S$16 -> 1 | X38: =S38/C$6 -> 0.97150583 | Y38: =S38/C$6 -> 0.97150583 | Z38: =Z37/$Y$15 -> 7947.9923 | AA38: =Z38-$Z$14 -> -1752.0077 | AB38: =Z38-Z37 -> -545.68068
A39: 10 | B39: Vảy_Chai PET B6.2 | C39: 0.27 | E39: =N18 -> 13292.635 | F39: =C39*1000 -> 270 | G39: =F39/1000/(1-$C$28) -> 0.28723404 | H39: =E39*G39/SUMPRODUCT($E$35:$E$40,$G$35:$G$40) -> 0.28712091 | I39: =$C$26*H39 -> 4032.5971 | J39: =$C$27+$C$30 -> 2492.2305 | K39: =N18+J39 -> 15784.865 | L39: =O39 -> 15000 | M39: =L39-K39 -> -784.86535 | N39: =K39 -> 15784.865 | O39: 15000 | P39: =O39-N39 -> -784.86535 | Q39: =P39/E39 -> -0.05904513 | R39: =I39/F39*1000 -> 14935.545 | S39: ='[1]BOM (Long)'!$P$13 -> 10152.236 | T39: =R39-S39 -> 4783.3089 | U39: =T39/S39 -> 0.47115816 | V39: =R39/R$16 -> 1.663217 | W39: =S39/S$16 -> 1.1 | X39: =S39/C$6 -> 1.0686564 | Y39: =S39/C$6 -> 1.0686564 | Z39: =Z38/$Y$15 -> 7437.3692 | AA39: =Z39-$Z$14 -> -2262.6308 | AB39: =Z39-Z38 -> -510.62313
A40: 11 | B40: Vảy_Nắp HD ép, cổ chai | C40: 0.01 | E40: =N19 -> 6400.1575 | F40: =C40*1000 -> 10 | G40: =F40/1000/(1-$C$28) -> 0.010638298 | H40: =E40*G40/SUMPRODUCT($E$35:$E$40,$G$35:$G$40) -> 0.005120126 | I40: =$C$26*H40 -> 71.911882 | J40: =$C$27+$C$30 -> 2492.2305 | K40: =N19+J40 -> 8892.388 | L40: =O40 -> 8000 | M40: =L40-K40 -> -892.388 | N40: =K40 -> 8892.388 | O40: 8000 | P40: =O40-N40 -> -892.388 | Q40: =P40/E40 -> -0.13943219 | R40: =I40/F40*1000 -> 7191.1882 | S40: ='[1]BOM (Long)'!$P$14 -> 5537.5833 | T40: =R40-S40 -> 1653.605 | U40: =T40/S40 -> 0.29861492 | V40: =R40/R$16 -> 0.8008082 | W40: =S40/S$16 -> 0.6 | X40: =S40/C$6 -> 0.5829035 | Y40: =S40/C$6 -> 0.5829035 | Z40: =Z39/$Y$15 -> 6959.5514 | AA40: =Z40-$Z$14 -> -2740.4486 | AB40: =Z40-Z39 -> -477.81786
F41: =C41*1000 -> 0 | G41: =F41/1000/(1-$C$8) -> 0 | H41: =E41*G41/SUMPRODUCT($E$14:$E$20,$G$14:$G$20) -> 0 | I41: =$C$6*H41 -> 0 | J41: =($C$7+$C$10)*H41 -> 0 | K41: =I41+J41 -> 0 | L41: =E41*G41 -> 0 | M41: =L41-K41 -> 0 | N41: =K41/(F41/(1-$C$8))*1000 -> #DIV/0! | P41: =O41-N41 -> #DIV/0! | Q41: =P41/E41 -> #DIV/0!
B42: Thành phẩm thu được sau lựa | C42: =SUM(C35:C41) -> 0.89 | F42: =SUM(F35:F41) -> 890 | G42: =SUM(G35:G41) -> 0.94680851 | H42: =SUM(H35:H41) -> 1 | I42: =SUM(I35:I41) -> 14044.944 | J42: =SUM(J35:J41) -> 14953.383 | K42: =SUM(K35:K41) -> 86339.755 | L42: =SUM(L35:L41) -> 81500 | M42: =SUM(M35:M41) -> -4839.7553
B43: Hao hụt (%) | C43: =100%-C42 -> 0.11
B44: Hao hụt (gram_BOM) | F44: =1000-F42 -> 110

Sheet Giá mua Chai-Vảy (Giá giảm)
A2: 2026
A3: 2
B6: Giá chai B0 | C6: 9500
B7: Chi phí phân loại | C7: 3000
B8: Tỷ lệ hao hụt thực tế | C8: 0.11
B9: Tổng chi phí | C9: =SUM(C6:C7) -> 12500
B10: Chi phí hao hụt | C10: =C9*C8/(1-C8) -> 1544.9438
B11: Giá bán hòa vốn đơn vị | C11: =+C9/(1-C8) -> 14044.944 | X11: So giá mua BO
B12: Chai | E12: 500 | S12: Check với SAP | V12: TT | W12: BOM | X12: TT | Y12: BOM
A13: STT | B13: Tên vật tư | C13: Cơ cấu thành phẩm theo BOM | E13: Giá bán chai 3 trạm về DTR | F13: Cơ cấu nguyên vật liệu BOM (gram) | G13: Cơ cấu thành phẩm thực tế | H13: Tỷ trọng giá trị | I13: Phân bổ giá B0 | J13: Phân bổ chi phí phân loại | K13: Chi phí sau phân loại | L13: Doanh thu đơn vị | M13: Lợi nhuận đơn vị | N13: Giá thành 1kg sau phân loại | O13: Giá bán chai 3 trạm về DTR | P13: Diff | R13: Giá BO sau phân loại | S13: BOM SAP | T13: Diff | U13: %Diff | V13: Tỷ 3 cấp chất lượng | W13: Tỷ 3 cấp chất lượng | X13: Tỷ 3 cấp chất lượng | Y13: Tỷ 3 cấp chất lượng | Z13: Cơ cấu giá trừ chất lượng | AA13: GAP so BO | AC13: Giá mua theo phân loại | AD13: Chi phí Băm Vảy | AE13: Vảy
A14: 1 | B14: Chai PET B1 | C14: 0.54 | E14: ='Giá mua Chai-Vảy'!E14-$E$12 -> 14500 | F14: =C14*1000 -> 540 | G14: =F14/1000/(1-$C$8) -> 0.60674157 | H14: =E14*G14/SUMPRODUCT($E$14:$E$20,$G$14:$G$20) -> 0.63918367 | I14: =$C$6*H14 -> 6072.2449 | J14: =($C$7+$C$10)*H14 -> 2905.0539 | K14: =I14+J14 -> 8977.2988 | L14: =E14*G14 -> 8797.7528 | M14: =L14-K14 -> -179.54598 | N14: =K14/(F14/(1-$C$8))*1000 -> 14795.918 | O14: 15000 | P14: =O14-N14 -> 204.08163 | Q14: =P14/E14 -> 0.014074595 | R14: =I14/F14*1000 -> 11244.898 | S14: ='[1]BOM (Long)'!$P$7 -> 11536.632 | T14: =R14-S14 -> -291.73382 | U14: =T14/S14 -> -0.025287608 | V14: =R14/R$16 -> 1.2608696 | W14: =S14/S$16 -> 1.25 | X14: =S14/C$6 -> 1.2143823 | Y14: =S14/C$6 -> 1.2143823 | Z14: 9700 | AC14: 12500 | AE14: =AC14+AD14 -> 12500
A15: 5 | B15: Chai PET B2.2 | C15: 0.03 | E15: ='Giá mua Chai-Vảy'!E15-$E$12 -> 13000 | F15: =C15*1000 -> 30 | G15: =F15/1000/(1-$C$8) -> 0.033707865 | H15: =E15*G15/SUMPRODUCT($E$14:$E$20,$G$14:$G$20) -> 0.031836735 | I15: =$C$6*H15 -> 302.44898 | J15: =($C$7+$C$10)*H15 -> 144.69617 | K15: =I15+J15 -> 447.14515 | L15: =E15*G15 -> 438.20225 | M15: =L15-K15 -> -8.942903 | N15: =K15/(F15/(1-$C$8))*1000 -> 13265.306 | O15: 13500 | P15: =O15-N15 -> 234.69388 | Q15: =P15/E15 -> 0.018053375 | R15: =I15/F15*1000 -> 10081.633 | S15: ='[1]BOM (Long)'!$P$9 -> 10152.236 | T15: =R15-S15 -> -70.603313 | U15: =T15/S15 -> -0.0069544594 | V15: =R15/R$16 -> 1.1304348 | W15: =S15/S$16 -> 1.1 | X15: =S15/C$6 -> 1.0686564 | Y15: =S15/C$6 -> 1.0686564 | Z15: =Z14/$Y$15 -> 9076.8182 | AA15: =Z15-$Z$14 -> -623.18182 | AB15: =Z15-Z14 -> -623.18182 | AC15: 10000
A16: 7 | B16: Chai PET B4 | C16: 0.02 | E16: ='Giá mua Chai-Vảy'!E16-$E$12 -> 11500 | F16: =C16*1000 -> 20 | G16: =F16/1000/(1-$C$8) -> 0.02247191 | H16: =E16*G16/SUMPRODUCT($E$14:$E$20,$G$14:$G$20) -> 0.01877551 | I16: =$C$6*H16 -> 178.36735 | J16: =($C$7+$C$10)*H16 -> 85.333639 | K16: =I16+J16 -> 263.70099 | L16: =E16*G16 -> 258.42697 | M16: =L16-K16 -> -5.2740197 | N16: =K16/(F16/(1-$C$8))*1000 -> 11734.694 | O16: 12000 | P16: =O16-N16 -> 265.30612 | Q16: =P16/E16 -> 0.023070098 | R16: =I16/F16*1000 -> 8918.3673 | S16: ='[1]BOM (Long)'!$P$10 -> 9229.3054 | T16: =R16-S16 -> -310.93808 | U16: =T16/S16 -> -0.033690301 | V16: =R16/R$16 -> 1 | W16: =S16/S$16 -> 1 | X16: =S16/C$6 -> 0.97150583 | Y16: =S16/C$6 -> 0.97150583 | Z16: =Z15/$Y$15 -> 8493.673 | AA16: =Z16-$Z$14 -> -1206.327 | AB16: =Z16-Z15 -> -583.14516 | AC16: 9000
A17: 8 | B17: Chai PET B5 | C17: 0.02 | E17: ='Giá mua Chai-Vảy'!E17-$E$12 -> 11500 | F17: =C17*1000 -> 20 | G17: =F17/1000/(1-$C$8) -> 0.02247191 | H17: =E17*G17/SUMPRODUCT($E$14:$E$20,$G$14:$G$20) -> 0.01877551 | I17: =$C$6*H17 -> 178.36735 | J17: =($C$7+$C$10)*H17 -> 85.333639 | K17: =I17+J17 -> 263.70099 | L17: =E17*G17 -> 258.42697 | M17: =L17-K17 -> -5.2740197 | N17: =K17/(F17/(1-$C$8))*1000 -> 11734.694 | O17: 12000 | P17: =O17-N17 -> 265.30612 | Q17: =P17/E17 -> 0.023070098 | R17: =I17/F17*1000 -> 8918.3673 | S17: ='[1]BOM (Long)'!$P$11 -> 9229.3054 | T17: =R17-S17 -> -310.93808 | U17: =T17/S17 -> -0.033690301 | V17: =R17/R$16 -> 1 | W17: =S17/S$16 -> 1 | X17: =S17/C$6 -> 0.97150583 | Y17: =S17/C$6 -> 0.97150583 | Z17: =Z16/$Y$15 -> 7947.9923 | AA17: =Z17-$Z$14 -> -1752.0077 | AB17: =Z17-Z16 -> -545.68068 | AC17: 9000
A18: 10 | B18: Chai PET B6.2 | C18: 0.27 | E18: ='Giá mua Chai-Vảy'!E18-$E$12 -> 13000 | F18: =C18*1000 -> 270 | G18: =F18/1000/(1-$C$8) -> 0.30337079 | H18: =E18*G18/SUMPRODUCT($E$14:$E$20,$G$14:$G$20) -> 0.28653061 | I18: =$C$6*H18 -> 2722.0408 | J18: =($C$7+$C$10)*H18 -> 1302.2655 | K18: =I18+J18 -> 4024.3064 | L18: =E18*G18 -> 3943.8202 | M18: =L18-K18 -> -80.486127 | N18: =K18/(F18/(1-$C$8))*1000 -> 13265.306 | O18: 13500 | P18: =O18-N18 -> 234.69388 | Q18: =P18/E18 -> 0.018053375 | R18: =I18/F18*1000 -> 10081.633 | S18: ='[1]BOM (Long)'!$P$13 -> 10152.236 | T18: =R18-S18 -> -70.603313 | U18: =T18/S18 -> -0.0069544594 | V18: =R18/R$16 -> 1.1304348 | W18: =S18/S$16 -> 1.1 | X18: =S18/C$6 -> 1.0686564 | Y18: =S18/C$6 -> 1.0686564 | Z18: =Z17/$Y$15 -> 7437.3692 | AA18: =Z18-$Z$14 -> -2262.6308 | AB18: =Z18-Z17 -> -510.62313 | AC18: 10000 | AD18: ='[2]CP Công đoạn (3)'!$CJ$6 -> 2321.031 | AE18: =AC18+AD18 -> 12321.031
A19: 11 | B19: Nắp HD ép, cổ chai | C19: 0.01 | E19: ='Giá mua Chai-Vảy'!E19-$E$12 -> 6000 | F19: =C19*1000 -> 10 | G19: =F19/1000/(1-$C$8) -> 0.011235955 | H19: =E19*G19/SUMPRODUCT($E$14:$E$20,$G$14:$G$20) -> 0.0048979592 | I19: =$C$6*H19 -> 46.530612 | J19: =($C$7+$C$10)*H19 -> 22.260949 | K19: =I19+J19 -> 68.791562 | L19: =E19*G19 -> 67.41573 | M19: =L19-K19 -> -1.3758312 | N19: =K19/(F19/(1-$C$8))*1000 -> 6122.449 | O19: 6500 | P19: =O19-N19 -> 377.55102 | Q19: =P19/E19 -> 0.06292517 | R19: =I19/F19*1000 -> 4653.0612 | S19: ='[1]BOM (Long)'!$P$14 -> 5537.5833 | T19: =R19-S19 -> -884.52203 | U19: =T19/S19 -> -0.1597307 | V19: =R19/R$16 -> 0.52173913 | W19: =S19/S$16 -> 0.6 | X19: =S19/C$6 -> 0.5829035 | Y19: =S19/C$6 -> 0.5829035 | Z19: =Z18/$Y$15 -> 6959.5514 | AA19: =Z19-$Z$14 -> -2740.4486 | AB19: =Z19-Z18 -> -477.81786 | AC19: 5000
F20: =C20*1000 -> 0 | G20: =F20/1000/(1-$C$8) -> 0 | H20: =E20*G20/SUMPRODUCT($E$14:$E$20,$G$14:$G$20) -> 0 | I20: =$C$6*H20 -> 0 | J20: =($C$7+$C$10)*H20 -> 0 | K20: =I20+J20 -> 0 | L20: =E20*G20 -> 0 | M20: =L20-K20 -> 0 | N20: =K20/(F20/(1-$C$8))*1000 -> #DIV/0! | P20: =O20-N20 -> #DIV/0! | Q20: =P20/E20 -> #DIV/0!
B21: Thành phẩm thu được sau lựa | C21: =SUM(C14:C20) -> 0.89 | F21: =SUM(F14:F20) -> 890 | G21: =SUM(G14:G20) -> 1 | H21: =SUM(H14:H20) -> 1 | I21: =SUM(I14:I20) -> 9500 | J21: =SUM(J14:J20) -> 4544.9438 | K21: =SUM(K14:K20) -> 14044.944 | L21: =SUM(L14:L20) -> 13764.045 | M21: =SUM(M14:M20) -> -280.89888
B22: Hao hụt (%) | C22: =100%-C21 -> 0.11
B23: Hao hụt (gram_BOM) | F23: =1000-F21 -> 110
B26: Giá chai BX mix sau phân loại | C26: =C11 -> 14044.944
B27: Chi phí phân loại | C27: 1500
B28: Tỷ lệ hao hụt thực tế | C28: 0.06
B29: Tổng chi phí | C29: =SUM(C26:C27) -> 15544.944
B30: Chi phí hao hụt | C30: =C29*C28/(1-C28) -> 992.23046
B31: Giá bán hòa vốn đơn vị | C31: =+C29/(1-C28) -> 16537.174
X32: So giá mua BO
B33: Vảy | S33: Check với SAP | V33: TT | W33: BOM | X33: TT | Y33: BOM
A34: STT | B34: Tên vật tư | C34: Cơ cấu thành phẩm theo BOM | E34: Giá bán thành chai trước băm | F34: Cơ cấu nguyên vật liệu BOM (gram) | G34: Cơ cấu thành phẩm thực tế | H34: Tỷ trọng giá trị | I34: Phân bổ giá chai băm | J34: Chi phí băm | K34: Giá thành sau băm | L34: Doanh thu đơn vị | M34: Lợi nhuận đơn vị | N34: Giá thành 1kg sau Băm | O34: Giá bán vảy 3 trạm về DTR | P34: Diff | R34: Giá BO sau phân loại | S34: BOM SAP | T34: Diff | U34: %Diff | V34: Tỷ 3 cấp chất lượng | W34: Tỷ 3 cấp chất lượng | X34: Tỷ 3 cấp chất lượng | Y34: Tỷ 3 cấp chất lượng | Z34: Cơ cấu giá trừ chất lượng | AA34: GAP so BO
A35: 1 | B35: Vảy_ Chai PET B1 | C35: 0.54 | E35: =N14 -> 14795.918 | F35: =C35*1000 -> 540 | G35: =F35/1000/(1-$C$28) -> 0.57446809 | H35: =E35*G35/SUMPRODUCT($E$35:$E$40,$G$35:$G$40) -> 0.63918367 | I35: =$C$26*H35 -> 8977.2988 | J35: =$C$27+$C$30 -> 2492.2305 | K35: =N14+J35 -> 17288.149 | L35: =O35 -> 16500 | M35: =L35-K35 -> -788.14882 | N35: =K35 -> 17288.149 | O35: 16500 | P35: =O35-N35 -> -788.14882 | Q35: =P35/E35 -> -0.053267989 | R35: =I35/F35*1000 -> 16624.627 | S35: ='[1]BOM (Long)'!$P$7 -> 11536.632 | T35: =R35-S35 -> 5087.9956 | U35: =T35/S35 -> 0.44102956 | V35: =R35/R$16 -> 1.8640887 | W35: =S35/S$16 -> 1.25 | X35: =S35/C$6 -> 1.2143823 | Y35: =S35/C$6 -> 1.2143823 | Z35: 9700
A36: 5 | B36: Vảy_Chai PET B2.2 | C36: 0.03 | E36: =N15 -> 13265.306 | F36: =C36*1000 -> 30 | G36: =F36/1000/(1-$C$28) -> 0.031914894 | H36: =E36*G36/SUMPRODUCT($E$35:$E$40,$G$35:$G$40) -> 0.031836735 | I36: =$C$26*H36 -> 447.14515 | J36: =$C$27+$C$30 -> 2492.2305 | K36: =N15+J36 -> 15757.537 | L36: =O36 -> 15000 | M36: =L36-K36 -> -757.53658 | N36: =K36 -> 15757.537 | O36: 15000 | P36: =O36-N36 -> -757.53658 | Q36: =P36/E36 -> -0.057106604 | R36: =I36/F36*1000 -> 14904.838 | S36: ='[1]BOM (Long)'!$P$9 -> 10152.236 | T36: =R36-S36 -> 4752.6024 | U36: =T36/S36 -> 0.46813356 | V36: =R36/R$16 -> 1.6712519 | W36: =S36/S$16 -> 1.1 | X36: =S36/C$6 -> 1.0686564 | Y36: =S36/C$6 -> 1.0686564 | Z36: =Z35/$Y$15 -> 9076.8182 | AA36: =Z36-$Z$14 -> -623.18182 | AB36: =Z36-Z35 -> -623.18182
A37: 7 | B37: Vảy_Chai PET B4 | C37: 0.02 | E37: =N16 -> 11734.694 | F37: =C37*1000 -> 20 | G37: =F37/1000/(1-$C$28) -> 0.021276596 | H37: =E37*G37/SUMPRODUCT($E$35:$E$40,$G$35:$G$40) -> 0.01877551 | I37: =$C$26*H37 -> 263.70099 | J37: =$C$27+$C$30 -> 2492.2305 | K37: =N16+J37 -> 14226.924 | L37: =O37 -> 13500 | M37: =L37-K37 -> -726.92433 | N37: =K37 -> 14226.924 | O37: 13500 | P37: =O37-N37 -> -726.92433 | Q37: =P37/E37 -> -0.061946595 | R37: =I37/F37*1000 -> 13185.049 | S37: ='[1]BOM (Long)'!$P$10 -> 9229.3054 | T37: =R37-S37 -> 3955.7439 | U37: =T37/S37 -> 0.42860689 | V37: =R37/R$16 -> 1.4784151 | W37: =S37/S$16 -> 1 | X37: =S37/C$6 -> 0.97150583 | Y37: =S37/C$6 -> 0.97150583 | Z37: =Z36/$Y$15 -> 8493.673 | AA37: =Z37-$Z$14 -> -1206.327 | AB37: =Z37-Z36 -> -583.14516
A38: 8 | B38: Vảy_Chai PET B5 | C38: 0.02 | E38: =N17 -> 11734.694 | F38: =C38*1000 -> 20 | G38: =F38/1000/(1-$C$28) -> 0.021276596 | H38: =E38*G38/SUMPRODUCT($E$35:$E$40,$G$35:$G$40) -> 0.01877551 | I38: =$C$26*H38 -> 263.70099 | J38: =$C$27+$C$30 -> 2492.2305 | K38: =N17+J38 -> 14226.924 | L38: =O38 -> 13500 | M38: =L38-K38 -> -726.92433 | N38: =K38 -> 14226.924 | O38: 13500 | P38: =O38-N38 -> -726.92433 | Q38: =P38/E38 -> -0.061946595 | R38: =I38/F38*1000 -> 13185.049 | S38: ='[1]BOM (Long)'!$P$11 -> 9229.3054 | T38: =R38-S38 -> 3955.7439 | U38: =T38/S38 -> 0.42860689 | V38: =R38/R$16 -> 1.4784151 | W38: =S38/S$16 -> 1 | X38: =S38/C$6 -> 0.97150583 | Y38: =S38/C$6 -> 0.97150583 | Z38: =Z37/$Y$15 -> 7947.9923 | AA38: =Z38-$Z$14 -> -1752.0077 | AB38: =Z38-Z37 -> -545.68068
A39: 10 | B39: Vảy_Chai PET B6.2 | C39: 0.27 | E39: =N18 -> 13265.306 | F39: =C39*1000 -> 270 | G39: =F39/1000/(1-$C$28) -> 0.28723404 | H39: =E39*G39/SUMPRODUCT($E$35:$E$40,$G$35:$G$40) -> 0.28653061 | I39: =$C$26*H39 -> 4024.3064 | J39: =$C$27+$C$30 -> 2492.2305 | K39: =N18+J39 -> 15757.537 | L39: =O39 -> 15000 | M39: =L39-K39 -> -757.53658 | N39: =K39 -> 15757.537 | O39: 15000 | P39: =O39-N39 -> -757.53658 | Q39: =P39/E39 -> -0.057106604 | R39: =I39/F39*1000 -> 14904.838 | S39: ='[1]BOM (Long)'!$P$13 -> 10152.236 | T39: =R39-S39 -> 4752.6024 | U39: =T39/S39 -> 0.46813356 | V39: =R39/R$16 -> 1.6712519 | W39: =S39/S$16 -> 1.1 | X39: =S39/C$6 -> 1.0686564 | Y39: =S39/C$6 -> 1.0686564 | Z39: =Z38/$Y$15 -> 7437.3692 | AA39: =Z39-$Z$14 -> -2262.6308 | AB39: =Z39-Z38 -> -510.62313
A40: 11 | B40: Vảy_Nắp HD ép, cổ chai | C40: 0.01 | E40: =N19 -> 6122.449 | F40: =C40*1000 -> 10 | G40: =F40/1000/(1-$C$28) -> 0.010638298 | H40: =E40*G40/SUMPRODUCT($E$35:$E$40,$G$35:$G$40) -> 0.0048979592 | I40: =$C$26*H40 -> 68.791562 | J40: =$C$27+$C$30 -> 2492.2305 | K40: =N19+J40 -> 8614.6794 | L40: =O40 -> 8000 | M40: =L40-K40 -> -614.67944 | N40: =K40 -> 8614.6794 | O40: 8000 | P40: =O40-N40 -> -614.67944 | Q40: =P40/E40 -> -0.10039764 | R40: =I40/F40*1000 -> 6879.1562 | S40: ='[1]BOM (Long)'!$P$14 -> 5537.5833 | T40: =R40-S40 -> 1341.5729 | U40: =T40/S40 -> 0.24226686 | V40: =R40/R$16 -> 0.77134703 | W40: =S40/S$16 -> 0.6 | X40: =S40/C$6 -> 0.5829035 | Y40: =S40/C$6 -> 0.5829035 | Z40: =Z39/$Y$15 -> 6959.5514 | AA40: =Z40-$Z$14 -> -2740.4486 | AB40: =Z40-Z39 -> -477.81786
F41: =C41*1000 -> 0 | G41: =F41/1000/(1-$C$8) -> 0 | H41: =E41*G41/SUMPRODUCT($E$14:$E$20,$G$14:$G$20) -> 0 | I41: =$C$6*H41 -> 0 | J41: =($C$7+$C$10)*H41 -> 0 | K41: =I41+J41 -> 0 | L41: =E41*G41 -> 0 | M41: =L41-K41 -> 0 | N41: =K41/(F41/(1-$C$8))*1000 -> #DIV/0! | P41: =O41-N41 -> #DIV/0! | Q41: =P41/E41 -> #DIV/0!
B42: Thành phẩm thu được sau lựa | C42: =SUM(C35:C41) -> 0.89 | F42: =SUM(F35:F41) -> 890 | G42: =SUM(G35:G41) -> 0.94680851 | H42: =SUM(H35:H41) -> 1 | I42: =SUM(I35:I41) -> 14044.944 | J42: =SUM(J35:J41) -> 14953.383 | K42: =SUM(K35:K41) -> 85871.75 | L42: =SUM(L35:L41) -> 81500 | M42: =SUM(M35:M41) -> -4371.7501
B43: Hao hụt (%) | C43: =100%-C42 -> 0.11
B44: Hao hụt (gram_BOM) | F44: =1000-F42 -> 110

Sheet Hảo_R&D
B1: Sơ đồ khối dòng nguyên liệu-sản phẩm hiện tại của DTR. | Z1: Giá chai | AC1: ='[2]10. 100% chai->hạt WSS01-iSS01'!$H$9 -> 15000 | AD1: =AC3-AC1-AD3 -> 1249.9477
B2: Với phân bố và định hướng sản phẩm như hiện nay, một số nguyên liệu đầu vào (B2.2/B4/B5) đang gặp khó khăn về giá, do gánh chung dòng chảy với chỉ khoảng 53% nguyên liệu chính B1.1. | Z2: Vảy (Mua ngoài) | AC2: ='[2]12. 100% vảy->hạt WSS01-iSS01'!$I$30 -> 17636.978 | AD2: ='[2]12. 100% vảy->hạt WSS01-iSS01'!$I$10 -> 1636.9775
Z3: Giá thành vảy (SX) => | AC3: ='[2]10. 100% chai->hạt WSS01-iSS01'!$I$60 -> 20966.591 | AD3: ='[2]10. 100% chai->hạt WSS01-iSS01'!$I$21+'[2]10. 100% chai->hạt WSS01-iSS01'!$I$37 -> 4716.6433 | AO3: Giá bán Hạt | AP3: Exw
Z4: Tên TP | AA4: Loại vảy 1 | AC4: Loại vảy 2 | AE4: Loại vảy 3 | AG4: Loại vảy 4 | AI4: Loại vảy 5 | AK4: Loại vảy 6 | AM4: Cộng | AO4: 26500
AA5: B6.2 | AB5: VND | AC5: B1 | AD5: VND | AE5: B2.2 | AF5: VND | AG5: B5 | AH5: VND | AI5: B7 | AJ5: VND | AK5: B4 | AL5: VND | AN5: VND | AO5: VND | AP5: USD
Z6: Chai B6.2 | AM6: 0.3
Z7: Hạt WSS01G-Nia | AA7: 0.1 | AB7: =AA7*$AA$3 -> 0 | AC7: 0.9 | AD7: =AC7*$AC$3 -> 18869.932 | AF7: =AE7*$AE$3 -> 0 | AH7: =AG7*$AG$3 -> 0 | AJ7: =AI7*$AI$3 -> 0 | AL7: =AK7*$AK$3 -> 0 | AM7: =AA7+AC7+AE7+AG7+AI7+AK7 -> 1 | AN7: =AB7+AD7+AF7+AH7+AJ7+AL7 -> 18869.932 | AO7: =$AO$4*AP7 -> 30740000 | AP7: 1160
Z8: Hạt iSS01G-Out | AA8: 0.3 | AB8: =AA8*$AA$3 -> 0 | AC8: 0.7 | AD8: =AC8*$AC$3 -> 14676.614 | AF8: =AE8*$AE$3 -> 0 | AH8: =AG8*$AG$3 -> 0 | AJ8: =AI8*$AI$3 -> 0 | AL8: =AK8*$AK$3 -> 0 | AM8: =AA8+AC8+AE8+AG8+AI8+AK8 -> 1 | AN8: =AB8+AD8+AF8+AH8+AJ8+AL8 -> 14676.614 | AO8: =$AO$4*AP8 -> 31535000 | AP8: =AP7+30 -> 1190
Z9: Hạt WSS03G-PW | AA9: 0.55 | AB9: =AA9*$AA$3 -> 0 | AC9: 0.3 | AD9: =AC9*$AC$3 -> 6289.9773 | AE9: 0.15 | AF9: =AE9*$AE$3 -> 0 | AH9: =AG9*$AG$3 -> 0 | AJ9: =AI9*$AI$3 -> 0 | AL9: =AK9*$AK$3 -> 0 | AM9: =AA9+AC9+AE9+AG9+AI9+AK9 -> 1 | AN9: =AB9+AD9+AF9+AH9+AJ9+AL9 -> 6289.9773 | AO9: =$AO$4*AP9 -> 28885000 | AP9: =AP7-70 -> 1090
Z10: Hạt WSS05SB (sợi ngắn) | AA10: 0.95 | AB10: =AA10*$AA$3 -> 0 | AD10: =AC10*$AC$3 -> 0 | AF10: =AE10*$AE$3 -> 0 | AG10: 0.05 | AH10: =AG10*$AG$3 -> 0 | AJ10: =AI10*$AI$3 -> 0 | AL10: =AK10*$AK$3 -> 0 | AM10: =AA10+AC10+AE10+AG10+AI10+AK10 -> 1 | AN10: =AB10+AD10+AF10+AH10+AJ10+AL10 -> 0 | AO10: =$AO$4*AP10 -> 19080000 | AP10: 720
Z11: Vảy FPET201-Out | AA11: 0.65 | AB11: =AA11*$AA$3 -> 0 | AC11: 0.15 | AD11: =AC11*$AC$3 -> 3144.9887 | AF11: =AE11*$AE$3 -> 0 | AG11: 0.2 | AH11: =AG11*$AG$3 -> 0 | AJ11: =AI11*$AI$3 -> 0 | AL11: =AK11*$AK$3 -> 0 | AM11: =AA11+AC11+AE11+AG11+AI11+AK11 -> 1 | AN11: =AB11+AD11+AF11+AH11+AJ11+AL11 -> 3144.9887 | AO11: =$AO$4*AP11 -> 0
Z14: Chai B1.1 | AC14: B1.1 | AM14: 0.53
Z15: Hạt WSS01G | AB15: =AA15*$AA$3 -> 0 | AC15: 1 | AD15: =AC15*$AC$3 -> 20966.591 | AF15: =AE15*$AE$3 -> 0 | AH15: =AG15*$AG$3 -> 0 | AJ15: =AI15*$AI$3 -> 0 | AL15: =AK15*$AK$3 -> 0 | AM15: =AA15+AC15+AE15+AG15+AI15+AK15 -> 1 | AN15: =AB15+AD15+AF15+AH15+AJ15+AL15 -> 20966.591 | AO15: =$AO$4*AP15 -> 30740000 | AP15: =AP7 -> 1160
Z16: Hạt iSS01G | AB16: =AA16*$AA$3 -> 0 | AC16: 1 | AD16: =AC16*$AC$3 -> 20966.591 | AF16: =AE16*$AE$3 -> 0 | AH16: =AG16*$AG$3 -> 0 | AJ16: =AI16*$AI$3 -> 0 | AL16: =AK16*$AK$3 -> 0 | AM16: =AA16+AC16+AE16+AG16+AI16+AK16 -> 1 | AN16: =AB16+AD16+AF16+AH16+AJ16+AL16 -> 20966.591 | AO16: =$AO$4*AP16 -> 31535000 | AP16: =AP7+30 -> 1190
Z17: Hạt iSS01084G | AB17: =AA17*$AA$3 -> 0 | AC17: 1 | AD17: =AC17*$AC$3 -> 20966.591 | AF17: =AE17*$AE$3 -> 0 | AH17: =AG17*$AG$3 -> 0 | AJ17: =AI17*$AI$3 -> 0 | AL17: =AK17*$AK$3 -> 0 | AM17: =AA17+AC17+AE17+AG17+AI17+AK17 -> 1 | AN17: =AB17+AD17+AF17+AH17+AJ17+AL17 -> 20966.591 | AO17: =$AO$4*AP17 -> 33125000 | AP17: =AP7+90 -> 1250
Z18: Hạt WSS03G | AB18: =AA18*$AA$3 -> 0 | AC18: 1 | AD18: =AC18*$AC$3 -> 20966.591 | AF18: =AE18*$AE$3 -> 0 | AH18: =AG18*$AG$3 -> 0 | AJ18: =AI18*$AI$3 -> 0 | AL18: =AK18*$AK$3 -> 0 | AM18: =AA18+AC18+AE18+AG18+AI18+AK18 -> 1 | AN18: =AB18+AD18+AF18+AH18+AJ18+AL18 -> 20966.591 | AO18: =$AO$4*AP18 -> 29945000 | AP18: =AP7-30 -> 1130
Z24: Chai B2.2 +B5 | AM24: 0.05
Z25: Hạt WSS01G-Nia | AB25: =AA25*$AA$3 -> 0 | AC25: 0.9 | AD25: =AC25*$AC$3 -> 18869.932 | AE25: 0.1 | AF25: =AE25*$AE$3 -> 0 | AH25: =AG25*$AG$3 -> 0 | AJ25: =AI25*$AI$3 -> 0 | AL25: =AK25*$AK$3 -> 0 | AM25: =AA25+AC25+AE25+AG25+AI25+AK25 -> 1 | AN25: =AB25+AD25+AF25+AH25+AJ25+AL25 -> 18869.932 | AO25: =$AO$4*AP25 -> 30740000 | AP25: =AP7 -> 1160
Z26: Hạt WSS03G-PW | AA26: 0.55 | AB26: =AA26*$AA$3 -> 0 | AC26: 0.3 | AD26: =AC26*$AC$3 -> 6289.9773 | AE26: 0.15 | AF26: =AE26*$AE$3 -> 0 | AH26: =AG26*$AG$3 -> 0 | AJ26: =AI26*$AI$3 -> 0 | AL26: =AK26*$AK$3 -> 0 | AM26: =AA26+AC26+AE26+AG26+AI26+AK26 -> 1 | AN26: =AB26+AD26+AF26+AH26+AJ26+AL26 -> 6289.9773 | AO26: =$AO$4*AP26 -> 28885000 | AP26: =AP7-70 -> 1090
Z27: Hạt WSS01S | AB27: =AA27*$AA$3 -> 0 | AC27: 0.4 | AD27: =AC27*$AC$3 -> 8386.6364 | AF27: =AE27*$AE$3 -> 0 | AG27: 0.5 | AH27: =AG27*$AG$3 -> 0 | AI27: 0.1 | AJ27: =AI27*$AI$3 -> 0 | AL27: =AK27*$AK$3 -> 0 | AM27: =AA27+AC27+AE27+AG27+AI27+AK27 -> 1 | AN27: =AB27+AD27+AF27+AH27+AJ27+AL27 -> 8386.6364 | AO27: =$AO$4*AP27 -> 30740000 | AP27: =AP7 -> 1160
Z28: Hạt WSS05SB (sợi ngắn) | AA28: 0.95 | AB28: =AA28*$AA$3 -> 0 | AD28: =AC28*$AC$3 -> 0 | AF28: =AE28*$AE$3 -> 0 | AG28: 0.05 | AH28: =AG28*$AG$3 -> 0 | AJ28: =AI28*$AI$3 -> 0 | AL28: =AK28*$AK$3 -> 0 | AM28: =AA28+AC28+AE28+AG28+AI28+AK28 -> 1 | AN28: =AB28+AD28+AF28+AH28+AJ28+AL28 -> 0 | AO28: =$AO$4*AP28 -> 19080000 | AP28: =AP10 -> 720
Z29: Vảy FPET201-Out | AA29: 0.65 | AB29: =AA29*$AA$3 -> 0 | AC29: 0.15 | AD29: =AC29*$AC$3 -> 3144.9887 | AF29: =AE29*$AE$3 -> 0 | AG29: 0.2 | AH29: =AG29*$AG$3 -> 0 | AJ29: =AI29*$AI$3 -> 0 | AL29: =AK29*$AK$3 -> 0 | AM29: =AA29+AC29+AE29+AG29+AI29+AK29 -> 1 | AN29: =AB29+AD29+AF29+AH29+AJ29+AL29 -> 3144.9887 | AO29: =$AO$4*AP29 -> 0
Z32: Chai B4 | AM32: 0.02
Z33: Dây Đai | AB33: =AA33*$AA$3 -> 0 | AD33: =AC33*$AC$3 -> 0 | AF33: =AE33*$AE$3 -> 0 | AJ33: =AI33*$AI$3 -> 0 | AK33: 1 | AM33: =AA33+AC33+AE33+AG33+AI33+AK33 -> 1 | AN33: =AB33+AD33+AF33+AH33+AJ33+AL33 -> 0 | AO33: =$AO$4*AP33 -> 19000500 | AP33: 717
AK35: ='Giá mua Chai-Vảy'!O40 -> 8000
Z36: Vảy_Nắp HD ép, cổ chai | AM36: 0.01
Z37: rHDPE ép | AB37: =AA37*$AA$3 -> 0 | AD37: =AC37*$AC$3 -> 0 | AF37: =AE37*$AE$3 -> 0 | AJ37: =AI37*$AI$3 -> 0 | AK37: 1 | AL37: =AK37*$AK$35 -> 8000 | AM37: =AA37+AC37+AE37+AG37+AI37+AK37 -> 1 | AN37: =AB37+AD37+AF37+AH37+AJ37+AL37 -> 8000 | AO37: =AO$1+AN37 -> 8000 | AP37: =AP$1+AO37 -> 8000

Sheet Hảo_R&D (Vảy sạch)
B1: Sơ đồ khối dòng nguyên liệu-sản phẩm hiện tại của DTR. | T1: Giá chai mua vào | U1: ='Giá mua Chai-Vảy'!E18 -> 13500 | W1: ='[2]10. 100% chai->hạt WSS01-iSS01'!$H$9 -> 15000 | X1: =W3-W1-X3 -> 1249.9477 | Y1: ='Giá mua Chai-Vảy'!E15 -> 13500 | AA1: ='[2]18. Vảy B5'!$I$9 -> 12000 | AB1: ='[2]18. Vảy B5'!$I$10 -> 411.6804 | AC1: ='[2]16.1 Rửa vảy B7'!$I$9 -> 7971.0145 | AD1: ='[2]16.1 Rửa vảy B7'!$I$10 -> 84.555435 | AE1: ='Giá mua Chai-Vảy'!E16 -> 12000 | AL1: =AL2/$AR$2 -> 0.31333333 | AM1: =AM2/$AR$2 -> 0.52 | AN1: =AN2/$AR$2 -> 0.026666667 | AO1: =AO2/$AR$2 -> 0.066666667 | AP1: =AP2/$AR$2 -> 0.0066666667 | AQ1: =AQ2/$AR$2 -> 0.066666667 | AR1: =AR2/$AR$2 -> 1
B2: Với phân bố và định hướng sản phẩm như hiện nay, một số nguyên liệu đầu vào (B2.2/B4/B5) đang gặp khó khăn về giá, do gánh chung dòng chảy với chỉ khoảng 53% nguyên liệu chính B1.1. | T2: Giá thành vảy sạch => từ vảy mua ngoài | W2: ='[2]12. 100% vảy->hạt WSS01-iSS01'!$I$30 -> 17636.978 | X2: ='[2]12. 100% vảy->hạt WSS01-iSS01'!$I$10 -> 1636.9775 | AL2: =AL6+AL14+AL24+AL33 -> 4.7 | AM2: =AM6+AM14+AM24+AM33 -> 7.8 | AN2: =AN6+AN14+AN24+AN33 -> 0.4 | AO2: =AO6+AO14+AO24+AO33 -> 1 | AP2: =AP6+AP14+AP24+AP33 -> 0.1 | AQ2: =AQ6+AQ14+AQ24+AQ33 -> 1 | AR2: =AR6+AR14+AR24+AR33 -> 15
T3: Giá thành vảy sạch => từ chai | U3: =U1+X3 -> 18216.643 | W3: ='[2]10. 100% chai->hạt WSS01-iSS01'!$I$60 -> 20966.591 | X3: ='[2]10. 100% chai->hạt WSS01-iSS01'!$I$21+'[2]10. 100% chai->hạt WSS01-iSS01'!$I$37 -> 4716.6433 | Y3: =Y1+X3 -> 18216.643 | AA3: ='[2]18. Vảy B5'!$I$58 -> 16916.835 | AB3: ='[2]18. Vảy B5'!$I$21+'[2]18. Vảy B5'!$I$37 -> 4505.1542 | AC3: ='[2]16.1 Rửa vảy B7'!$I$48 -> 14341.25 | AD3: ='[2]16.1 Rửa vảy B7'!$I$11+'[2]16.1 Rửa vảy B7'!$I$27 -> 6285.6803 | AE3: =AE1+AB3 -> 16505.154 | AG3: Giá thành vảy sạch | AI3: Giá bán Hạt | AJ3: Exw | AL3: Tổng hợp Các loại chai
T4: Tên TP | U4: Loại vảy 1 | W4: Loại vảy 2 | Y4: Loại vảy 3 | AA4: Loại vảy 4 | AC4: Loại vảy 5 | AE4: Loại vảy 6 | AG4: Cộng | AI4: 26500
U5: B6.2 | V5: VND | W5: B1 | X5: VND | Y5: B2.2 | Z5: VND | AA5: B5 | AB5: VND | AC5: B7 | AD5: VND | AE5: B4 | AF5: VND | AH5: VND | AI5: VND | AJ5: USD | AL5: =U5 -> B6.2 | AM5: =W5 -> B1 | AN5: =Y5 -> B2.2 | AO5: =AA5 -> B5 | AP5: =AC5 -> B7 | AQ5: =AE5 -> B4 | AT5: =AL5 -> B6.2 | AU5: =AM5 -> B1 | AV5: =AN5 -> B2.2 | AW5: =AO5 -> B5 | AX5: =AP5 -> B7 | AY5: =AQ5 -> B4 | AZ5: =AR5 -> 0
T6: Chai B6.2 | AG6: 0.3 | AL6: =SUM(AL7:AL11) -> 2.55 | AM6: =SUM(AM7:AM11) -> 2.05 | AN6: =SUM(AN7:AN11) -> 0.15 | AO6: =SUM(AO7:AO11) -> 0.25 | AP6: =SUM(AP7:AP11) -> 0 | AQ6: =SUM(AQ7:AQ11) -> 0 | AR6: =SUM(AR7:AR11) -> 5 | AT6: =AL6/AL$2 -> 0.54255319 | AU6: =AM6/AM$2 -> 0.26282051 | AV6: =AN6/AN$2 -> 0.375 | AW6: =AO6/AO$2 -> 0.25 | AX6: =AP6/AP$2 -> 0 | AY6: =AQ6/AQ$2 -> 0 | AZ6: =AR6/AR$2 -> 0.33333333
T7: Hạt WSS01G-Nia | U7: 0.1 | V7: =U7*$U$3 -> 1821.6643 | W7: 0.9 | X7: =W7*$W$3 -> 18869.932 | Z7: =Y7*$Y$3 -> 0 | AB7: =AA7*$AA$3 -> 0 | AD7: =AC7*$AC$3 -> 0 | AF7: =AE7*$AE$3 -> 0 | AG7: =U7+W7+Y7+AA7+AC7+AE7 -> 1 | AH7: =V7+X7+Z7+AB7+AD7+AF7 -> 20691.596 | AI7: =$AI$4*AJ7 -> 30740000 | AJ7: 1160 | AL7: =U7 -> 0.1 | AM7: =W7 -> 0.9 | AN7: =Y7 -> 0 | AO7: =AA7 -> 0 | AP7: =AC7 -> 0 | AQ7: =AE7 -> 0 | AR7: =SUM(AL7:AQ7) -> 1 | AT7: =AL7/AL$2 -> 0.021276596 | AU7: =AM7/AM$2 -> 0.11538462 | AV7: =AN7/AN$2 -> 0 | AW7: =AO7/AO$2 -> 0 | AX7: =AP7/AP$2 -> 0 | AY7: =AQ7/AQ$2 -> 0 | AZ7: =AR7/AR$2 -> 0.066666667
T8: Hạt iSS01G-Out | U8: 0.3 | V8: =U8*$U$3 -> 5464.993 | W8: 0.7 | X8: =W8*$W$3 -> 14676.614 | Z8: =Y8*$Y$3 -> 0 | AB8: =AA8*$AA$3 -> 0 | AD8: =AC8*$AC$3 -> 0 | AF8: =AE8*$AE$3 -> 0 | AG8: =U8+W8+Y8+AA8+AC8+AE8 -> 1 | AH8: =V8+X8+Z8+AB8+AD8+AF8 -> 20141.607 | AI8: =$AI$4*AJ8 -> 31535000 | AJ8: =AJ7+30 -> 1190 | AL8: =U8 -> 0.3 | AM8: =W8 -> 0.7 | AN8: =Y8 -> 0 | AO8: =AA8 -> 0 | AP8: =AC8 -> 0 | AQ8: =AE8 -> 0 | AR8: =SUM(AL8:AQ8) -> 1 | AT8: =AL8/AL$2 -> 0.063829787 | AU8: =AM8/AM$2 -> 0.08974359 | AV8: =AN8/AN$2 -> 0 | AW8: =AO8/AO$2 -> 0 | AX8: =AP8/AP$2 -> 0 | AY8: =AQ8/AQ$2 -> 0 | AZ8: =AR8/AR$2 -> 0.066666667
T9: Hạt WSS03G-PW | U9: 0.55 | V9: =U9*$U$3 -> 10019.154 | W9: 0.3 | X9: =W9*$W$3 -> 6289.9773 | Y9: 0.15 | Z9: =Y9*$Y$3 -> 2732.4965 | AB9: =AA9*$AA$3 -> 0 | AD9: =AC9*$AC$3 -> 0 | AF9: =AE9*$AE$3 -> 0 | AG9: =U9+W9+Y9+AA9+AC9+AE9 -> 1 | AH9: =V9+X9+Z9+AB9+AD9+AF9 -> 19041.628 | AI9: =$AI$4*AJ9 -> 28885000 | AJ9: =AJ7-70 -> 1090 | AL9: =U9 -> 0.55 | AM9: =W9 -> 0.3 | AN9: =Y9 -> 0.15 | AO9: =AA9 -> 0 | AP9: =AC9 -> 0 | AQ9: =AE9 -> 0 | AR9: =SUM(AL9:AQ9) -> 1 | AT9: =AL9/AL$2 -> 0.11702128 | AU9: =AM9/AM$2 -> 0.038461538 | AV9: =AN9/AN$2 -> 0.375 | AW9: =AO9/AO$2 -> 0 | AX9: =AP9/AP$2 -> 0 | AY9: =AQ9/AQ$2 -> 0 | AZ9: =AR9/AR$2 -> 0.066666667
T10: Hạt WSS05SB (sợi ngắn) | U10: 0.95 | V10: =U10*$U$3 -> 17305.811 | X10: =W10*$W$3 -> 0 | Z10: =Y10*$Y$3 -> 0 | AA10: 0.05 | AB10: =AA10*$AA$3 -> 845.84173 | AD10: =AC10*$AC$3 -> 0 | AF10: =AE10*$AE$3 -> 0 | AG10: =U10+W10+Y10+AA10+AC10+AE10 -> 1 | AH10: =V10+X10+Z10+AB10+AD10+AF10 -> 18151.653 | AI10: =$AI$4*AJ10 -> 19080000 | AJ10: 720 | AL10: =U10 -> 0.95 | AM10: =W10 -> 0 | AN10: =Y10 -> 0 | AO10: =AA10 -> 0.05 | AP10: =AC10 -> 0 | AQ10: =AE10 -> 0 | AR10: =SUM(AL10:AQ10) -> 1 | AT10: =AL10/AL$2 -> 0.20212766 | AU10: =AM10/AM$2 -> 0 | AV10: =AN10/AN$2 -> 0 | AW10: =AO10/AO$2 -> 0.05 | AX10: =AP10/AP$2 -> 0 | AY10: =AQ10/AQ$2 -> 0 | AZ10: =AR10/AR$2 -> 0.066666667
T11: Vảy FPET201-Out | U11: 0.65 | V11: =U11*$U$3 -> 11840.818 | W11: 0.15 | X11: =W11*$W$3 -> 3144.9887 | Z11: =Y11*$Y$3 -> 0 | AA11: 0.2 | AB11: =AA11*$AA$3 -> 3383.3669 | AD11: =AC11*$AC$3 -> 0 | AF11: =AE11*$AE$3 -> 0 | AG11: =U11+W11+Y11+AA11+AC11+AE11 -> 1 | AH11: =V11+X11+Z11+AB11+AD11+AF11 -> 18369.174 | AI11: =$AI$4*AJ11 -> 0 | AL11: =U11 -> 0.65 | AM11: =W11 -> 0.15 | AN11: =Y11 -> 0 | AO11: =AA11 -> 0.2 | AP11: =AC11 -> 0 | AQ11: =AE11 -> 0 | AR11: =SUM(AL11:AQ11) -> 1 | AT11: =AL11/AL$2 -> 0.13829787 | AU11: =AM11/AM$2 -> 0.019230769 | AV11: =AN11/AN$2 -> 0 | AW11: =AO11/AO$2 -> 0.2 | AX11: =AP11/AP$2 -> 0 | AY11: =AQ11/AQ$2 -> 0 | AZ11: =AR11/AR$2 -> 0.066666667
T14: Chai B1.1 | W14: B1.1 | AG14: 0.53 | AL14: =SUM(AL15:AL18) -> 0 | AM14: =SUM(AM15:AM18) -> 4 | AN14: =SUM(AN15:AN18) -> 0 | AO14: =SUM(AO15:AO18) -> 0 | AP14: =SUM(AP15:AP18) -> 0 | AQ14: =SUM(AQ15:AQ18) -> 0 | AR14: =SUM(AR15:AR18) -> 4 | AT14: =AL14/AL$2 -> 0 | AU14: =AM14/AM$2 -> 0.51282051 | AV14: =AN14/AN$2 -> 0 | AW14: =AO14/AO$2 -> 0 | AX14: =AP14/AP$2 -> 0 | AY14: =AQ14/AQ$2 -> 0 | AZ14: =AR14/AR$2 -> 0.26666667
T15: Hạt WSS01G | V15: =U15*$U$3 -> 0 | W15: 1 | X15: =W15*$W$3 -> 20966.591 | Z15: =Y15*$Y$3 -> 0 | AB15: =AA15*$AA$3 -> 0 | AD15: =AC15*$AC$3 -> 0 | AF15: =AE15*$AE$3 -> 0 | AG15: =U15+W15+Y15+AA15+AC15+AE15 -> 1 | AH15: =V15+X15+Z15+AB15+AD15+AF15 -> 20966.591 | AI15: =$AI$4*AJ15 -> 30740000 | AJ15: =AJ7 -> 1160 | AL15: =U15 -> 0 | AM15: =W15 -> 1 | AN15: =Y15 -> 0 | AO15: =AA15 -> 0 | AP15: =AC15 -> 0 | AQ15: =AE15 -> 0 | AR15: =SUM(AL15:AQ15) -> 1 | AT15: =AL15/AL$2 -> 0 | AU15: =AM15/AM$2 -> 0.12820513 | AV15: =AN15/AN$2 -> 0 | AW15: =AO15/AO$2 -> 0 | AX15: =AP15/AP$2 -> 0 | AY15: =AQ15/AQ$2 -> 0 | AZ15: =AR15/AR$2 -> 0.066666667
T16: Hạt iSS01G | V16: =U16*$U$3 -> 0 | W16: 1 | X16: =W16*$W$3 -> 20966.591 | Z16: =Y16*$Y$3 -> 0 | AB16: =AA16*$AA$3 -> 0 | AD16: =AC16*$AC$3 -> 0 | AF16: =AE16*$AE$3 -> 0 | AG16: =U16+W16+Y16+AA16+AC16+AE16 -> 1 | AH16: =V16+X16+Z16+AB16+AD16+AF16 -> 20966.591 | AI16: =$AI$4*AJ16 -> 31535000 | AJ16: =AJ7+30 -> 1190 | AL16: =U16 -> 0 | AM16: =W16 -> 1 | AN16: =Y16 -> 0 | AO16: =AA16 -> 0 | AP16: =AC16 -> 0 | AQ16: =AE16 -> 0 | AR16: =SUM(AL16:AQ16) -> 1 | AT16: =AL16/AL$2 -> 0 | AU16: =AM16/AM$2 -> 0.12820513 | AV16: =AN16/AN$2 -> 0 | AW16: =AO16/AO$2 -> 0 | AX16: =AP16/AP$2 -> 0 | AY16: =AQ16/AQ$2 -> 0 | AZ16: =AR16/AR$2 -> 0.066666667
T17: Hạt iSS01084G | V17: =U17*$U$3 -> 0 | W17: 1 | X17: =W17*$W$3 -> 20966.591 | Z17: =Y17*$Y$3 -> 0 | AB17: =AA17*$AA$3 -> 0 | AD17: =AC17*$AC$3 -> 0 | AF17: =AE17*$AE$3 -> 0 | AG17: =U17+W17+Y17+AA17+AC17+AE17 -> 1 | AH17: =V17+X17+Z17+AB17+AD17+AF17 -> 20966.591 | AI17: =$AI$4*AJ17 -> 33125000 | AJ17: =AJ7+90 -> 1250 | AL17: =U17 -> 0 | AM17: =W17 -> 1 | AN17: =Y17 -> 0 | AO17: =AA17 -> 0 | AP17: =AC17 -> 0 | AQ17: =AE17 -> 0 | AR17: =SUM(AL17:AQ17) -> 1 | AT17: =AL17/AL$2 -> 0 | AU17: =AM17/AM$2 -> 0.12820513 | AV17: =AN17/AN$2 -> 0 | AW17: =AO17/AO$2 -> 0 | AX17: =AP17/AP$2 -> 0 | AY17: =AQ17/AQ$2 -> 0 | AZ17: =AR17/AR$2 -> 0.066666667
T18: Hạt WSS03G | V18: =U18*$U$3 -> 0 | W18: 1 | X18: =W18*$W$3 -> 20966.591 | Z18: =Y18*$Y$3 -> 0 | AB18: =AA18*$AA$3 -> 0 | AD18: =AC18*$AC$3 -> 0 | AF18: =AE18*$AE$3 -> 0 | AG18: =U18+W18+Y18+AA18+AC18+AE18 -> 1 | AH18: =V18+X18+Z18+AB18+AD18+AF18 -> 20966.591 | AI18: =$AI$4*AJ18 -> 29945000 | AJ18: =AJ7-30 -> 1130 | AL18: =U18 -> 0 | AM18: =W18 -> 1 | AN18: =Y18 -> 0 | AO18: =AA18 -> 0 | AP18: =AC18 -> 0 | AQ18: =AE18 -> 0 | AR18: =SUM(AL18:AQ18) -> 1 | AT18: =AL18/AL$2 -> 0 | AU18: =AM18/AM$2 -> 0.12820513 | AV18: =AN18/AN$2 -> 0 | AW18: =AO18/AO$2 -> 0 | AX18: =AP18/AP$2 -> 0 | AY18: =AQ18/AQ$2 -> 0 | AZ18: =AR18/AR$2 -> 0.066666667
T24: Chai B2.2 +B5 | AG24: 0.05 | AL24: =SUM(AL25:AL29) -> 2.15 | AM24: =SUM(AM25:AM29) -> 1.75 | AN24: =SUM(AN25:AN29) -> 0.25 | AO24: =SUM(AO25:AO29) -> 0.75 | AP24: =SUM(AP25:AP29) -> 0.1 | AQ24: =SUM(AQ25:AQ29) -> 0 | AR24: =SUM(AR25:AR29) -> 5 | AT24: =AL24/AL$2 -> 0.45744681 | AU24: =AM24/AM$2 -> 0.22435897 | AV24: =AN24/AN$2 -> 0.625 | AW24: =AO24/AO$2 -> 0.75 | AX24: =AP24/AP$2 -> 1 | AY24: =AQ24/AQ$2 -> 0 | AZ24: =AR24/AR$2 -> 0.33333333
T25: Hạt WSS01G-Nia | V25: =U25*$U$3 -> 0 | W25: 0.9 | X25: =W25*$W$3 -> 18869.932 | Y25: 0.1 | Z25: =Y25*$Y$3 -> 1821.6643 | AB25: =AA25*$AA$3 -> 0 | AD25: =AC25*$AC$3 -> 0 | AF25: =AE25*$AE$3 -> 0 | AG25: =U25+W25+Y25+AA25+AC25+AE25 -> 1 | AH25: =V25+X25+Z25+AB25+AD25+AF25 -> 20691.596 | AI25: =$AI$4*AJ25 -> 30740000 | AJ25: =AJ7 -> 1160 | AL25: =U25 -> 0 | AM25: =W25 -> 0.9 | AN25: =Y25 -> 0.1 | AO25: =AA25 -> 0 | AP25: =AC25 -> 0 | AQ25: =AE25 -> 0 | AR25: =SUM(AL25:AQ25) -> 1 | AT25: =AL25/AL$2 -> 0 | AU25: =AM25/AM$2 -> 0.11538462 | AV25: =AN25/AN$2 -> 0.25 | AW25: =AO25/AO$2 -> 0 | AX25: =AP25/AP$2 -> 0 | AY25: =AQ25/AQ$2 -> 0 | AZ25: =AR25/AR$2 -> 0.066666667
T26: Hạt WSS03G-PW | U26: 0.55 | V26: =U26*$U$3 -> 10019.154 | W26: 0.3 | X26: =W26*$W$3 -> 6289.9773 | Y26: 0.15 | Z26: =Y26*$Y$3 -> 2732.4965 | AB26: =AA26*$AA$3 -> 0 | AD26: =AC26*$AC$3 -> 0 | AF26: =AE26*$AE$3 -> 0 | AG26: =U26+W26+Y26+AA26+AC26+AE26 -> 1 | AH26: =V26+X26+Z26+AB26+AD26+AF26 -> 19041.628 | AI26: =$AI$4*AJ26 -> 28885000 | AJ26: =AJ7-70 -> 1090 | AL26: =U26 -> 0.55 | AM26: =W26 -> 0.3 | AN26: =Y26 -> 0.15 | AO26: =AA26 -> 0 | AP26: =AC26 -> 0 | AQ26: =AE26 -> 0 | AR26: =SUM(AL26:AQ26) -> 1 | AT26: =AL26/AL$2 -> 0.11702128 | AU26: =AM26/AM$2 -> 0.038461538 | AV26: =AN26/AN$2 -> 0.375 | AW26: =AO26/AO$2 -> 0 | AX26: =AP26/AP$2 -> 0 | AY26: =AQ26/AQ$2 -> 0 | AZ26: =AR26/AR$2 -> 0.066666667
T27: Hạt WSS01S | V27: =U27*$U$3 -> 0 | W27: 0.4 | X27: =W27*$W$3 -> 8386.6364 | Z27: =Y27*$Y$3 -> 0 | AA27: 0.5 | AB27: =AA27*$AA$3 -> 8458.4173 | AC27: 0.1 | AD27: =AC27*$AC$3 -> 1434.125 | AF27: =AE27*$AE$3 -> 0 | AG27: =U27+W27+Y27+AA27+AC27+AE27 -> 1 | AH27: =V27+X27+Z27+AB27+AD27+AF27 -> 18279.179 | AI27: =$AI$4*AJ27 -> 30740000 | AJ27: =AJ7 -> 1160 | AL27: =U27 -> 0 | AM27: =W27 -> 0.4 | AN27: =Y27 -> 0 | AO27: =AA27 -> 0.5 | AP27: =AC27 -> 0.1 | AQ27: =AE27 -> 0 | AR27: =SUM(AL27:AQ27) -> 1 | AT27: =AL27/AL$2 -> 0 | AU27: =AM27/AM$2 -> 0.051282051 | AV27: =AN27/AN$2 -> 0 | AW27: =AO27/AO$2 -> 0.5 | AX27: =AP27/AP$2 -> 1 | AY27: =AQ27/AQ$2 -> 0 | AZ27: =AR27/AR$2 -> 0.066666667
T28: Hạt WSS05SB (sợi ngắn) | U28: 0.95 | V28: =U28*$U$3 -> 17305.811 | X28: =W28*$W$3 -> 0 | Z28: =Y28*$Y$3 -> 0 | AA28: 0.05 | AB28: =AA28*$AA$3 -> 845.84173 | AD28: =AC28*$AC$3 -> 0 | AF28: =AE28*$AE$3 -> 0 | AG28: =U28+W28+Y28+AA28+AC28+AE28 -> 1 | AH28: =V28+X28+Z28+AB28+AD28+AF28 -> 18151.653 | AI28: =$AI$4*AJ28 -> 19080000 | AJ28: =AJ10 -> 720 | AL28: =U28 -> 0.95 | AM28: =W28 -> 0 | AN28: =Y28 -> 0 | AO28: =AA28 -> 0.05 | AP28: =AC28 -> 0 | AQ28: =AE28 -> 0 | AR28: =SUM(AL28:AQ28) -> 1 | AT28: =AL28/AL$2 -> 0.20212766 | AU28: =AM28/AM$2 -> 0 | AV28: =AN28/AN$2 -> 0 | AW28: =AO28/AO$2 -> 0.05 | AX28: =AP28/AP$2 -> 0 | AY28: =AQ28/AQ$2 -> 0 | AZ28: =AR28/AR$2 -> 0.066666667
T29: Vảy FPET201-Out | U29: 0.65 | V29: =U29*$U$3 -> 11840.818 | W29: 0.15 | X29: =W29*$W$3 -> 3144.9887 | Z29: =Y29*$Y$3 -> 0 | AA29: 0.2 | AB29: =AA29*$AA$3 -> 3383.3669 | AD29: =AC29*$AC$3 -> 0 | AF29: =AE29*$AE$3 -> 0 | AG29: =U29+W29+Y29+AA29+AC29+AE29 -> 1 | AH29: =V29+X29+Z29+AB29+AD29+AF29 -> 18369.174 | AI29: =$AI$4*AJ29 -> 0 | AL29: =U29 -> 0.65 | AM29: =W29 -> 0.15 | AN29: =Y29 -> 0 | AO29: =AA29 -> 0.2 | AP29: =AC29 -> 0 | AQ29: =AE29 -> 0 | AR29: =SUM(AL29:AQ29) -> 1 | AT29: =AL29/AL$2 -> 0.13829787 | AU29: =AM29/AM$2 -> 0.019230769 | AV29: =AN29/AN$2 -> 0 | AW29: =AO29/AO$2 -> 0.2 | AX29: =AP29/AP$2 -> 0 | AY29: =AQ29/AQ$2 -> 0 | AZ29: =AR29/AR$2 -> 0.066666667
T32: Chai B4 | AG32: 0.02
T33: Dây Đai | V33: =U33*$U$3 -> 0 | X33: =W33*$W$3 -> 0 | Z33: =Y33*$Y$3 -> 0 | AD33: =AC33*$AC$3 -> 0 | AE33: 1 | AF33: =AE33*$AE$3 -> 16505.154 | AG33: =U33+W33+Y33+AA33+AC33+AE33 -> 1 | AH33: =V33+X33+Z33+AB33+AD33+AF33 -> 16505.154 | AI33: =$AI$4*AJ33 -> 19000500 | AJ33: 717 | AL33: =U33 -> 0 | AM33: =W33 -> 0 | AN33: =Y33 -> 0 | AO33: =AA33 -> 0 | AP33: =AC33 -> 0 | AQ33: =AE33 -> 1 | AR33: =SUM(AL33:AQ33) -> 1 | AT33: =AL33/AL$2 -> 0 | AU33: =AM33/AM$2 -> 0 | AV33: =AN33/AN$2 -> 0 | AW33: =AO33/AO$2 -> 0 | AX33: =AP33/AP$2 -> 0 | AY33: =AQ33/AQ$2 -> 1 | AZ33: =AR33/AR$2 -> 0.066666667
AE35: ='Giá mua Chai-Vảy'!O40 -> 8000
T36: Vảy_Nắp HD ép, cổ chai | AG36: 0.01
T37: rHDPE ép | V37: =U37*$U$3 -> 0 | X37: =W37*$W$3 -> 0 | Z37: =Y37*$Y$3 -> 0 | AD37: =AC37*$AC$3 -> 0 | AE37: 1 | AF37: =AE37*$AE$35 -> 8000 | AG37: =U37+W37+Y37+AA37+AC37+AE37 -> 1 | AH37: =V37+X37+Z37+AB37+AD37+AF37 -> 8000 | AI37: =$AI$4*AJ37 -> 19500000 | AJ37: =19500000/26500 -> 735.84906 | AK37: =AK$1+$W$2 -> 17636.978 | AL37: =AL$1+AK37*$AK$2+AJ37*$AJ$2 -> 0.31333333 | AM37: =AL37+$AM$1 -> 0.83333333 | AN37: =AL37+$AN$1 -> 0.34 | AO37: =AM37 -> 0.83333333 | AP37: =$AP$4*AQ37/1000 -> 0 | AQ37: =AE37 -> 1 | AR37: =SUM(AL37:AQ37) -> 3.32

Sheet Hảo_R&D (Vảy sạch) (giảm giá)
B1: Sơ đồ khối dòng nguyên liệu-sản phẩm hiện tại của DTR. | T1: Giá chai mua vào | U1: ='Giá mua Chai-Vảy (Giá giảm)'!E18 -> 13000 | W1: ='Giá mua Chai-Vảy (Giá giảm)'!E14 -> 14500 | X1: =W3-W1-X3 -> 1749.9477 | Y1: ='Giá mua Chai-Vảy (Giá giảm)'!E15 -> 13000 | AA1: ='Giá mua Chai-Vảy (Giá giảm)'!E17 -> 11500 | AB1: ='[2]18. Vảy B5'!$I$10 -> 411.6804 | AC1: ='[2]16.1 Rửa vảy B7'!$I$9 -> 7971.0145 | AD1: ='[2]16.1 Rửa vảy B7'!$I$10 -> 84.555435 | AE1: ='Giá mua Chai-Vảy (Giá giảm)'!E16 -> 11500
B2: Với phân bố và định hướng sản phẩm như hiện nay, một số nguyên liệu đầu vào (B2.2/B4/B5) đang gặp khó khăn về giá, do gánh chung dòng chảy với chỉ khoảng 53% nguyên liệu chính B1.1. | T2: Giá thành vảy sạch => từ vảy mua ngoài | W2: ='[2]12. 100% vảy->hạt WSS01-iSS01'!$I$30 -> 17636.978 | X2: ='[2]12. 100% vảy->hạt WSS01-iSS01'!$I$10 -> 1636.9775
T3: Giá thành vảy sạch => từ chai | U3: =U1+X3 -> 17716.643 | W3: ='[2]10. 100% chai->hạt WSS01-iSS01'!$I$60 -> 20966.591 | X3: ='[2]10. 100% chai->hạt WSS01-iSS01'!$I$21+'[2]10. 100% chai->hạt WSS01-iSS01'!$I$37 -> 4716.6433 | Y3: =Y1+X3 -> 17716.643 | AA3: ='[2]18. Vảy B5'!$I$58 -> 16916.835 | AB3: ='[2]18. Vảy B5'!$I$21+'[2]18. Vảy B5'!$I$37 -> 4505.1542 | AC3: ='[2]16.1 Rửa vảy B7'!$I$48 -> 14341.25 | AD3: ='[2]16.1 Rửa vảy B7'!$I$11+'[2]16.1 Rửa vảy B7'!$I$27 -> 6285.6803 | AE3: =AE1+AB3 -> 16005.154 | AG3: Giá thành vảy sạch | AI3: Giá bán Hạt | AJ3: Exw | AL3: Giá thành vảy sạch
T4: Tên TP | U4: Loại vảy 1 | W4: Loại vảy 2 | Y4: Loại vảy 3 | AA4: Loại vảy 4 | AC4: Loại vảy 5 | AE4: Loại vảy 6 | AG4: Cộng | AI4: 26500
U5: B6.2 | V5: VND | W5: B1 | X5: VND | Y5: B2.2 | Z5: VND | AA5: B5 | AB5: VND | AC5: B7 | AD5: VND | AE5: B4 | AF5: VND | AH5: VND | AI5: VND | AJ5: USD
T6: Chai B6.2 | AG6: 0.3
T7: Hạt WSS01G-Nia | U7: 0.1 | V7: =U7*$U$3 -> 1771.6643 | W7: 0.9 | X7: =W7*$W$3 -> 18869.932 | Z7: =Y7*$Y$3 -> 0 | AB7: =AA7*$AA$3 -> 0 | AD7: =AC7*$AC$3 -> 0 | AF7: =AE7*$AE$3 -> 0 | AG7: =U7+W7+Y7+AA7+AC7+AE7 -> 1 | AH7: =V7+X7+Z7+AB7+AD7+AF7 -> 20641.596 | AI7: =$AI$4*AJ7 -> 30740000 | AJ7: 1160 | AL7: =AH7/$AI$4*1000 -> 778.92816
T8: Hạt iSS01G-Out | U8: 0.3 | V8: =U8*$U$3 -> 5314.993 | W8: 0.7 | X8: =W8*$W$3 -> 14676.614 | Z8: =Y8*$Y$3 -> 0 | AB8: =AA8*$AA$3 -> 0 | AD8: =AC8*$AC$3 -> 0 | AF8: =AE8*$AE$3 -> 0 | AG8: =U8+W8+Y8+AA8+AC8+AE8 -> 1 | AH8: =V8+X8+Z8+AB8+AD8+AF8 -> 19991.607 | AI8: =$AI$4*AJ8 -> 31535000 | AJ8: =AJ7+30 -> 1190 | AL8: =AH8/$AI$4*1000 -> 754.40025
T9: Hạt WSS03G-PW | U9: 0.55 | V9: =U9*$U$3 -> 9744.1538 | W9: 0.3 | X9: =W9*$W$3 -> 6289.9773 | Y9: 0.15 | Z9: =Y9*$Y$3 -> 2657.4965 | AB9: =AA9*$AA$3 -> 0 | AD9: =AC9*$AC$3 -> 0 | AF9: =AE9*$AE$3 -> 0 | AG9: =U9+W9+Y9+AA9+AC9+AE9 -> 1 | AH9: =V9+X9+Z9+AB9+AD9+AF9 -> 18691.628 | AI9: =$AI$4*AJ9 -> 28885000 | AJ9: =AJ7-70 -> 1090 | AL9: =AH9/$AI$4*1000 -> 705.34444
T10: Hạt WSS05SB (sợi ngắn) | U10: 0.95 | V10: =U10*$U$3 -> 16830.811 | X10: =W10*$W$3 -> 0 | Z10: =Y10*$Y$3 -> 0 | AA10: 0.05 | AB10: =AA10*$AA$3 -> 845.84173 | AD10: =AC10*$AC$3 -> 0 | AF10: =AE10*$AE$3 -> 0 | AG10: =U10+W10+Y10+AA10+AC10+AE10 -> 1 | AH10: =V10+X10+Z10+AB10+AD10+AF10 -> 17676.653 | AI10: =$AI$4*AJ10 -> 19080000 | AJ10: 720 | AL10: =AH10/$AI$4*1000 -> 667.0435
T11: Vảy FPET201-Out | U11: 0.65 | V11: =U11*$U$3 -> 11515.818 | W11: 0.15 | X11: =W11*$W$3 -> 3144.9887 | Z11: =Y11*$Y$3 -> 0 | AA11: 0.2 | AB11: =AA11*$AA$3 -> 3383.3669 | AD11: =AC11*$AC$3 -> 0 | AF11: =AE11*$AE$3 -> 0 | AG11: =U11+W11+Y11+AA11+AC11+AE11 -> 1 | AH11: =V11+X11+Z11+AB11+AD11+AF11 -> 18044.174 | AI11: =$AI$4*AJ11 -> 16032500 | AJ11: 605 | AL11: =AH11/$AI$4*1000 -> 680.91222
T14: Chai B1.1 | W14: B1.1 | AG14: 0.53
T15: Hạt WSS01G | V15: =U15*$U$3 -> 0 | W15: 1 | X15: =W15*$W$3 -> 20966.591 | Z15: =Y15*$Y$3 -> 0 | AB15: =AA15*$AA$3 -> 0 | AD15: =AC15*$AC$3 -> 0 | AF15: =AE15*$AE$3 -> 0 | AG15: =U15+W15+Y15+AA15+AC15+AE15 -> 1 | AH15: =V15+X15+Z15+AB15+AD15+AF15 -> 20966.591 | AI15: =$AI$4*AJ15 -> 30740000 | AJ15: =AJ7 -> 1160 | AL15: =AH15/$AI$4*1000 -> 791.19211
T16: Hạt iSS01G | V16: =U16*$U$3 -> 0 | W16: 1 | X16: =W16*$W$3 -> 20966.591 | Z16: =Y16*$Y$3 -> 0 | AB16: =AA16*$AA$3 -> 0 | AD16: =AC16*$AC$3 -> 0 | AF16: =AE16*$AE$3 -> 0 | AG16: =U16+W16+Y16+AA16+AC16+AE16 -> 1 | AH16: =V16+X16+Z16+AB16+AD16+AF16 -> 20966.591 | AI16: =$AI$4*AJ16 -> 31535000 | AJ16: =AJ7+30 -> 1190 | AL16: =AH16/$AI$4*1000 -> 791.19211
T17: Hạt iSS01084G | V17: =U17*$U$3 -> 0 | W17: 1 | X17: =W17*$W$3 -> 20966.591 | Z17: =Y17*$Y$3 -> 0 | AB17: =AA17*$AA$3 -> 0 | AD17: =AC17*$AC$3 -> 0 | AF17: =AE17*$AE$3 -> 0 | AG17: =U17+W17+Y17+AA17+AC17+AE17 -> 1 | AH17: =V17+X17+Z17+AB17+AD17+AF17 -> 20966.591 | AI17: =$AI$4*AJ17 -> 33125000 | AJ17: =AJ7+90 -> 1250 | AL17: =AH17/$AI$4*1000 -> 791.19211
T18: Hạt WSS03G | V18: =U18*$U$3 -> 0 | W18: 1 | X18: =W18*$W$3 -> 20966.591 | Z18: =Y18*$Y$3 -> 0 | AB18: =AA18*$AA$3 -> 0 | AD18: =AC18*$AC$3 -> 0 | AF18: =AE18*$AE$3 -> 0 | AG18: =U18+W18+Y18+AA18+AC18+AE18 -> 1 | AH18: =V18+X18+Z18+AB18+AD18+AF18 -> 20966.591 | AI18: =$AI$4*AJ18 -> 29945000 | AJ18: =AJ7-30 -> 1130 | AL18: =AH18/$AI$4*1000 -> 791.19211
T24: Chai B2.2 +B5 | AG24: 0.05
T25: Hạt WSS01G-Nia | V25: =U25*$U$3 -> 0 | W25: 0.9 | X25: =W25*$W$3 -> 18869.932 | Y25: 0.1 | Z25: =Y25*$Y$3 -> 1771.6643 | AB25: =AA25*$AA$3 -> 0 | AD25: =AC25*$AC$3 -> 0 | AF25: =AE25*$AE$3 -> 0 | AG25: =U25+W25+Y25+AA25+AC25+AE25 -> 1 | AH25: =V25+X25+Z25+AB25+AD25+AF25 -> 20641.596 | AI25: =$AI$4*AJ25 -> 30740000 | AJ25: =AJ7 -> 1160 | AL25: =AH25/$AI$4*1000 -> 778.92816
T26: Hạt WSS03G-PW | U26: 0.55 | V26: =U26*$U$3 -> 9744.1538 | W26: 0.3 | X26: =W26*$W$3 -> 6289.9773 | Y26: 0.15 | Z26: =Y26*$Y$3 -> 2657.4965 | AB26: =AA26*$AA$3 -> 0 | AD26: =AC26*$AC$3 -> 0 | AF26: =AE26*$AE$3 -> 0 | AG26: =U26+W26+Y26+AA26+AC26+AE26 -> 1 | AH26: =V26+X26+Z26+AB26+AD26+AF26 -> 18691.628 | AI26: =$AI$4*AJ26 -> 28885000 | AJ26: =AJ7-70 -> 1090 | AL26: =AH26/$AI$4*1000 -> 705.34444
T27: Hạt WSS01S | V27: =U27*$U$3 -> 0 | W27: 0.4 | X27: =W27*$W$3 -> 8386.6364 | Z27: =Y27*$Y$3 -> 0 | AA27: 0.5 | AB27: =AA27*$AA$3 -> 8458.4173 | AC27: 0.1 | AD27: =AC27*$AC$3 -> 1434.125 | AF27: =AE27*$AE$3 -> 0 | AG27: =U27+W27+Y27+AA27+AC27+AE27 -> 1 | AH27: =V27+X27+Z27+AB27+AD27+AF27 -> 18279.179 | AI27: =$AI$4*AJ27 -> 30740000 | AJ27: =AJ7 -> 1160 | AL27: =AH27/$AI$4*1000 -> 689.78033
T28: Hạt WSS05SB (sợi ngắn) | U28: 0.95 | V28: =U28*$U$3 -> 16830.811 | X28: =W28*$W$3 -> 0 | Z28: =Y28*$Y$3 -> 0 | AA28: 0.05 | AB28: =AA28*$AA$3 -> 845.84173 | AD28: =AC28*$AC$3 -> 0 | AF28: =AE28*$AE$3 -> 0 | AG28: =U28+W28+Y28+AA28+AC28+AE28 -> 1 | AH28: =V28+X28+Z28+AB28+AD28+AF28 -> 17676.653 | AI28: =$AI$4*AJ28 -> 19080000 | AJ28: =AJ10 -> 720 | AL28: =AH28/$AI$4*1000 -> 667.0435
T29: Vảy FPET201-Out | U29: 0.65 | V29: =U29*$U$3 -> 11515.818 | W29: 0.15 | X29: =W29*$W$3 -> 3144.9887 | Z29: =Y29*$Y$3 -> 0 | AA29: 0.2 | AB29: =AA29*$AA$3 -> 3383.3669 | AD29: =AC29*$AC$3 -> 0 | AF29: =AE29*$AE$3 -> 0 | AG29: =U29+W29+Y29+AA29+AC29+AE29 -> 1 | AH29: =V29+X29+Z29+AB29+AD29+AF29 -> 18044.174 | AI29: =$AI$4*AJ29 -> 16032500 | AJ29: 605 | AL29: =AH29/$AI$4*1000 -> 680.91222
T32: Chai B4 | AG32: 0.02
T33: Dây Đai | V33: =U33*$U$3 -> 0 | X33: =W33*$W$3 -> 0 | Z33: =Y33*$Y$3 -> 0 | AD33: =AC33*$AC$3 -> 0 | AE33: 1 | AF33: =AE33*$AE$3 -> 16005.154 | AG33: =U33+W33+Y33+AA33+AC33+AE33 -> 1 | AH33: =V33+X33+Z33+AB33+AD33+AF33 -> 16005.154 | AI33: =$AI$4*AJ33 -> 19000500 | AJ33: 717 | AL33: =AH33/$AI$4*1000 -> 603.96808
AE35: ='Giá mua Chai-Vảy'!O40 -> 8000
T36: Vảy_Nắp HD ép, cổ chai | AG36: 0.01
T37: rHDPE ép | V37: =U37*$U$3 -> 0 | X37: =W37*$W$3 -> 0 | Z37: =Y37*$Y$3 -> 0 | AD37: =AC37*$AC$3 -> 0 | AE37: 1 | AF37: =AE37*$AE$35 -> 8000 | AG37: =U37+W37+Y37+AA37+AC37+AE37 -> 1 | AH37: =V37+X37+Z37+AB37+AD37+AF37 -> 8000 | AI37: =$AI$4*AJ37 -> 19500000 | AJ37: =19500000/26500 -> 735.84906 | AK37: =AK$1+$W$2 -> 17636.978 | AL37: =AL$1+AK37*$AK$2+AJ37*$AJ$2 -> 0 | AM37: =AL37+$AM$1 -> 0 | AN37: =AL37+$AN$1 -> 0 | AO37: =AM37 -> 0 | AP37: =$AP$4*AQ37/1000 -> 0

Sheet Hảo_R&D (Hạt)
B1: Sơ đồ khối dòng nguyên liệu-sản phẩm hiện tại của DTR. | T1: Giá chai mua vào | U1: ='Giá mua Chai-Vảy'!E18 -> 13500 | W1: ='[2]10. 100% chai->hạt WSS01-iSS01'!$H$9 -> 15000 | X1: =W3-W1-X3 -> 1249.9477 | Y1: ='Giá mua Chai-Vảy'!E15 -> 13500 | AA1: ='[2]18. Vảy B5'!$I$9 -> 12000 | AB1: ='[2]18. Vảy B5'!$I$10 -> 411.6804 | AC1: ='[2]16.1 Rửa vảy B7'!$I$9 -> 7971.0145 | AD1: ='[2]16.1 Rửa vảy B7'!$I$10 -> 84.555435 | AE1: ='Giá mua Chai-Vảy'!E16 -> 12000 | AI1: ='[2]10. 100% chai->hạt WSS01-iSS01'!$I$61 -> 3384.4942 | AJ1: ='[2]10. 100% chai->hạt WSS01-iSS01'!$I$83 -> 1901.1244 | AK1: ='[2]11. 100% chai->hạt iSS01084G'!$I$83 -> 2331.8861
B2: Với phân bố và định hướng sản phẩm như hiện nay, một số nguyên liệu đầu vào (B2.2/B4/B5) đang gặp khó khăn về giá, do gánh chung dòng chảy với chỉ khoảng 53% nguyên liệu chính B1.1. | T2: Giá thành vảy sạch => từ vảy mua ngoài | W2: ='[2]12. 100% vảy->hạt WSS01-iSS01'!$I$30 -> 17636.978 | X2: ='[2]12. 100% vảy->hạt WSS01-iSS01'!$I$10 -> 1636.9775
T3: Giá thành vảy sạch => từ chai | U3: =U1+X3 -> 18216.643 | W3: ='[2]10. 100% chai->hạt WSS01-iSS01'!$I$60 -> 20966.591 | X3: ='[2]10. 100% chai->hạt WSS01-iSS01'!$I$21+'[2]10. 100% chai->hạt WSS01-iSS01'!$I$37 -> 4716.6433 | Y3: =Y1+X3 -> 18216.643 | AA3: ='[2]18. Vảy B5'!$I$58 -> 16916.835 | AB3: ='[2]18. Vảy B5'!$I$21+'[2]18. Vảy B5'!$I$37 -> 4505.1542 | AC3: ='[2]16.1 Rửa vảy B7'!$I$48 -> 14341.25 | AD3: ='[2]16.1 Rửa vảy B7'!$I$11+'[2]16.1 Rửa vảy B7'!$I$27 -> 6285.6803 | AE3: =AE1+AB3 -> 16505.154 | AG3: Giá thành vảy sạch | AI3: Chi phi tạo hạt | AJ3: Chi phí nâng IV (8 tiếng) | AK3: Chi phí nâng IV (10 tiếng) | AL3: Giá thành hạt (IV8) | AM3: Giá bán Hạt | AN3: Exw | AO3: LG | AP3: % | AQ3: Chi phí quản lý | AR3: Giá bán vảy
T4: Tên TP | U4: Loại vảy 1 | W4: Loại vảy 2 | Y4: Loại vảy 3 | AA4: Loại vảy 4 | AC4: Loại vảy 5 | AE4: Loại vảy 6 | AG4: Cộng | AM4: 26500
U5: B6.2 | V5: VND | W5: B1 | X5: VND | Y5: B2.2 | Z5: VND | AA5: B5 | AB5: VND | AC5: B7 | AD5: VND | AE5: B4 | AF5: VND | AH5: VND | AM5: VND | AN5: USD
T6: Chai B6.2 | AG6: 0.3
T7: Hạt WSS01G-Nia | U7: 0.1 | V7: =U7*$U$3 -> 1821.6643 | W7: 0.9 | X7: =W7*$W$3 -> 18869.932 | Z7: =Y7*$Y$3 -> 0 | AB7: =AA7*$AA$3 -> 0 | AD7: =AC7*$AC$3 -> 0 | AF7: =AE7*$AE$3 -> 0 | AG7: =U7+W7+Y7+AA7+AC7+AE7 -> 1 | AH7: =V7+X7+Z7+AB7+AD7+AF7 -> 20691.596 | AI7: =$AI$1+AH7 -> 24076.09 | AJ7: =AI7+$AJ$1 -> 25977.215 | AK7: =AI7+$AK$1 -> 26407.977 | AL7: =AJ7 -> 25977.215 | AM7: =$AM$4*AN7/1000 -> 30740 | AN7: 1160 | AO7: =AM7-AL7 -> 4762.7852 | AP7: =AO7/AM7 -> 0.15493771 | AR7: =AH7/$AM$4*1000 -> 780.81495
T8: Hạt iSS01G-Out | U8: 0.3 | V8: =U8*$U$3 -> 5464.993 | W8: 0.7 | X8: =W8*$W$3 -> 14676.614 | Z8: =Y8*$Y$3 -> 0 | AB8: =AA8*$AA$3 -> 0 | AD8: =AC8*$AC$3 -> 0 | AF8: =AE8*$AE$3 -> 0 | AG8: =U8+W8+Y8+AA8+AC8+AE8 -> 1 | AH8: =V8+X8+Z8+AB8+AD8+AF8 -> 20141.607 | AI8: =$AI$1+AH8 -> 23526.101 | AJ8: =AI8+$AJ$1 -> 25427.225 | AK8: =AI8+$AK$1 -> 25857.987 | AL8: =AJ8 -> 25427.225 | AM8: =$AM$4*AN8/1000 -> 31535 | AN8: =AN7+30 -> 1190 | AO8: =AM8-AL8 -> 6107.7747 | AP8: =AO8/AM8 -> 0.19368241 | AR8: =AH8/$AM$4*1000 -> 760.06063
T9: Hạt WSS03G-PW | U9: 0.55 | V9: =U9*$U$3 -> 10019.154 | W9: 0.3 | X9: =W9*$W$3 -> 6289.9773 | Y9: 0.15 | Z9: =Y9*$Y$3 -> 2732.4965 | AB9: =AA9*$AA$3 -> 0 | AD9: =AC9*$AC$3 -> 0 | AF9: =AE9*$AE$3 -> 0 | AG9: =U9+W9+Y9+AA9+AC9+AE9 -> 1 | AH9: =V9+X9+Z9+AB9+AD9+AF9 -> 19041.628 | AI9: =$AI$1+AH9 -> 22426.122 | AJ9: =AI9+$AJ$1 -> 24327.246 | AK9: =AI9+$AK$1 -> 24758.008 | AL9: =AJ9 -> 24327.246 | AM9: =$AM$4*AN9/1000 -> 28885 | AN9: =AN7-70 -> 1090 | AO9: =AM9-AL9 -> 4557.7538 | AP9: =AO9/AM9 -> 0.15778964 | AR9: =AH9/$AM$4*1000 -> 718.55199
T10: Hạt WSS05SB (sợi ngắn) | U10: 0.95 | V10: =U10*$U$3 -> 17305.811 | X10: =W10*$W$3 -> 0 | Z10: =Y10*$Y$3 -> 0 | AA10: 0.05 | AB10: =AA10*$AA$3 -> 845.84173 | AD10: =AC10*$AC$3 -> 0 | AF10: =AE10*$AE$3 -> 0 | AG10: =U10+W10+Y10+AA10+AC10+AE10 -> 1 | AH10: =V10+X10+Z10+AB10+AD10+AF10 -> 18151.653 | AI10: =$AI$1+AH10 -> 21536.147 | AJ10: =AI10+$AJ$1 -> 23437.271 | AK10: =AI10+$AK$1 -> 23868.033 | AL10: =AJ10 -> 23437.271 | AM10: =$AM$4*AN10/1000 -> 19080 | AN10: 720 | AO10: =AM10-AL10 -> -4357.2715 | AP10: =AO10/AM10 -> -0.22836853 | AR10: =AH10/$AM$4*1000 -> 684.96803
T11: Vảy FPET201-Out | U11: 0.65 | V11: =U11*$U$3 -> 11840.818 | W11: 0.15 | X11: =W11*$W$3 -> 3144.9887 | Z11: =Y11*$Y$3 -> 0 | AA11: 0.2 | AB11: =AA11*$AA$3 -> 3383.3669 | AD11: =AC11*$AC$3 -> 0 | AF11: =AE11*$AE$3 -> 0 | AG11: =U11+W11+Y11+AA11+AC11+AE11 -> 1 | AH11: =V11+X11+Z11+AB11+AD11+AF11 -> 18369.174 | AI11: =$AI$1+AH11 -> 21753.668 | AJ11: =AI11+$AJ$1 -> 23654.792 | AK11: =AI11+$AK$1 -> 24085.554 | AL11: =AJ11 -> 23654.792 | AM11: =$AM$4*AN11/1000 -> 25970 | AN11: 980 | AO11: =AM11-AL11 -> 2315.2077 | AP11: =AO11/AM11 -> 0.089149314 | AR11: =AH11/$AM$4*1000 -> 693.17637
T14: Chai B1.1 | W14: B1.1 | AG14: 0.53
T15: Hạt WSS01G | V15: =U15*$U$3 -> 0 | W15: 1 | X15: =W15*$W$3 -> 20966.591 | Z15: =Y15*$Y$3 -> 0 | AB15: =AA15*$AA$3 -> 0 | AD15: =AC15*$AC$3 -> 0 | AF15: =AE15*$AE$3 -> 0 | AG15: =U15+W15+Y15+AA15+AC15+AE15 -> 1 | AH15: =V15+X15+Z15+AB15+AD15+AF15 -> 20966.591 | AI15: =$AI$1+AH15 -> 24351.085 | AJ15: =AI15+$AJ$1 -> 26252.21 | AK15: =AI15+$AK$1 -> 26682.971 | AL15: =AJ15 -> 26252.21 | AM15: =$AM$4*AN15/1000 -> 30740 | AN15: =AN7 -> 1160 | AO15: =AM15-AL15 -> 4487.7904 | AP15: =AO15/AM15 -> 0.14599188 | AR15: =AH15/$AM$4*1000 -> 791.19211
T16: Hạt iSS01G | V16: =U16*$U$3 -> 0 | W16: 1 | X16: =W16*$W$3 -> 20966.591 | Z16: =Y16*$Y$3 -> 0 | AB16: =AA16*$AA$3 -> 0 | AD16: =AC16*$AC$3 -> 0 | AF16: =AE16*$AE$3 -> 0 | AG16: =U16+W16+Y16+AA16+AC16+AE16 -> 1 | AH16: =V16+X16+Z16+AB16+AD16+AF16 -> 20966.591 | AI16: =$AI$1+AH16 -> 24351.085 | AJ16: =AI16+$AJ$1 -> 26252.21 | AK16: =AI16+$AK$1 -> 26682.971 | AL16: =AJ16 -> 26252.21 | AM16: =$AM$4*AN16/1000 -> 31535 | AN16: =AN7+30 -> 1190 | AO16: =AM16-AL16 -> 5282.7904 | AP16: =AO16/AM16 -> 0.1675215 | AR16: =AH16/$AM$4*1000 -> 791.19211
T17: Hạt iSS01084G | V17: =U17*$U$3 -> 0 | W17: 1 | X17: =W17*$W$3 -> 20966.591 | Z17: =Y17*$Y$3 -> 0 | AB17: =AA17*$AA$3 -> 0 | AD17: =AC17*$AC$3 -> 0 | AF17: =AE17*$AE$3 -> 0 | AG17: =U17+W17+Y17+AA17+AC17+AE17 -> 1 | AH17: =V17+X17+Z17+AB17+AD17+AF17 -> 20966.591 | AI17: =$AI$1+AH17 -> 24351.085 | AJ17: =AI17+$AJ$1 -> 26252.21 | AK17: =AI17+$AK$1 -> 26682.971 | AL17: =AJ17 -> 26252.21 | AM17: =$AM$4*AN17/1000 -> 33125 | AN17: =AN7+90 -> 1250 | AO17: =AM17-AL17 -> 6872.7904 | AP17: =AO17/AM17 -> 0.20748046 | AR17: =AH17/$AM$4*1000 -> 791.19211
T18: Hạt WSS03G | V18: =U18*$U$3 -> 0 | W18: 1 | X18: =W18*$W$3 -> 20966.591 | Z18: =Y18*$Y$3 -> 0 | AB18: =AA18*$AA$3 -> 0 | AD18: =AC18*$AC$3 -> 0 | AF18: =AE18*$AE$3 -> 0 | AG18: =U18+W18+Y18+AA18+AC18+AE18 -> 1 | AH18: =V18+X18+Z18+AB18+AD18+AF18 -> 20966.591 | AI18: =$AI$1+AH18 -> 24351.085 | AJ18: =AI18+$AJ$1 -> 26252.21 | AK18: =AI18+$AK$1 -> 26682.971 | AL18: =AJ18 -> 26252.21 | AM18: =$AM$4*AN18/1000 -> 29945 | AN18: =AN7-30 -> 1130 | AO18: =AM18-AL18 -> 3692.7904 | AP18: =AO18/AM18 -> 0.1233191 | AR18: =AH18/$AM$4*1000 -> 791.19211
T24: Chai B2.2 +B5 | AG24: 0.05
T25: Hạt WSS01G-Nia | V25: =U25*$U$3 -> 0 | W25: 0.9 | X25: =W25*$W$3 -> 18869.932 | Y25: 0.1 | Z25: =Y25*$Y$3 -> 1821.6643 | AB25: =AA25*$AA$3 -> 0 | AD25: =AC25*$AC$3 -> 0 | AF25: =AE25*$AE$3 -> 0 | AG25: =U25+W25+Y25+AA25+AC25+AE25 -> 1 | AH25: =V25+X25+Z25+AB25+AD25+AF25 -> 20691.596 | AI25: =$AI$1+AH25 -> 24076.09 | AJ25: =AI25+$AJ$1 -> 25977.215 | AK25: =AI25+$AK$1 -> 26407.977 | AL25: =AJ25 -> 25977.215 | AM25: =$AM$4*AN25/1000 -> 30740 | AN25: =AN7 -> 1160 | AO25: =AM25-AL25 -> 4762.7852 | AP25: =AO25/AM25 -> 0.15493771 | AR25: =AH25/$AM$4*1000 -> 780.81495
T26: Hạt WSS03G-PW | U26: 0.55 | V26: =U26*$U$3 -> 10019.154 | W26: 0.3 | X26: =W26*$W$3 -> 6289.9773 | Y26: 0.15 | Z26: =Y26*$Y$3 -> 2732.4965 | AB26: =AA26*$AA$3 -> 0 | AD26: =AC26*$AC$3 -> 0 | AF26: =AE26*$AE$3 -> 0 | AG26: =U26+W26+Y26+AA26+AC26+AE26 -> 1 | AH26: =V26+X26+Z26+AB26+AD26+AF26 -> 19041.628 | AI26: =$AI$1+AH26 -> 22426.122 | AJ26: =AI26+$AJ$1 -> 24327.246 | AK26: =AI26+$AK$1 -> 24758.008 | AL26: =AJ26 -> 24327.246 | AM26: =$AM$4*AN26/1000 -> 28885 | AN26: =AN7-70 -> 1090 | AO26: =AM26-AL26 -> 4557.7538 | AP26: =AO26/AM26 -> 0.15778964 | AR26: =AH26/$AM$4*1000 -> 718.55199 | AT26: 1074 | AU26: 0.7-0.74 | AV26: 1000 tấn | AW26: Quý 3,4 | AY26: Làm màng | AZ26: Uy kiệt sx màng
T27: Hạt WSS01S | V27: =U27*$U$3 -> 0 | W27: 0.4 | X27: =W27*$W$3 -> 8386.6364 | Z27: =Y27*$Y$3 -> 0 | AA27: 0.5 | AB27: =AA27*$AA$3 -> 8458.4173 | AC27: 0.1 | AD27: =AC27*$AC$3 -> 1434.125 | AF27: =AE27*$AE$3 -> 0 | AG27: =U27+W27+Y27+AA27+AC27+AE27 -> 1 | AH27: =V27+X27+Z27+AB27+AD27+AF27 -> 18279.179 | AI27: =$AI$1+AH27 -> 21663.673 | AJ27: =AI27+$AJ$1 -> 23564.797 | AK27: =AI27+$AK$1 -> 23995.559 | AL27: =AJ27 -> 23564.797 | AM27: =$AM$4*AN27/1000 -> 30740 | AN27: =AN7 -> 1160 | AO27: =AM27-AL27 -> 7175.2027 | AP27: =AO27/AM27 -> 0.23341583 | AR27: =AH27/$AM$4*1000 -> 689.78033
T28: Hạt WSS05SB (sợi ngắn) | U28: 0.95 | V28: =U28*$U$3 -> 17305.811 | X28: =W28*$W$3 -> 0 | Z28: =Y28*$Y$3 -> 0 | AA28: 0.05 | AB28: =AA28*$AA$3 -> 845.84173 | AD28: =AC28*$AC$3 -> 0 | AF28: =AE28*$AE$3 -> 0 | AG28: =U28+W28+Y28+AA28+AC28+AE28 -> 1 | AH28: =V28+X28+Z28+AB28+AD28+AF28 -> 18151.653 | AI28: =$AI$1+AH28 -> 21536.147 | AJ28: =AI28+$AJ$1 -> 23437.271 | AK28: =AI28+$AK$1 -> 23868.033 | AL28: =AJ28 -> 23437.271 | AM28: =$AM$4*AN28/1000 -> 19080 | AN28: =AN10 -> 720 | AO28: =AM28-AL28 -> -4357.2715 | AP28: =AO28/AM28 -> -0.22836853 | AR28: =AH28/$AM$4*1000 -> 684.96803 | AU28: 605 USD/tấn | AV28: Quan chí Bảo | AW28: SX từ vày B6.2
T29: Vảy FPET201-Out | U29: 0.65 | V29: =U29*$U$3 -> 11840.818 | W29: 0.15 | X29: =W29*$W$3 -> 3144.9887 | Z29: =Y29*$Y$3 -> 0 | AA29: 0.2 | AB29: =AA29*$AA$3 -> 3383.3669 | AD29: =AC29*$AC$3 -> 0 | AF29: =AE29*$AE$3 -> 0 | AG29: =U29+W29+Y29+AA29+AC29+AE29 -> 1 | AH29: =V29+X29+Z29+AB29+AD29+AF29 -> 18369.174 | AI29: =$AI$1+AH29 -> 21753.668 | AJ29: =AI29+$AJ$1 -> 23654.792 | AK29: =AI29+$AK$1 -> 24085.554 | AL29: =AJ29 -> 23654.792 | AM29: =$AM$4*AN29/1000 -> 19080 | AN29: 720 | AO29: =AM29-AL29 -> -4574.7923 | AP29: =AO29/AM29 -> -0.23976899 | AR29: =AH29/$AM$4*1000 -> 693.17637 | AS29: =AN29-AR29 -> 26.823634 | AT29: =AS29/AN29 -> 0.037255047
T32: Chai B4 | AG32: 0.02
T33: Dây Đai | V33: =U33*$U$3 -> 0 | X33: =W33*$W$3 -> 0 | Z33: =Y33*$Y$3 -> 0 | AD33: =AC33*$AC$3 -> 0 | AE33: 1 | AF33: =AE33*$AE$3 -> 16505.154 | AG33: =U33+W33+Y33+AA33+AC33+AE33 -> 1 | AH33: =V33+X33+Z33+AB33+AD33+AF33 -> 16505.154 | AI33: =$AI$1+AH33 -> 19889.648 | AJ33: =AI33+$AJ$1 -> 21790.773 | AK33: =AI33+$AK$1 -> 22221.534 | AL33: =AJ33 -> 21790.773 | AM33: =$AM$4*AN33/1000 -> 19000.5 | AN33: 717 | AO33: =AM33-AL33 -> -2790.2728 | AP33: =AO33/AM33 -> -0.1468526
AE35: ='Giá mua Chai-Vảy'!O40 -> 8000
T36: Vảy_Nắp HD ép, cổ chai | AG36: 0.01
T37: rHDPE ép | V37: =U37*$U$3 -> 0 | X37: =W37*$W$3 -> 0 | Z37: =Y37*$Y$3 -> 0 | AD37: =AC37*$AC$3 -> 0 | AE37: 1 | AF37: =AE37*$AE$35 -> 8000 | AG37: =U37+W37+Y37+AA37+AC37+AE37 -> 1 | AH37: =V37+X37+Z37+AB37+AD37+AF37 -> 8000 | AI37: =AI$1+AH37 -> 11384.494 | AJ37: =AJ$1+AI37 -> 13285.619 | AK37: =AK$1+$W$2 -> 19968.864 | AL37: =AL$1+AK37*$AK$2+AJ37*$AJ$2 -> 0 | AM37: =AL37+$AM$1 -> 0 | AN37: =AL37+$AN$1 -> 0 | AO37: =AM37 -> 0 | AP37: =$AP$4*AQ37/1000 -> 0 | AQ37: 717 | AR37: =AP37-AO37 -> 0 | AS37: =AR37/AP37 -> #DIV/0! | AX37: =AH37/$AP$4*1000 -> #DIV/0! | AY37: =AI37/$AP$4*1000 -> #DIV/0! | AZ37: =AJ37/$AP$4*1000 -> #DIV/0! | BA37: =AK37/$AP$4*1000 -> #DIV/0! | BB37: =AL37/$AP$4*1000 -> #DIV/0! | BC37: =AM37/$AP$4*1000 -> #DIV/0! | BD37: =AN37/$AP$4*1000 -> #DIV/0! | BE37: =AO37/$AP$4*1000 -> #DIV/0! | BF37: =AP37/$AP$4*1000 -> #DIV/0! | BG37: =BF37-BE37 -> #DIV/0! | BH37: =BG37/BE37 -> #DIV/0! | BJ37: ='Hảo_R&D (Hạt) (full stage)-Chai'!BE37 -> 781.6011 | BK37: ='Hảo_R&D (Hạt) (full stage)-MN'!BE37 -> 781.6011 | BL37: =BE37 -> #DIV/0! | BM37: =BJ37-BK37 -> 0 | BO37: ='Hảo_R&D (Hạt) (full stage)-Chai'!AO37 -> 20712.429 | BP37: ='Hảo_R&D (Hạt) (full stage)-MN'!AO37 -> 20712.429 | BQ37: =AO37 -> 0 | BR37: =BO37-BP37 -> 0

Sheet Hảo_R&D (Hạt) (full stage)-Chai
B1: Sơ đồ khối dòng nguyên liệu-sản phẩm hiện tại của DTR. | T1: Giá chai mua vào | U1: ='Giá mua Chai-Vảy'!E18 -> 13500 | W1: ='[2]10. 100% chai->hạt WSS01-iSS01'!$H$9 -> 15000 | X1: =W3-W1-X3 -> 0 | Y1: ='Giá mua Chai-Vảy'!E15 -> 13500 | AA1: ='[2]18. Vảy B5'!$I$9 -> 12000 | AB1: ='[2]18. Vảy B5'!$I$10 -> 411.6804 | AC1: ='[2]16.1 Rửa vảy B7'!$I$9 -> 7971.0145 | AD1: ='[2]16.1 Rửa vảy B7'!$I$10 -> 84.555435 | AE1: ='Giá mua Chai-Vảy'!E16 -> 12000 | AI1: ='[2]10. 100% chai->hạt WSS01-iSS01'!$I$21 -> 2321.031 | AJ1: ='[2]10. 100% chai->hạt WSS01-iSS01'!$I$37 -> 2395.6123 | AK1: ='[2]12. 100% vảy->hạt WSS01-iSS01'!$I$10 -> 1636.9775 | AL1: ='[2]10. 100% chai->hạt WSS01-iSS01'!$I$61 -> 3384.4942 | AM1: ='[2]10. 100% chai->hạt WSS01-iSS01'!$I$83 -> 1901.1244 | AN1: ='[2]11. 100% chai->hạt iSS01084G'!$I$83 -> 2331.8861 | AO1: =AM1/8 -> 237.64055 | AP1: =AN1/10 -> 233.18861
B2: Với phân bố và định hướng sản phẩm như hiện nay, một số nguyên liệu đầu vào (B2.2/B4/B5) đang gặp khó khăn về giá, do gánh chung dòng chảy với chỉ khoảng 53% nguyên liệu chính B1.1. | T2: Giá thành vảy sạch => từ vảy mua ngoài | W2: 16500 | AG2: Tỷ Chai/Vảy | AJ2: 0.5 | AK2: 0.5 | AL2: =AL1*1000/$AP$4 -> 127.71676 | AM2: =AM1*1000/$AP$4 -> 71.740543 | AN2: =AN1*1000/$AP$4 -> 87.995702
T3: Giá thành vảy sạch => từ chai | U3: =U1+X3 -> 14749.948 | V3: ='[2]10. 100% chai->hạt WSS01-iSS01'!$I$10 -> 1249.9477 | W3: =W1+V3 -> 16249.948 | X3: =V3 -> 1249.9477 | Y3: =Y1+X3 -> 14749.948 | Z3: =V3 -> 1249.9477 | AA3: =AA1+Z3 -> 13249.948 | AB3: =V3 -> 1249.9477 | AC3: =AC1+AB3 -> 9220.9622 | AD3: =V3 -> 1249.9477 | AE3: =AE1+AD3 -> 13249.948 | AG3: Giá thành chai chưa băm | AI3: Chi phí Băm | AJ3: Chi phí vảy rữa từ chai | AK3: Chi phí rữa từ vảy mua ngoài | AL3: Chi phi tạo hạt | AM3: Chi phí nâng IV (8 tiếng) | AN3: Chi phí nâng IV (10 tiếng) | AO3: Giá thành hạt (IV8) | AP3: Giá bán Hạt | AQ3: Exw | AR3: LG | AS3: % | AT3: Chi phí quản lý | AU3: Giá bán vảy | AW3: Giá thành chai chưa băm | AY3: Chi phí Băm | AZ3: Chi phí rữa từ chai | BA3: Chi phí rữa từ vảy mua ngoài | BB3: Chi phi tạo hạt | BC3: Chi phí nâng IV (8 tiếng) | BD3: Chi phí nâng IV (10 tiếng) | BE3: Giá thành hạt (IV8) | BF3: Giá bán Hạt | BG3: LG | BH3: %
T4: Tên TP | U4: Loại vảy 1 | W4: Loại vảy 2 | Y4: Loại vảy 3 | AA4: Loại vảy 4 | AC4: Loại vảy 5 | AE4: Loại vảy 6 | AG4: Cộng | AP4: 26500
U5: B6.2 | V5: VND | W5: B1 | X5: VND | Y5: B2.2 | Z5: VND | AA5: B5 | AB5: VND | AC5: B7 | AD5: VND | AE5: B4 | AF5: VND | AH5: VND | AI5: VND | AJ5: VND | AK5: VND | AL5: VND | AM5: VND | AN5: VND | AO5: VND | AP5: VND | AQ5: USD
T6: Chai B6.2 | AG6: 0.3
T7: Hạt WSS01G-Nia | U7: 0.1 | V7: =U7*$U$3 -> 1474.9948 | W7: 0.9 | X7: =W7*$W$3 -> 14624.953 | Z7: =Y7*$Y$3 -> 0 | AB7: =AA7*$AA$3 -> 0 | AD7: =AC7*$AC$3 -> 0 | AF7: =AE7*$AE$3 -> 0 | AG7: =U7+W7+Y7+AA7+AC7+AE7 -> 1 | AH7: =V7+X7+Z7+AB7+AD7+AF7 -> 16099.948 | AI7: =AI$1+AH7 -> 18420.979 | AJ7: =AJ$1+AI7 -> 20816.591 | AK7: =AK$1+$W$2 -> 18136.978 | AL7: =AL$1+AJ7 -> 24201.085 | AM7: =AL7+$AM$1 -> 26102.21 | AN7: =AL7+$AN$1 -> 26532.971 | AO7: =AM7 -> 26102.21 | AP7: =$AP$4*AQ7/1000 -> 30740 | AQ7: 1160 | AR7: =AP7-AO7 -> 4637.7904 | AS7: =AR7/AP7 -> 0.15087152 | AU7: =AH7/$AP$4*1000 -> 607.5452 | AX7: =AH7/$AP$4*1000 -> 607.5452 | AY7: =AI7/$AP$4*1000 -> 695.13127 | AZ7: =AJ7/$AP$4*1000 -> 785.53174 | BA7: =AK7/$AP$4*1000 -> 684.41425 | BB7: =AL7/$AP$4*1000 -> 913.2485 | BC7: =AM7/$AP$4*1000 -> 984.98904 | BD7: =AN7/$AP$4*1000 -> 1001.2442 | BE7: =AO7/$AP$4*1000 -> 984.98904 | BF7: =AP7/$AP$4*1000 -> 1160 | BG7: =BF7-BE7 -> 175.01096 | BH7: =BG7/BE7 -> 0.17767808
T8: Hạt iSS01G-Out | U8: 0.3 | V8: =U8*$U$3 -> 4424.9843 | W8: 0.7 | X8: =W8*$W$3 -> 11374.963 | Z8: =Y8*$Y$3 -> 0 | AB8: =AA8*$AA$3 -> 0 | AD8: =AC8*$AC$3 -> 0 | AF8: =AE8*$AE$3 -> 0 | AG8: =U8+W8+Y8+AA8+AC8+AE8 -> 1 | AH8: =V8+X8+Z8+AB8+AD8+AF8 -> 15799.948 | AI8: =AI$1+AH8 -> 18120.979 | AJ8: =AJ$1+AI8 -> 20516.591 | AK8: =AK$1+$W$2 -> 18136.978 | AL8: =AL$1+AJ8 -> 23901.085 | AM8: =AL8+$AM$1 -> 25802.21 | AN8: =AL8+$AN$1 -> 26232.971 | AO8: =AM8 -> 25802.21 | AP8: =$AP$4*AQ8/1000 -> 31535 | AQ8: =AQ7+30 -> 1190 | AR8: =AP8-AO8 -> 5732.7904 | AS8: =AR8/AP8 -> 0.18179135 | AU8: =AH8/$AP$4*1000 -> 596.22444 | AX8: =AH8/$AP$4*1000 -> 596.22444 | AY8: =AI8/$AP$4*1000 -> 683.81052 | AZ8: =AJ8/$AP$4*1000 -> 774.21098 | BA8: =AK8/$AP$4*1000 -> 684.41425 | BB8: =AL8/$AP$4*1000 -> 901.92774 | BC8: =AM8/$AP$4*1000 -> 973.66829 | BD8: =AN8/$AP$4*1000 -> 989.92345 | BE8: =AO8/$AP$4*1000 -> 973.66829 | BF8: =AP8/$AP$4*1000 -> 1190 | BG8: =BF8-BE8 -> 216.33171 | BH8: =BG8/BE8 -> 0.22218215
T9: Hạt WSS03G-PW | U9: 0.55 | V9: =U9*$U$3 -> 8112.4712 | W9: 0.3 | X9: =W9*$W$3 -> 4874.9843 | Y9: 0.15 | Z9: =Y9*$Y$3 -> 2212.4922 | AB9: =AA9*$AA$3 -> 0 | AD9: =AC9*$AC$3 -> 0 | AF9: =AE9*$AE$3 -> 0 | AG9: =U9+W9+Y9+AA9+AC9+AE9 -> 1 | AH9: =V9+X9+Z9+AB9+AD9+AF9 -> 15199.948 | AI9: =AI$1+AH9 -> 17520.979 | AJ9: =AJ$1+AI9 -> 19916.591 | AK9: =AK$1+$W$2 -> 18136.978 | AL9: =AL$1+AJ9 -> 23301.085 | AM9: =AL9+$AM$1 -> 25202.21 | AN9: =AL9+$AN$1 -> 25632.971 | AO9: =AM9 -> 25202.21 | AP9: =$AP$4*AQ9/1000 -> 28885 | AQ9: =AQ7-70 -> 1090 | AR9: =AP9-AO9 -> 3682.7904 | AS9: =AR9/AP9 -> 0.12749837 | AU9: =AH9/$AP$4*1000 -> 573.58293 | AX9: =AH9/$AP$4*1000 -> 573.58293 | AY9: =AI9/$AP$4*1000 -> 661.16901 | AZ9: =AJ9/$AP$4*1000 -> 751.56947 | BA9: =AK9/$AP$4*1000 -> 684.41425 | BB9: =AL9/$AP$4*1000 -> 879.28624 | BC9: =AM9/$AP$4*1000 -> 951.02678 | BD9: =AN9/$AP$4*1000 -> 967.28194 | BE9: =AO9/$AP$4*1000 -> 951.02678 | BF9: =AP9/$AP$4*1000 -> 1090 | BG9: =BF9-BE9 -> 138.97322 | BH9: =BG9/BE9 -> 0.14612966
T10: Hạt WSS05SB (sợi ngắn) | U10: 0.95 | V10: =U10*$U$3 -> 14012.45 | X10: =W10*$W$3 -> 0 | Z10: =Y10*$Y$3 -> 0 | AA10: 0.05 | AB10: =AA10*$AA$3 -> 662.49739 | AD10: =AC10*$AC$3 -> 0 | AF10: =AE10*$AE$3 -> 0 | AG10: =U10+W10+Y10+AA10+AC10+AE10 -> 1 | AH10: =V10+X10+Z10+AB10+AD10+AF10 -> 14674.948 | AI10: =AI$1+AH10 -> 16995.979 | AJ10: =AJ$1+AI10 -> 19391.591 | AK10: =AK$1+$W$2 -> 18136.978 | AL10: =AL$1+AJ10 -> 22776.085 | AM10: =AL10+$AM$1 -> 24677.21 | AN10: =AL10+$AN$1 -> 25107.971 | AO10: =AM10 -> 24677.21 | AP10: =$AP$4*AQ10/1000 -> 19080 | AQ10: 720 | AR10: =AP10-AO10 -> -5597.2096 | AS10: =AR10/AP10 -> -0.2933548 | AU10: =AH10/$AP$4*1000 -> 553.77161 | AX10: =AH10/$AP$4*1000 -> 553.77161 | AY10: =AI10/$AP$4*1000 -> 641.35769 | AZ10: =AJ10/$AP$4*1000 -> 731.75815 | BA10: =AK10/$AP$4*1000 -> 684.41425 | BB10: =AL10/$AP$4*1000 -> 859.47491 | BC10: =AM10/$AP$4*1000 -> 931.21546 | BD10: =AN10/$AP$4*1000 -> 947.47062 | BE10: =AO10/$AP$4*1000 -> 931.21546 | BF10: =AP10/$AP$4*1000 -> 720 | BG10: =BF10-BE10 -> -211.21546 | BH10: =BG10/BE10 -> -0.22681696
T11: Vảy FPET201-Out | U11: 0.65 | V11: =U11*$U$3 -> 9587.466 | W11: 0.15 | X11: =W11*$W$3 -> 2437.4922 | Z11: =Y11*$Y$3 -> 0 | AA11: 0.2 | AB11: =AA11*$AA$3 -> 2649.9895 | AD11: =AC11*$AC$3 -> 0 | AF11: =AE11*$AE$3 -> 0 | AG11: =U11+W11+Y11+AA11+AC11+AE11 -> 1 | AH11: =V11+X11+Z11+AB11+AD11+AF11 -> 14674.948 | AI11: =AI$1+AH11 -> 16995.979 | AJ11: =AJ$1+AI11 -> 19391.591 | AK11: =AK$1+$W$2 -> 18136.978 | AL11: =+AJ11 -> 19391.591 | AM11: =AL11 -> 19391.591 | AN11: =AM11 -> 19391.591 | AO11: =AM11 -> 19391.591 | AP11: =$AP$4*AQ11/1000 -> 25970 | AQ11: 980 | AR11: =AP11-AO11 -> 6578.409 | AS11: =AR11/AP11 -> 0.25330801 | AU11: =AH11/$AP$4*1000 -> 553.77161 | AX11: =AH11/$AP$4*1000 -> 553.77161 | AY11: =AI11/$AP$4*1000 -> 641.35769 | AZ11: =AJ11/$AP$4*1000 -> 731.75815 | BA11: =AK11/$AP$4*1000 -> 684.41425 | BB11: =AL11/$AP$4*1000 -> 731.75815 | BC11: =AM11/$AP$4*1000 -> 731.75815 | BD11: =AN11/$AP$4*1000 -> 731.75815 | BE11: =AO11/$AP$4*1000 -> 731.75815 | BF11: =AP11/$AP$4*1000 -> 980 | BG11: =BF11-BE11 -> 248.24185 | BH11: =BG11/BE11 -> 0.33924029
T14: Chai B1.1 | W14: B1.1 | AG14: 0.53
T15: Hạt WSS01G | V15: =U15*$U$3 -> 0 | W15: 1 | X15: =W15*$W$3 -> 16249.948 | Z15: =Y15*$Y$3 -> 0 | AB15: =AA15*$AA$3 -> 0 | AD15: =AC15*$AC$3 -> 0 | AF15: =AE15*$AE$3 -> 0 | AG15: =U15+W15+Y15+AA15+AC15+AE15 -> 1 | AH15: =V15+X15+Z15+AB15+AD15+AF15 -> 16249.948 | AI15: =AI$1+AH15 -> 18570.979 | AJ15: =AJ$1+AI15 -> 20966.591 | AK15: =AK$1+$W$2 -> 18136.978 | AL15: =AL$1+AJ15 -> 24351.085 | AM15: =AL15+$AM$1 -> 26252.21 | AN15: =AL15+$AN$1 -> 26682.971 | AO15: =AM15 -> 26252.21 | AP15: =$AP$4*AQ15/1000 -> 30740 | AQ15: =AQ7 -> 1160 | AR15: =AP15-AO15 -> 4487.7904 | AS15: =AR15/AP15 -> 0.14599188 | AU15: =AH15/$AP$4*1000 -> 613.20557 | AX15: =AH15/$AP$4*1000 -> 613.20557 | AY15: =AI15/$AP$4*1000 -> 700.79165 | AZ15: =AJ15/$AP$4*1000 -> 791.19211 | BA15: =AK15/$AP$4*1000 -> 684.41425 | BB15: =AL15/$AP$4*1000 -> 918.90888 | BC15: =AM15/$AP$4*1000 -> 990.64942 | BD15: =AN15/$AP$4*1000 -> 1006.9046 | BE15: =AO15/$AP$4*1000 -> 990.64942 | BF15: =AP15/$AP$4*1000 -> 1160 | BG15: =BF15-BE15 -> 169.35058 | BH15: =BG15/BE15 -> 0.17094905
T16: Hạt iSS01G | V16: =U16*$U$3 -> 0 | W16: 1 | X16: =W16*$W$3 -> 16249.948 | Z16: =Y16*$Y$3 -> 0 | AB16: =AA16*$AA$3 -> 0 | AD16: =AC16*$AC$3 -> 0 | AF16: =AE16*$AE$3 -> 0 | AG16: =U16+W16+Y16+AA16+AC16+AE16 -> 1 | AH16: =V16+X16+Z16+AB16+AD16+AF16 -> 16249.948 | AI16: =AI$1+AH16 -> 18570.979 | AJ16: =AJ$1+AI16 -> 20966.591 | AK16: =AK$1+$W$2 -> 18136.978 | AL16: =AL$1+AJ16 -> 24351.085 | AM16: =AL16+$AM$1 -> 26252.21 | AN16: =AL16+$AN$1 -> 26682.971 | AO16: =AM16 -> 26252.21 | AP16: =$AP$4*AQ16/1000 -> 31535 | AQ16: =AQ7+30 -> 1190 | AR16: =AP16-AO16 -> 5282.7904 | AS16: =AR16/AP16 -> 0.1675215 | AU16: =AH16/$AP$4*1000 -> 613.20557 | AX16: =AH16/$AP$4*1000 -> 613.20557 | AY16: =AI16/$AP$4*1000 -> 700.79165 | AZ16: =AJ16/$AP$4*1000 -> 791.19211 | BA16: =AK16/$AP$4*1000 -> 684.41425 | BB16: =AL16/$AP$4*1000 -> 918.90888 | BC16: =AM16/$AP$4*1000 -> 990.64942 | BD16: =AN16/$AP$4*1000 -> 1006.9046 | BE16: =AO16/$AP$4*1000 -> 990.64942 | BF16: =AP16/$AP$4*1000 -> 1190 | BG16: =BF16-BE16 -> 199.35058 | BH16: =BG16/BE16 -> 0.20123222
T17: Hạt iSS01084G | V17: =U17*$U$3 -> 0 | W17: 1 | X17: =W17*$W$3 -> 16249.948 | Z17: =Y17*$Y$3 -> 0 | AB17: =AA17*$AA$3 -> 0 | AD17: =AC17*$AC$3 -> 0 | AF17: =AE17*$AE$3 -> 0 | AG17: =U17+W17+Y17+AA17+AC17+AE17 -> 1 | AH17: =V17+X17+Z17+AB17+AD17+AF17 -> 16249.948 | AI17: =AI$1+AH17 -> 18570.979 | AJ17: =AJ$1+AI17 -> 20966.591 | AK17: =AK$1+$W$2 -> 18136.978 | AL17: =AL$1+AJ17 -> 24351.085 | AM17: =AL17+$AM$1 -> 26252.21 | AN17: =AL17+$AN$1 -> 26682.971 | AO17: =AM17 -> 26252.21 | AP17: =$AP$4*AQ17/1000 -> 33125 | AQ17: =AQ7+90 -> 1250 | AR17: =AP17-AO17 -> 6872.7904 | AS17: =AR17/AP17 -> 0.20748046 | AU17: =AH17/$AP$4*1000 -> 613.20557 | AX17: =AH17/$AP$4*1000 -> 613.20557 | AY17: =AI17/$AP$4*1000 -> 700.79165 | AZ17: =AJ17/$AP$4*1000 -> 791.19211 | BA17: =AK17/$AP$4*1000 -> 684.41425 | BB17: =AL17/$AP$4*1000 -> 918.90888 | BC17: =AM17/$AP$4*1000 -> 990.64942 | BD17: =AN17/$AP$4*1000 -> 1006.9046 | BE17: =AO17/$AP$4*1000 -> 990.64942 | BF17: =AP17/$AP$4*1000 -> 1250 | BG17: =BF17-BE17 -> 259.35058 | BH17: =BG17/BE17 -> 0.26179855
T18: Hạt WSS03G | V18: =U18*$U$3 -> 0 | W18: 1 | X18: =W18*$W$3 -> 16249.948 | Z18: =Y18*$Y$3 -> 0 | AB18: =AA18*$AA$3 -> 0 | AD18: =AC18*$AC$3 -> 0 | AF18: =AE18*$AE$3 -> 0 | AG18: =U18+W18+Y18+AA18+AC18+AE18 -> 1 | AH18: =V18+X18+Z18+AB18+AD18+AF18 -> 16249.948 | AI18: =AI$1+AH18 -> 18570.979 | AJ18: =AJ$1+AI18 -> 20966.591 | AK18: =AK$1+$W$2 -> 18136.978 | AL18: =AL$1+AJ18 -> 24351.085 | AM18: =AL18+$AM$1 -> 26252.21 | AN18: =AL18+$AN$1 -> 26682.971 | AO18: =AM18 -> 26252.21 | AP18: =$AP$4*AQ18/1000 -> 29945 | AQ18: =AQ7-30 -> 1130 | AR18: =AP18-AO18 -> 3692.7904 | AS18: =AR18/AP18 -> 0.1233191 | AU18: =AH18/$AP$4*1000 -> 613.20557 | AX18: =AH18/$AP$4*1000 -> 613.20557 | AY18: =AI18/$AP$4*1000 -> 700.79165 | AZ18: =AJ18/$AP$4*1000 -> 791.19211 | BA18: =AK18/$AP$4*1000 -> 684.41425 | BB18: =AL18/$AP$4*1000 -> 918.90888 | BC18: =AM18/$AP$4*1000 -> 990.64942 | BD18: =AN18/$AP$4*1000 -> 1006.9046 | BE18: =AO18/$AP$4*1000 -> 990.64942 | BF18: =AP18/$AP$4*1000 -> 1130 | BG18: =BF18-BE18 -> 139.35058 | BH18: =BG18/BE18 -> 0.14066589
T24: Chai B2.2 +B5 | AG24: 0.05
T25: Hạt WSS01G-Nia | V25: =U25*$U$3 -> 0 | W25: 0.9 | X25: =W25*$W$3 -> 14624.953 | Y25: 0.1 | Z25: =Y25*$Y$3 -> 1474.9948 | AB25: =AA25*$AA$3 -> 0 | AD25: =AC25*$AC$3 -> 0 | AF25: =AE25*$AE$3 -> 0 | AG25: =U25+W25+Y25+AA25+AC25+AE25 -> 1 | AH25: =V25+X25+Z25+AB25+AD25+AF25 -> 16099.948 | AI25: =AI$1+AH25 -> 18420.979 | AJ25: =AJ$1+AI25 -> 20816.591 | AK25: =AK$1+$W$2 -> 18136.978 | AL25: =AL$1+AJ25 -> 24201.085 | AM25: =AL25+$AM$1 -> 26102.21 | AN25: =AL25+$AN$1 -> 26532.971 | AO25: =AM25 -> 26102.21 | AP25: =$AP$4*AQ25/1000 -> 30740 | AQ25: =AQ7 -> 1160 | AR25: =AP25-AO25 -> 4637.7904 | AS25: =AR25/AP25 -> 0.15087152 | AU25: =AH25/$AP$4*1000 -> 607.5452 | AX25: =AH25/$AP$4*1000 -> 607.5452 | AY25: =AI25/$AP$4*1000 -> 695.13127 | AZ25: =AJ25/$AP$4*1000 -> 785.53174 | BA25: =AK25/$AP$4*1000 -> 684.41425 | BB25: =AL25/$AP$4*1000 -> 913.2485 | BC25: =AM25/$AP$4*1000 -> 984.98904 | BD25: =AN25/$AP$4*1000 -> 1001.2442 | BE25: =AO25/$AP$4*1000 -> 984.98904 | BF25: =AP25/$AP$4*1000 -> 1160 | BG25: =BF25-BE25 -> 175.01096 | BH25: =BG25/BE25 -> 0.17767808
T26: Hạt WSS03G-PW | U26: 0.55 | V26: =U26*$U$3 -> 8112.4712 | W26: 0.3 | X26: =W26*$W$3 -> 4874.9843 | Y26: 0.15 | Z26: =Y26*$Y$3 -> 2212.4922 | AB26: =AA26*$AA$3 -> 0 | AD26: =AC26*$AC$3 -> 0 | AF26: =AE26*$AE$3 -> 0 | AG26: =U26+W26+Y26+AA26+AC26+AE26 -> 1 | AH26: =V26+X26+Z26+AB26+AD26+AF26 -> 15199.948 | AI26: =AI$1+AH26 -> 17520.979 | AJ26: =AJ$1+AI26 -> 19916.591 | AK26: =AK$1+$W$2 -> 18136.978 | AL26: =AL$1+AJ26 -> 23301.085 | AM26: =AL26+$AM$1 -> 25202.21 | AN26: =AL26+$AN$1 -> 25632.971 | AO26: =AM26 -> 25202.21 | AP26: =$AP$4*AQ26/1000 -> 28885 | AQ26: =AQ7-70 -> 1090 | AR26: =AP26-AO26 -> 3682.7904 | AS26: =AR26/AP26 -> 0.12749837 | AU26: =AH26/$AP$4*1000 -> 573.58293 | AX26: =AH26/$AP$4*1000 -> 573.58293 | AY26: =AI26/$AP$4*1000 -> 661.16901 | AZ26: =AJ26/$AP$4*1000 -> 751.56947 | BA26: =AK26/$AP$4*1000 -> 684.41425 | BB26: =AL26/$AP$4*1000 -> 879.28624 | BC26: =AM26/$AP$4*1000 -> 951.02678 | BD26: =AN26/$AP$4*1000 -> 967.28194 | BE26: =AO26/$AP$4*1000 -> 951.02678 | BF26: =AP26/$AP$4*1000 -> 1090 | BG26: =BF26-BE26 -> 138.97322 | BH26: =BG26/BE26 -> 0.14612966 | BJ26: 1074 | BK26: 0.7-0.74 | BL26: 1000 tấn | BM26: Quý 3,4 | BO26: Làm màng | BP26: Uy kiệt sx màng
T27: Hạt WSS01S | V27: =U27*$U$3 -> 0 | W27: 0.4 | X27: =W27*$W$3 -> 6499.9791 | Z27: =Y27*$Y$3 -> 0 | AA27: 0.5 | AB27: =AA27*$AA$3 -> 6624.9739 | AC27: 0.1 | AD27: =AC27*$AC$3 -> 922.09622 | AF27: =AE27*$AE$3 -> 0 | AG27: =U27+W27+Y27+AA27+AC27+AE27 -> 1 | AH27: =V27+X27+Z27+AB27+AD27+AF27 -> 14047.049 | AI27: =AI$1+AH27 -> 16368.08 | AJ27: =AJ$1+AI27 -> 18763.692 | AK27: =AK$1+$W$2 -> 18136.978 | AL27: =AL$1+AJ27 -> 22148.187 | AM27: =AL27+$AM$1 -> 24049.311 | AN27: =AL27+$AN$1 -> 24480.073 | AO27: =AM27 -> 24049.311 | AP27: =$AP$4*AQ27/1000 -> 30740 | AQ27: =AQ7 -> 1160 | AR27: =AP27-AO27 -> 6690.6889 | AS27: =AR27/AP27 -> 0.21765416 | AU27: =AH27/$AP$4*1000 -> 530.07733 | AX27: =AH27/$AP$4*1000 -> 530.07733 | AY27: =AI27/$AP$4*1000 -> 617.6634 | AZ27: =AJ27/$AP$4*1000 -> 708.06387 | BA27: =AK27/$AP$4*1000 -> 684.41425 | BB27: =AL27/$AP$4*1000 -> 835.78063 | BC27: =AM27/$AP$4*1000 -> 907.52117 | BD27: =AN27/$AP$4*1000 -> 923.77633 | BE27: =AO27/$AP$4*1000 -> 907.52117 | BF27: =AP27/$AP$4*1000 -> 1160 | BG27: =BF27-BE27 -> 252.47883 | BH27: =BG27/BE27 -> 0.27820709
T28: Hạt WSS05SB (sợi ngắn) | U28: 0.95 | V28: =U28*$U$3 -> 14012.45 | X28: =W28*$W$3 -> 0 | Z28: =Y28*$Y$3 -> 0 | AA28: 0.05 | AB28: =AA28*$AA$3 -> 662.49739 | AD28: =AC28*$AC$3 -> 0 | AF28: =AE28*$AE$3 -> 0 | AG28: =U28+W28+Y28+AA28+AC28+AE28 -> 1 | AH28: =V28+X28+Z28+AB28+AD28+AF28 -> 14674.948 | AI28: =AI$1+AH28 -> 16995.979 | AJ28: =AJ$1+AI28 -> 19391.591 | AK28: =AK$1+$W$2 -> 18136.978 | AL28: =AL$1+AJ28 -> 22776.085 | AM28: =AL28+$AM$1 -> 24677.21 | AN28: =AL28+$AN$1 -> 25107.971 | AO28: =AM28 -> 24677.21 | AP28: =$AP$4*AQ28/1000 -> 19080 | AQ28: =AQ10 -> 720 | AR28: =AP28-AO28 -> -5597.2096 | AS28: =AR28/AP28 -> -0.2933548 | AU28: =AH28/$AP$4*1000 -> 553.77161 | AX28: =AH28/$AP$4*1000 -> 553.77161 | AY28: =AI28/$AP$4*1000 -> 641.35769 | AZ28: =AJ28/$AP$4*1000 -> 731.75815 | BA28: =AK28/$AP$4*1000 -> 684.41425 | BB28: =AL28/$AP$4*1000 -> 859.47491 | BC28: =AM28/$AP$4*1000 -> 931.21546 | BD28: =AN28/$AP$4*1000 -> 947.47062 | BE28: =AO28/$AP$4*1000 -> 931.21546 | BF28: =AP28/$AP$4*1000 -> 720 | BG28: =BF28-BE28 -> -211.21546 | BH28: =BG28/BE28 -> -0.22681696 | BK28: 605 USD/tấn | BL28: Quan chí Bảo | BM28: SX từ vày B6.2
T29: Vảy FPET201-Out | U29: 0.65 | V29: =U29*$U$3 -> 9587.466 | W29: 0.15 | X29: =W29*$W$3 -> 2437.4922 | Z29: =Y29*$Y$3 -> 0 | AA29: 0.2 | AB29: =AA29*$AA$3 -> 2649.9895 | AD29: =AC29*$AC$3 -> 0 | AF29: =AE29*$AE$3 -> 0 | AG29: =U29+W29+Y29+AA29+AC29+AE29 -> 1 | AH29: =V29+X29+Z29+AB29+AD29+AF29 -> 14674.948 | AI29: =AI$1+AH29 -> 16995.979 | AJ29: =AJ$1+AI29 -> 19391.591 | AK29: =AK$1+$W$2 -> 18136.978 | AL29: =+AJ29 -> 19391.591 | AM29: =AL29 -> 19391.591 | AN29: =AM29 -> 19391.591 | AO29: =AM29 -> 19391.591 | AP29: =$AP$4*AQ29/1000 -> 19080 | AQ29: 720 | AR29: =AP29-AO29 -> -311.59101 | AS29: =AR29/AP29 -> -0.016330766 | AU29: =AH29/$AP$4*1000 -> 553.77161 | AX29: =AH29/$AP$4*1000 -> 553.77161 | AY29: =AI29/$AP$4*1000 -> 641.35769 | AZ29: =AJ29/$AP$4*1000 -> 731.75815 | BA29: =AK29/$AP$4*1000 -> 684.41425 | BB29: =AL29/$AP$4*1000 -> 731.75815 | BC29: =AM29/$AP$4*1000 -> 731.75815 | BD29: =AN29/$AP$4*1000 -> 731.75815 | BE29: =AO29/$AP$4*1000 -> 731.75815 | BF29: =AP29/$AP$4*1000 -> 720 | BG29: =BF29-BE29 -> -11.758151 | BH29: =BG29/BE29 -> -0.016068357 | BI29: =AQ29-AU29 -> 166.22839 | BJ29: =BI29/AQ29 -> 0.23087276
T32: Chai B4 | AG32: 0.02
T33: Dây Đai | V33: =U33*$U$3 -> 0 | X33: =W33*$W$3 -> 0 | Z33: =Y33*$Y$3 -> 0 | AD33: =AC33*$AC$3 -> 0 | AE33: 1 | AF33: =AE33*$AE$3 -> 13249.948 | AG33: =U33+W33+Y33+AA33+AC33+AE33 -> 1 | AH33: =V33+X33+Z33+AB33+AD33+AF33 -> 13249.948 | AI33: =AI$1+AH33 -> 15570.979 | AJ33: =AJ$1+AI33 -> 17966.591 | AK33: =AK$1+$W$2 -> 18136.978 | AL33: =AL$1+AJ33 -> 21351.085 | AM33: =AL33+$AM$1 -> 23252.21 | AN33: =AL33+$AN$1 -> 23682.971 | AO33: =AM33 -> 23252.21 | AP33: =$AP$4*AQ33/1000 -> 19000.5 | AQ33: 717 | AR33: =AP33-AO33 -> -4251.7096 | AS33: =AR33/AP33 -> -0.2237683 | AX33: =AH33/$AP$4*1000 -> 499.99803 | AY33: =AI33/$AP$4*1000 -> 587.5841 | AZ33: =AJ33/$AP$4*1000 -> 677.98457 | BA33: =AK33/$AP$4*1000 -> 684.41425 | BB33: =AL33/$AP$4*1000 -> 805.70133 | BC33: =AM33/$AP$4*1000 -> 877.44187 | BD33: =AN33/$AP$4*1000 -> 893.69703 | BE33: =AO33/$AP$4*1000 -> 877.44187 | BF33: =AP33/$AP$4*1000 -> 717 | BG33: =BF33-BE33 -> -160.44187 | BH33: =BG33/BE33 -> -0.18285185
AE35: ='Giá mua Chai-Vảy'!O40 -> 8000
T36: Vảy_Nắp HD ép, cổ chai | AG36: 0.01
T37: rHDPE ép | V37: =U37*$U$3 -> 0 | X37: =W37*$W$3 -> 0 | Z37: =Y37*$Y$3 -> 0 | AD37: =AC37*$AC$3 -> 0 | AE37: 1 | AF37: =AE37*$AE$35 -> 8000 | AG37: =U37+W37+Y37+AA37+AC37+AE37 -> 1 | AH37: =V37+X37+Z37+AB37+AD37+AF37 -> 8000 | AI37: =AI$1+AH37 -> 10321.031 | AJ37: =AJ$1+AI37 -> 12716.643 | AK37: =AK$1+$W$2 -> 18136.978 | AL37: =AL$1+AK37*$AK$2+AJ37*$AJ$2 -> 18811.305 | AM37: =AL37+$AM$1 -> 20712.429 | AN37: =AL37+$AN$1 -> 21143.191 | AO37: =AM37 -> 20712.429 | AP37: =$AP$4*AQ37/1000 -> 19000.5 | AQ37: 717 | AR37: =AP37-AO37 -> -1711.929 | AS37: =AR37/AP37 -> -0.090099157 | AX37: =AH37/$AP$4*1000 -> 301.88679 | AY37: =AI37/$AP$4*1000 -> 389.47287 | AZ37: =AJ37/$AP$4*1000 -> 479.87333 | BA37: =AK37/$AP$4*1000 -> 684.41425 | BB37: =AL37/$AP$4*1000 -> 709.86055 | BC37: =AM37/$AP$4*1000 -> 781.6011 | BD37: =AN37/$AP$4*1000 -> 797.85625 | BE37: =AO37/$AP$4*1000 -> 781.6011 | BF37: =AP37/$AP$4*1000 -> 717 | BG37: =BF37-BE37 -> -64.601095 | BH37: =BG37/BE37 -> -0.082652258 | BJ37: ='Hảo_R&D (Hạt) (full stage)-Chai'!BE37 -> 781.6011 | BK37: ='Hảo_R&D (Hạt) (full stage)-MN'!BE37 -> 781.6011 | BL37: =BE37 -> 781.6011 | BM37: =BJ37-BK37 -> 0 | BO37: ='Hảo_R&D (Hạt) (full stage)-Chai'!AO37 -> 20712.429 | BP37: ='Hảo_R&D (Hạt) (full stage)-MN'!AO37 -> 20712.429 | BQ37: =AO37 -> 20712.429 | BR37: =BO37-BP37 -> 0

Sheet Hảo_R&D (Hạt) (full stage)-MN
B1: Sơ đồ khối dòng nguyên liệu-sản phẩm hiện tại của DTR. | T1: Giá chai mua vào | U1: ='Giá mua Chai-Vảy'!E18 -> 13500 | W1: ='[2]10. 100% chai->hạt WSS01-iSS01'!$H$9 -> 15000 | X1: =W3-W1-X3 -> 0 | Y1: ='Giá mua Chai-Vảy'!E15 -> 13500 | AA1: ='[2]18. Vảy B5'!$I$9 -> 12000 | AB1: ='[2]18. Vảy B5'!$I$10 -> 411.6804 | AC1: ='[2]16.1 Rửa vảy B7'!$I$9 -> 7971.0145 | AD1: ='[2]16.1 Rửa vảy B7'!$I$10 -> 84.555435 | AE1: ='Giá mua Chai-Vảy'!E16 -> 12000 | AI1: ='[2]10. 100% chai->hạt WSS01-iSS01'!$I$21 -> 2321.031 | AJ1: ='[2]10. 100% chai->hạt WSS01-iSS01'!$I$37 -> 2395.6123 | AK1: ='[2]12. 100% vảy->hạt WSS01-iSS01'!$I$10 -> 1636.9775 | AL1: ='[2]10. 100% chai->hạt WSS01-iSS01'!$I$61 -> 3384.4942 | AM1: ='[2]10. 100% chai->hạt WSS01-iSS01'!$I$83 -> 1901.1244 | AN1: ='[2]11. 100% chai->hạt iSS01084G'!$I$83 -> 2331.8861 | AO1: =AM1/8 -> 237.64055 | AP1: =AN1/10 -> 233.18861
B2: Với phân bố và định hướng sản phẩm như hiện nay, một số nguyên liệu đầu vào (B2.2/B4/B5) đang gặp khó khăn về giá, do gánh chung dòng chảy với chỉ khoảng 53% nguyên liệu chính B1.1. | T2: Giá thành vảy sạch => từ vảy mua ngoài | W2: 16500 | AG2: Tỷ Chai/Vảy | AJ2: 0.5 | AK2: 0.5 | AL2: =AL1*1000/$AP$4 -> 127.71676 | AM2: =AM1*1000/$AP$4 -> 71.740543 | AN2: =AN1*1000/$AP$4 -> 87.995702
T3: Giá thành vảy sạch => từ chai | U3: =U1+X3 -> 14749.948 | V3: ='[2]10. 100% chai->hạt WSS01-iSS01'!$I$10 -> 1249.9477 | W3: =W1+V3 -> 16249.948 | X3: =V3 -> 1249.9477 | Y3: =Y1+X3 -> 14749.948 | Z3: =V3 -> 1249.9477 | AA3: =AA1+Z3 -> 13249.948 | AB3: =V3 -> 1249.9477 | AC3: =AC1+AB3 -> 9220.9622 | AD3: =V3 -> 1249.9477 | AE3: =AE1+AD3 -> 13249.948 | AG3: Giá thành chai chưa băm | AI3: Chi phí Băm | AJ3: Chi phí rữa từ chai | AK3: Chi phí rữa từ vảy mua ngoài | AL3: Chi phi tạo hạt | AM3: Chi phí nâng IV (8 tiếng) | AN3: Chi phí nâng IV (10 tiếng) | AO3: Giá thành hạt (IV8) | AP3: Giá bán Hạt | AQ3: Exw | AR3: LG | AS3: % | AT3: Chi phí quản lý | AU3: Giá bán vảy | AW3: Giá thành chai chưa băm | AY3: Chi phí Băm | AZ3: Chi phí rữa từ chai | BA3: Chi phí rữa từ vảy mua ngoài | BB3: Chi phi tạo hạt | BC3: Chi phí nâng IV (8 tiếng) | BD3: Chi phí nâng IV (10 tiếng) | BE3: Giá thành hạt (IV8) | BF3: Giá bán Hạt | BG3: LG | BH3: %
T4: Tên TP | U4: Loại vảy 1 | W4: Loại vảy 2 | Y4: Loại vảy 3 | AA4: Loại vảy 4 | AC4: Loại vảy 5 | AE4: Loại vảy 6 | AG4: Cộng | AP4: 26500
U5: B6.2 | V5: VND | W5: B1 | X5: VND | Y5: B2.2 | Z5: VND | AA5: B5 | AB5: VND | AC5: B7 | AD5: VND | AE5: B4 | AF5: VND | AH5: VND | AI5: VND | AJ5: VND | AK5: VND | AL5: VND | AM5: VND | AN5: VND | AO5: VND | AP5: VND | AQ5: USD
T6: Chai B6.2 | AG6: 0.3
T7: Hạt WSS01G-Nia | U7: 0.1 | V7: =U7*$U$3 -> 1474.9948 | W7: 0.9 | X7: =W7*$W$3 -> 14624.953 | Z7: =Y7*$Y$3 -> 0 | AB7: =AA7*$AA$3 -> 0 | AD7: =AC7*$AC$3 -> 0 | AF7: =AE7*$AE$3 -> 0 | AG7: =U7+W7+Y7+AA7+AC7+AE7 -> 1 | AH7: =V7+X7+Z7+AB7+AD7+AF7 -> 16099.948 | AI7: =AI$1+AH7 -> 18420.979 | AJ7: =AJ$1+AI7 -> 20816.591 | AK7: =AK$1+$W$2 -> 18136.978 | AL7: =AL$1+AK7 -> 21521.472 | AM7: =AL7+$AM$1 -> 23422.596 | AN7: =AL7+$AN$1 -> 23853.358 | AO7: =AM7 -> 23422.596 | AP7: =$AP$4*AQ7/1000 -> 30740 | AQ7: 1160 | AR7: =AP7-AO7 -> 7317.4039 | AS7: =AR7/AP7 -> 0.23804177 | AU7: =AH7/$AP$4*1000 -> 607.5452 | AX7: =AH7/$AP$4*1000 -> 607.5452 | AY7: =AI7/$AP$4*1000 -> 695.13127 | AZ7: =AJ7/$AP$4*1000 -> 785.53174 | BA7: =AK7/$AP$4*1000 -> 684.41425 | BB7: =AL7/$AP$4*1000 -> 812.13101 | BC7: =AM7/$AP$4*1000 -> 883.87155 | BD7: =AN7/$AP$4*1000 -> 900.12671 | BE7: =AO7/$AP$4*1000 -> 883.87155 | BF7: =AP7/$AP$4*1000 -> 1160 | BG7: =BF7-BE7 -> 276.12845 | BH7: =BG7/BE7 -> 0.31240789
T8: Hạt iSS01G-Out | U8: 0.3 | V8: =U8*$U$3 -> 4424.9843 | W8: 0.7 | X8: =W8*$W$3 -> 11374.963 | Z8: =Y8*$Y$3 -> 0 | AB8: =AA8*$AA$3 -> 0 | AD8: =AC8*$AC$3 -> 0 | AF8: =AE8*$AE$3 -> 0 | AG8: =U8+W8+Y8+AA8+AC8+AE8 -> 1 | AH8: =V8+X8+Z8+AB8+AD8+AF8 -> 15799.948 | AI8: =AI$1+AH8 -> 18120.979 | AJ8: =AJ$1+AI8 -> 20516.591 | AK8: =AK$1+$W$2 -> 18136.978 | AL8: =AL$1+AK8 -> 21521.472 | AM8: =AL8+$AM$1 -> 23422.596 | AN8: =AL8+$AN$1 -> 23853.358 | AO8: =AM8 -> 23422.596 | AP8: =$AP$4*AQ8/1000 -> 31535 | AQ8: =AQ7+30 -> 1190 | AR8: =AP8-AO8 -> 8112.4039 | AS8: =AR8/AP8 -> 0.2572508 | AU8: =AH8/$AP$4*1000 -> 596.22444 | AX8: =AH8/$AP$4*1000 -> 596.22444 | AY8: =AI8/$AP$4*1000 -> 683.81052 | AZ8: =AJ8/$AP$4*1000 -> 774.21098 | BA8: =AK8/$AP$4*1000 -> 684.41425 | BB8: =AL8/$AP$4*1000 -> 812.13101 | BC8: =AM8/$AP$4*1000 -> 883.87155 | BD8: =AN8/$AP$4*1000 -> 900.12671 | BE8: =AO8/$AP$4*1000 -> 883.87155 | BF8: =AP8/$AP$4*1000 -> 1190 | BG8: =BF8-BE8 -> 306.12845 | BH8: =BG8/BE8 -> 0.34634947
T9: Hạt WSS03G-PW | U9: 0.55 | V9: =U9*$U$3 -> 8112.4712 | W9: 0.3 | X9: =W9*$W$3 -> 4874.9843 | Y9: 0.15 | Z9: =Y9*$Y$3 -> 2212.4922 | AB9: =AA9*$AA$3 -> 0 | AD9: =AC9*$AC$3 -> 0 | AF9: =AE9*$AE$3 -> 0 | AG9: =U9+W9+Y9+AA9+AC9+AE9 -> 1 | AH9: =V9+X9+Z9+AB9+AD9+AF9 -> 15199.948 | AI9: =AI$1+AH9 -> 17520.979 | AJ9: =AJ$1+AI9 -> 19916.591 | AK9: =AK$1+$W$2 -> 18136.978 | AL9: =AL$1+AK9 -> 21521.472 | AM9: =AL9+$AM$1 -> 23422.596 | AN9: =AL9+$AN$1 -> 23853.358 | AO9: =AM9 -> 23422.596 | AP9: =$AP$4*AQ9/1000 -> 28885 | AQ9: =AQ7-70 -> 1090 | AR9: =AP9-AO9 -> 5462.4039 | AS9: =AR9/AP9 -> 0.18910867 | AU9: =AH9/$AP$4*1000 -> 573.58293 | AX9: =AH9/$AP$4*1000 -> 573.58293 | AY9: =AI9/$AP$4*1000 -> 661.16901 | AZ9: =AJ9/$AP$4*1000 -> 751.56947 | BA9: =AK9/$AP$4*1000 -> 684.41425 | BB9: =AL9/$AP$4*1000 -> 812.13101 | BC9: =AM9/$AP$4*1000 -> 883.87155 | BD9: =AN9/$AP$4*1000 -> 900.12671 | BE9: =AO9/$AP$4*1000 -> 883.87155 | BF9: =AP9/$AP$4*1000 -> 1090 | BG9: =BF9-BE9 -> 206.12845 | BH9: =BG9/BE9 -> 0.23321086
T10: Hạt WSS05SB (sợi ngắn) | U10: 0.95 | V10: =U10*$U$3 -> 14012.45 | X10: =W10*$W$3 -> 0 | Z10: =Y10*$Y$3 -> 0 | AA10: 0.05 | AB10: =AA10*$AA$3 -> 662.49739 | AD10: =AC10*$AC$3 -> 0 | AF10: =AE10*$AE$3 -> 0 | AG10: =U10+W10+Y10+AA10+AC10+AE10 -> 1 | AH10: =V10+X10+Z10+AB10+AD10+AF10 -> 14674.948 | AI10: =AI$1+AH10 -> 16995.979 | AJ10: =AJ$1+AI10 -> 19391.591 | AK10: =AK$1+$W$2 -> 18136.978 | AL10: =AL$1+AK10 -> 21521.472 | AM10: =AL10+$AM$1 -> 23422.596 | AN10: =AL10+$AN$1 -> 23853.358 | AO10: =AM10 -> 23422.596 | AP10: =$AP$4*AQ10/1000 -> 19080 | AQ10: 720 | AR10: =AP10-AO10 -> -4342.5961 | AS10: =AR10/AP10 -> -0.22759938 | AU10: =AH10/$AP$4*1000 -> 553.77161 | AX10: =AH10/$AP$4*1000 -> 553.77161 | AY10: =AI10/$AP$4*1000 -> 641.35769 | AZ10: =AJ10/$AP$4*1000 -> 731.75815 | BA10: =AK10/$AP$4*1000 -> 684.41425 | BB10: =AL10/$AP$4*1000 -> 812.13101 | BC10: =AM10/$AP$4*1000 -> 883.87155 | BD10: =AN10/$AP$4*1000 -> 900.12671 | BE10: =AO10/$AP$4*1000 -> 883.87155 | BF10: =AP10/$AP$4*1000 -> 720 | BG10: =BF10-BE10 -> -163.87155 | BH10: =BG10/BE10 -> -0.185402
T11: Vảy FPET201-Out | U11: 0.65 | V11: =U11*$U$3 -> 9587.466 | W11: 0.15 | X11: =W11*$W$3 -> 2437.4922 | Z11: =Y11*$Y$3 -> 0 | AA11: 0.2 | AB11: =AA11*$AA$3 -> 2649.9895 | AD11: =AC11*$AC$3 -> 0 | AF11: =AE11*$AE$3 -> 0 | AG11: =U11+W11+Y11+AA11+AC11+AE11 -> 1 | AH11: =V11+X11+Z11+AB11+AD11+AF11 -> 14674.948 | AI11: =AI$1+AH11 -> 16995.979 | AJ11: =AJ$1+AI11 -> 19391.591 | AK11: =AK$1+$W$2 -> 18136.978 | AL11: =+AJ11 -> 19391.591 | AM11: =AL11 -> 19391.591 | AN11: =AM11 -> 19391.591 | AO11: =AM11 -> 19391.591 | AP11: =$AP$4*AQ11/1000 -> 25970 | AQ11: 980 | AR11: =AP11-AO11 -> 6578.409 | AS11: =AR11/AP11 -> 0.25330801 | AU11: =AH11/$AP$4*1000 -> 553.77161 | AX11: =AH11/$AP$4*1000 -> 553.77161 | AY11: =AI11/$AP$4*1000 -> 641.35769 | AZ11: =AJ11/$AP$4*1000 -> 731.75815 | BA11: =AK11/$AP$4*1000 -> 684.41425 | BB11: =AL11/$AP$4*1000 -> 731.75815 | BC11: =AM11/$AP$4*1000 -> 731.75815 | BD11: =AN11/$AP$4*1000 -> 731.75815 | BE11: =AO11/$AP$4*1000 -> 731.75815 | BF11: =AP11/$AP$4*1000 -> 980 | BG11: =BF11-BE11 -> 248.24185 | BH11: =BG11/BE11 -> 0.33924029
T14: Chai B1.1 | W14: B1.1 | AG14: 0.53
T15: Hạt WSS01G | V15: =U15*$U$3 -> 0 | W15: 1 | X15: =W15*$W$3 -> 16249.948 | Z15: =Y15*$Y$3 -> 0 | AB15: =AA15*$AA$3 -> 0 | AD15: =AC15*$AC$3 -> 0 | AF15: =AE15*$AE$3 -> 0 | AG15: =U15+W15+Y15+AA15+AC15+AE15 -> 1 | AH15: =V15+X15+Z15+AB15+AD15+AF15 -> 16249.948 | AI15: =AI$1+AH15 -> 18570.979 | AJ15: =AJ$1+AI15 -> 20966.591 | AK15: =AK$1+$W$2 -> 18136.978 | AL15: =AL$1+AK15 -> 21521.472 | AM15: =AL15+$AM$1 -> 23422.596 | AN15: =AL15+$AN$1 -> 23853.358 | AO15: =AM15 -> 23422.596 | AP15: =$AP$4*AQ15/1000 -> 30740 | AQ15: =AQ7 -> 1160 | AR15: =AP15-AO15 -> 7317.4039 | AS15: =AR15/AP15 -> 0.23804177 | AU15: =AH15/$AP$4*1000 -> 613.20557 | AX15: =AH15/$AP$4*1000 -> 613.20557 | AY15: =AI15/$AP$4*1000 -> 700.79165 | AZ15: =AJ15/$AP$4*1000 -> 791.19211 | BA15: =AK15/$AP$4*1000 -> 684.41425 | BB15: =AL15/$AP$4*1000 -> 812.13101 | BC15: =AM15/$AP$4*1000 -> 883.87155 | BD15: =AN15/$AP$4*1000 -> 900.12671 | BE15: =AO15/$AP$4*1000 -> 883.87155 | BF15: =AP15/$AP$4*1000 -> 1160 | BG15: =BF15-BE15 -> 276.12845 | BH15: =BG15/BE15 -> 0.31240789
T16: Hạt iSS01G | V16: =U16*$U$3 -> 0 | W16: 1 | X16: =W16*$W$3 -> 16249.948 | Z16: =Y16*$Y$3 -> 0 | AB16: =AA16*$AA$3 -> 0 | AD16: =AC16*$AC$3 -> 0 | AF16: =AE16*$AE$3 -> 0 | AG16: =U16+W16+Y16+AA16+AC16+AE16 -> 1 | AH16: =V16+X16+Z16+AB16+AD16+AF16 -> 16249.948 | AI16: =AI$1+AH16 -> 18570.979 | AJ16: =AJ$1+AI16 -> 20966.591 | AK16: =AK$1+$W$2 -> 18136.978 | AL16: =AL$1+AK16 -> 21521.472 | AM16: =AL16+$AM$1 -> 23422.596 | AN16: =AL16+$AN$1 -> 23853.358 | AO16: =AM16 -> 23422.596 | AP16: =$AP$4*AQ16/1000 -> 31535 | AQ16: =AQ7+30 -> 1190 | AR16: =AP16-AO16 -> 8112.4039 | AS16: =AR16/AP16 -> 0.2572508 | AU16: =AH16/$AP$4*1000 -> 613.20557 | AX16: =AH16/$AP$4*1000 -> 613.20557 | AY16: =AI16/$AP$4*1000 -> 700.79165 | AZ16: =AJ16/$AP$4*1000 -> 791.19211 | BA16: =AK16/$AP$4*1000 -> 684.41425 | BB16: =AL16/$AP$4*1000 -> 812.13101 | BC16: =AM16/$AP$4*1000 -> 883.87155 | BD16: =AN16/$AP$4*1000 -> 900.12671 | BE16: =AO16/$AP$4*1000 -> 883.87155 | BF16: =AP16/$AP$4*1000 -> 1190 | BG16: =BF16-BE16 -> 306.12845 | BH16: =BG16/BE16 -> 0.34634947
T17: Hạt iSS01084G | V17: =U17*$U$3 -> 0 | W17: 1 | X17: =W17*$W$3 -> 16249.948 | Z17: =Y17*$Y$3 -> 0 | AB17: =AA17*$AA$3 -> 0 | AD17: =AC17*$AC$3 -> 0 | AF17: =AE17*$AE$3 -> 0 | AG17: =U17+W17+Y17+AA17+AC17+AE17 -> 1 | AH17: =V17+X17+Z17+AB17+AD17+AF17 -> 16249.948 | AI17: =AI$1+AH17 -> 18570.979 | AJ17: =AJ$1+AI17 -> 20966.591 | AK17: =AK$1+$W$2 -> 18136.978 | AL17: =AL$1+AK17 -> 21521.472 | AM17: =AL17+$AM$1 -> 23422.596 | AN17: =AL17+$AN$1 -> 23853.358 | AO17: =AM17 -> 23422.596 | AP17: =$AP$4*AQ17/1000 -> 33125 | AQ17: =AQ7+90 -> 1250 | AR17: =AP17-AO17 -> 9702.4039 | AS17: =AR17/AP17 -> 0.29290276 | AU17: =AH17/$AP$4*1000 -> 613.20557 | AX17: =AH17/$AP$4*1000 -> 613.20557 | AY17: =AI17/$AP$4*1000 -> 700.79165 | AZ17: =AJ17/$AP$4*1000 -> 791.19211 | BA17: =AK17/$AP$4*1000 -> 684.41425 | BB17: =AL17/$AP$4*1000 -> 812.13101 | BC17: =AM17/$AP$4*1000 -> 883.87155 | BD17: =AN17/$AP$4*1000 -> 900.12671 | BE17: =AO17/$AP$4*1000 -> 883.87155 | BF17: =AP17/$AP$4*1000 -> 1250 | BG17: =BF17-BE17 -> 366.12845 | BH17: =BG17/BE17 -> 0.41423264
T18: Hạt WSS03G | V18: =U18*$U$3 -> 0 | W18: 1 | X18: =W18*$W$3 -> 16249.948 | Z18: =Y18*$Y$3 -> 0 | AB18: =AA18*$AA$3 -> 0 | AD18: =AC18*$AC$3 -> 0 | AF18: =AE18*$AE$3 -> 0 | AG18: =U18+W18+Y18+AA18+AC18+AE18 -> 1 | AH18: =V18+X18+Z18+AB18+AD18+AF18 -> 16249.948 | AI18: =AI$1+AH18 -> 18570.979 | AJ18: =AJ$1+AI18 -> 20966.591 | AK18: =AK$1+$W$2 -> 18136.978 | AL18: =AL$1+AK18 -> 21521.472 | AM18: =AL18+$AM$1 -> 23422.596 | AN18: =AL18+$AN$1 -> 23853.358 | AO18: =AM18 -> 23422.596 | AP18: =$AP$4*AQ18/1000 -> 29945 | AQ18: =AQ7-30 -> 1130 | AR18: =AP18-AO18 -> 6522.4039 | AS18: =AR18/AP18 -> 0.21781279 | AU18: =AH18/$AP$4*1000 -> 613.20557 | AX18: =AH18/$AP$4*1000 -> 613.20557 | AY18: =AI18/$AP$4*1000 -> 700.79165 | AZ18: =AJ18/$AP$4*1000 -> 791.19211 | BA18: =AK18/$AP$4*1000 -> 684.41425 | BB18: =AL18/$AP$4*1000 -> 812.13101 | BC18: =AM18/$AP$4*1000 -> 883.87155 | BD18: =AN18/$AP$4*1000 -> 900.12671 | BE18: =AO18/$AP$4*1000 -> 883.87155 | BF18: =AP18/$AP$4*1000 -> 1130 | BG18: =BF18-BE18 -> 246.12845 | BH18: =BG18/BE18 -> 0.27846631
T24: Chai B2.2 +B5 | AG24: 0.05
T25: Hạt WSS01G-Nia | V25: =U25*$U$3 -> 0 | W25: 0.9 | X25: =W25*$W$3 -> 14624.953 | Y25: 0.1 | Z25: =Y25*$Y$3 -> 1474.9948 | AB25: =AA25*$AA$3 -> 0 | AD25: =AC25*$AC$3 -> 0 | AF25: =AE25*$AE$3 -> 0 | AG25: =U25+W25+Y25+AA25+AC25+AE25 -> 1 | AH25: =V25+X25+Z25+AB25+AD25+AF25 -> 16099.948 | AI25: =AI$1+AH25 -> 18420.979 | AJ25: =AJ$1+AI25 -> 20816.591 | AK25: =AK$1+$W$2 -> 18136.978 | AL25: =AL$1+AK25 -> 21521.472 | AM25: =AL25+$AM$1 -> 23422.596 | AN25: =AL25+$AN$1 -> 23853.358 | AO25: =AM25 -> 23422.596 | AP25: =$AP$4*AQ25/1000 -> 30740 | AQ25: =AQ7 -> 1160 | AR25: =AP25-AO25 -> 7317.4039 | AS25: =AR25/AP25 -> 0.23804177 | AU25: =AH25/$AP$4*1000 -> 607.5452 | AX25: =AH25/$AP$4*1000 -> 607.5452 | AY25: =AI25/$AP$4*1000 -> 695.13127 | AZ25: =AJ25/$AP$4*1000 -> 785.53174 | BA25: =AK25/$AP$4*1000 -> 684.41425 | BB25: =AL25/$AP$4*1000 -> 812.13101 | BC25: =AM25/$AP$4*1000 -> 883.87155 | BD25: =AN25/$AP$4*1000 -> 900.12671 | BE25: =AO25/$AP$4*1000 -> 883.87155 | BF25: =AP25/$AP$4*1000 -> 1160 | BG25: =BF25-BE25 -> 276.12845 | BH25: =BG25/BE25 -> 0.31240789
T26: Hạt WSS03G-PW | U26: 0.55 | V26: =U26*$U$3 -> 8112.4712 | W26: 0.3 | X26: =W26*$W$3 -> 4874.9843 | Y26: 0.15 | Z26: =Y26*$Y$3 -> 2212.4922 | AB26: =AA26*$AA$3 -> 0 | AD26: =AC26*$AC$3 -> 0 | AF26: =AE26*$AE$3 -> 0 | AG26: =U26+W26+Y26+AA26+AC26+AE26 -> 1 | AH26: =V26+X26+Z26+AB26+AD26+AF26 -> 15199.948 | AI26: =AI$1+AH26 -> 17520.979 | AJ26: =AJ$1+AI26 -> 19916.591 | AK26: =AK$1+$W$2 -> 18136.978 | AL26: =AL$1+AK26 -> 21521.472 | AM26: =AL26+$AM$1 -> 23422.596 | AN26: =AL26+$AN$1 -> 23853.358 | AO26: =AM26 -> 23422.596 | AP26: =$AP$4*AQ26/1000 -> 28885 | AQ26: =AQ7-70 -> 1090 | AR26: =AP26-AO26 -> 5462.4039 | AS26: =AR26/AP26 -> 0.18910867 | AU26: =AH26/$AP$4*1000 -> 573.58293 | AX26: =AH26/$AP$4*1000 -> 573.58293 | AY26: =AI26/$AP$4*1000 -> 661.16901 | AZ26: =AJ26/$AP$4*1000 -> 751.56947 | BA26: =AK26/$AP$4*1000 -> 684.41425 | BB26: =AL26/$AP$4*1000 -> 812.13101 | BC26: =AM26/$AP$4*1000 -> 883.87155 | BD26: =AN26/$AP$4*1000 -> 900.12671 | BE26: =AO26/$AP$4*1000 -> 883.87155 | BF26: =AP26/$AP$4*1000 -> 1090 | BG26: =BF26-BE26 -> 206.12845 | BH26: =BG26/BE26 -> 0.23321086 | BJ26: 1074 | BK26: 0.7-0.74 | BL26: 1000 tấn | BM26: Quý 3,4 | BO26: Làm màng | BP26: Uy kiệt sx màng
T27: Hạt WSS01S | V27: =U27*$U$3 -> 0 | W27: 0.4 | X27: =W27*$W$3 -> 6499.9791 | Z27: =Y27*$Y$3 -> 0 | AA27: 0.5 | AB27: =AA27*$AA$3 -> 6624.9739 | AC27: 0.1 | AD27: =AC27*$AC$3 -> 922.09622 | AF27: =AE27*$AE$3 -> 0 | AG27: =U27+W27+Y27+AA27+AC27+AE27 -> 1 | AH27: =V27+X27+Z27+AB27+AD27+AF27 -> 14047.049 | AI27: =AI$1+AH27 -> 16368.08 | AJ27: =AJ$1+AI27 -> 18763.692 | AK27: =AK$1+$W$2 -> 18136.978 | AL27: =AL$1+AK27 -> 21521.472 | AM27: =AL27+$AM$1 -> 23422.596 | AN27: =AL27+$AN$1 -> 23853.358 | AO27: =AM27 -> 23422.596 | AP27: =$AP$4*AQ27/1000 -> 30740 | AQ27: =AQ7 -> 1160 | AR27: =AP27-AO27 -> 7317.4039 | AS27: =AR27/AP27 -> 0.23804177 | AU27: =AH27/$AP$4*1000 -> 530.07733 | AX27: =AH27/$AP$4*1000 -> 530.07733 | AY27: =AI27/$AP$4*1000 -> 617.6634 | AZ27: =AJ27/$AP$4*1000 -> 708.06387 | BA27: =AK27/$AP$4*1000 -> 684.41425 | BB27: =AL27/$AP$4*1000 -> 812.13101 | BC27: =AM27/$AP$4*1000 -> 883.87155 | BD27: =AN27/$AP$4*1000 -> 900.12671 | BE27: =AO27/$AP$4*1000 -> 883.87155 | BF27: =AP27/$AP$4*1000 -> 1160 | BG27: =BF27-BE27 -> 276.12845 | BH27: =BG27/BE27 -> 0.31240789
T28: Hạt WSS05SB (sợi ngắn) | U28: 0.95 | V28: =U28*$U$3 -> 14012.45 | X28: =W28*$W$3 -> 0 | Z28: =Y28*$Y$3 -> 0 | AA28: 0.05 | AB28: =AA28*$AA$3 -> 662.49739 | AD28: =AC28*$AC$3 -> 0 | AF28: =AE28*$AE$3 -> 0 | AG28: =U28+W28+Y28+AA28+AC28+AE28 -> 1 | AH28: =V28+X28+Z28+AB28+AD28+AF28 -> 14674.948 | AI28: =AI$1+AH28 -> 16995.979 | AJ28: =AJ$1+AI28 -> 19391.591 | AK28: =AK$1+$W$2 -> 18136.978 | AL28: =AL$1+AK28 -> 21521.472 | AM28: =AL28+$AM$1 -> 23422.596 | AN28: =AL28+$AN$1 -> 23853.358 | AO28: =AM28 -> 23422.596 | AP28: =$AP$4*AQ28/1000 -> 19080 | AQ28: =AQ10 -> 720 | AR28: =AP28-AO28 -> -4342.5961 | AS28: =AR28/AP28 -> -0.22759938 | AU28: =AH28/$AP$4*1000 -> 553.77161 | AX28: =AH28/$AP$4*1000 -> 553.77161 | AY28: =AI28/$AP$4*1000 -> 641.35769 | AZ28: =AJ28/$AP$4*1000 -> 731.75815 | BA28: =AK28/$AP$4*1000 -> 684.41425 | BB28: =AL28/$AP$4*1000 -> 812.13101 | BC28: =AM28/$AP$4*1000 -> 883.87155 | BD28: =AN28/$AP$4*1000 -> 900.12671 | BE28: =AO28/$AP$4*1000 -> 883.87155 | BF28: =AP28/$AP$4*1000 -> 720 | BG28: =BF28-BE28 -> -163.87155 | BH28: =BG28/BE28 -> -0.185402 | BK28: 605 USD/tấn | BL28: Quan chí Bảo | BM28: SX từ vày B6.2
T29: Vảy FPET201-Out | U29: 0.65 | V29: =U29*$U$3 -> 9587.466 | W29: 0.15 | X29: =W29*$W$3 -> 2437.4922 | Z29: =Y29*$Y$3 -> 0 | AA29: 0.2 | AB29: =AA29*$AA$3 -> 2649.9895 | AD29: =AC29*$AC$3 -> 0 | AF29: =AE29*$AE$3 -> 0 | AG29: =U29+W29+Y29+AA29+AC29+AE29 -> 1 | AH29: =V29+X29+Z29+AB29+AD29+AF29 -> 14674.948 | AI29: =AI$1+AH29 -> 16995.979 | AJ29: =AJ$1+AI29 -> 19391.591 | AK29: =AK$1+$W$2 -> 18136.978 | AL29: =+AJ29 -> 19391.591 | AM29: =AL29 -> 19391.591 | AN29: =AM29 -> 19391.591 | AO29: =AM29 -> 19391.591 | AP29: =$AP$4*AQ29/1000 -> 19080 | AQ29: 720 | AR29: =AP29-AO29 -> -311.59101 | AS29: =AR29/AP29 -> -0.016330766 | AU29: =AH29/$AP$4*1000 -> 553.77161 | AX29: =AH29/$AP$4*1000 -> 553.77161 | AY29: =AI29/$AP$4*1000 -> 641.35769 | AZ29: =AJ29/$AP$4*1000 -> 731.75815 | BA29: =AK29/$AP$4*1000 -> 684.41425 | BB29: =AL29/$AP$4*1000 -> 731.75815 | BC29: =AM29/$AP$4*1000 -> 731.75815 | BD29: =AN29/$AP$4*1000 -> 731.75815 | BE29: =AO29/$AP$4*1000 -> 731.75815 | BF29: =AP29/$AP$4*1000 -> 720 | BG29: =BF29-BE29 -> -11.758151 | BH29: =BG29/BE29 -> -0.016068357 | BI29: =AQ29-AU29 -> 166.22839 | BJ29: =BI29/AQ29 -> 0.23087276
T32: Chai B4 | AG32: 0.02
T33: Dây Đai | V33: =U33*$U$3 -> 0 | X33: =W33*$W$3 -> 0 | Z33: =Y33*$Y$3 -> 0 | AD33: =AC33*$AC$3 -> 0 | AE33: 1 | AF33: =AE33*$AE$3 -> 13249.948 | AG33: =U33+W33+Y33+AA33+AC33+AE33 -> 1 | AH33: =V33+X33+Z33+AB33+AD33+AF33 -> 13249.948 | AI33: =AI$1+AH33 -> 15570.979 | AJ33: =AJ$1+AI33 -> 17966.591 | AK33: =AK$1+$W$2 -> 18136.978 | AL33: =AL$1+AK33 -> 21521.472 | AM33: =AL33+$AM$1 -> 23422.596 | AN33: =AL33+$AN$1 -> 23853.358 | AO33: =AM33 -> 23422.596 | AP33: =$AP$4*AQ33/1000 -> 19000.5 | AQ33: 717 | AR33: =AP33-AO33 -> -4422.0961 | AS33: =AR33/AP33 -> -0.23273578 | AX33: =AH33/$AP$4*1000 -> 499.99803 | AY33: =AI33/$AP$4*1000 -> 587.5841 | AZ33: =AJ33/$AP$4*1000 -> 677.98457 | BA33: =AK33/$AP$4*1000 -> 684.41425 | BB33: =AL33/$AP$4*1000 -> 812.13101 | BC33: =AM33/$AP$4*1000 -> 883.87155 | BD33: =AN33/$AP$4*1000 -> 900.12671 | BE33: =AO33/$AP$4*1000 -> 883.87155 | BF33: =AP33/$AP$4*1000 -> 717 | BG33: =BF33-BE33 -> -166.87155 | BH33: =BG33/BE33 -> -0.18879616
AE35: ='Giá mua Chai-Vảy'!O40 -> 8000
T36: Vảy_Nắp HD ép, cổ chai | AG36: 0.01
T37: rHDPE ép | V37: =U37*$U$3 -> 0 | X37: =W37*$W$3 -> 0 | Z37: =Y37*$Y$3 -> 0 | AD37: =AC37*$AC$3 -> 0 | AE37: 1 | AF37: =AE37*$AE$35 -> 8000 | AG37: =U37+W37+Y37+AA37+AC37+AE37 -> 1 | AH37: =V37+X37+Z37+AB37+AD37+AF37 -> 8000 | AI37: =AI$1+AH37 -> 10321.031 | AJ37: =AJ$1+AI37 -> 12716.643 | AK37: =AK$1+$W$2 -> 18136.978 | AL37: =AL$1+AK37*$AK$2+AJ37*$AJ$2 -> 18811.305 | AM37: =AL37+$AM$1 -> 20712.429 | AN37: =AL37+$AN$1 -> 21143.191 | AO37: =AM37 -> 20712.429 | AP37: =$AP$4*AQ37/1000 -> 19000.5 | AQ37: 717 | AR37: =AP37-AO37 -> -1711.929 | AS37: =AR37/AP37 -> -0.090099157 | AX37: =AH37/$AP$4*1000 -> 301.88679 | AY37: =AI37/$AP$4*1000 -> 389.47287 | AZ37: =AJ37/$AP$4*1000 -> 479.87333 | BA37: =AK37/$AP$4*1000 -> 684.41425 | BB37: =AL37/$AP$4*1000 -> 709.86055 | BC37: =AM37/$AP$4*1000 -> 781.6011 | BD37: =AN37/$AP$4*1000 -> 797.85625 | BE37: =AO37/$AP$4*1000 -> 781.6011 | BF37: =AP37/$AP$4*1000 -> 717 | BG37: =BF37-BE37 -> -64.601095 | BH37: =BG37/BE37 -> -0.082652258 | BJ37: ='Hảo_R&D (Hạt) (full stage)-Chai'!BE37 -> 781.6011 | BK37: ='Hảo_R&D (Hạt) (full stage)-MN'!BE37 -> 781.6011 | BL37: =BE37 -> 781.6011 | BM37: =BJ37-BK37 -> 0 | BO37: ='Hảo_R&D (Hạt) (full stage)-Chai'!AO37 -> 20712.429 | BP37: ='Hảo_R&D (Hạt) (full stage)-MN'!AO37 -> 20712.429 | BQ37: =AO37 -> 20712.429 | BR37: =BO37-BP37 -> 0

Sheet Hảo_R&D (Hạt-Full stage-Mix)
B1: Sơ đồ khối dòng nguyên liệu-sản phẩm hiện tại của DTR. | T1: Giá chai mua vào | U1: ='Giá mua Chai-Vảy'!E18 -> 13500 | W1: ='[2]10. 100% chai->hạt WSS01-iSS01'!$H$9 -> 15000 | X1: =W3-W1-X3 -> 0 | Y1: ='Giá mua Chai-Vảy'!E15 -> 13500 | AA1: ='[2]18. Vảy B5'!$I$9 -> 12000 | AB1: ='[2]18. Vảy B5'!$I$10 -> 411.6804 | AC1: ='[2]16.1 Rửa vảy B7'!$I$9 -> 7971.0145 | AD1: ='[2]16.1 Rửa vảy B7'!$I$10 -> 84.555435 | AE1: ='Giá mua Chai-Vảy'!E16 -> 12000 | AI1: ='[2]10. 100% chai->hạt WSS01-iSS01'!$I$21 -> 2321.031 | AJ1: ='[2]10. 100% chai->hạt WSS01-iSS01'!$I$37 -> 2395.6123 | AK1: ='[2]12. 100% vảy->hạt WSS01-iSS01'!$I$10 -> 1636.9775 | AL1: ='[2]10. 100% chai->hạt WSS01-iSS01'!$I$61 -> 3384.4942 | AM1: ='[2]10. 100% chai->hạt WSS01-iSS01'!$I$83 -> 1901.1244 | AN1: ='[2]11. 100% chai->hạt iSS01084G'!$I$83 -> 2331.8861 | AO1: =AM1/8 -> 237.64055 | AP1: =AN1/10 -> 233.18861 | AY1: =AI1/$AP$4*1000 -> 87.586075 | AZ1: =AJ1/$AP$4*1000 -> 90.400465 | BA1: =AK1/$AP$4*1000 -> 61.772736 | BB1: =AL1/$AP$4*1000 -> 127.71676 | BC1: =AM1/$AP$4*1000 -> 71.740543 | BD1: =AN1/$AP$4*1000 -> 87.995702 | BE1: =SUM(AY1:BC1) -> 439.21658
B2: Với phân bố và định hướng sản phẩm như hiện nay, một số nguyên liệu đầu vào (B2.2/B4/B5) đang gặp khó khăn về giá, do gánh chung dòng chảy với chỉ khoảng 53% nguyên liệu chính B1.1. | T2: Giá thành vảy sạch => từ vảy mua ngoài | W2: 16500 | AG2: Tỷ Chai/Vảy | AJ2: 0.5 | AK2: 0.5 | AL2: =AL1*1000/$AP$4 -> 127.71676 | AM2: =AM1*1000/$AP$4 -> 71.740543 | AN2: =AN1*1000/$AP$4 -> 87.995702 | AO2: Mix 50%C-50%VMN | BD2: =BD1-BC1 -> 16.255159
T3: Giá thành vảy sạch => từ chai | U3: =U1+X3 -> 14749.948 | V3: ='[2]10. 100% chai->hạt WSS01-iSS01'!$I$10 -> 1249.9477 | W3: =W1+V3 -> 16249.948 | X3: =V3 -> 1249.9477 | Y3: =Y1+X3 -> 14749.948 | Z3: =V3 -> 1249.9477 | AA3: =AA1+Z3 -> 13249.948 | AB3: =V3 -> 1249.9477 | AC3: =AC1+AB3 -> 9220.9622 | AD3: =V3 -> 1249.9477 | AE3: =AE1+AD3 -> 13249.948 | AG3: Giá thành chai chưa băm | AI3: Chi phí Băm | AJ3: Chi phí rữa từ chai | AK3: Chi phí rữa từ vảy mua ngoài | AL3: Chi phi tạo hạt | AM3: Chi phí nâng IV (8 tiếng) | AN3: Chi phí nâng IV (10 tiếng) | AO3: Giá thành hạt (IV8) | AP3: Giá bán Hạt | AQ3: Exw | AR3: LG | AS3: % | AT3: Chi phí quản lý | AU3: Giá bán vảy | AW3: Giá thành chai chưa băm | AY3: Chi phí Băm | AZ3: Chi phí rữa từ chai | BA3: Chi phí rữa từ vảy mua ngoài | BB3: Chi phi tạo hạt | BC3: Chi phí nâng IV (8 tiếng) | BD3: Chi phí nâng IV (10 tiếng) | BE3: Giá thành hạt (IV8) | BF3: Giá bán Hạt | BG3: LG | BH3: % | BI3: Giá thành | BJ3: Chai | BK3: Vảy -MN | BL3: Mix | BM3: CL Chai <=> Vảy MN | BN3: Giá thành | BO3: Chai | BP3: Vảy -MN | BQ3: Mix
T4: Tên TP | U4: Loại vảy 1 | W4: Loại vảy 2 | Y4: Loại vảy 3 | AA4: Loại vảy 4 | AC4: Loại vảy 5 | AE4: Loại vảy 6 | AG4: Cộng | AJ4: =AJ9-AK9 -> 1779.6135 | AP4: 26500
U5: B6.2 | V5: VND | W5: B1 | X5: VND | Y5: B2.2 | Z5: VND | AA5: B5 | AB5: VND | AC5: B7 | AD5: VND | AE5: B4 | AF5: VND | AH5: VND | AI5: VND | AJ5: VND | AK5: VND | AL5: VND | AM5: VND | AN5: VND | AO5: VND | AP5: VND | AQ5: USD
T6: Chai B6.2 | AG6: 0.3
T7: Hạt WSS01G-Nia | U7: 0.1 | V7: =U7*$U$3 -> 1474.9948 | W7: 0.9 | X7: =W7*$W$3 -> 14624.953 | Z7: =Y7*$Y$3 -> 0 | AB7: =AA7*$AA$3 -> 0 | AD7: =AC7*$AC$3 -> 0 | AF7: =AE7*$AE$3 -> 0 | AG7: =U7+W7+Y7+AA7+AC7+AE7 -> 1 | AH7: =V7+X7+Z7+AB7+AD7+AF7 -> 16099.948 | AI7: =AI$1+AH7 -> 18420.979 | AJ7: =AJ$1+AI7 -> 20816.591 | AK7: =AK$1+$W$2 -> 18136.978 | AL7: =AL$1+AK7*$AK$2+AJ7*$AJ$2 -> 22861.278 | AM7: =AL7+$AM$1 -> 24762.403 | AN7: =AL7+$AN$1 -> 25193.165 | AO7: =AM7 -> 24762.403 | AP7: =$AP$4*AQ7/1000 -> 30740 | AQ7: 1160 | AR7: =AP7-AO7 -> 5977.5971 | AS7: =AR7/AP7 -> 0.19445664 | AU7: =AH7/$AP$4*1000 -> 607.5452 | AX7: =AH7/$AP$4*1000 -> 607.5452 | AY7: =AI7/$AP$4*1000 -> 695.13127 | AZ7: =AJ7/$AP$4*1000 -> 785.53174 | BA7: =AK7/$AP$4*1000 -> 684.41425 | BB7: =AL7/$AP$4*1000 -> 862.68975 | BC7: =AM7/$AP$4*1000 -> 934.4303 | BD7: =AN7/$AP$4*1000 -> 950.68546 | BE7: =AO7/$AP$4*1000 -> 934.4303 | BF7: =AP7/$AP$4*1000 -> 1160 | BG7: =BF7-BE7 -> 225.5697 | BH7: =BG7/BE7 -> 0.2413981 | BJ7: ='Hảo_R&D (Hạt) (full stage)-Chai'!BE7 -> 984.98904 | BK7: ='Hảo_R&D (Hạt) (full stage)-MN'!BE7 -> 883.87155 | BL7: =BE7 -> 934.4303 | BM7: =BJ7-BK7 -> 101.11749 | BO7: ='Hảo_R&D (Hạt) (full stage)-Chai'!AO7 -> 26102.21 | BP7: ='Hảo_R&D (Hạt) (full stage)-MN'!AO7 -> 23422.596 | BQ7: =AO7 -> 24762.403 | BR7: =BO7-BP7 -> 2679.6135
T8: Hạt iSS01G-Out | U8: 0.3 | V8: =U8*$U$3 -> 4424.9843 | W8: 0.7 | X8: =W8*$W$3 -> 11374.963 | Z8: =Y8*$Y$3 -> 0 | AB8: =AA8*$AA$3 -> 0 | AD8: =AC8*$AC$3 -> 0 | AF8: =AE8*$AE$3 -> 0 | AG8: =U8+W8+Y8+AA8+AC8+AE8 -> 1 | AH8: =V8+X8+Z8+AB8+AD8+AF8 -> 15799.948 | AI8: =AI$1+AH8 -> 18120.979 | AJ8: =AJ$1+AI8 -> 20516.591 | AK8: =AK$1+$W$2 -> 18136.978 | AL8: =AL$1+AK8*$AK$2+AJ8*$AJ$2 -> 22711.278 | AM8: =AL8+$AM$1 -> 24612.403 | AN8: =AL8+$AN$1 -> 25043.165 | AO8: =AM8 -> 24612.403 | AP8: =$AP$4*AQ8/1000 -> 31535 | AQ8: =AQ7+30 -> 1190 | AR8: =AP8-AO8 -> 6922.5971 | AS8: =AR8/AP8 -> 0.21952108 | AU8: =AH8/$AP$4*1000 -> 596.22444 | AX8: =AH8/$AP$4*1000 -> 596.22444 | AY8: =AI8/$AP$4*1000 -> 683.81052 | AZ8: =AJ8/$AP$4*1000 -> 774.21098 | BA8: =AK8/$AP$4*1000 -> 684.41425 | BB8: =AL8/$AP$4*1000 -> 857.02938 | BC8: =AM8/$AP$4*1000 -> 928.76992 | BD8: =AN8/$AP$4*1000 -> 945.02508 | BE8: =AO8/$AP$4*1000 -> 928.76992 | BF8: =AP8/$AP$4*1000 -> 1190 | BG8: =BF8-BE8 -> 261.23008 | BH8: =BG8/BE8 -> 0.28126458 | BJ8: ='Hảo_R&D (Hạt) (full stage)-Chai'!BE8 -> 973.66829 | BK8: ='Hảo_R&D (Hạt) (full stage)-MN'!BE8 -> 883.87155 | BL8: =BE8 -> 928.76992 | BM8: =BJ8-BK8 -> 89.796736 | BO8: ='Hảo_R&D (Hạt) (full stage)-Chai'!AO8 -> 25802.21 | BP8: ='Hảo_R&D (Hạt) (full stage)-MN'!AO8 -> 23422.596 | BQ8: =AO8 -> 24612.403 | BR8: =BO8-BP8 -> 2379.6135
T9: Hạt WSS03G-PW | U9: 0.55 | V9: =U9*$U$3 -> 8112.4712 | W9: 0.3 | X9: =W9*$W$3 -> 4874.9843 | Y9: 0.15 | Z9: =Y9*$Y$3 -> 2212.4922 | AB9: =AA9*$AA$3 -> 0 | AD9: =AC9*$AC$3 -> 0 | AF9: =AE9*$AE$3 -> 0 | AG9: =U9+W9+Y9+AA9+AC9+AE9 -> 1 | AH9: =V9+X9+Z9+AB9+AD9+AF9 -> 15199.948 | AI9: =AI$1+AH9 -> 17520.979 | AJ9: =AJ$1+AI9 -> 19916.591 | AK9: =AK$1+$W$2 -> 18136.978 | AL9: =AL$1+AK9*$AK$2+AJ9*$AJ$2 -> 22411.278 | AM9: =AL9+$AM$1 -> 24312.403 | AN9: =AL9+$AN$1 -> 24743.165 | AO9: =AM9 -> 24312.403 | AP9: =$AP$4*AQ9/1000 -> 28885 | AQ9: =AQ7-70 -> 1090 | AR9: =AP9-AO9 -> 4572.5971 | AS9: =AR9/AP9 -> 0.15830352 | AU9: =AH9/$AP$4*1000 -> 573.58293 | AX9: =AH9/$AP$4*1000 -> 573.58293 | AY9: =AI9/$AP$4*1000 -> 661.16901 | AZ9: =AJ9/$AP$4*1000 -> 751.56947 | BA9: =AK9/$AP$4*1000 -> 684.41425 | BB9: =AL9/$AP$4*1000 -> 845.70862 | BC9: =AM9/$AP$4*1000 -> 917.44917 | BD9: =AN9/$AP$4*1000 -> 933.70432 | BE9: =AO9/$AP$4*1000 -> 917.44917 | BF9: =AP9/$AP$4*1000 -> 1090 | BG9: =BF9-BE9 -> 172.55083 | BH9: =BG9/BE9 -> 0.18807673 | BJ9: ='Hảo_R&D (Hạt) (full stage)-Chai'!BE9 -> 951.02678 | BK9: ='Hảo_R&D (Hạt) (full stage)-MN'!BE9 -> 883.87155 | BL9: =BE9 -> 917.44917 | BM9: =BJ9-BK9 -> 67.155226 | BO9: ='Hảo_R&D (Hạt) (full stage)-Chai'!AO9 -> 25202.21 | BP9: ='Hảo_R&D (Hạt) (full stage)-MN'!AO9 -> 23422.596 | BQ9: =AO9 -> 24312.403 | BR9: =BO9-BP9 -> 1779.6135
T10: Hạt WSS05SB (sợi ngắn) | U10: 0.95 | V10: =U10*$U$3 -> 14012.45 | X10: =W10*$W$3 -> 0 | Z10: =Y10*$Y$3 -> 0 | AA10: 0.05 | AB10: =AA10*$AA$3 -> 662.49739 | AD10: =AC10*$AC$3 -> 0 | AF10: =AE10*$AE$3 -> 0 | AG10: =U10+W10+Y10+AA10+AC10+AE10 -> 1 | AH10: =V10+X10+Z10+AB10+AD10+AF10 -> 14674.948 | AI10: =AI$1+AH10 -> 16995.979 | AJ10: =AJ$1+AI10 -> 19391.591 | AK10: =AK$1+$W$2 -> 18136.978 | AL10: =AL$1+AK10*$AK$2+AJ10*$AJ$2 -> 22148.778 | AM10: =AL10+$AM$1 -> 24049.903 | AN10: =AL10+$AN$1 -> 24480.665 | AO10: =AM10 -> 24049.903 | AP10: =$AP$4*AQ10/1000 -> 19080 | AQ10: 720 | AR10: =AP10-AO10 -> -4969.9029 | AS10: =AR10/AP10 -> -0.26047709 | AU10: =AH10/$AP$4*1000 -> 553.77161 | AX10: =AH10/$AP$4*1000 -> 553.77161 | AY10: =AI10/$AP$4*1000 -> 641.35769 | AZ10: =AJ10/$AP$4*1000 -> 731.75815 | BA10: =AK10/$AP$4*1000 -> 684.41425 | BB10: =AL10/$AP$4*1000 -> 835.80296 | BC10: =AM10/$AP$4*1000 -> 907.5435 | BD10: =AN10/$AP$4*1000 -> 923.79866 | BE10: =AO10/$AP$4*1000 -> 907.5435 | BF10: =AP10/$AP$4*1000 -> 720 | BG10: =BF10-BE10 -> -187.5435 | BH10: =BG10/BE10 -> -0.2066496 | BJ10: ='Hảo_R&D (Hạt) (full stage)-Chai'!BE10 -> 931.21546 | BK10: ='Hảo_R&D (Hạt) (full stage)-MN'!BE10 -> 883.87155 | BL10: =BE10 -> 907.5435 | BM10: =BJ10-BK10 -> 47.343905 | BO10: ='Hảo_R&D (Hạt) (full stage)-Chai'!AO10 -> 24677.21 | BP10: ='Hảo_R&D (Hạt) (full stage)-MN'!AO10 -> 23422.596 | BQ10: =AO10 -> 24049.903 | BR10: =BO10-BP10 -> 1254.6135
T11: Vảy FPET201-Out | U11: 0.65 | V11: =U11*$U$3 -> 9587.466 | W11: 0.15 | X11: =W11*$W$3 -> 2437.4922 | Z11: =Y11*$Y$3 -> 0 | AA11: 0.2 | AB11: =AA11*$AA$3 -> 2649.9895 | AD11: =AC11*$AC$3 -> 0 | AF11: =AE11*$AE$3 -> 0 | AG11: =U11+W11+Y11+AA11+AC11+AE11 -> 1 | AH11: =V11+X11+Z11+AB11+AD11+AF11 -> 14674.948 | AI11: =AI$1+AH11 -> 16995.979 | AJ11: =AJ$1+AI11 -> 19391.591 | AK11: =AK$1+$W$2 -> 18136.978 | AL11: =AL$1+AK11*$AK$2+AJ11*$AJ$2 -> 22148.778 | AM11: =AL11 -> 22148.778 | AN11: =AM11 -> 22148.778 | AO11: =AM11 -> 22148.778 | AP11: =$AP$4*AQ11/1000 -> 25970 | AQ11: 980 | AR11: =AP11-AO11 -> 3821.2215 | AS11: =AR11/AP11 -> 0.14713983 | AU11: =AH11/$AP$4*1000 -> 553.77161 | AX11: =AH11/$AP$4*1000 -> 553.77161 | AY11: =AI11/$AP$4*1000 -> 641.35769 | AZ11: =AJ11/$AP$4*1000 -> 731.75815 | BA11: =AK11/$AP$4*1000 -> 684.41425 | BB11: =AL11/$AP$4*1000 -> 835.80296 | BC11: =AM11/$AP$4*1000 -> 835.80296 | BD11: =AN11/$AP$4*1000 -> 835.80296 | BE11: =AO11/$AP$4*1000 -> 835.80296 | BF11: =AP11/$AP$4*1000 -> 980 | BG11: =BF11-BE11 -> 144.19704 | BH11: =BG11/BE11 -> 0.17252516 | BJ11: ='Hảo_R&D (Hạt) (full stage)-Chai'!BE11 -> 731.75815 | BK11: ='Hảo_R&D (Hạt) (full stage)-MN'!BE11 -> 731.75815 | BL11: =BE11 -> 835.80296 | BM11: =BJ11-BK11 -> 0 | BO11: ='Hảo_R&D (Hạt) (full stage)-Chai'!AO11 -> 19391.591 | BP11: ='Hảo_R&D (Hạt) (full stage)-MN'!AO11 -> 19391.591 | BQ11: =AO11 -> 22148.778 | BR11: =BO11-BP11 -> 0
BA12: =AK12/$AP$4*1000 -> 0
T14: Chai B1.1 | W14: B1.1 | AG14: 0.53
T15: Hạt WSS01G | V15: =U15*$U$3 -> 0 | W15: 1 | X15: =W15*$W$3 -> 16249.948 | Z15: =Y15*$Y$3 -> 0 | AB15: =AA15*$AA$3 -> 0 | AD15: =AC15*$AC$3 -> 0 | AF15: =AE15*$AE$3 -> 0 | AG15: =U15+W15+Y15+AA15+AC15+AE15 -> 1 | AH15: =V15+X15+Z15+AB15+AD15+AF15 -> 16249.948 | AI15: =AI$1+AH15 -> 18570.979 | AJ15: =AJ$1+AI15 -> 20966.591 | AK15: =AK$1+$W$2 -> 18136.978 | AL15: =AL$1+AK15*$AK$2+AJ15*$AJ$2 -> 22936.278 | AM15: =AL15+$AM$1 -> 24837.403 | AN15: =AL15+$AN$1 -> 25268.165 | AO15: =AM15 -> 24837.403 | AP15: =$AP$4*AQ15/1000 -> 30740 | AQ15: =AQ7 -> 1160 | AR15: =AP15-AO15 -> 5902.5971 | AS15: =AR15/AP15 -> 0.19201682 | AU15: =AH15/$AP$4*1000 -> 613.20557 | AX15: =AH15/$AP$4*1000 -> 613.20557 | AY15: =AI15/$AP$4*1000 -> 700.79165 | AZ15: =AJ15/$AP$4*1000 -> 791.19211 | BA15: =AK15/$AP$4*1000 -> 684.41425 | BB15: =AL15/$AP$4*1000 -> 865.51994 | BC15: =AM15/$AP$4*1000 -> 937.26049 | BD15: =AN15/$AP$4*1000 -> 953.51564 | BE15: =AO15/$AP$4*1000 -> 937.26049 | BF15: =AP15/$AP$4*1000 -> 1160 | BG15: =BF15-BE15 -> 222.73951 | BH15: =BG15/BE15 -> 0.23764953 | BJ15: ='Hảo_R&D (Hạt) (full stage)-Chai'!BE15 -> 990.64942 | BK15: ='Hảo_R&D (Hạt) (full stage)-MN'!BE15 -> 883.87155 | BL15: =BE15 -> 937.26049 | BM15: =BJ15-BK15 -> 106.77787 | BO15: ='Hảo_R&D (Hạt) (full stage)-Chai'!AO15 -> 26252.21 | BP15: ='Hảo_R&D (Hạt) (full stage)-MN'!AO15 -> 23422.596 | BQ15: =AO15 -> 24837.403 | BR15: =BO15-BP15 -> 2829.6135
T16: Hạt iSS01G | V16: =U16*$U$3 -> 0 | W16: 1 | X16: =W16*$W$3 -> 16249.948 | Z16: =Y16*$Y$3 -> 0 | AB16: =AA16*$AA$3 -> 0 | AD16: =AC16*$AC$3 -> 0 | AF16: =AE16*$AE$3 -> 0 | AG16: =U16+W16+Y16+AA16+AC16+AE16 -> 1 | AH16: =V16+X16+Z16+AB16+AD16+AF16 -> 16249.948 | AI16: =AI$1+AH16 -> 18570.979 | AJ16: =AJ$1+AI16 -> 20966.591 | AK16: =AK$1+$W$2 -> 18136.978 | AL16: =AL$1+AK16*$AK$2+AJ16*$AJ$2 -> 22936.278 | AM16: =AL16+$AM$1 -> 24837.403 | AN16: =AL16+$AN$1 -> 25268.165 | AO16: =AM16 -> 24837.403 | AP16: =$AP$4*AQ16/1000 -> 31535 | AQ16: =AQ7+30 -> 1190 | AR16: =AP16-AO16 -> 6697.5971 | AS16: =AR16/AP16 -> 0.21238615 | AU16: =AH16/$AP$4*1000 -> 613.20557 | AX16: =AH16/$AP$4*1000 -> 613.20557 | AY16: =AI16/$AP$4*1000 -> 700.79165 | AZ16: =AJ16/$AP$4*1000 -> 791.19211 | BA16: =AK16/$AP$4*1000 -> 684.41425 | BB16: =AL16/$AP$4*1000 -> 865.51994 | BC16: =AM16/$AP$4*1000 -> 937.26049 | BD16: =AN16/$AP$4*1000 -> 953.51564 | BE16: =AO16/$AP$4*1000 -> 937.26049 | BF16: =AP16/$AP$4*1000 -> 1190 | BG16: =BF16-BE16 -> 252.73951 | BH16: =BG16/BE16 -> 0.26965771 | BJ16: ='Hảo_R&D (Hạt) (full stage)-Chai'!BE16 -> 990.64942 | BK16: ='Hảo_R&D (Hạt) (full stage)-MN'!BE16 -> 883.87155 | BL16: =BE16 -> 937.26049 | BM16: =BJ16-BK16 -> 106.77787 | BO16: ='Hảo_R&D (Hạt) (full stage)-Chai'!AO16 -> 26252.21 | BP16: ='Hảo_R&D (Hạt) (full stage)-MN'!AO16 -> 23422.596 | BQ16: =AO16 -> 24837.403 | BR16: =BO16-BP16 -> 2829.6135
T17: Hạt iSS01084G | V17: =U17*$U$3 -> 0 | W17: 1 | X17: =W17*$W$3 -> 16249.948 | Z17: =Y17*$Y$3 -> 0 | AB17: =AA17*$AA$3 -> 0 | AD17: =AC17*$AC$3 -> 0 | AF17: =AE17*$AE$3 -> 0 | AG17: =U17+W17+Y17+AA17+AC17+AE17 -> 1 | AH17: =V17+X17+Z17+AB17+AD17+AF17 -> 16249.948 | AI17: =AI$1+AH17 -> 18570.979 | AJ17: =AJ$1+AI17 -> 20966.591 | AK17: =AK$1+$W$2 -> 18136.978 | AL17: =AL$1+AK17*$AK$2+AJ17*$AJ$2 -> 22936.278 | AM17: =AL17+$AM$1 -> 24837.403 | AN17: =AL17+$AN$1 -> 25268.165 | AO17: =AM17 -> 24837.403 | AP17: =$AP$4*AQ17/1000 -> 33125 | AQ17: =AQ7+90 -> 1250 | AR17: =AP17-AO17 -> 8287.5971 | AS17: =AR17/AP17 -> 0.25019161 | AU17: =AH17/$AP$4*1000 -> 613.20557 | AX17: =AH17/$AP$4*1000 -> 613.20557 | AY17: =AI17/$AP$4*1000 -> 700.79165 | AZ17: =AJ17/$AP$4*1000 -> 791.19211 | BA17: =AK17/$AP$4*1000 -> 684.41425 | BB17: =AL17/$AP$4*1000 -> 865.51994 | BC17: =AM17/$AP$4*1000 -> 937.26049 | BD17: =AN17/$AP$4*1000 -> 953.51564 | BE17: =AO17/$AP$4*1000 -> 937.26049 | BF17: =AP17/$AP$4*1000 -> 1250 | BG17: =BF17-BE17 -> 312.73951 | BH17: =BG17/BE17 -> 0.33367406 | BJ17: ='Hảo_R&D (Hạt) (full stage)-Chai'!BE17 -> 990.64942 | BK17: ='Hảo_R&D (Hạt) (full stage)-MN'!BE17 -> 883.87155 | BL17: =BE17 -> 937.26049 | BM17: =BJ17-BK17 -> 106.77787 | BO17: ='Hảo_R&D (Hạt) (full stage)-Chai'!AO17 -> 26252.21 | BP17: ='Hảo_R&D (Hạt) (full stage)-MN'!AO17 -> 23422.596 | BQ17: =AO17 -> 24837.403 | BR17: =BO17-BP17 -> 2829.6135
T18: Hạt WSS03G | V18: =U18*$U$3 -> 0 | W18: 1 | X18: =W18*$W$3 -> 16249.948 | Z18: =Y18*$Y$3 -> 0 | AB18: =AA18*$AA$3 -> 0 | AD18: =AC18*$AC$3 -> 0 | AF18: =AE18*$AE$3 -> 0 | AG18: =U18+W18+Y18+AA18+AC18+AE18 -> 1 | AH18: =V18+X18+Z18+AB18+AD18+AF18 -> 16249.948 | AI18: =AI$1+AH18 -> 18570.979 | AJ18: =AJ$1+AI18 -> 20966.591 | AK18: =AK$1+$W$2 -> 18136.978 | AL18: =AL$1+AK18*$AK$2+AJ18*$AJ$2 -> 22936.278 | AM18: =AL18+$AM$1 -> 24837.403 | AN18: =AL18+$AN$1 -> 25268.165 | AO18: =AM18 -> 24837.403 | AP18: =$AP$4*AQ18/1000 -> 29945 | AQ18: =AQ7-30 -> 1130 | AR18: =AP18-AO18 -> 5107.5971 | AS18: =AR18/AP18 -> 0.17056594 | AU18: =AH18/$AP$4*1000 -> 613.20557 | AX18: =AH18/$AP$4*1000 -> 613.20557 | AY18: =AI18/$AP$4*1000 -> 700.79165 | AZ18: =AJ18/$AP$4*1000 -> 791.19211 | BA18: =AK18/$AP$4*1000 -> 684.41425 | BB18: =AL18/$AP$4*1000 -> 865.51994 | BC18: =AM18/$AP$4*1000 -> 937.26049 | BD18: =AN18/$AP$4*1000 -> 953.51564 | BE18: =AO18/$AP$4*1000 -> 937.26049 | BF18: =AP18/$AP$4*1000 -> 1130 | BG18: =BF18-BE18 -> 192.73951 | BH18: =BG18/BE18 -> 0.20564135 | BJ18: ='Hảo_R&D (Hạt) (full stage)-Chai'!BE18 -> 990.64942 | BK18: ='Hảo_R&D (Hạt) (full stage)-MN'!BE18 -> 883.87155 | BL18: =BE18 -> 937.26049 | BM18: =BJ18-BK18 -> 106.77787 | BO18: ='Hảo_R&D (Hạt) (full stage)-Chai'!AO18 -> 26252.21 | BP18: ='Hảo_R&D (Hạt) (full stage)-MN'!AO18 -> 23422.596 | BQ18: =AO18 -> 24837.403 | BR18: =BO18-BP18 -> 2829.6135
T24: Chai B2.2 +B5 | AG24: 0.05
T25: Hạt WSS01G-Nia | V25: =U25*$U$3 -> 0 | W25: 0.9 | X25: =W25*$W$3 -> 14624.953 | Y25: 0.1 | Z25: =Y25*$Y$3 -> 1474.9948 | AB25: =AA25*$AA$3 -> 0 | AD25: =AC25*$AC$3 -> 0 | AF25: =AE25*$AE$3 -> 0 | AG25: =U25+W25+Y25+AA25+AC25+AE25 -> 1 | AH25: =V25+X25+Z25+AB25+AD25+AF25 -> 16099.948 | AI25: =AI$1+AH25 -> 18420.979 | AJ25: =AJ$1+AI25 -> 20816.591 | AK25: =AK$1+$W$2 -> 18136.978 | AL25: =AL$1+AK25*$AK$2+AJ25*$AJ$2 -> 22861.278 | AM25: =AL25+$AM$1 -> 24762.403 | AN25: =AL25+$AN$1 -> 25193.165 | AO25: =AM25 -> 24762.403 | AP25: =$AP$4*AQ25/1000 -> 30740 | AQ25: =AQ7 -> 1160 | AR25: =AP25-AO25 -> 5977.5971 | AS25: =AR25/AP25 -> 0.19445664 | AU25: =AH25/$AP$4*1000 -> 607.5452 | AX25: =AH25/$AP$4*1000 -> 607.5452 | AY25: =AI25/$AP$4*1000 -> 695.13127 | AZ25: =AJ25/$AP$4*1000 -> 785.53174 | BA25: =AK25/$AP$4*1000 -> 684.41425 | BB25: =AL25/$AP$4*1000 -> 862.68975 | BC25: =AM25/$AP$4*1000 -> 934.4303 | BD25: =AN25/$AP$4*1000 -> 950.68546 | BE25: =AO25/$AP$4*1000 -> 934.4303 | BF25: =AP25/$AP$4*1000 -> 1160 | BG25: =BF25-BE25 -> 225.5697 | BH25: =BG25/BE25 -> 0.2413981 | BJ25: ='Hảo_R&D (Hạt) (full stage)-Chai'!BE25 -> 984.98904 | BK25: ='Hảo_R&D (Hạt) (full stage)-MN'!BE25 -> 883.87155 | BL25: =BE25 -> 934.4303 | BM25: =BJ25-BK25 -> 101.11749 | BO25: ='Hảo_R&D (Hạt) (full stage)-Chai'!AO25 -> 26102.21 | BP25: ='Hảo_R&D (Hạt) (full stage)-MN'!AO25 -> 23422.596 | BQ25: =AO25 -> 24762.403 | BR25: =BO25-BP25 -> 2679.6135
T26: Hạt WSS03G-PW | U26: 0.55 | V26: =U26*$U$3 -> 8112.4712 | W26: 0.3 | X26: =W26*$W$3 -> 4874.9843 | Y26: 0.15 | Z26: =Y26*$Y$3 -> 2212.4922 | AB26: =AA26*$AA$3 -> 0 | AD26: =AC26*$AC$3 -> 0 | AF26: =AE26*$AE$3 -> 0 | AG26: =U26+W26+Y26+AA26+AC26+AE26 -> 1 | AH26: =V26+X26+Z26+AB26+AD26+AF26 -> 15199.948 | AI26: =AI$1+AH26 -> 17520.979 | AJ26: =AJ$1+AI26 -> 19916.591 | AK26: =AK$1+$W$2 -> 18136.978 | AL26: =AL$1+AK26*$AK$2+AJ26*$AJ$2 -> 22411.278 | AM26: =AL26+$AM$1 -> 24312.403 | AN26: =AL26+$AN$1 -> 24743.165 | AO26: =AM26 -> 24312.403 | AP26: =$AP$4*AQ26/1000 -> 28885 | AQ26: =AQ7-70 -> 1090 | AR26: =AP26-AO26 -> 4572.5971 | AS26: =AR26/AP26 -> 0.15830352 | AU26: =AH26/$AP$4*1000 -> 573.58293 | AX26: =AH26/$AP$4*1000 -> 573.58293 | AY26: =AI26/$AP$4*1000 -> 661.16901 | AZ26: =AJ26/$AP$4*1000 -> 751.56947 | BA26: =AK26/$AP$4*1000 -> 684.41425 | BB26: =AL26/$AP$4*1000 -> 845.70862 | BC26: =AM26/$AP$4*1000 -> 917.44917 | BD26: =AN26/$AP$4*1000 -> 933.70432 | BE26: =AO26/$AP$4*1000 -> 917.44917 | BF26: =AP26/$AP$4*1000 -> 1090 | BG26: =BF26-BE26 -> 172.55083 | BH26: =BG26/BE26 -> 0.18807673 | BJ26: ='Hảo_R&D (Hạt) (full stage)-Chai'!BE26 -> 951.02678 | BK26: ='Hảo_R&D (Hạt) (full stage)-MN'!BE26 -> 883.87155 | BL26: =BE26 -> 917.44917 | BM26: =BJ26-BK26 -> 67.155226 | BO26: ='Hảo_R&D (Hạt) (full stage)-Chai'!AO26 -> 25202.21 | BP26: ='Hảo_R&D (Hạt) (full stage)-MN'!AO26 -> 23422.596 | BQ26: =AO26 -> 24312.403 | BR26: =BO26-BP26 -> 1779.6135 | BT26: 1074 | BU26: 0.7-0.74 | BV26: 1000 tấn | BW26: Quý 3,4 | BY26: Làm màng | BZ26: Uy kiệt sx màng
T27: Hạt WSS01S | V27: =U27*$U$3 -> 0 | W27: 0.4 | X27: =W27*$W$3 -> 6499.9791 | Z27: =Y27*$Y$3 -> 0 | AA27: 0.5 | AB27: =AA27*$AA$3 -> 6624.9739 | AC27: 0.1 | AD27: =AC27*$AC$3 -> 922.09622 | AF27: =AE27*$AE$3 -> 0 | AG27: =U27+W27+Y27+AA27+AC27+AE27 -> 1 | AH27: =V27+X27+Z27+AB27+AD27+AF27 -> 14047.049 | AI27: =AI$1+AH27 -> 16368.08 | AJ27: =AJ$1+AI27 -> 18763.692 | AK27: =AK$1+$W$2 -> 18136.978 | AL27: =AL$1+AK27*$AK$2+AJ27*$AJ$2 -> 21834.829 | AM27: =AL27+$AM$1 -> 23735.954 | AN27: =AL27+$AN$1 -> 24166.715 | AO27: =AM27 -> 23735.954 | AP27: =$AP$4*AQ27/1000 -> 30740 | AQ27: =AQ7 -> 1160 | AR27: =AP27-AO27 -> 7004.0464 | AS27: =AR27/AP27 -> 0.22784796 | AU27: =AH27/$AP$4*1000 -> 530.07733 | AX27: =AH27/$AP$4*1000 -> 530.07733 | AY27: =AI27/$AP$4*1000 -> 617.6634 | AZ27: =AJ27/$AP$4*1000 -> 708.06387 | BA27: =AK27/$AP$4*1000 -> 684.41425 | BB27: =AL27/$AP$4*1000 -> 823.95582 | BC27: =AM27/$AP$4*1000 -> 895.69636 | BD27: =AN27/$AP$4*1000 -> 911.95152 | BE27: =AO27/$AP$4*1000 -> 895.69636 | BF27: =AP27/$AP$4*1000 -> 1160 | BG27: =BF27-BE27 -> 264.30364 | BH27: =BG27/BE27 -> 0.29508174 | BJ27: ='Hảo_R&D (Hạt) (full stage)-Chai'!BE27 -> 907.52117 | BK27: ='Hảo_R&D (Hạt) (full stage)-MN'!BE27 -> 883.87155 | BL27: =BE27 -> 895.69636 | BM27: =BJ27-BK27 -> 23.64962 | BO27: ='Hảo_R&D (Hạt) (full stage)-Chai'!AO27 -> 24049.311 | BP27: ='Hảo_R&D (Hạt) (full stage)-MN'!AO27 -> 23422.596 | BQ27: =AO27 -> 23735.954 | BR27: =BO27-BP27 -> 626.71494
T28: Hạt WSS05SB (sợi ngắn) | U28: 0.95 | V28: =U28*$U$3 -> 14012.45 | X28: =W28*$W$3 -> 0 | Z28: =Y28*$Y$3 -> 0 | AA28: 0.05 | AB28: =AA28*$AA$3 -> 662.49739 | AD28: =AC28*$AC$3 -> 0 | AF28: =AE28*$AE$3 -> 0 | AG28: =U28+W28+Y28+AA28+AC28+AE28 -> 1 | AH28: =V28+X28+Z28+AB28+AD28+AF28 -> 14674.948 | AI28: =AI$1+AH28 -> 16995.979 | AJ28: =AJ$1+AI28 -> 19391.591 | AK28: =AK$1+$W$2 -> 18136.978 | AL28: =AL$1+AK28*$AK$2+AJ28*$AJ$2 -> 22148.778 | AM28: =AL28+$AM$1 -> 24049.903 | AN28: =AL28+$AN$1 -> 24480.665 | AO28: =AM28 -> 24049.903 | AP28: =$AP$4*AQ28/1000 -> 19080 | AQ28: =AQ10 -> 720 | AR28: =AP28-AO28 -> -4969.9029 | AS28: =AR28/AP28 -> -0.26047709 | AU28: =AH28/$AP$4*1000 -> 553.77161 | AX28: =AH28/$AP$4*1000 -> 553.77161 | AY28: =AI28/$AP$4*1000 -> 641.35769 | AZ28: =AJ28/$AP$4*1000 -> 731.75815 | BA28: =AK28/$AP$4*1000 -> 684.41425 | BB28: =AL28/$AP$4*1000 -> 835.80296 | BC28: =AM28/$AP$4*1000 -> 907.5435 | BD28: =AN28/$AP$4*1000 -> 923.79866 | BE28: =AO28/$AP$4*1000 -> 907.5435 | BF28: =AP28/$AP$4*1000 -> 720 | BG28: =BF28-BE28 -> -187.5435 | BH28: =BG28/BE28 -> -0.2066496 | BJ28: ='Hảo_R&D (Hạt) (full stage)-Chai'!BE28 -> 931.21546 | BK28: ='Hảo_R&D (Hạt) (full stage)-MN'!BE28 -> 883.87155 | BL28: =BE28 -> 907.5435 | BM28: =BJ28-BK28 -> 47.343905 | BO28: ='Hảo_R&D (Hạt) (full stage)-Chai'!AO28 -> 24677.21 | BP28: ='Hảo_R&D (Hạt) (full stage)-MN'!AO28 -> 23422.596 | BQ28: =AO28 -> 24049.903 | BR28: =BO28-BP28 -> 1254.6135 | BU28: 605 USD/tấn | BV28: Quan chí Bảo | BW28: SX từ vày B6.2
T29: Vảy FPET201-Out | U29: 0.65 | V29: =U29*$U$3 -> 9587.466 | W29: 0.15 | X29: =W29*$W$3 -> 2437.4922 | Z29: =Y29*$Y$3 -> 0 | AA29: 0.2 | AB29: =AA29*$AA$3 -> 2649.9895 | AD29: =AC29*$AC$3 -> 0 | AF29: =AE29*$AE$3 -> 0 | AG29: =U29+W29+Y29+AA29+AC29+AE29 -> 1 | AH29: =V29+X29+Z29+AB29+AD29+AF29 -> 14674.948 | AI29: =AI$1+AH29 -> 16995.979 | AJ29: =AJ$1+AI29 -> 19391.591 | AK29: =AK$1+$W$2 -> 18136.978 | AL29: =AL$1+AK29*$AK$2+AJ29*$AJ$2 -> 22148.778 | AM29: =AL29 -> 22148.778 | AN29: =AM29 -> 22148.778 | AO29: =AM29 -> 22148.778 | AP29: =$AP$4*AQ29/1000 -> 19080 | AQ29: 720 | AR29: =AP29-AO29 -> -3068.7785 | AS29: =AR29/AP29 -> -0.16083745 | AU29: =AH29/$AP$4*1000 -> 553.77161 | AX29: =AH29/$AP$4*1000 -> 553.77161 | AY29: =AI29/$AP$4*1000 -> 641.35769 | AZ29: =AJ29/$AP$4*1000 -> 731.75815 | BA29: =AK29/$AP$4*1000 -> 684.41425 | BB29: =AL29/$AP$4*1000 -> 835.80296 | BC29: =AM29/$AP$4*1000 -> 835.80296 | BD29: =AN29/$AP$4*1000 -> 835.80296 | BE29: =AO29/$AP$4*1000 -> 835.80296 | BF29: =AP29/$AP$4*1000 -> 720 | BG29: =BF29-BE29 -> -115.80296 | BH29: =BG29/BE29 -> -0.13855295 | BJ29: ='Hảo_R&D (Hạt) (full stage)-Chai'!BE29 -> 731.75815 | BK29: ='Hảo_R&D (Hạt) (full stage)-MN'!BE29 -> 731.75815 | BL29: =BE29 -> 835.80296 | BM29: =BJ29-BK29 -> 0 | BO29: ='Hảo_R&D (Hạt) (full stage)-Chai'!AO29 -> 19391.591 | BP29: ='Hảo_R&D (Hạt) (full stage)-MN'!AO29 -> 19391.591 | BQ29: =AO29 -> 22148.778 | BR29: =BO29-BP29 -> 0 | BS29: =AQ29-AU29 -> 166.22839 | BT29: =BS29/AQ29 -> 0.23087276
T32: Chai B4 | AG32: 0.02
T33: Dây Đai | V33: =U33*$U$3 -> 0 | X33: =W33*$W$3 -> 0 | Z33: =Y33*$Y$3 -> 0 | AD33: =AC33*$AC$3 -> 0 | AE33: 1 | AF33: =AE33*$AE$3 -> 13249.948 | AG33: =U33+W33+Y33+AA33+AC33+AE33 -> 1 | AH33: =V33+X33+Z33+AB33+AD33+AF33 -> 13249.948 | AI33: =AI$1+AH33 -> 15570.979 | AJ33: =AJ$1+AI33 -> 17966.591 | AK33: =AK$1+$W$2 -> 18136.978 | AL33: =AL$1+AK33*$AK$2+AJ33*$AJ$2 -> 21436.278 | AM33: =AL33+$AM$1 -> 23337.403 | AN33: =AL33+$AN$1 -> 23768.165 | AO33: =AM33 -> 23337.403 | AP33: =$AP$4*AQ33/1000 -> 19000.5 | AQ33: 717 | AR33: =AP33-AO33 -> -4336.9029 | AS33: =AR33/AP33 -> -0.22825204 | AX33: =AH33/$AP$4*1000 -> 499.99803 | AY33: =AI33/$AP$4*1000 -> 587.5841 | AZ33: =AJ33/$AP$4*1000 -> 677.98457 | BA33: =AK33/$AP$4*1000 -> 684.41425 | BB33: =AL33/$AP$4*1000 -> 808.91617 | BC33: =AM33/$AP$4*1000 -> 880.65671 | BD33: =AN33/$AP$4*1000 -> 896.91187 | BE33: =AO33/$AP$4*1000 -> 880.65671 | BF33: =AP33/$AP$4*1000 -> 717 | BG33: =BF33-BE33 -> -163.65671 | BH33: =BG33/BE33 -> -0.18583485 | BJ33: ='Hảo_R&D (Hạt) (full stage)-Chai'!BE33 -> 877.44187 | BK33: ='Hảo_R&D (Hạt) (full stage)-MN'!BE33 -> 883.87155 | BL33: =BE33 -> 880.65671 | BM33: =BJ33-BK33 -> -6.4296796 | BO33: ='Hảo_R&D (Hạt) (full stage)-Chai'!AO33 -> 23252.21 | BP33: ='Hảo_R&D (Hạt) (full stage)-MN'!AO33 -> 23422.596 | BQ33: =AO33 -> 23337.403 | BR33: =BO33-BP33 -> -170.38651
AE35: ='Giá mua Chai-Vảy'!O40 -> 8000
T36: Vảy_Nắp HD ép, cổ chai | AG36: 0.01
T37: rHDPE ép | V37: =U37*$U$3 -> 0 | X37: =W37*$W$3 -> 0 | Z37: =Y37*$Y$3 -> 0 | AD37: =AC37*$AC$3 -> 0 | AE37: 1 | AF37: =AE37*$AE$35 -> 8000 | AG37: =U37+W37+Y37+AA37+AC37+AE37 -> 1 | AH37: =V37+X37+Z37+AB37+AD37+AF37 -> 8000 | AI37: =AI$1+AH37 -> 10321.031 | AJ37: =AJ$1+AI37 -> 12716.643 | AK37: =AK$1+$W$2 -> 18136.978 | AL37: =AL$1+AK37*$AK$2+AJ37*$AJ$2 -> 18811.305 | AM37: =AL37+$AM$1 -> 20712.429 | AN37: =AL37+$AN$1 -> 21143.191 | AO37: =AM37 -> 20712.429 | AP37: =$AP$4*AQ37/1000 -> 19000.5 | AQ37: 717 | AR37: =AP37-AO37 -> -1711.929 | AS37: =AR37/AP37 -> -0.090099157 | AX37: =AH37/$AP$4*1000 -> 301.88679 | AY37: =AI37/$AP$4*1000 -> 389.47287 | AZ37: =AJ37/$AP$4*1000 -> 479.87333 | BA37: =AK37/$AP$4*1000 -> 684.41425 | BB37: =AL37/$AP$4*1000 -> 709.86055 | BC37: =AM37/$AP$4*1000 -> 781.6011 | BD37: =AN37/$AP$4*1000 -> 797.85625 | BE37: =AO37/$AP$4*1000 -> 781.6011 | BF37: =AP37/$AP$4*1000 -> 717 | BG37: =BF37-BE37 -> -64.601095 | BH37: =BG37/BE37 -> -0.082652258 | BJ37: ='Hảo_R&D (Hạt) (full stage)-Chai'!BE37 -> 781.6011 | BK37: ='Hảo_R&D (Hạt) (full stage)-MN'!BE37 -> 781.6011 | BL37: =BE37 -> 781.6011 | BM37: =BJ37-BK37 -> 0 | BO37: ='Hảo_R&D (Hạt) (full stage)-Chai'!AO37 -> 20712.429 | BP37: ='Hảo_R&D (Hạt) (full stage)-MN'!AO37 -> 20712.429 | BQ37: =AO37 -> 20712.429 | BR37: =BO37-BP37 -> 0

Sheet Phượng_QC
M3: Nhóm hàng | N3: Loại | R3: Đối tượng khách hàng
A4: B0 | D4: Trạm | K4: DTR | M4: B1.1 | N4: A | O4: <= | P4: 0.05 | Q4: => | R4: Cao cấp | S4: Coca | T4: SPVB | U4: Lavie
D5: Đại Lộc | E5: Đồng Lâm | F5: Khánh Nga | N5: B | O5: <= | P5: 0.1
A6: Ký hiệu | B6: CHAI PET | C6: Gram
A7: B0 | B7: B0-Chai xá chưa tách nhãn | M7: B1.2 | N7: A | O7: <= | P7: 0.05 | Q7: => | R7: Cấp trung | S7: XK | T7: Unilever
A8: B1 | B8: Nước ngọt không có ga | C8: 20 | N8: B | O8: <= | P8: 0.1
A9: B2.1 | B9: Nước suối có thương hiệu (lavie, aqua) | C9: 13 | D9: 560 | E9: =D9*1000000/C9 -> 43076923 | N9: C | O9: <= | P9: 0.15
A10: B2.2 | B10: Nước suối mỏng | C10: 10 | D10: 8 | E10: =D10*1000000/C10 -> 800000 | F10: =E10/($E$10+$E$9) -> 0.018232819
A11: B3 | B11: Nước ngọt có ga (Sting, 247) | F11: 0.6 | I11: 0.4 | M11: Vảy mua ngoài
A12: B4 | B12: Chai màu xanh lá | E12: Nước ngọt không có gas | G12: CSD | I12: Nước suối có thương hiệu (lavie, aqua) | K12: X_ Tỷ lệ % không đạt)
A13: B5 | B13: Chai màu xanh lơ | D13: B1.1 : | E13: B1 | F13: + | G13: B3 | H13: + | I13: B2.1 | J13: + | K13: TPCĐ | L13: = | M13: 1 | Q13: TPCĐ: bao gồm
A14: B6 | B14: Nước tương, mắm, dầu ăn | E14: s | I14: 0.192 | Q14: Chai các loại không phải là B1;B3;B2.1 và phó sản
A15: B6.1 | B15: Nước tương, mắm, dầu ăn -Có thương hiệu | D15: B1.2 : | E15: B1 +B3 | F15: + | G15: B2.1 | H15: + | I15: B2.2 +B6 | J15: + | K15: TPCĐ | L15: = | M15: 1
A16: B6.2 | B16: Nước tương, mắm, dầu ăn -Ko.Có thương hiệu | E16: >= 45% | G16: Còn lại | I16: <= 15%
G17: =100-45-15 -> 40 | Q17: 1 | R17: 2 | S17: 3 | T17: 4 | U17: 5
Q18: BO
R19: BO
A20: B7.1 | B20: Bình 5G - Lavie | Q20: B1 | S20: BO
A21: B7.2 | B21: Bình 5G - khác | Q21: VảY | R21: B1 | T21: BO
A22: B7.3 | B22: Bình 5G - Lá | R22: VảY | S22: B1 | U22: BO
A23: B8 | B23: Chai dơ các loại (phó sản) | S23: VảY | T23: B1
T24: VảY | U24: B1
U25: VảY

Sheet 01. ĐỊNH NGHĨA
B2: THỐNG KÊ NGUYÊN LIỆU ĐẦU VÀO
C3: Cập nhật ngày: | D3: 45985
A4: STT | B4: Mã SAP | C4: Mã hàng hóa | D4: Tên gọi | E4: Định nghĩa | F4: Nhà cung cấp cho DTR | G4: Chính sách giá | H4: Ghi chú
A5: A | D5: PET
A6: I | D6: Chai PET
A7: =ROW()-ROW($A$6) -> 1 | C7: B0 | D7: Chai xá tròn | E7: Gồm hỗn hợp chai PET chưa phân loại + B0 (loại A): B1+B3 >= 45% + B0 (loại B): 30% <= B1+B3 < 45% + B0 (loại C): 20% <= B1+B3 < 30% Trong đó, tỷ lệ B2.2+B4+B5+B6.2 <=30% | F7: Đầu vào 3 trạm | G7: - Đầu tháng: TGĐ duyệt giá đầu tháng - Giá tuần: GĐ Cung Ứng có thẩm quyền điều chỉnh tăng tối đa 200đ/lần, tối đa 2 lần/tháng | H7: Chai B1, B3: Chai PET tuyển Chai B2.2, B6.1: Chai PET có thương hiệu/nhãn giấy Chai B2.2, B4., B5, B6.2: Chai PET hàng cơ sở (không thương hiệu)
A8: =ROW()-ROW($A$6) -> 2 | C8: B0 | D8: Chai xá kiện | E8: Gồm hỗn hợp chai PET chưa phân loại đã ép kiện + B0 (loại A): B1+B3 >= 45% + B0 (loại B): 30% <= B1+B3 < 45% + B0 (loại C): 20% <= B1+B3 < 30% Trong đó, tỷ lệ B2.2+B4+B5+B6.2 <=30% | F8: Đầu vào 3 trạm | G8: - Đầu tháng: TGĐ duyệt giá đầu tháng - Giá tuần: GĐ Cung Ứng có thẩm quyền điều chỉnh tăng tối đa 200đ/lần, tối đa 2 lần/tháng
A9: =ROW()-ROW($A$6) -> 3 | D9: Tuyển rặc | E9: Tỷ lệ chai B1+B3 chiếm 90%
A10: =ROW()-ROW($A$6) -> 4 | C10: B1.4 (Tuyển xô) | D10: Chai PET B1.4 | E10: Chai PET-B1.4 tuyển xô Bao gồm các loại B1, B2.1, B2.2, B3, B6.1, B6.2 + B1.4 (Loại A): B1+B3 = 50% ± 5%, B2.2+B6.2 <= 20% + B1.4 (Loại B): 40% <= B1+B3 < 45%, 25% <= B2.2+B6.2 <= 30% + B1.4 (Loại C): 35 % <= B1+B3 < 40%, B2.2+B6.2 >= 30% Trong đó, tỷ lệ B2.1+B6.1 <= 30% | F10: Đầu vào 3 trạm | G10: - Đầu tháng: TGĐ duyệt giá đầu tháng - Giá tuần: GĐ Cung Ứng có thẩm quyền điều chỉnh tăng tối đa 200đ/lần, tối đa 2 lần/tháng | H10: Trong đó, tỷ lệ chai không đạt: + B1.4 (Loại A): <= 5% + B1.4 (Loại B): > 5% và <= 10% + B1.4 (Loại C): > 10% và <= 15%
A11: =ROW()-ROW($A$6) -> 5 | B11: 150000003 | C11: B1.1 | D11: Chai B1 | E11: Chai PET tuyển dày đã tách nhãn và ép kiện (chai sữa, nước ngọt không có ga) Bao gồm chai B1, B2.1, B3 Tỷ lệ: B1+B3 ≥ 70%, B2.1 ≤ 30%, Thành phần không đạt ≤ 5% | F11: Trạm + NCC ngoài | G11: - Giá NCC ngoài: TGĐ duyệt đầu tháng và GĐĐH được điều chỉnh tăng tối đa 500đ/lần, tối đa 2 lần/tháng - Giá Trạm: GĐTC tính toán -> GĐĐH ký duyệt | H11: Trong đó, tỷ lệ chai không đạt: + B1.1 (Loại A): <= 5% + B1.1 (Loại B): > 5% và <= 10% + B1.1 (Loại C): > 10% và <= 15% | I11: Dr Thanh, Trà xanh 0 độ, nước ép đóng chai, C2, Nutri boost
A12: =ROW()-ROW($A$6) -> 6 | B12: 150000113 | C12: B1.2 (Tuyển xô) | D12: Chai B1 không phân loại | E12: Chai PET tuyển dày đã tách nhãn, xá tròn hoặc ép kiện Bao gồm các loại chai B1, B2.1, B2.2, B3, B6.1, B6.2 B1.2 (Loại A): B1+B3 ≥ 50%, B2.1 + B6.1 ≤ 30%, B2.2+B6.2 ≤ 15, Thành phần không đạt ≤ 5% B1.2 (Loại B): B1+B3 ≥ 45%, B2.2+B6.2 ≤ 25% B1.2 (Loại C): B1+B3 ≥ 40%, B2.2+B6.2 ≤ 30% | F12: Trạm + NCC ngoài | G12: - Giá NCC ngoài: TGĐ duyệt đầu tháng và GĐĐH được điều chỉnh tăng tối đa 500đ/lần, tối đa 2 lần/tháng (Hiện tại đang ngưng mua B1.2 từ NCC ngoài) - Giá Trạm: GĐTC tính toán -> GĐĐH ký duyệt | H12: Hỗn hợp chai PET trừ B4, B5 Trong đó, tỷ lệ chai không đạt: <= 5%
A13: =ROW()-ROW($A$6) -> 7 | B13: 150000187 | C13: B1.3 (Tuyển xô) | D13: Chai PET B1.3 | E13: Chai PET tuyển dày đã tách nhãn và ép kiện Bao gồm chai B1, B2.1, B3 lựa theo brand đáp ứng dòng sản phẩm hotfill (loại chai number one, 247) Tỷ lệ: B1+B3 >= 70%, B2.1 <= 30% | F13: Trạm | G13: Hiện tại đã ngưng mua mã này | H13: B1.3 tỷ lệ hao hụt cao hơn B1.1 vì phải loại thêm một số loại đặc biệt Trong đó, tỷ lệ chai không đạt: + B1.3 (Loại A): <= 5% + B1.3 (Loại B): > 5% và <= 10% + B1.3 (Loại C): > 10% và <= 15%
A14: =ROW()-ROW($A$6) -> 8 | B14: 150000004 | C14: B2.1 | D14: Chai PET B2.1 | E14: Chai PET nước suối có thương hiệu đã tách nhãn và ép kiện | F14: NCC ngoài | G14: GĐĐH duyệt giá
A15: =ROW()-ROW($A$6) -> 9 | B15: 150000050 | C15: B2.2 | D15: Chai PET B2.2 | E15: Chai PET nước suối mỏng | F15: Chủ yếu từ trạm | G15: Giá Trạm: GĐTC tính toán -> GĐĐH ký duyệt
A16: =ROW()-ROW($A$6) -> 10 | B16: 150000005 | C16: B3 | D16: Chai PET B3 | E16: Chai nước ngọt có ga (247, sting, coca) | F16: Chủ yếu từ trạm | G16: Giá Trạm: GĐTC tính toán -> GĐĐH ký duyệt | H16: 247, sting, coca (Chai CSD)
A17: =ROW()-ROW($A$6) -> 11 | B17: 150000014 | C17: B4 | D17: Chai PET B4 | E17: Chai PET nước ngọt màu lá | F17: Chủ yếu từ trạm | G17: Giá Trạm: GĐTC tính toán -> GĐĐH ký duyệt | H17: 7 up, mirinda, fanta, sprite | I17: SX dây đai
A18: =ROW()-ROW($A$6) -> 12 | B18: 150000015 | C18: B5 | D18: Chai PET B5 | E18: Chai PET màu lơ | F18: Chủ yếu từ trạm | G18: Giá Trạm: GĐTC tính toán -> GĐĐH ký duyệt
A19: =ROW()-ROW($A$6) -> 13 | B19: 150000016 | C19: B6.1 | D19: Chai PET B6.1 | E19: Chai PET nước tương, nước mắm, dầu ăn nhãn giấy có thương hiệu | F19: NCC ngoài | G19: GĐĐH duyệt giá | H19: Nam Ngư, Chinsu, Tam Thái Tử
A20: =ROW()-ROW($A$6) -> 14 | B20: 150000114 | C20: B6.2 | D20: Chai PET B6.2 | E20: Chai PET nước tương, nước mắm, dầu ăn khác, hủ PET, chai rửa chén, chai viền nhôm, chai còn quai | F20: Chủ yếu từ trạm | G20: Giá Trạm: GĐTC tính toán -> GĐĐH ký duyệt | I20: SX dây đai
A21: =ROW()-ROW($A$6) -> 15 | B21: 150000010 | C21: B7.1 | D21: Chai PET B7.1 | E21: Bình 5G-Lavie | F21: Lavie | G21: - Giá cố định theo PLHĐ đã ký: 5.500đ/cái ~ 7.971đ/kg (Quy cách: 0.69kg/cái) | H21: Lavie, Vĩnh Hảo (Viva)
A22: =ROW()-ROW($A$6) -> 16 | B22: 150000017 | C22: B7.2 | D22: Chai PET B7.2 | E22: Bình nước suối 21L | F22: Trạm | G22: GĐTC duyệt giá Giá duyệt T11.2025: 9.000đ/kg | H22: Giải quyết hàng tồn cho trạm Bình nước suối 21L màu xanh đậm, đã ép kiện, không cắt đôi
A23: II | D23: Vảy PET
A24: =ROW()-ROW($A$23) -> 1 | B24: 150000051 | C24: A5.1 | D24: Vảy PET B1_A5.1 | E24: Vảy PET tuyển mua ngoài loại 1 đã được NCC xử lý rửa nóng | F24: NCC ngoài | G24: - Đầu tháng: TGĐ duyệt đầu tháng - Giá tuần: GĐĐH được điều chỉnh tăng tối đa 500đ/lần, tối đa 2 lần/tháng
A25: =ROW()-ROW($A$23) -> 2 | B25: 150000189 | C25: A5.2_R1 | D25: Vảy PET B1_A5.2_R1 | E25: Vảy PET tuyển mua ngoài loại 2 đã được NCC xử lý rửa nóng vảy đã sạch -> DTR rửa lạnh lại | F25: NCC ngoài | G25: Giá A5.1 trừ đi 500đ | H25: DTR không cần rửa nóng lại vì vảy đã sạch -> tiết kiệm hóa chất
A26: =ROW()-ROW($A$23) -> 3 | B26: 150000052 | C26: A5.2_R2 | D26: Vảy PET B1_A5.2_R2 | E26: Vảy PET tuyển mua ngoài loại 2 đã được NCC xử lý rửa nóng, vảy chưa sạch -> DTR rửa nóng lại | F26: NCC ngoài | G26: Giá A5.1 trừ đi 500đ
A27: =ROW()-ROW($A$23) -> 4 | B27: 150000053 | C27: B1_A6 | D27: Vảy PET B1_A6 | E27: Vảy PET tuyển mua ngoài đã được NCC xử lý rửa lạnh | F27: NCC ngoài | G27: Giá A5.2 trừ đi 500đ
A28: =ROW()-ROW($A$23) -> 5 | B28: 150000061 | C28: B6.2_A6 | D28: Vảy PET B6.2_A6 | E28: Vảy PET thử nghiệm | F28: Trạm Đại Lộc | G28: GĐTC duyệt giá Giá duyệt T11.2025: 16.500đ/kg
A29: =ROW()-ROW($A$23) -> 6 | B29: 150000018 | C29: PET B3_A6 | D29: Vảy PET B3_A6 | E29: Vảy PET (sting/247) mua ngoài đã được NCC xử lý rửa lạnh | G29: Từ T1.2024 tới nay chưa mua lại mã này
A30: B | D30: HDPE
A31: I | D31: BÌNH HDPE Thổi | G31: Giá duyệt theo tháng
A32: =ROW()-ROW($A$31) -> 1 | B32: 150000035 | C32: HD-16.1 | D32: Bình HD Thổi Xám HD-16.1 | E32: Bình xám | G32: Giá duyệt theo tháng | H32: Bình nhớt
A33: =ROW()-ROW($A$31) -> 2 | B33: 150000115 | C33: HD-01.1 | D33: Bình HD Thổi Trong HD-01.1 | E33: Bình màu trong | G33: Giá duyệt theo tháng
A34: =ROW()-ROW($A$31) -> 3 | B34: 150000117 | C34: HD-02.1 | D34: Bình HD Thổi Trắng sữa HD-02.1 | E34: Bình trắng sữa | G34: Giá duyệt theo tháng
A35: =ROW()-ROW($A$31) -> 4 | B35: 150000119 | C35: HD-03.1 | D35: Bình HD Thổi Vàng Nhạt HD-03.1 | E35: Bình vàng nhạt | G35: Giá duyệt theo tháng | H35: Bình rửa chén Sunlight, Lix, Mỹ Hảo màu vàng nhạt
A36: =ROW()-ROW($A$31) -> 5 | B36: 150000121 | C36: HD-04.1 | D36: Bình HD Thổi Vàng Đậm HD-04.1 | E36: Bình vàng đậm | G36: Giá duyệt theo tháng
A37: =ROW()-ROW($A$31) -> 6 | B37: 150000123 | C37: HD-05.1 | D37: Bình HD Thổi Lá Nhạt HD-05.1 | E37: Bình lá nhạt | G37: Giá duyệt theo tháng
A38: =ROW()-ROW($A$31) -> 7 | B38: 150000026 | C38: HD-06.1 | D38: Bình HD Thổi Lá Đậm HD-06.1 | E38: Bình lá đậm | G38: Giá duyệt theo tháng
A39: =ROW()-ROW($A$31) -> 8 | B39: 150000126 | C39: HD-07.1 | D39: Bình HD Thổi Đỏ Nhạt HD-07.1 | E39: Bình đỏ nhạt | G39: Giá duyệt theo tháng
A40: =ROW()-ROW($A$31) -> 9 | B40: 150000128 | C40: HD-08.1 | D40: Bình HD Thổi Đỏ Đậm HD-08.1 | E40: Bình đỏ đậm | G40: Giá duyệt theo tháng
A41: =ROW()-ROW($A$31) -> 10 | B41: 150000028 | C41: HD-09.1 | D41: Bình HD Thổi Đen HD-09.1 | E41: Bình đen | G41: Giá duyệt theo tháng
A42: =ROW()-ROW($A$31) -> 11 | B42: 150000131 | C42: HD-10.1 | D42: Bình HD Thổi Dương Đậm HD-10.1 | E42: Bình dương đậm | G42: Giá duyệt theo tháng
A43: =ROW()-ROW($A$31) -> 12 | B43: 150000030 | C43: HD-11.1 | D43: Bình HD Thổi Dương Nhạt HD-11.1 | E43: Bình dương nhạt | G43: Giá duyệt theo tháng
A44: =ROW()-ROW($A$31) -> 13 | B44: 150000134 | C44: HD-12.1 | D44: Bình HD Thổi Xanh Ngọc HD-12.1 | E44: Bình xanh ngọc | G44: Giá duyệt theo tháng
A45: =ROW()-ROW($A$31) -> 14 | B45: 150000136 | C45: HD-13.1 | D45: Bình HD Thổi Cam HD-13.1 | E45: Bình cam | G45: Giá duyệt theo tháng
A46: =ROW()-ROW($A$31) -> 15 | B46: 150000138 | C46: HD-14.1 | D46: Bình HD Thổi Tím HD-14.1 | E46: Bình tím | G46: Giá duyệt theo tháng
A47: II | D47: VẢY HDPE Thổi | G47: Giá duyệt theo tháng
A48: =ROW()-ROW($A$31) -> 17 | B48: 150000105 | C48: HV01.1_RL | D48: Vảy HD thổi trong L1 HV01.1_RL | E48: Vảy HD màu trong, rửa lạnh | G48: Đã ngưng mua mã này
A49: =ROW()-ROW($A$31) -> 18 | B49: 150000008 | C49: HV-01.1 | D49: Vảy HD Thổi Trong HV-01.1 | E49: Vảy BTP màu trong loại 1, sau rửa và tách màu | G49: - Đầu tháng: TGĐ duyệt đầu tháng - Giá tuần: GĐĐH được điều chỉnh tăng tối đa 500đ/lần, tối đa 2 lần/tháng
A50: =ROW()-ROW($A$31) -> 19 | B50: 150000106 | C50: HV01.1_TM | D50: Vảy HD thổi trong L1 HV01.1_TM | E50: Vảy BTP màu trong loại 1, sau rửa và tách màu (phó sản trả NCC) | G50: GĐĐH duyệt giá
A51: =ROW()-ROW($A$31) -> 20 | B51: 150000036 | C51: HV-01.2 | D51: Vảy HD Thổi Trong HV-01.2 | E51: Vảy BTP màu trong loại 2, sau rửa và tách màu | G51: GĐĐH duyệt giá
A52: =ROW()-ROW($A$31) -> 21 | B52: 150000047 | C52: HV-01.3 | D52: Vảy HD Thổi Trong HV-01.3 | E52: Vảy BTP màu trong, sau rửa và tách màu từ nguyên liệu vảy chai sửa (QMT) | G52: GĐĐH duyệt giá
A53: =ROW()-ROW($A$31) -> 22 | B53: 150000037 | C53: HV-02.1 | D53: Vảy HD Thổi Trắng Sữa HV-02.1 | E53: Vảy BTP trắng sữa, loại 1, sau rửa và tách màu | G53: GĐĐH duyệt giá
A54: =ROW()-ROW($A$31) -> 23 | B54: 150000048 | C54: HV-02.2 | D54: Vảy HD Thổi Trắng Sữa HV-02.2 | E54: Vảy BTP trắng sữa, loại 2, sau rửa và tách màu | G54: GĐĐH duyệt giá
A55: =ROW()-ROW($A$31) -> 24 | B55: 150000012 | C55: HV-03.1 | D55: Vảy HD Thổi Vàng HV-03.1 | E55: Vảy BTP màu vàng nhạt loại 1, sau rửa và tách màu | G55: - Đầu tháng: TGĐ duyệt đầu tháng - Giá tuần: GĐĐH được điều chỉnh tăng tối đa 500đ/lần, tối đa 2 lần/tháng
A56: =ROW()-ROW($A$31) -> 25 | B56: 150000179 | C56: HV-03.1_TM | D56: Vảy HD Thổi Vàng HV-03.1_TM | E56: Vảy BTP màu vàng nhạt, tách màu (phó sản trả NCC) | G56: GĐĐH duyệt giá
A57: =ROW()-ROW($A$31) -> 26 | B57: 150000038 | C57: HV-03.2 | D57: Vảy HD Thổi Vàng Nhạt HV-03.2 | E57: Vảy BTP màu vàng nhạt loại 2, sau rửa và tách màu | G57: GĐĐH duyệt giá
A58: III | D58: HDPE ép | G58: Giá duyệt theo tháng
A59: =ROW()-ROW($A$58) -> 1 | B59: 150000185 | D59: Nắp HD Ép Các Màu HDE-06 E | F59: Trạm | G59: Đã ngưng mua mã này | H59: Nhập gia công từ Đại Lộc, giải quyết tồn kho trạm
A60: =ROW()-ROW($A$58) -> 2 | B60: 150000072 | D60: Nắp HD Ép Các Màu HDE-06 | F60: Trạm | G60: Giá Trạm: GĐTC tính toán -> GĐĐH ký duyệt | H60: Nắp rời từ các chai B1.1, B1.2, B2.2, B4, B5 chủ yếu từ trạm Đồng Lâm, Khánh Nga
A61: =ROW()-ROW($A$58) -> 3 | B61: 150000172 | D61: Hỗn hợp B6.2 Vảy-Nắp | E61: Vảy HDPE Ép Hỗn Hợp Nắp | F61: Trạm Đại Lộc | G61: Giá Trạm: GĐTC tính toán -> GĐĐH ký duyệt | H61: Thành phẩm sau khi trạm Đại Lộc băm chai B6.2
A62: =ROW()-ROW($A$58) -> 4 | B62: 150000097 | D62: Thô HD ép dương đậm 2-3 RHT3DL2 | E62: Nguyên liệu HDPE ép màu dương (sóng, thùng, khay, các sản phẩm ép, nắp) | G62: Giá duyệt theo tháng
A63: =ROW()-ROW($A$58) -> 5 | B63: 150000066 | D63: HD ép thô thử nghiệm dương | G63: Giá duyệt theo tháng
A64: =ROW()-ROW($A$58) -> 6 | B64: 150000086 | D64: Vảy HD Ép Dương Nhạt Pallet | G64: Giá duyệt theo tháng
A65: =ROW()-ROW($A$58) -> 7 | B65: 150000181 | D65: Vảy HD Ép Dương Két Kiên Giang | G65: Giá duyệt theo tháng
A66: =ROW()-ROW($A$58) -> 8 | B66: 150000082 | D66: Vảy HD ép dương đậm 1-3 RHV3DL1 | G66: Giá duyệt theo tháng
A67: =ROW()-ROW($A$58) -> 9 | B67: 150000074 | D67: Vảy HD Ép Dương Nắp | E67: Vảy HD Ép Dương Nắp Hỗn Hợp | G67: Giá duyệt theo tháng
A68: =ROW()-ROW($A$58) -> 10 | B68: 150000188 | D68: Vảy HD Ép Dương HVE-06_TM | G68: Giá duyệt theo tháng
A69: C | D69: PP
A70: =ROW()-ROW($A$69) -> 1 | B70: 150000059 | C70: PP-05 | D70: Thô PP Dương PP-05 | E70: Kệ, rổ, sọt, thau, khay, ca màu xanh dương Tủ, bàn, ghế màu xanh dương | G70: Khi có đơn hàng mới mua
A71: =ROW()-ROW($A$69) -> 2 | B71: 150000057 | C71: PP-06 | D71: Thô PP Đỏ PP-06 | E71: Kệ, rổ, sọt, thau, khay, ca màu đỏ Tủ, bàn, ghế màu đỏ | G71: Khi có đơn hàng mới mua
A72: =ROW()-ROW($A$69) -> 3 | B72: 150000063 | C72: PV-01 | D72: Vảy PP Trong PV-01 | E72: Vảy PP trong | G72: Khi có đơn hàng mới mua
A73: =ROW()-ROW($A$69) -> 4 | B73: 150000076 | C73: PV-02 | D73: Vảy PP Trắng sữa PV-02 | E73: Vảy PP màu trắng | G73: Khi có đơn hàng mới mua
A74: =ROW()-ROW($A$69) -> 5 | B74: 150000107 | C74: PV-05 | D74: Vảy PP Lá Nhạt PV-05 | E74: Vảy PP màu lá nhạt | G74: Khi có đơn hàng mới mua
A75: =ROW()-ROW($A$69) -> 6 | B75: 150000056 | C75: PV-07 | D75: Vảy PP Dương Nhạt PV-07 | E75: Vảy PP màu dương nhạt | G75: Khi có đơn hàng mới mua
A76: =ROW()-ROW($A$69) -> 7 | B76: 150000111 | C76: PV-08 | D76: Vảy PP Dương Đậm PV-08 | E76: Vảy PP màu dương đậm | G76: Khi có đơn hàng mới mua
A77: =ROW()-ROW($A$69) -> 8 | B77: 150000110 | C77: PV-09 | D77: Vảy PP Môn PV-09 | E77: Vảy PP màu môn | G77: Khi có đơn hàng mới mua
A78: =ROW()-ROW($A$69) -> 9 | B78: 150000054 | C78: PV-10 | D78: Vảy PP Đỏ Nhạt PV-10 | E78: Vảy PP màu đỏ nhạt | G78: Khi có đơn hàng mới mua
A79: =ROW()-ROW($A$69) -> 10 | B79: 150000186 | C79: PV-02_TM | D79: Vảy PP Trắng Sữa PV-02_TM | E79: Vảy PP màu trắng, tách màu | G79: Khi có đơn hàng mới mua
