Workbook
Name \A: #REF!
Name \M: #REF!
Name ___ATS98: #REF!
Name ___BGT02: #REF!
Name ___CHF98: #REF!
Name ___CHX2002: #REF!
Name ___CHX2003: #REF!
Name ___CHX2004: #REF!
Name ___CHX2005: #REF!
Name ___DTB2003: #REF!
Name ___DTB2004: #REF!
Name ___LY01: #REF!
Name ___Mkt1: #REF!
Name ___VAR1: #REF!
Name ___VAR2: #REF!
Name ___var22: #REF!
Name ___VAR3: #REF!
Name ___VAR4: #REF!
Name ___VAR5: #REF!
Name ___VAR6: #REF!
Name ___VAR7: #REF!
Name __ATS98: #REF!
Name __BGT02: #REF!
Name __CHF98: #REF!
Name __CHX2002: #REF!
Name __CHX2003: #REF!
Name __CHX2004: #REF!
Name __CHX2005: #REF!
Name __DAT1: #REF!
Name __DAT10: #REF!
Name __DAT11: #REF!
Name __DAT12: #REF!
Name __DAT13: #REF!
Name __DAT14: #REF!
Name __DAT15: #REF!
Name __DAT16: #REF!
Name __DAT17: #REF!
Name __DAT18: #REF!
Name __DAT19: #REF!
Name __DAT2: #REF!
Name __DAT20: #REF!
Name __DAT21: #REF!
Name __DAT22: #REF!
Name __DAT23: #REF!
Name __DAT24: #REF!
Name __DAT25: #REF!
Name __DAT26: #REF!
Name __DAT27: #REF!
Name __DAT28: #REF!
Name __DAT29: #REF!
Name __DAT3: #REF!
Name __DAT30: #REF!
Name __DAT31: #REF!
Name __DAT32: #REF!
Name __DAT33: #REF!
Name __DAT34: #REF!
Name __DAT35: #REF!
Name __DAT36: #REF!
Name __DAT37: #REF!
Name __DAT38: #REF!

Sheet 4.DOANH THU
BG1: Đơn vị tính: triệu đồng
B2: DUYTAN TÁI CHẾ
B3: KẾ HOẠCH KINH DOANH & NGÂN SÁCH NĂM 2025
B4: DOANH THU | AT4: tự động, không điền số | AX4: tự động, không điền số | BC4: tự động, không điền số
B5: STT | D5: 2023 | R5: 2024 | AF5: 2025 | AT5: Năm | AX5: Biến động | BC5: Tỉ lệ %/Doanh thu | BG5: Giải trình
C6: Nội dung | D6: 01 | E6: 02 | F6: 03 | G6: 04 | H6: 05 | I6: 06 | J6: 07 | K6: 08 | L6: 09 | M6: 10 | N6: 11 | O6: 12 | P6: 2023 | R6: 01 | S6: 02 | T6: 03 | U6: 04 | V6: 05 | W6: 06 | X6: 07 | Y6: 08 | Z6: 09 | AA6: 10 | AB6: 11 | AC6: 12 | AD6: 2024 | AF6: 01 | AG6: 02 | AH6: 03 | AI6: 04 | AJ6: 05 | AK6: 06 | AL6: 07 | AM6: 08 | AN6: 09 | AO6: 10 | AP6: 11 | AQ6: 12 | AR6: 2025 | AT6: =P6 -> 2023 | AU6: =AD6 -> 2024 | AV6: =AR6 -> 2025 | AX6: 24 sv 23 | AY6: % | AZ6: 25 sv 24 | BA6: % | BC6: =AT6 -> 2023 | BD6: =AU6 -> 2024 | BE6: =AV6 -> 2025
B7: 1 | C7: SẢN LƯỢNG (tấn) | D7: =SUM(D8:D17) -> 651.8 | E7: =SUM(E8:E17) -> 653.075 | F7: =SUM(F8:F17) -> 1860.64 | G7: =SUM(G8:G17) -> 1792.575 | H7: =SUM(H8:H17) -> 1632.875 | I7: =SUM(I8:I17) -> 1573.975 | J7: =SUM(J8:J17) -> 1591.575 | K7: =SUM(K8:K17) -> 2445.175 | ... AR7: =SUM(AR8:AR17) -> #REF! | AT7: =P7 -> 21482.69 | AU7: =AD7 -> 45118.917 | AV7: =AR7 -> #REF! | AX7: =AU7-AT7 -> 23636.227 | AY7: =IFERROR(AX7/AT7,"") -> 1.1002452 | AZ7: =AV7-AU7 -> #REF! | BA7: =IFERROR(AZ7/AU7,"")
B8: 1.1 | C8: rPET | D8: 591.8 | E8: 546.775 | F8: 1734.14 | G8: 1712.85 | H8: 1466.4 | I8: 1412.6 | J8: 1477.45 | K8: 2318.6 | L8: 1561 | M8: 2096.9 | N8: 1926.425 | O8: 3138.4 | P8: =SUM(D8:O8) -> 19983.34 | R8: =SUMIFS('511'!$Q:$Q,'511'!$R:$R,'4.DOANH THU'!$C8,'511'!$A:$A,'4.DOANH THU'!R$6)/1000 -> 1901.95 | S8: =SUMIFS('511'!$Q:$Q,'511'!$R:$R,'4.DOANH THU'!$C8,'511'!$A:$A,'4.DOANH THU'!S$6)/1000 -> 1962.4 | T8: =SUMIFS('511'!$Q:$Q,'511'!$R:$R,'4.DOANH THU'!$C8,'511'!$A:$A,'4.DOANH THU'!T$6)/1000 -> 2680.425 | U8: =SUMIFS('511'!$Q:$Q,'511'!$R:$R,'4.DOANH THU'!$C8,'511'!$A:$A,'4.DOANH THU'!U$6)/1000 -> 2733.725 | V8: =SUMIFS('511'!$Q:$Q,'511'!$R:$R,'4.DOANH THU'!$C8,'511'!$A:$A,'4.DOANH THU'!V$6)/1000 -> 2891.725 | W8: =SUMIFS('511'!$Q:$Q,'511'!$R:$R,'4.DOANH THU'!$C8,'511'!$A:$A,'4.DOANH THU'!W$6)/1000 -> 1564.1 | X8: =SUMIFS('511'!$Q:$Q,'511'!$R:$R,'4.DOANH THU'!$C8,'511'!$A:$A,'4.DOANH THU'!X$6)/1000 -> 1508 | Y8: =SUMIFS('511'!$Q:$Q,'511'!$R:$R,'4.DOANH THU'!$C8,'511'!$A:$A,'4.DOANH THU'!Y$6)/1000 -> 4752.5829 | ... AA8: =SUMIFS('511'!$Q:$Q,'511'!$R:$R,'4.DOANH THU'!$C8,'511'!$A:$A,'4.DOANH THU'!AA$6)/1000 -> 3247.4 | AB8: 3514.7 | AC8: 6712 | AD8: =SUM(R8:AC8) -> 38046.708 | AF8: =SUMIFS('KH 2026'!N:N,'KH 2026'!$K:$K,'4.DOANH THU'!$C8) -> 3754.6359 | AG8: =SUMIFS('KH 2026'!O:O,'KH 2026'!$K:$K,'4.DOANH THU'!$C8) -> 3654.7276 | AH8: =SUMIFS('KH 2026'!P:P,'KH 2026'!$K:$K,'4.DOANH THU'!$C8) -> 3872.9704 | AI8: =SUMIFS('KH 2026'!Q:Q,'KH 2026'!$K:$K,'4.DOANH THU'!$C8) -> 3773.6445 | AJ8: =SUMIFS('KH 2026'!R:R,'KH 2026'!$K:$K,'4.DOANH THU'!$C8) -> 4033.8495 | AK8: =SUMIFS('KH 2026'!S:S,'KH 2026'!$K:$K,'4.DOANH THU'!$C8) -> 3849.3652 | AL8: =SUMIFS('KH 2026'!T:T,'KH 2026'!$K:$K,'4.DOANH THU'!$C8) -> 4007.8355 | AM8: =SUMIFS('KH 2026'!U:U,'KH 2026'!$K:$K,'4.DOANH THU'!$C8) -> 3868.2625 | AN8: =SUMIFS('KH 2026'!V:V,'KH 2026'!$K:$K,'4.DOANH THU'!$C8) -> 3873.0361 | AO8: =SUMIFS('KH 2026'!W:W,'KH 2026'!$K:$K,'4.DOANH THU'!$C8) -> 3750.0393 | AP8: =SUMIFS('KH 2026'!X:X,'KH 2026'!$K:$K,'4.DOANH THU'!$C8) -> 4016.6561 | AQ8: =SUMIFS('KH 2026'!Y:Y,'KH 2026'!$K:$K,'4.DOANH THU'!$C8) -> 3891.9334 | AR8: =SUM(AF8:AQ8) -> 46346.956 | AT8: =P8 -> 19983.34 | AU8: =AD8 -> 38046.708 | AV8: =AR8 -> 46346.956 | AX8: =AU8-AT8 -> 18063.368 | AY8: =IFERROR(AX8/AT8,"") -> 0.90392136 | AZ8: =AV8-AU8 -> 8300.2483 | BA8: =IFERROR(AZ8/AU8,"") -> 0.21815944
B9: 1.2 | C9: rHDPE | D9: 60 | E9: 106.3 | F9: 126.5 | G9: 79.725 | H9: 166.35 | I9: 161.375 | J9: 114.125 | K9: 126.5 | L9: 85.875 | M9: 162.625 | N9: 182.375 | O9: 127.4 | P9: =SUM(D9:O9) -> 1499.15 | R9: =SUMIFS('511'!$Q:$Q,'511'!$R:$R,'4.DOANH THU'!$C9,'511'!$A:$A,'4.DOANH THU'!R$6)/1000 -> 214.375 | S9: =SUMIFS('511'!$Q:$Q,'511'!$R:$R,'4.DOANH THU'!$C9,'511'!$A:$A,'4.DOANH THU'!S$6)/1000 -> 136.95 | T9: =SUMIFS('511'!$Q:$Q,'511'!$R:$R,'4.DOANH THU'!$C9,'511'!$A:$A,'4.DOANH THU'!T$6)/1000 -> 171.9 | U9: =SUMIFS('511'!$Q:$Q,'511'!$R:$R,'4.DOANH THU'!$C9,'511'!$A:$A,'4.DOANH THU'!U$6)/1000 -> 211.025 | V9: =SUMIFS('511'!$Q:$Q,'511'!$R:$R,'4.DOANH THU'!$C9,'511'!$A:$A,'4.DOANH THU'!V$6)/1000 -> 195.9 | W9: =SUMIFS('511'!$Q:$Q,'511'!$R:$R,'4.DOANH THU'!$C9,'511'!$A:$A,'4.DOANH THU'!W$6)/1000 -> 126.5 | X9: =SUMIFS('511'!$Q:$Q,'511'!$R:$R,'4.DOANH THU'!$C9,'511'!$A:$A,'4.DOANH THU'!X$6)/1000 -> 110.925 | Y9: =SUMIFS('511'!$Q:$Q,'511'!$R:$R,'4.DOANH THU'!$C9,'511'!$A:$A,'4.DOANH THU'!Y$6)/1000 -> 141.125 | ... AA9: =SUMIFS('511'!$Q:$Q,'511'!$R:$R,'4.DOANH THU'!$C9,'511'!$A:$A,'4.DOANH THU'!AA$6)/1000 -> 235.5 | AB9: 140 | AC9: 300.25 | AD9: =SUM(R9:AC9) -> 2127.725 | AF9: =SUMIFS('KH 2026'!N:N,'KH 2026'!$K:$K,'4.DOANH THU'!$C9) -> 0 | AG9: =SUMIFS('KH 2026'!O:O,'KH 2026'!$K:$K,'4.DOANH THU'!$C9) -> 0 | AH9: =SUMIFS('KH 2026'!P:P,'KH 2026'!$K:$K,'4.DOANH THU'!$C9) -> 0 | AI9: =SUMIFS('KH 2026'!Q:Q,'KH 2026'!$K:$K,'4.DOANH THU'!$C9) -> 0 | AJ9: =SUMIFS('KH 2026'!R:R,'KH 2026'!$K:$K,'4.DOANH THU'!$C9) -> 0 | AK9: =SUMIFS('KH 2026'!S:S,'KH 2026'!$K:$K,'4.DOANH THU'!$C9) -> 0 | AL9: =SUMIFS('KH 2026'!T:T,'KH 2026'!$K:$K,'4.DOANH THU'!$C9) -> 0 | AM9: =SUMIFS('KH 2026'!U:U,'KH 2026'!$K:$K,'4.DOANH THU'!$C9) -> 0 | AN9: =SUMIFS('KH 2026'!V:V,'KH 2026'!$K:$K,'4.DOANH THU'!$C9) -> 0 | AO9: =SUMIFS('KH 2026'!W:W,'KH 2026'!$K:$K,'4.DOANH THU'!$C9) -> 0 | AP9: =SUMIFS('KH 2026'!X:X,'KH 2026'!$K:$K,'4.DOANH THU'!$C9) -> 0 | AQ9: =SUMIFS('KH 2026'!Y:Y,'KH 2026'!$K:$K,'4.DOANH THU'!$C9) -> 0 | AR9: =SUM(AF9:AQ9) -> 0 | AT9: =P9 -> 1499.15 | AU9: =AD9 -> 2127.725 | AV9: =AR9 -> 0 | AX9: =AU9-AT9 -> 628.575 | AY9: =IFERROR(AX9/AT9,"") -> 0.4192876 | AZ9: =AV9-AU9 -> -2127.725 | BA9: =IFERROR(AZ9/AU9,"") -> -1
B10: 1.3 | C10: rPP | H10: 0.125 | K10: 0.075 | P10: =SUM(D10:O10) -> 0.2 | R10: =SUMIFS('511'!$Q:$Q,'511'!$R:$R,'4.DOANH THU'!$C10,'511'!$A:$A,'4.DOANH THU'!R$6)/1000 -> 15 | S10: =SUMIFS('511'!$Q:$Q,'511'!$R:$R,'4.DOANH THU'!$C10,'511'!$A:$A,'4.DOANH THU'!S$6)/1000 -> 15 | T10: =SUMIFS('511'!$Q:$Q,'511'!$R:$R,'4.DOANH THU'!$C10,'511'!$A:$A,'4.DOANH THU'!T$6)/1000 -> 56 | U10: =SUMIFS('511'!$Q:$Q,'511'!$R:$R,'4.DOANH THU'!$C10,'511'!$A:$A,'4.DOANH THU'!U$6)/1000 -> 30.5 | V10: =SUMIFS('511'!$Q:$Q,'511'!$R:$R,'4.DOANH THU'!$C10,'511'!$A:$A,'4.DOANH THU'!V$6)/1000 -> 35.25 | W10: =SUMIFS('511'!$Q:$Q,'511'!$R:$R,'4.DOANH THU'!$C10,'511'!$A:$A,'4.DOANH THU'!W$6)/1000 -> 5.25 | X10: =SUMIFS('511'!$Q:$Q,'511'!$R:$R,'4.DOANH THU'!$C10,'511'!$A:$A,'4.DOANH THU'!X$6)/1000 -> 0.3 | Y10: =SUMIFS('511'!$Q:$Q,'511'!$R:$R,'4.DOANH THU'!$C10,'511'!$A:$A,'4.DOANH THU'!Y$6)/1000 -> 41.675 | ... AA10: =SUMIFS('511'!$Q:$Q,'511'!$R:$R,'4.DOANH THU'!$C10,'511'!$A:$A,'4.DOANH THU'!AA$6)/1000 -> 18.025 | AB10: 20 | AC10: 20 | AD10: =SUM(R10:AC10) -> 257.025 | AF10: =SUMIFS('KH 2026'!N:N,'KH 2026'!$K:$K,'4.DOANH THU'!$C10) -> 72 | AG10: =SUMIFS('KH 2026'!O:O,'KH 2026'!$K:$K,'4.DOANH THU'!$C10) -> 63 | AH10: =SUMIFS('KH 2026'!P:P,'KH 2026'!$K:$K,'4.DOANH THU'!$C10) -> 72 | AI10: =SUMIFS('KH 2026'!Q:Q,'KH 2026'!$K:$K,'4.DOANH THU'!$C10) -> 63 | AJ10: =SUMIFS('KH 2026'!R:R,'KH 2026'!$K:$K,'4.DOANH THU'!$C10) -> 72 | AK10: =SUMIFS('KH 2026'!S:S,'KH 2026'!$K:$K,'4.DOANH THU'!$C10) -> 87 | AL10: =SUMIFS('KH 2026'!T:T,'KH 2026'!$K:$K,'4.DOANH THU'!$C10) -> 72 | AM10: =SUMIFS('KH 2026'!U:U,'KH 2026'!$K:$K,'4.DOANH THU'!$C10) -> 63 | AN10: =SUMIFS('KH 2026'!V:V,'KH 2026'!$K:$K,'4.DOANH THU'!$C10) -> 72 | AO10: =SUMIFS('KH 2026'!W:W,'KH 2026'!$K:$K,'4.DOANH THU'!$C10) -> 87 | AP10: =SUMIFS('KH 2026'!X:X,'KH 2026'!$K:$K,'4.DOANH THU'!$C10) -> 72 | AQ10: =SUMIFS('KH 2026'!Y:Y,'KH 2026'!$K:$K,'4.DOANH THU'!$C10) -> 63 | AR10: =SUM(AF10:AQ10) -> 858 | AT10: =P10 -> 0.2 | AU10: =AD10 -> 257.025 | AV10: =AR10 -> 858 | AX10: =AU10-AT10 -> 256.825 | AZ10: =AV10-AU10 -> 600.975 | BA10: =IFERROR(AZ10/AU10,"") -> 2.3381967
B11: 1.4 | C11: Xơ sợi | P11: =SUM(D11:O11) -> 0 | R11: =SUMIFS('511'!$Q:$Q,'511'!$R:$R,'4.DOANH THU'!$C11,'511'!$A:$A,'4.DOANH THU'!R$6)/1000 -> 22 | S11: =SUMIFS('511'!$Q:$Q,'511'!$R:$R,'4.DOANH THU'!$C11,'511'!$A:$A,'4.DOANH THU'!S$6)/1000 -> 50.025 | T11: =SUMIFS('511'!$Q:$Q,'511'!$R:$R,'4.DOANH THU'!$C11,'511'!$A:$A,'4.DOANH THU'!T$6)/1000 -> 0.075 | U11: =SUMIFS('511'!$Q:$Q,'511'!$R:$R,'4.DOANH THU'!$C11,'511'!$A:$A,'4.DOANH THU'!U$6)/1000 -> 225.5 | V11: =SUMIFS('511'!$Q:$Q,'511'!$R:$R,'4.DOANH THU'!$C11,'511'!$A:$A,'4.DOANH THU'!V$6)/1000 -> 82.55 | W11: =SUMIFS('511'!$Q:$Q,'511'!$R:$R,'4.DOANH THU'!$C11,'511'!$A:$A,'4.DOANH THU'!W$6)/1000 -> 185.9 | X11: =SUMIFS('511'!$Q:$Q,'511'!$R:$R,'4.DOANH THU'!$C11,'511'!$A:$A,'4.DOANH THU'!X$6)/1000 -> 165 | Y11: =SUMIFS('511'!$Q:$Q,'511'!$R:$R,'4.DOANH THU'!$C11,'511'!$A:$A,'4.DOANH THU'!Y$6)/1000 -> 0 | ... AA11: =SUMIFS('511'!$Q:$Q,'511'!$R:$R,'4.DOANH THU'!$C11,'511'!$A:$A,'4.DOANH THU'!AA$6)/1000 -> 231 | AB11: 33 | AC11: 220 | AD11: =SUM(R11:AC11) -> 1435.05 | AF11: =SUMIFS('KH 2026'!N:N,'KH 2026'!$K:$K,'4.DOANH THU'!$C11) -> 86.586983 | AG11: =SUMIFS('KH 2026'!O:O,'KH 2026'!$K:$K,'4.DOANH THU'!$C11) -> 86.586983 | AH11: =SUMIFS('KH 2026'!P:P,'KH 2026'!$K:$K,'4.DOANH THU'!$C11) -> 86.586983 | AI11: =SUMIFS('KH 2026'!Q:Q,'KH 2026'!$K:$K,'4.DOANH THU'!$C11) -> 86.586983 | AJ11: =SUMIFS('KH 2026'!R:R,'KH 2026'!$K:$K,'4.DOANH THU'!$C11) -> 86.586983 | AK11: =SUMIFS('KH 2026'!S:S,'KH 2026'!$K:$K,'4.DOANH THU'!$C11) -> 86.586983 | AL11: =SUMIFS('KH 2026'!T:T,'KH 2026'!$K:$K,'4.DOANH THU'!$C11) -> 86.586983 | AM11: =SUMIFS('KH 2026'!U:U,'KH 2026'!$K:$K,'4.DOANH THU'!$C11) -> 86.586983 | AN11: =SUMIFS('KH 2026'!V:V,'KH 2026'!$K:$K,'4.DOANH THU'!$C11) -> 86.586983 | AO11: =SUMIFS('KH 2026'!W:W,'KH 2026'!$K:$K,'4.DOANH THU'!$C11) -> 86.586983 | AP11: =SUMIFS('KH 2026'!X:X,'KH 2026'!$K:$K,'4.DOANH THU'!$C11) -> 86.586983 | AQ11: =SUMIFS('KH 2026'!Y:Y,'KH 2026'!$K:$K,'4.DOANH THU'!$C11) -> 86.586983 | AR11: =SUM(AF11:AQ11) -> 1039.0438 | AT11: =P11 -> 0 | AU11: =AD11 -> 1435.05 | AV11: =AR11 -> 1039.0438 | AX11: =AU11-AT11 -> 1435.05 | AY11: =IFERROR(AX11/AT11,"") | AZ11: =AV11-AU11 -> -396.0062 | BA11: =IFERROR(AZ11/AU11,"") -> -0.27595289
B12: 1.5 | C12: Khác (phó sản, phế liệu) | P12: =SUM(D12:O12) -> 0 | R12: =SUMIFS('511'!$Q:$Q,'511'!$R:$R,'4.DOANH THU'!$C12,'511'!$A:$A,'4.DOANH THU'!R$6)/1000 -> 246.83 | S12: =SUMIFS('511'!$Q:$Q,'511'!$R:$R,'4.DOANH THU'!$C12,'511'!$A:$A,'4.DOANH THU'!S$6)/1000 -> 55.676 | T12: =SUMIFS('511'!$Q:$Q,'511'!$R:$R,'4.DOANH THU'!$C12,'511'!$A:$A,'4.DOANH THU'!T$6)/1000 -> 5.668 | U12: =SUMIFS('511'!$Q:$Q,'511'!$R:$R,'4.DOANH THU'!$C12,'511'!$A:$A,'4.DOANH THU'!U$6)/1000 -> 2.002 | V12: =SUMIFS('511'!$Q:$Q,'511'!$R:$R,'4.DOANH THU'!$C12,'511'!$A:$A,'4.DOANH THU'!V$6)/1000 -> 37.269 | W12: =SUMIFS('511'!$Q:$Q,'511'!$R:$R,'4.DOANH THU'!$C12,'511'!$A:$A,'4.DOANH THU'!W$6)/1000 -> 39.315 | X12: =SUMIFS('511'!$Q:$Q,'511'!$R:$R,'4.DOANH THU'!$C12,'511'!$A:$A,'4.DOANH THU'!X$6)/1000 -> 22.628 | Y12: =SUMIFS('511'!$Q:$Q,'511'!$R:$R,'4.DOANH THU'!$C12,'511'!$A:$A,'4.DOANH THU'!Y$6)/1000 -> 193.176 | ... AA12: =SUMIFS('511'!$Q:$Q,'511'!$R:$R,'4.DOANH THU'!$C12,'511'!$A:$A,'4.DOANH THU'!AA$6)/1000 -> 219.938 | AB12: 200 | AC12: 200 | AD12: =SUM(R12:AC12) -> 1471.409 | AF12: =SUMIFS('KH 2026'!N:N,'KH 2026'!$K:$K,'4.DOANH THU'!$C12) -> 0 | AG12: =SUMIFS('KH 2026'!O:O,'KH 2026'!$K:$K,'4.DOANH THU'!$C12) -> 0 | AH12: =SUMIFS('KH 2026'!P:P,'KH 2026'!$K:$K,'4.DOANH THU'!$C12) -> 0 | AI12: =SUMIFS('KH 2026'!Q:Q,'KH 2026'!$K:$K,'4.DOANH THU'!$C12) -> 0 | AJ12: =SUMIFS('KH 2026'!R:R,'KH 2026'!$K:$K,'4.DOANH THU'!$C12) -> 0 | AK12: =SUMIFS('KH 2026'!S:S,'KH 2026'!$K:$K,'4.DOANH THU'!$C12) -> 0 | AL12: =SUMIFS('KH 2026'!T:T,'KH 2026'!$K:$K,'4.DOANH THU'!$C12) -> 0 | AM12: =SUMIFS('KH 2026'!U:U,'KH 2026'!$K:$K,'4.DOANH THU'!$C12) -> 0 | AN12: =SUMIFS('KH 2026'!V:V,'KH 2026'!$K:$K,'4.DOANH THU'!$C12) -> 0 | AO12: =SUMIFS('KH 2026'!W:W,'KH 2026'!$K:$K,'4.DOANH THU'!$C12) -> 0 | AP12: =SUMIFS('KH 2026'!X:X,'KH 2026'!$K:$K,'4.DOANH THU'!$C12) -> 0 | AQ12: =SUMIFS('KH 2026'!Y:Y,'KH 2026'!$K:$K,'4.DOANH THU'!$C12) -> 0 | AR12: =SUM(AF12:AQ12) -> 0 | AT12: =P12 -> 0 | AU12: =AD12 -> 1471.409 | AV12: =AR12 -> 0 | AX12: =AU12-AT12 -> 1471.409 | AY12: =IFERROR(AX12/AT12,"") | AZ12: =AV12-AU12 -> -1471.409
B13: 1.6 | C13: Khác (tài trợ) | P13: =SUM(D13:O13) -> 0 | R13: =SUMIFS('511'!$Q:$Q,'511'!$R:$R,'4.DOANH THU'!$C13,'511'!$A:$A,'4.DOANH THU'!R$6)/1000 -> 0 | S13: =SUMIFS('511'!$Q:$Q,'511'!$R:$R,'4.DOANH THU'!$C13,'511'!$A:$A,'4.DOANH THU'!S$6)/1000 -> 0 | T13: =SUMIFS('511'!$Q:$Q,'511'!$R:$R,'4.DOANH THU'!$C13,'511'!$A:$A,'4.DOANH THU'!T$6)/1000 -> 0 | U13: =SUMIFS('511'!$Q:$Q,'511'!$R:$R,'4.DOANH THU'!$C13,'511'!$A:$A,'4.DOANH THU'!U$6)/1000 -> 0 | V13: =SUMIFS('511'!$Q:$Q,'511'!$R:$R,'4.DOANH THU'!$C13,'511'!$A:$A,'4.DOANH THU'!V$6)/1000 -> 0 | W13: =SUMIFS('511'!$Q:$Q,'511'!$R:$R,'4.DOANH THU'!$C13,'511'!$A:$A,'4.DOANH THU'!W$6)/1000 -> 0 | X13: =SUMIFS('511'!$Q:$Q,'511'!$R:$R,'4.DOANH THU'!$C13,'511'!$A:$A,'4.DOANH THU'!X$6)/1000 -> 0 | Y13: =SUMIFS('511'!$Q:$Q,'511'!$R:$R,'4.DOANH THU'!$C13,'511'!$A:$A,'4.DOANH THU'!Y$6)/1000 -> 0 | ... AA13: =SUMIFS('511'!$Q:$Q,'511'!$R:$R,'4.DOANH THU'!$C13,'511'!$A:$A,'4.DOANH THU'!AA$6)/1000 -> 0 | AD13: =SUM(R13:AC13) -> 0 | AF13: =SUMIFS('KH 2026'!N:N,'KH 2026'!$K:$K,'4.DOANH THU'!$C13) -> 0 | AG13: =SUMIFS('KH 2026'!O:O,'KH 2026'!$K:$K,'4.DOANH THU'!$C13) -> 0 | AH13: =SUMIFS('KH 2026'!P:P,'KH 2026'!$K:$K,'4.DOANH THU'!$C13) -> 0 | AI13: =SUMIFS('KH 2026'!Q:Q,'KH 2026'!$K:$K,'4.DOANH THU'!$C13) -> 0 | AJ13: =SUMIFS('KH 2026'!R:R,'KH 2026'!$K:$K,'4.DOANH THU'!$C13) -> 0 | AK13: =SUMIFS('KH 2026'!S:S,'KH 2026'!$K:$K,'4.DOANH THU'!$C13) -> 0 | AL13: =SUMIFS('KH 2026'!T:T,'KH 2026'!$K:$K,'4.DOANH THU'!$C13) -> 0 | AM13: =SUMIFS('KH 2026'!U:U,'KH 2026'!$K:$K,'4.DOANH THU'!$C13) -> 0 | AN13: =SUMIFS('KH 2026'!V:V,'KH 2026'!$K:$K,'4.DOANH THU'!$C13) -> 0 | AO13: =SUMIFS('KH 2026'!W:W,'KH 2026'!$K:$K,'4.DOANH THU'!$C13) -> 0 | AP13: =SUMIFS('KH 2026'!X:X,'KH 2026'!$K:$K,'4.DOANH THU'!$C13) -> 0 | AQ13: =SUMIFS('KH 2026'!Y:Y,'KH 2026'!$K:$K,'4.DOANH THU'!$C13) -> 0 | AR13: =SUM(AF13:AQ13) -> 0 | AT13: =P13 -> 0 | AU13: =AD13 -> 0 | AV13: =AR13 -> 0 | AX13: =AU13-AT13 -> 0 | AY13: =IFERROR(AX13/AT13,"") | AZ13: =AV13-AU13 -> 0 | BA13: =IFERROR(AZ13/AU13,"")
B14: 1.7 | C14: Dây đai | P14: =SUM(D14:O14) -> 0 | R14: =SUMIFS('511'!$Q:$Q,'511'!$R:$R,'4.DOANH THU'!$C14,'511'!$A:$A,'4.DOANH THU'!R$6)/1000 -> 0 | S14: =SUMIFS('511'!$Q:$Q,'511'!$R:$R,'4.DOANH THU'!$C14,'511'!$A:$A,'4.DOANH THU'!S$6)/1000 -> 165 | T14: =SUMIFS('511'!$Q:$Q,'511'!$R:$R,'4.DOANH THU'!$C14,'511'!$A:$A,'4.DOANH THU'!T$6)/1000 -> 58 | U14: =SUMIFS('511'!$Q:$Q,'511'!$R:$R,'4.DOANH THU'!$C14,'511'!$A:$A,'4.DOANH THU'!U$6)/1000 -> 0 | V14: =SUMIFS('511'!$Q:$Q,'511'!$R:$R,'4.DOANH THU'!$C14,'511'!$A:$A,'4.DOANH THU'!V$6)/1000 -> 222 | W14: =SUMIFS('511'!$Q:$Q,'511'!$R:$R,'4.DOANH THU'!$C14,'511'!$A:$A,'4.DOANH THU'!W$6)/1000 -> 511.26 | X14: =SUMIFS('511'!$Q:$Q,'511'!$R:$R,'4.DOANH THU'!$C14,'511'!$A:$A,'4.DOANH THU'!X$6)/1000 -> 180 | Y14: =SUMIFS('511'!$Q:$Q,'511'!$R:$R,'4.DOANH THU'!$C14,'511'!$A:$A,'4.DOANH THU'!Y$6)/1000 -> 380 | ... AA14: =SUMIFS('511'!$Q:$Q,'511'!$R:$R,'4.DOANH THU'!$C14,'511'!$A:$A,'4.DOANH THU'!AA$6)/1000 -> 264.74 | AD14: =SUM(R14:AC14) -> 1781 | AF14: =#REF! -> #REF! | AG14: =#REF! -> #REF! | AH14: =#REF! -> #REF! | AI14: =#REF! -> #REF! | AJ14: =#REF! -> #REF! | AK14: =#REF! -> #REF! | AL14: =#REF! -> #REF! | AM14: =#REF! -> #REF! | ... AQ14: =#REF! -> #REF! | AR14: =SUM(AF14:AQ14) -> #REF! | AT14: =P14 -> 0 | AU14: =AD14 -> 1781 | AV14: =AR14 -> #REF! | AX14: =AU14-AT14 -> 1781 | AY14: =IFERROR(AX14/AT14,"") | AZ14: =AV14-AU14 -> #REF! | BA14: =IFERROR(AZ14/AU14,"")
B15: 1.8 | C15: Chi phí xuất khẩu | P15: =SUM(D15:O15) -> 0 | AR15: =SUM(AF15:AQ15) -> 0 | AT15: =P15 -> 0 | AU15: =AD15 -> 0 | AV15: =AR15 -> 0 | AX15: =AU15-AT15 -> 0 | AY15: =IFERROR(AX15/AT15,"") | AZ15: =AV15-AU15 -> 0 | BA15: =IFERROR(AZ15/AV15,"")
B16: 1.9 | C16: XX | AT16: =P16 -> 0 | AU16: =AD16 -> 0 | AV16: =AR16 -> 0 | AX16: =AU16-AT16 -> 0 | AY16: =IFERROR(AX16/AT16,"") | AZ16: =AV16-AU16 -> 0 | BA16: =IFERROR(AZ16/AV16,"")
B17: 1.10 | C17: XX | AT17: =P17 -> 0 | AU17: =AD17 -> 0 | AV17: =AR17 -> 0 | AX17: =AU17-AT17 -> 0 | AY17: =IFERROR(AX17/AT17,"") | AZ17: =AV17-AU17 -> 0 | BA17: =IFERROR(AZ17/AV17,"")
B18: 2 | C18: DOANH THU (Trđ) | D18: =SUM(D19:D28) -> #REF! | E18: =SUM(E19:E28) -> #REF! | F18: =SUM(F19:F28) -> #REF! | G18: =SUM(G19:G28) -> #REF! | H18: =SUM(H19:H28) -> #REF! | I18: =SUM(I19:I28) -> #REF! | J18: =SUM(J19:J28) -> #REF! | K18: =SUM(K19:K28) -> #REF! | ... AR18: =SUM(AR19:AR28) -> #REF! | AT18: =P18 -> #REF! | AU18: =AD18 -> 1359355.2 | AV18: =AR18 -> #REF! | AX18: =AU18-AT18 -> #REF! | AY18: =IFERROR(AX18/AT18,"") | AZ18: =AV18-AU18 -> #REF! | BA18: =IFERROR(AZ18/AU18,"") | BC18: =IFERROR(AT18/AT$18,"") | BD18: =IFERROR(AU18/AU$18,"") -> 1 | BE18: =IFERROR(AV18/AV$18,"")
B19: 2.1 | C19: =C30 -> rPET | D19: =19396.48348-D26 -> #REF! | E19: =18963.976457-E26 -> #REF! | F19: =53172.37105-F26 -> #REF! | G19: =51252.84836-G26 -> #REF! | H19: =45718.90666-H26 -> #REF! | I19: =44053.037287-I26 -> #REF! | J19: =46420.304964-J26 -> #REF! | K19: =71532.069455-K26 -> #REF! | L19: =50880.777704-L26 -> #REF! | M19: =72547.856348-M26 -> #REF! | N19: =55659.174905-N26 -> #REF! | O19: =91608.39445-O26 -> #REF! | P19: =SUM(D19:O19) -> #REF! | R19: 56566.322 | S19: 59696.552 | T19: 80807.5 | U19: 82629.115 | V19: 88373.996 | W19: 49159.51 | X19: 45482.549 | Y19: 134002.49 | Z19: 129683.46 | AA19: 94810.295 | AB19: 114153.01 | AC19: 215813.18 | AD19: =SUM(R19:AC19) -> 1151178 | AF19: =SUMIFS('KH 2026'!AU:AU,'KH 2026'!$K:$K,'4.DOANH THU'!$C19)/10^6 -> 112067.22 | AG19: =SUMIFS('KH 2026'!AV:AV,'KH 2026'!$K:$K,'4.DOANH THU'!$C19)/10^6 -> 109088.86 | AH19: =SUMIFS('KH 2026'!AW:AW,'KH 2026'!$K:$K,'4.DOANH THU'!$C19)/10^6 -> 115750.31 | AI19: =SUMIFS('KH 2026'!AX:AX,'KH 2026'!$K:$K,'4.DOANH THU'!$C19)/10^6 -> 112741.82 | AJ19: =SUMIFS('KH 2026'!AY:AY,'KH 2026'!$K:$K,'4.DOANH THU'!$C19)/10^6 -> 120771.28 | AK19: =SUMIFS('KH 2026'!AZ:AZ,'KH 2026'!$K:$K,'4.DOANH THU'!$C19)/10^6 -> 115158.11 | AL19: =SUMIFS('KH 2026'!BA:BA,'KH 2026'!$K:$K,'4.DOANH THU'!$C19)/10^6 -> 120001.74 | AM19: =SUMIFS('KH 2026'!BB:BB,'KH 2026'!$K:$K,'4.DOANH THU'!$C19)/10^6 -> 115666.61 | AN19: =SUMIFS('KH 2026'!BC:BC,'KH 2026'!$K:$K,'4.DOANH THU'!$C19)/10^6 -> 115941.48 | AO19: =SUMIFS('KH 2026'!BD:BD,'KH 2026'!$K:$K,'4.DOANH THU'!$C19)/10^6 -> 112161.28 | AP19: =SUMIFS('KH 2026'!BE:BE,'KH 2026'!$K:$K,'4.DOANH THU'!$C19)/10^6 -> 120283.49 | AQ19: =SUMIFS('KH 2026'!BF:BF,'KH 2026'!$K:$K,'4.DOANH THU'!$C19)/10^6 -> 116438.31 | AR19: =SUM(AF19:AQ19) -> 1386070.5 | AT19: =P19 -> #REF! | AU19: =AD19 -> 1151178 | AV19: =AR19 -> 1386070.5 | AX19: =AU19-AT19 -> #REF! | AY19: =IFERROR(AX19/AT19,"") | AZ19: =AV19-AU19 -> 234892.53 | BA19: =IFERROR(AZ19/AU19,"") -> 0.20404537 | BC19: =IFERROR(AT19/AT$18,"") | BD19: =IFERROR(AU19/AU$18,"") -> 0.84685591 | BE19: =IFERROR(AV19/AV$18,"")
B20: 2.2 | C20: =C31 -> rHDPE | D20: 2257.566 | E20: 4028.86 | F20: 4803.979 | G20: 2931.0628 | H20: 5846.4744 | I20: 5804.2415 | J20: 4174.3171 | K20: 4419.8895 | L20: 3133.9969 | M20: 5728.2765 | N20: 6625.3224 | O20: 3773.6758 | P20: =SUM(D20:O20) -> 53527.662 | R20: 7433.9118 | S20: 4453.7879 | T20: 6059.9371 | U20: 7065.9947 | V20: 6289.2351 | W20: 4270.794 | X20: 3836.6409 | Y20: 4644.4584 | Z20: 4834.7957 | AA20: 7221.6201 | AB20: 4673.9388 | AC20: 10248.05 | AD20: =SUM(R20:AC20) -> 71033.165 | AF20: =SUMIFS('KH 2026'!AU:AU,'KH 2026'!$K:$K,'4.DOANH THU'!$C20)/10^6 -> 0 | AG20: =SUMIFS('KH 2026'!AV:AV,'KH 2026'!$K:$K,'4.DOANH THU'!$C20)/10^6 -> 0 | AH20: =SUMIFS('KH 2026'!AW:AW,'KH 2026'!$K:$K,'4.DOANH THU'!$C20)/10^6 -> 0 | AI20: =SUMIFS('KH 2026'!AX:AX,'KH 2026'!$K:$K,'4.DOANH THU'!$C20)/10^6 -> 0 | AJ20: =SUMIFS('KH 2026'!AY:AY,'KH 2026'!$K:$K,'4.DOANH THU'!$C20)/10^6 -> 0 | AK20: =SUMIFS('KH 2026'!AZ:AZ,'KH 2026'!$K:$K,'4.DOANH THU'!$C20)/10^6 -> 0 | AL20: =SUMIFS('KH 2026'!BA:BA,'KH 2026'!$K:$K,'4.DOANH THU'!$C20)/10^6 -> 0 | AM20: =SUMIFS('KH 2026'!BB:BB,'KH 2026'!$K:$K,'4.DOANH THU'!$C20)/10^6 -> 0 | AN20: =SUMIFS('KH 2026'!BC:BC,'KH 2026'!$K:$K,'4.DOANH THU'!$C20)/10^6 -> 0 | AO20: =SUMIFS('KH 2026'!BD:BD,'KH 2026'!$K:$K,'4.DOANH THU'!$C20)/10^6 -> 0 | AP20: =SUMIFS('KH 2026'!BE:BE,'KH 2026'!$K:$K,'4.DOANH THU'!$C20)/10^6 -> 0 | AQ20: =SUMIFS('KH 2026'!BF:BF,'KH 2026'!$K:$K,'4.DOANH THU'!$C20)/10^6 -> 0 | AR20: =SUM(AF20:AQ20) -> 0 | AT20: =P20 -> 53527.662 | AU20: =AD20 -> 71033.165 | AV20: =AR20 -> 0 | AX20: =AU20-AT20 -> 17505.503 | AY20: =IFERROR(AX20/AT20,"") -> 0.32703657 | AZ20: =AV20-AU20 -> -71033.165 | BA20: =IFERROR(AZ20/AU20,"") -> -1 | BC20: =IFERROR(AT20/AT$18,"") | BD20: =IFERROR(AU20/AU$18,"") -> 0.052255044 | BE20: =IFERROR(AV20/AV$18,"")
B21: 2.3 | C21: =C32 -> rPP | H21: 3.7808 | K21: 1.900845 | P21: =SUM(D21:O21) -> 5.681645 | R21: =-SUMIFS('511'!$J:$J,'511'!$R:$R,'4.DOANH THU'!$C21,'511'!$A:$A,'4.DOANH THU'!R$6)/10^6 -> 298.605 | S21: =-SUMIFS('511'!$J:$J,'511'!$R:$R,'4.DOANH THU'!$C21,'511'!$A:$A,'4.DOANH THU'!S$6)/10^6 -> 298.605 | T21: =-SUMIFS('511'!$J:$J,'511'!$R:$R,'4.DOANH THU'!$C21,'511'!$A:$A,'4.DOANH THU'!T$6)/10^6 -> 1256.87 | U21: =-SUMIFS('511'!$J:$J,'511'!$R:$R,'4.DOANH THU'!$C21,'511'!$A:$A,'4.DOANH THU'!U$6)/10^6 -> 674.3855 | V21: =-SUMIFS('511'!$J:$J,'511'!$R:$R,'4.DOANH THU'!$C21,'511'!$A:$A,'4.DOANH THU'!V$6)/10^6 -> 779.41275 | W21: =-SUMIFS('511'!$J:$J,'511'!$R:$R,'4.DOANH THU'!$C21,'511'!$A:$A,'4.DOANH THU'!W$6)/10^6 -> 116.08275 | X21: =-SUMIFS('511'!$J:$J,'511'!$R:$R,'4.DOANH THU'!$C21,'511'!$A:$A,'4.DOANH THU'!X$6)/10^6 -> 7.31759 | Y21: =-SUMIFS('511'!$J:$J,'511'!$R:$R,'4.DOANH THU'!$C21,'511'!$A:$A,'4.DOANH THU'!Y$6)/10^6 -> 1081.5932 | ... AA21: =-SUMIFS('511'!$J:$J,'511'!$R:$R,'4.DOANH THU'!$C21,'511'!$A:$A,'4.DOANH THU'!AA$6)/10^6 -> 402.43134 | AB21: 446.93568 | AC21: 500 | AD21: =SUM(R21:AC21) -> 5862.8571 | AF21: =SUMIFS('KH 2026'!AU:AU,'KH 2026'!$K:$K,'4.DOANH THU'!$C21)/10^6 -> 1319.7 | AG21: =SUMIFS('KH 2026'!AV:AV,'KH 2026'!$K:$K,'4.DOANH THU'!$C21)/10^6 -> 1168.65 | AH21: =SUMIFS('KH 2026'!AW:AW,'KH 2026'!$K:$K,'4.DOANH THU'!$C21)/10^6 -> 1319.7 | AI21: =SUMIFS('KH 2026'!AX:AX,'KH 2026'!$K:$K,'4.DOANH THU'!$C21)/10^6 -> 1168.65 | AJ21: =SUMIFS('KH 2026'!AY:AY,'KH 2026'!$K:$K,'4.DOANH THU'!$C21)/10^6 -> 1319.7 | AK21: =SUMIFS('KH 2026'!AZ:AZ,'KH 2026'!$K:$K,'4.DOANH THU'!$C21)/10^6 -> 1613.85 | AL21: =SUMIFS('KH 2026'!BA:BA,'KH 2026'!$K:$K,'4.DOANH THU'!$C21)/10^6 -> 1319.7 | AM21: =SUMIFS('KH 2026'!BB:BB,'KH 2026'!$K:$K,'4.DOANH THU'!$C21)/10^6 -> 1168.65 | AN21: =SUMIFS('KH 2026'!BC:BC,'KH 2026'!$K:$K,'4.DOANH THU'!$C21)/10^6 -> 1319.7 | AO21: =SUMIFS('KH 2026'!BD:BD,'KH 2026'!$K:$K,'4.DOANH THU'!$C21)/10^6 -> 1613.85 | AP21: =SUMIFS('KH 2026'!BE:BE,'KH 2026'!$K:$K,'4.DOANH THU'!$C21)/10^6 -> 1319.7 | AQ21: =SUMIFS('KH 2026'!BF:BF,'KH 2026'!$K:$K,'4.DOANH THU'!$C21)/10^6 -> 1168.65 | AR21: =SUM(AF21:AQ21) -> 15820.5 | AT21: =P21 -> 5.681645 | AU21: =AD21 -> 5862.8571 | AV21: =AR21 -> 15820.5 | AX21: =AU21-AT21 -> 5857.1755 | AY21: =IFERROR(AX21/AT21,"") -> 1030.8943 | AZ21: =AV21-AU21 -> 9957.6429 | BA21: =IFERROR(AZ21/AU21,"") -> 1.6984284 | BC21: =IFERROR(AT21/AT$18,"") | BD21: =IFERROR(AU21/AU$18,"") -> 0.0043129692 | BE21: =IFERROR(AV21/AV$18,"")
B22: 2.4 | C22: =C33 -> Xơ sợi | P22: =SUM(D22:O22) -> 0 | R22: 503.20754 | S22: -1165.4441 | T22: 2.18207 | U22: 3832.5869 | V22: 1635.1653 | W22: 3122.5766 | X22: 2722.5 | Y22: 0 | Z22: 3892.252 | AA22: 4251.2669 | AB22: 660 | AC22: 3861 | AD22: =SUM(R22:AC22) -> 23317.293 | AF22: =SUMIFS('KH 2026'!AU:AU,'KH 2026'!$K:$K,'4.DOANH THU'!$C22)/10^6 -> 1468.5152 | AG22: =SUMIFS('KH 2026'!AV:AV,'KH 2026'!$K:$K,'4.DOANH THU'!$C22)/10^6 -> 1450.1588 | AH22: =SUMIFS('KH 2026'!AW:AW,'KH 2026'!$K:$K,'4.DOANH THU'!$C22)/10^6 -> 1431.8024 | AI22: =SUMIFS('KH 2026'!AX:AX,'KH 2026'!$K:$K,'4.DOANH THU'!$C22)/10^6 -> 1413.4459 | AJ22: =SUMIFS('KH 2026'!AY:AY,'KH 2026'!$K:$K,'4.DOANH THU'!$C22)/10^6 -> 1395.0895 | AK22: =SUMIFS('KH 2026'!AZ:AZ,'KH 2026'!$K:$K,'4.DOANH THU'!$C22)/10^6 -> 1376.733 | AL22: =SUMIFS('KH 2026'!BA:BA,'KH 2026'!$K:$K,'4.DOANH THU'!$C22)/10^6 -> 1358.3766 | AM22: =SUMIFS('KH 2026'!BB:BB,'KH 2026'!$K:$K,'4.DOANH THU'!$C22)/10^6 -> 1340.0202 | AN22: =SUMIFS('KH 2026'!BC:BC,'KH 2026'!$K:$K,'4.DOANH THU'!$C22)/10^6 -> 1321.6637 | AO22: =SUMIFS('KH 2026'!BD:BD,'KH 2026'!$K:$K,'4.DOANH THU'!$C22)/10^6 -> 1303.3073 | AP22: =SUMIFS('KH 2026'!BE:BE,'KH 2026'!$K:$K,'4.DOANH THU'!$C22)/10^6 -> 1284.9508 | AQ22: =SUMIFS('KH 2026'!BF:BF,'KH 2026'!$K:$K,'4.DOANH THU'!$C22)/10^6 -> 1266.5944 | AR22: =SUM(AF22:AQ22) -> 16410.658 | AT22: =P22 -> 0 | AU22: =AD22 -> 23317.293 | AV22: =AR22 -> 16410.658 | AX22: =AU22-AT22 -> 23317.293 | AY22: =IFERROR(AX22/AT22,"") | AZ22: =AV22-AU22 -> -6906.6355 | BA22: =IFERROR(AZ22/AU22,"") -> -0.29620228 | BC22: =IFERROR(AT22/AT$18,"") | BD22: =IFERROR(AU22/AU$18,"") -> 0.017153201 | BE22: =IFERROR(AV22/AV$18,"")
B23: 2.5 | C23: =C34 -> Khác (phó sản, phế liệu) | D23: 87.445683 | E23: 49.482552 | F23: 1236.1834 | G23: 103.13109 | H23: 1680.7844 | I23: 1046.4194 | J23: 2931.7051 | K23: 2328.6038 | L23: 9390.6439 | M23: 5347.8269 | N23: 618.54416 | O23: 898.54197 | P23: =SUM(D23:O23) -> 25719.312 | R23: =-SUMIFS('511'!$J:$J,'511'!$R:$R,'4.DOANH THU'!$C23,'511'!$A:$A,'4.DOANH THU'!R$6)/10^6 -> 1757.8884 | S23: =-SUMIFS('511'!$J:$J,'511'!$R:$R,'4.DOANH THU'!$C23,'511'!$A:$A,'4.DOANH THU'!S$6)/10^6 -> 1219.8437 | T23: =-SUMIFS('511'!$J:$J,'511'!$R:$R,'4.DOANH THU'!$C23,'511'!$A:$A,'4.DOANH THU'!T$6)/10^6 -> 195.53848 | U23: =-SUMIFS('511'!$J:$J,'511'!$R:$R,'4.DOANH THU'!$C23,'511'!$A:$A,'4.DOANH THU'!U$6)/10^6 -> 140.73871 | V23: =-SUMIFS('511'!$J:$J,'511'!$R:$R,'4.DOANH THU'!$C23,'511'!$A:$A,'4.DOANH THU'!V$6)/10^6 -> 928.72836 | W23: =-SUMIFS('511'!$J:$J,'511'!$R:$R,'4.DOANH THU'!$C23,'511'!$A:$A,'4.DOANH THU'!W$6)/10^6 -> 867.30228 | X23: =-SUMIFS('511'!$J:$J,'511'!$R:$R,'4.DOANH THU'!$C23,'511'!$A:$A,'4.DOANH THU'!X$6)/10^6 -> 473.44707 | Y23: =-SUMIFS('511'!$J:$J,'511'!$R:$R,'4.DOANH THU'!$C23,'511'!$A:$A,'4.DOANH THU'!Y$6)/10^6 -> 1235.337 | ... AA23: =-SUMIFS('511'!$J:$J,'511'!$R:$R,'4.DOANH THU'!$C23,'511'!$A:$A,'4.DOANH THU'!AA$6)/10^6 -> 1886.9294 | AB23: 1000 | AC23: 1000 | AD23: =SUM(R23:AC23) -> 12163.244 | AR23: =SUM(AF23:AQ23) -> 0 | AT23: =P23 -> 25719.312 | AU23: =AD23 -> 12163.244 | AV23: =AR23 -> 0 | AX23: =AU23-AT23 -> -13556.068 | AY23: =IFERROR(AX23/AT23,"") -> -0.5270774 | AZ23: =AV23-AU23 -> -12163.244 | BA23: =IFERROR(AZ23/AV23,"") | BC23: =IFERROR(AT23/AT$18,"") | BD23: =IFERROR(AU23/AU$18,"") -> 0.0089478043 | BE23: =IFERROR(AV23/AV$18,"")
B24: 2.6 | C24: Khác (tài trợ) | D24: 3243.9601 | H24: 4382.0385 | L24: 1510.7581 | M24: 1047.5693 | O24: 3275.3815 | P24: =SUM(D24:O24) -> 13459.708 | R24: =-SUMIFS('511'!$J:$J,'511'!$R:$R,'4.DOANH THU'!$C24,'511'!$A:$A,'4.DOANH THU'!R$6)/10^6 -> 0 | S24: =-SUMIFS('511'!$J:$J,'511'!$R:$R,'4.DOANH THU'!$C24,'511'!$A:$A,'4.DOANH THU'!S$6)/10^6 -> 1016.6853 | T24: =-SUMIFS('511'!$J:$J,'511'!$R:$R,'4.DOANH THU'!$C24,'511'!$A:$A,'4.DOANH THU'!T$6)/10^6 -> 0 | U24: =-SUMIFS('511'!$J:$J,'511'!$R:$R,'4.DOANH THU'!$C24,'511'!$A:$A,'4.DOANH THU'!U$6)/10^6 -> 0 | V24: =-SUMIFS('511'!$J:$J,'511'!$R:$R,'4.DOANH THU'!$C24,'511'!$A:$A,'4.DOANH THU'!V$6)/10^6 -> 0 | W24: =-SUMIFS('511'!$J:$J,'511'!$R:$R,'4.DOANH THU'!$C24,'511'!$A:$A,'4.DOANH THU'!W$6)/10^6 -> 586 | X24: =-SUMIFS('511'!$J:$J,'511'!$R:$R,'4.DOANH THU'!$C24,'511'!$A:$A,'4.DOANH THU'!X$6)/10^6 -> 0 | Y24: =-SUMIFS('511'!$J:$J,'511'!$R:$R,'4.DOANH THU'!$C24,'511'!$A:$A,'4.DOANH THU'!Y$6)/10^6 -> 0 | ... AA24: =-SUMIFS('511'!$J:$J,'511'!$R:$R,'4.DOANH THU'!$C24,'511'!$A:$A,'4.DOANH THU'!AA$6)/10^6 -> 0 | AB24: 5722.2246 | AC24: 12261.9 | AD24: =SUM(R24:AC24) -> 31048.921 | AF24: 0 | AG24: 0 | AH24: 0 | AI24: 4832.301 | AJ24: 2876.02 | AK24: 3228.282 | AL24: 3459.806 | AM24: 3254.188 | AN24: 3254.188 | AO24: 3487.71 | AP24: 3408.55 | AQ24: 3271.999 | AR24: =SUM(AF24:AQ24) -> 31073.044 | AT24: =P24 -> 13459.708 | AU24: =AD24 -> 31048.921 | AV24: =AR24 -> 31073.044 | AX24: =AU24-AT24 -> 17589.213 | AY24: =IFERROR(AX24/AT24,"") -> 1.306805 | AZ24: =AV24-AU24 -> 24.123415 | BA24: =IFERROR(AZ24/AU24,"") -> 0.00077694859 | BC24: =IFERROR(AT24/AT$18,"") | BD24: =IFERROR(AU24/AU$18,"") -> 0.022840918 | BE24: =IFERROR(AV24/AV$18,"") | BG24: Quý 1 MKT tập trung đi kiếm hợp đồng tài trợ, dự kiến bắt đầu quý 2 mới bắt đầu phát sinh tài trợ
B25: 2.7 | C25: =C36 -> Dây đai | P25: =SUM(D25:O25) -> 0 | R25: =-SUMIFS('511'!$J:$J,'511'!$R:$R,'4.DOANH THU'!$C25,'511'!$A:$A,'4.DOANH THU'!R$6)/10^6 -> 0 | S25: =-SUMIFS('511'!$J:$J,'511'!$R:$R,'4.DOANH THU'!$C25,'511'!$A:$A,'4.DOANH THU'!S$6)/10^6 -> 2881.5 | T25: =-SUMIFS('511'!$J:$J,'511'!$R:$R,'4.DOANH THU'!$C25,'511'!$A:$A,'4.DOANH THU'!T$6)/10^6 -> 1017.5 | U25: =-SUMIFS('511'!$J:$J,'511'!$R:$R,'4.DOANH THU'!$C25,'511'!$A:$A,'4.DOANH THU'!U$6)/10^6 -> 0 | V25: =-SUMIFS('511'!$J:$J,'511'!$R:$R,'4.DOANH THU'!$C25,'511'!$A:$A,'4.DOANH THU'!V$6)/10^6 -> 4012.5 | W25: =-SUMIFS('511'!$J:$J,'511'!$R:$R,'4.DOANH THU'!$C25,'511'!$A:$A,'4.DOANH THU'!W$6)/10^6 -> 9377.9199 | X25: =-SUMIFS('511'!$J:$J,'511'!$R:$R,'4.DOANH THU'!$C25,'511'!$A:$A,'4.DOANH THU'!X$6)/10^6 -> 3288 | Y25: =-SUMIFS('511'!$J:$J,'511'!$R:$R,'4.DOANH THU'!$C25,'511'!$A:$A,'4.DOANH THU'!Y$6)/10^6 -> 7215 | ... AA25: =-SUMIFS('511'!$J:$J,'511'!$R:$R,'4.DOANH THU'!$C25,'511'!$A:$A,'4.DOANH THU'!AA$6)/10^6 -> 5119.58 | AB25: 0 | AC25: 0 | AD25: =SUM(R25:AC25) -> 32912 | AF25: =#REF! -> #REF! | AG25: =#REF! -> #REF! | AH25: =#REF! -> #REF! | AI25: =#REF! -> #REF! | AJ25: =#REF! -> #REF! | AK25: =#REF! -> #REF! | AL25: =#REF! -> #REF! | AM25: =#REF! -> #REF! | ... AQ25: =#REF! -> #REF! | AR25: =SUM(AF25:AQ25) -> #REF! | AT25: =P25 -> 0 | AU25: =AD25 -> 32912 | AV25: =AR25 -> #REF! | AX25: =AU25-AT25 -> 32912 | AY25: =IFERROR(AX25/AT25,"") | AZ25: =AV25-AU25 -> #REF! | BA25: =IFERROR(AZ25/AU25,"") | BC25: =IFERROR(AT25/AT$18,"") | BD25: =IFERROR(AU25/AU$18,"") -> 0.024211479 | BE25: =IFERROR(AV25/AV$18,"")
B26: 2.8 | C26: =C37 -> Chi phí xuất khẩu | D26: =#REF! -> #REF! | E26: =#REF! -> #REF! | F26: =#REF! -> #REF! | G26: =#REF! -> #REF! | H26: =#REF! -> #REF! | I26: =#REF! -> #REF! | J26: =#REF! -> #REF! | K26: =#REF! -> #REF! | ... O26: =#REF! -> #REF! | P26: =SUM(D26:O26) -> #REF! | R26: 1002.3327 | S26: 538.21769 | T26: 2778.0748 | U26: 3138.1782 | V26: 345.96043 | W26: 514.65757 | X26: 719.07051 | Y26: 5848.9901 | Z26: 5499.1743 | AA26: 2715.4764 | AB26: 3002.8883 | AC26: 5736.708 | AD26: =SUM(R26:AC26) -> 31839.729 | AF26: =#REF!/10^6 -> #REF! | AG26: =#REF!/10^6 -> #REF! | AH26: =#REF!/10^6 -> #REF! | AI26: =#REF!/10^6 -> #REF! | AJ26: =#REF!/10^6 -> #REF! | AK26: =#REF!/10^6 -> #REF! | AL26: =#REF!/10^6 -> #REF! | AM26: =#REF!/10^6 -> #REF! | ... AQ26: =#REF!/10^6 -> #REF! | AR26: =SUM(AF26:AQ26) -> #REF! | AT26: =P26 -> #REF! | AU26: =AD26 -> 31839.729 | AV26: =AR26 -> #REF! | AX26: =AU26-AT26 -> #REF! | AY26: =IFERROR(AX26/AT26,"") | AZ26: =AV26-AU26 -> #REF! | BA26: =IFERROR(AZ26/AU26,"") | BC26: =IFERROR(AT26/AT$18,"") | BD26: =IFERROR(AU26/AU$18,"") -> 0.023422671 | BE26: =IFERROR(AV26/AV$18,"") | BG26: - 2024 không bán giá DDP, năm 2025 bán 3.569 tấn * 524 usd/ tấn => tăng ~ 46,7 tỷ - 2025 bán giá CIF: 8.112 tấn , 2024 bán giá CIF: 4.180 tấn => tăng 3.932 tấn ~ 25 tỷ
B27: 2.9 | C27: =C38 -> XX | AD27: =SUM(R27:AC27) -> 0 | AT27: =P27 -> 0 | AU27: =AD27 -> 0 | AV27: =AR27 -> 0 | AX27: =AU27-AT27 -> 0 | AY27: =IFERROR(AX27/AT27,"") | AZ27: =AV27-AU27 -> 0 | BA27: =IFERROR(AZ27/AV27,"") | BC27: =IFERROR(AT27/AT$18,"") | BD27: =IFERROR(AU27/AU$18,"") -> 0 | BE27: =IFERROR(AV27/AV$18,"")
B28: 2.10 | C28: =C39 -> XX | AT28: =P28 -> 0 | AU28: =AD28 -> 0 | AV28: =AR28 -> 0 | AX28: =AU28-AT28 -> 0 | AY28: =IFERROR(AX28/AT28,"") | AZ28: =AV28-AU28 -> 0 | BA28: =IFERROR(AZ28/AV28,"") | BC28: =IFERROR(AT28/AT$18,"") | BD28: =IFERROR(AU28/AU$18,"") -> 0 | BE28: =IFERROR(AV28/AV$18,"")
B29: 3 | C29: ĐƠN GIÁ BÁN (VNĐ) | Q29: =SUM(Q30:Q39) -> 0 | AE29: =SUM(AE30:AE39) -> 0 | AY29: =IFERROR(AX29/AT29,"") | BA29: =IFERROR(AZ29/AV29,"")
B30: 3.1 | C30: =C8 -> rPET | D30: =IFERROR(D19/D8*1000,0) -> 0 | E30: =IFERROR(E19/E8*1000,0) -> 0 | F30: =IFERROR(F19/F8*1000,0) -> 0 | G30: =IFERROR(G19/G8*1000,0) -> 0 | H30: =IFERROR(H19/H8*1000,0) -> 0 | I30: =IFERROR(I19/I8*1000,0) -> 0 | J30: =IFERROR(J19/J8*1000,0) -> 0 | K30: =IFERROR(K19/K8*1000,0) -> 0 | ... P30: =IFERROR(P19/P8*1000,0) -> 0 | R30: =IFERROR(R19/R8*1000,0) -> 29741.225 | S30: =IFERROR(S19/S8*1000,0) -> 30420.175 | T30: =IFERROR(T19/T8*1000,0) -> 30147.271 | U30: =IFERROR(U19/U8*1000,0) -> 30225.833 | V30: =IFERROR(V19/V8*1000,0) -> 30560.996 | W30: =IFERROR(W19/W8*1000,0) -> 31429.902 | X30: =IFERROR(X19/X8*1000,0) -> 30160.841 | Y30: =IFERROR(Y19/Y8*1000,0) -> 28195.718 | ... AD30: =IFERROR(AD19/AD8*1000,0) -> 30256.967 | AF30: =IFERROR(AF19/AF8*1000,0) -> 29847.694 | AG30: =IFERROR(AG19/AG8*1000,0) -> 29848.698 | AH30: =IFERROR(AH19/AH8*1000,0) -> 29886.702 | AI30: =IFERROR(AI19/AI8*1000,0) -> 29876.109 | AJ30: =IFERROR(AJ19/AJ8*1000,0) -> 29939.463 | AK30: =IFERROR(AK19/AK8*1000,0) -> 29916.131 | AL30: =IFERROR(AL19/AL8*1000,0) -> 29941.782 | AM30: =IFERROR(AM19/AM8*1000,0) -> 29901.437 | ... AR30: =IFERROR(AR19/AR8*1000,0) -> 29906.398 | AT30: =P30 -> 0 | AU30: =AD30 -> 30256.967 | AV30: =AR30 -> 29906.398 | AX30: =AU30-AT30 -> 30256.967 | AY30: =IFERROR(AX30/AT30,"") | AZ30: =AV30-AU30 -> -350.56896 | BA30: =IFERROR(AZ30/AU30,"") -> -0.011586388
B31: 3.2 | C31: =C9 -> rHDPE | D31: =IFERROR(D20/D9*1000,0) -> 37626.1 | E31: =IFERROR(E20/E9*1000,0) -> 37900.847 | F31: =IFERROR(F20/F9*1000,0) -> 37976.119 | G31: =IFERROR(G20/G9*1000,0) -> 36764.663 | H31: =IFERROR(H20/H9*1000,0) -> 35145.623 | I31: =IFERROR(I20/I9*1000,0) -> 35967.415 | J31: =IFERROR(J20/J9*1000,0) -> 36576.711 | K31: =IFERROR(K20/K9*1000,0) -> 34939.838 | ... P31: =IFERROR(P20/P9*1000,0) -> 35705.341 | R31: =IFERROR(R20/R9*1000,0) -> 34677.14 | S31: =IFERROR(S20/S9*1000,0) -> 32521.27 | T31: =IFERROR(T20/T9*1000,0) -> 35252.688 | U31: =IFERROR(U20/U9*1000,0) -> 33484.159 | V31: =IFERROR(V20/V9*1000,0) -> 32104.314 | W31: =IFERROR(W20/W9*1000,0) -> 33761.217 | X31: =IFERROR(X20/X9*1000,0) -> 34587.703 | Y31: =IFERROR(Y20/Y9*1000,0) -> 32910.245 | ... AD31: =IFERROR(AD20/AD9*1000,0) -> 33384.561 | AF31: =IFERROR(AF20/AF9*1000,0) -> 0 | AG31: =IFERROR(AG20/AG9*1000,0) -> 0 | AH31: =IFERROR(AH20/AH9*1000,0) -> 0 | AI31: =IFERROR(AI20/AI9*1000,0) -> 0 | AJ31: =IFERROR(AJ20/AJ9*1000,0) -> 0 | AK31: =IFERROR(AK20/AK9*1000,0) -> 0 | AL31: =IFERROR(AL20/AL9*1000,0) -> 0 | AM31: =IFERROR(AM20/AM9*1000,0) -> 0 | ... AR31: =IFERROR(AR20/AR9*1000,0) -> 0 | AT31: =P31 -> 35705.341 | AU31: =AD31 -> 33384.561 | AV31: =AR31 -> 0 | AX31: =AU31-AT31 -> -2320.7802 | AY31: =IFERROR(AX31/AT31,"") -> -0.064998124 | AZ31: =AV31-AU31 -> -33384.561 | BA31: =IFERROR(AZ31/AU31,"") -> -1
B32: 3.3 | C32: =C10 -> rPP | D32: =IFERROR(D21/D10*1000," -") -> - | E32: =IFERROR(E21/E10*1000," -") -> - | F32: =IFERROR(F21/F10*1000," -") -> - | G32: =IFERROR(G21/G10*1000," -") -> - | H32: =IFERROR(H21/H10*1000," -") -> 30246.4 | I32: =IFERROR(I21/I10*1000," -") -> - | J32: =IFERROR(J21/J10*1000," -") -> - | K32: =IFERROR(K21/K10*1000," -") -> 25344.6 | ... P32: =IFERROR(P21/P10*1000," -") -> 28408.225 | R32: =IFERROR(R21/R10*1000,0) -> 19907 | S32: =IFERROR(S21/S10*1000,0) -> 19907 | T32: =IFERROR(T21/T10*1000,0) -> 22444.107 | U32: =IFERROR(U21/U10*1000,0) -> 22111 | V32: =IFERROR(V21/V10*1000,0) -> 22111 | W32: =IFERROR(W21/W10*1000,0) -> 22111 | X32: =IFERROR(X21/X10*1000,0) -> 24391.967 | Y32: =IFERROR(Y21/Y10*1000,0) -> 25953.047 | ... AD32: =IFERROR(AD21/AD10*1000,0) -> 22810.455 | AF32: =IFERROR(AF21/AF10*1000,0) -> 18329.167 | AG32: =IFERROR(AG21/AG10*1000,0) -> 18550 | AH32: =IFERROR(AH21/AH10*1000,0) -> 18329.167 | AI32: =IFERROR(AI21/AI10*1000,0) -> 18550 | AJ32: =IFERROR(AJ21/AJ10*1000,0) -> 18329.167 | AK32: =IFERROR(AK21/AK10*1000,0) -> 18550 | AL32: =IFERROR(AL21/AL10*1000,0) -> 18329.167 | AM32: =IFERROR(AM21/AM10*1000,0) -> 18550 | ... AR32: =IFERROR(AR21/AR10*1000,0) -> 18438.811 | AT32: =P32 -> 28408.225 | AU32: =AD32 -> 22810.455 | AV32: =AR32 -> 18438.811 | AX32: =AU32-AT32 -> -5597.7703 | AY32: =IFERROR(AX32/AT32,"") -> -0.19704752 | AZ32: =AV32-AU32 -> -4371.6435 | BA32: =IFERROR(AZ32/AU32,"") -> -0.19165087
B33: 3.4 | C33: =C11 -> Xơ sợi | R33: =IFERROR(R22/R11*1000,0) -> 22873.07 | S33: =IFERROR(S22/S11*1000,0) -> -23297.233 | T33: =IFERROR(T22/T11*1000,0) -> 29094.267 | U33: =IFERROR(U22/U11*1000,0) -> 16995.951 | V33: =IFERROR(V22/V11*1000,0) -> 19808.181 | W33: =IFERROR(W22/W11*1000,0) -> 16797.077 | X33: =IFERROR(X22/X11*1000,0) -> 16500 | Y33: =IFERROR(Y22/Y11*1000,0) -> 0 | ... AD33: =IFERROR(AD22/AD11*1000,0) -> 16248.419 | AF33: =IFERROR(AF22/AF11*1000,0) -> 16960 | AG33: =IFERROR(AG22/AG11*1000,0) -> 16748 | AH33: =IFERROR(AH22/AH11*1000,0) -> 16536 | AI33: =IFERROR(AI22/AI11*1000,0) -> 16324 | AJ33: =IFERROR(AJ22/AJ11*1000,0) -> 16112 | AK33: =IFERROR(AK22/AK11*1000,0) -> 15900 | AL33: =IFERROR(AL22/AL11*1000,0) -> 15688 | AM33: =IFERROR(AM22/AM11*1000,0) -> 15476 | ... AR33: =IFERROR(AR22/AR11*1000,0) -> 15794 | AT33: =P33 -> 0 | AU33: =AD33 -> 16248.419 | AV33: =AR33 -> 15794 | AY33: =IFERROR(AX33/AT33,"") | AZ33: =AV33-AU33 -> -454.41869 | BA33: =IFERROR(AZ33/AU33,"") -> -0.027966948 | BG33: Kinh doanh đề xuất tăng giá WSS05SB lên 800usd/ tấn cho năm 2025
B34: 3.5 | C34: =C12 -> Khác (phó sản, phế liệu) | R34: =IFERROR(R23/R12*1000,0) -> 7121.8589 | S34: =IFERROR(S23/S12*1000,0) -> 21909.686 | T34: =IFERROR(T23/T12*1000,0) -> 34498.674 | U34: =IFERROR(U23/U12*1000,0) -> 70299.057 | V34: =IFERROR(V23/V12*1000,0) -> 24919.594 | W34: =IFERROR(W23/W12*1000,0) -> 22060.34 | X34: =IFERROR(X23/X12*1000,0) -> 20923.063 | Y34: =IFERROR(Y23/Y12*1000,0) -> 6394.8783 | ... AD34: =IFERROR(AD23/AD12*1000,0) -> 8266.3924 | AT34: =P34 -> 0 | AU34: =AD34 -> 8266.3924 | AV34: =AR34 -> 0 | AY34: =IFERROR(AX34/AT34,"") | BA34: =IFERROR(AZ34/AV34,"")
B35: 3.6 | C35: =C13 -> Khác (tài trợ) | AD35: =SUM(R35:AC35) -> 0 | AT35: =P35 -> 0 | AU35: =AD35 -> 0 | AV35: =AR35 -> 0 | AX35: =AU35-AT35 -> 0 | AY35: =IFERROR(AX35/AT35,"") | AZ35: =AV35-AU35 -> 0 | BA35: =IFERROR(AZ35/AV35,"")
B36: 3.7 | C36: =C14 -> Dây đai | R36: =IFERROR(R25/R14*1000,0) -> 0 | S36: =IFERROR(S25/S14*1000,0) -> 17463.636 | T36: =IFERROR(T25/T14*1000,0) -> 17543.103 | U36: =IFERROR(U25/U14*1000,0) -> 0 | V36: =IFERROR(V25/V14*1000,0) -> 18074.324 | W36: =IFERROR(W25/W14*1000,0) -> 18342.761 | X36: =IFERROR(X25/X14*1000,0) -> 18266.667 | Y36: =IFERROR(Y25/Y14*1000,0) -> 18986.842 | ... AD36: =IFERROR(AD25/AD14*1000,0) -> 18479.506 | AF36: =IFERROR(AF25/AF14*1000,0) -> 0 | AG36: =IFERROR(AG25/AG14*1000,0) -> 0 | AH36: =IFERROR(AH25/AH14*1000,0) -> 0 | AI36: =IFERROR(AI25/AI14*1000,0) -> 0 | AJ36: =IFERROR(AJ25/AJ14*1000,0) -> 0 | AK36: =IFERROR(AK25/AK14*1000,0) -> 0 | AL36: =IFERROR(AL25/AL14*1000,0) -> 0 | AM36: =IFERROR(AM25/AM14*1000,0) -> 0 | ... AR36: =IFERROR(AR25/AR14*1000,0) -> 0 | AT36: =P36 -> 0 | AU36: =AD36 -> 18479.506 | AV36: =AR36 -> 0 | AX36: =AU36-AT36 -> 18479.506 | AY36: =IFERROR(AX36/AT36,"") | AZ36: =AV36-AU36 -> -18479.506 | BA36: =IFERROR(AZ36/AU36,"") -> -1 | BG36: Theo hợp đồng sắp ký
B37: 3.8 | C37: =C15 -> Chi phí xuất khẩu | AR37: =IFERROR(AR26/AR15*1000,0) -> 0 | AT37: =P37 -> 0 | AU37: =AD37 -> 0 | AV37: =AR37 -> 0 | AX37: =AU37-AT37 -> 0 | AY37: =IFERROR(AX37/AT37,"") | AZ37: =AV37-AU37 -> 0 | BA37: =IFERROR(AZ37/AV37,"")
B38: 3.9 | C38: =C16 -> XX | AT38: =P38 -> 0 | AU38: =AD38 -> 0 | AV38: =AR38 -> 0 | AX38: =AU38-AT38 -> 0 | AY38: =IFERROR(AX38/AT38,"") | AZ38: =AV38-AU38 -> 0 | BA38: =IFERROR(AZ38/AV38,"")
B39: 3.10 | C39: =C17 -> XX | AT39: =P39 -> 0 | AU39: =AD39 -> 0 | AV39: =AR39 -> 0 | AX39: =AU39-AT39 -> 0 | AY39: =IFERROR(AX39/AT39,"") | AZ39: =AV39-AU39 -> 0 | BA39: =IFERROR(AZ39/AV39,"")
B40: 4 | C40: NHÓM KHÁCH HÀNG (Trđ) | D40: =SUM(D41:D50) -> #REF! | E40: =SUM(E41:E50) -> #REF! | F40: =SUM(F41:F50) -> #REF! | G40: =SUM(G41:G50) -> #REF! | H40: =SUM(H41:H50) -> #REF! | I40: =SUM(I41:I50) -> #REF! | J40: =SUM(J41:J50) -> #REF! | K40: =SUM(K41:K50) -> #REF! | ... AR40: =SUM(AR41:AR50) -> #REF! | AT40: =P40 -> #REF! | AU40: =AD40 -> 1283231 | AV40: =AR40 -> #REF! | AX40: =AU40-AT40 -> #REF! | AY40: =IFERROR(AX40/AT40,"") | AZ40: =AV40-AU40 -> #REF! | BC40: =IFERROR(AT40/AT$18,"") | BD40: =IFERROR(AU40/AU$18,"") -> 0.9439998 | BE40: =IFERROR(AV40/AV$18,"")
B41: 4.1 | C41: NỘI ĐỊA | D41: 17371 | E41: 15354.372 | F41: 15696.166 | G41: 21796.292 | H41: 20994.025 | I41: 17352.577 | J41: 22866.129 | K41: 25637.625 | L41: 19816.991 | M41: 19777.607 | N41: 20079.502 | O41: 34468.368 | P41: =SUM(D41:O41) -> 251210.65 | R41: 31405.687 | S41: 33874.026 | T41: 34792.2 | U41: 27333.121 | V41: 66084.16 | W41: 48667.238 | X41: 20131.464 | Y41: 44846.923 | Z41: 35332.929 | AA41: 44118.352 | AB41: 53721.762 | AC41: 59867.375 | AD41: =SUM(R41:AC41) -> 500175.24 | AF41: =#REF! -> #REF! | AG41: =#REF! -> #REF! | AH41: =#REF! -> #REF! | AI41: =#REF! -> #REF! | AJ41: =#REF! -> #REF! | AK41: =#REF! -> #REF! | AL41: =#REF! -> #REF! | AM41: =#REF! -> #REF! | ... AQ41: =#REF! -> #REF! | AR41: =SUM(AF41:AQ41) -> #REF! | AT41: =P41 -> 251210.65 | AU41: =AD41 -> 500175.24 | AV41: =AR41 -> #REF! | AX41: =AU41-AT41 -> 248964.58 | AY41: =IFERROR(AX41/AT41,"") -> 0.99105903 | AZ41: =AV41-AU41 -> #REF! | BA41: =IFERROR(AZ41/AU41,"") | BC41: =IFERROR(AT41/AT$18,"") | BD41: =IFERROR(AU41/AU$18,"") -> 0.36795037 | BE41: =IFERROR(AV41/AV$18,"")
B42: 4.2 | C42: XUẤT KHẨU | D42: =SUM(D19:D22,D26)-D41 -> #REF! | E42: =SUM(E19:E22,E26)-E41 -> #REF! | F42: =SUM(F19:F22,F26)-F41 -> #REF! | G42: =SUM(G19:G22,G26)-G41 -> #REF! | H42: =SUM(H19:H22,H26)-H41 -> #REF! | I42: =SUM(I19:I22,I26)-I41 -> #REF! | J42: =SUM(J19:J22,J26)-J41 -> #REF! | K42: =SUM(K19:K22,K26)-K41 -> #REF! | ... O42: =SUM(O19:O22,O26)-O41 -> #REF! | P42: =SUM(D42:O42) -> #REF! | R42: =SUM(R19:R22,R26)-R41 -> 34398.693 | S42: =SUM(S19:S22,S26)-S41 -> 29947.692 | T42: =SUM(T19:T22,T26)-T41 -> 56112.364 | U42: =SUM(U19:U22,U26)-U41 -> 70007.139 | V42: =SUM(V19:V22,V26)-V41 -> 31339.61 | W42: =SUM(W19:W22,W26)-W41 -> 8516.3827 | X42: =SUM(X19:X22,X26)-X41 -> 32636.614 | Y42: =SUM(Y19:Y22,Y26)-Y41 -> 100730.61 | ... AC42: =SUM(AC19:AC22,AC26)-AC41 -> 176291.57 | AD42: =SUM(R42:AC42) -> 783055.78 | AF42: =#REF! -> #REF! | AG42: =#REF! -> #REF! | AH42: =#REF! -> #REF! | AI42: =#REF! -> #REF! | AJ42: =#REF! -> #REF! | AK42: =#REF! -> #REF! | AL42: =#REF! -> #REF! | AM42: =#REF! -> #REF! | ... AQ42: =#REF! -> #REF! | AR42: =SUM(AF42:AQ42) -> #REF! | AT42: =P42 -> #REF! | AU42: =AD42 -> 783055.78 | AV42: =AR42 -> #REF! | AX42: =AU42-AT42 -> #REF! | AY42: =IFERROR(AX42/AT42,"") | AZ42: =AV42-AU42 -> #REF! | BA42: =IFERROR(AZ42/AU42,"") | BC42: =IFERROR(AT42/AT$18,"") | BD42: =IFERROR(AU42/AU$18,"") -> 0.57604943 | BE42: =IFERROR(AV42/AV$18,"")
B43: 4.3 | P43: =SUM(D43:O43) -> 0 | AD43: =SUM(R43:AC43) -> 0 | AR43: =SUM(AF43:AQ43) -> 0 | AT43: =P43 -> 0 | AU43: =AD43 -> 0 | AV43: =AR43 -> 0 | AX43: =AU43-AT43 -> 0 | AY43: =IFERROR(AX43/AT43,"") | AZ43: =AV43-AU43 -> 0 | BA43: =IFERROR(AZ43/AV43,"") | BC43: =IFERROR(AT43/AT$18,"") | BD43: =IFERROR(AU43/AU$18,"") -> 0 | BE43: =IFERROR(AV43/AV$18,"")
B44: 4.4 | AT44: =P44 -> 0 | AU44: =AD44 -> 0 | AV44: =AR44 -> 0 | AX44: =AU44-AT44 -> 0 | AY44: =IFERROR(AX44/AT44,"") | AZ44: =AV44-AU44 -> 0 | BA44: =IFERROR(AZ44/AV44,"") | BC44: =IFERROR(AT44/AT$18,"") | BD44: =IFERROR(AU44/AU$18,"") -> 0 | BE44: =IFERROR(AV44/AV$18,"")
B45: 4.5 | AT45: =P45 -> 0 | AU45: =AD45 -> 0 | AV45: =AR45 -> 0 | AX45: =AU45-AT45 -> 0 | AY45: =IFERROR(AX45/AT45,"") | AZ45: =AV45-AU45 -> 0 | BA45: =IFERROR(AZ45/AV45,"") | BC45: =IFERROR(AT45/AT$18,"") | BD45: =IFERROR(AU45/AU$18,"") -> 0 | BE45: =IFERROR(AV45/AV$18,"")
B46: 4.6 | P46: =SUM(D46:O46) -> 0 | AD46: =SUM(R46:AC46) -> 0 | AR46: =SUM(AF46:AQ46) -> 0 | AT46: =P46 -> 0 | AU46: =AD46 -> 0 | AV46: =AR46 -> 0 | AX46: =AU46-AT46 -> 0 | AY46: =IFERROR(AX46/AT46,"") | AZ46: =AV46-AU46 -> 0 | BA46: =IFERROR(AZ46/AV46,"") | BC46: =IFERROR(AT46/AT$18,"") | BD46: =IFERROR(AU46/AU$18,"") -> 0 | BE46: =IFERROR(AV46/AV$18,"")
B47: 4.7 | AT47: =P47 -> 0 | AU47: =AD47 -> 0 | AV47: =AR47 -> 0 | AX47: =AU47-AT47 -> 0 | AY47: =IFERROR(AX47/AT47,"") | AZ47: =AV47-AU47 -> 0 | BA47: =IFERROR(AZ47/AV47,"") | BC47: =IFERROR(AT47/AT$18,"") | BD47: =IFERROR(AU47/AU$18,"") -> 0 | BE47: =IFERROR(AV47/AV$18,"")
B48: 4.8 | AT48: =P48 -> 0 | AU48: =AD48 -> 0 | AV48: =AR48 -> 0 | AX48: =AU48-AT48 -> 0 | AY48: =IFERROR(AX48/AT48,"") | AZ48: =AV48-AU48 -> 0 | BA48: =IFERROR(AZ48/AV48,"") | BC48: =IFERROR(AT48/AT$18,"") | BD48: =IFERROR(AU48/AU$18,"") -> 0 | BE48: =IFERROR(AV48/AV$18,"")
B49: 4.9 | AT49: =P49 -> 0 | AU49: =AD49 -> 0 | AV49: =AR49 -> 0 | AX49: =AU49-AT49 -> 0 | AY49: =IFERROR(AX49/AT49,"") | AZ49: =AV49-AU49 -> 0 | BA49: =IFERROR(AZ49/AV49,"") | BC49: =IFERROR(AT49/AT$18,"") | BD49: =IFERROR(AU49/AU$18,"") -> 0 | BE49: =IFERROR(AV49/AV$18,"")
B50: 4.10 | AT50: =P50 -> 0 | AU50: =AD50 -> 0 | AV50: =AR50 -> 0 | AX50: =AU50-AT50 -> 0 | AY50: =IFERROR(AX50/AT50,"") | AZ50: =AV50-AU50 -> 0 | BA50: =IFERROR(AZ50/AV50,"") | BC50: =IFERROR(AT50/AT$18,"") | BD50: =IFERROR(AU50/AU$18,"") -> 0 | BE50: =IFERROR(AV50/AV$18,"")
B51: 5 | C51: LOẠI KHÁCH HÀNG (Trđ) | D51: =SUM(D52:D61) -> #REF! | E51: =SUM(E52:E61) -> #REF! | F51: =SUM(F52:F61) -> #REF! | G51: =SUM(G52:G61) -> #REF! | H51: =SUM(H52:H61) -> #REF! | I51: =SUM(I52:I61) -> #REF! | J51: =SUM(J52:J61) -> #REF! | K51: =SUM(K52:K61) -> #REF! | ... AR51: =SUM(AR52:AR61) -> #REF! | AT51: =P51 -> #REF! | AU51: =AD51 -> 1283231 | AV51: =AR51 -> #REF! | AX51: =AU51-AT51 -> #REF! | AY51: =IFERROR(AX51/AT51,"") | AZ51: =AV51-AU51 -> #REF! | BC51: =IFERROR(AT51/AT$18,"") | BD51: =IFERROR(AU51/AU$18,"") -> 0.9439998 | BE51: =IFERROR(AV51/AV$18,"")
B52: 5.1 | C52: KHÁCH HÀNG HIỆN HỮU | D52: =SUM(D19:D22,D26)-D53 -> #REF! | E52: =SUM(E19:E22,E26)-E53 -> #REF! | F52: =SUM(F19:F22,F26)-F53 -> #REF! | G52: =SUM(G19:G22,G26)-G53 -> #REF! | H52: =SUM(H19:H22,H26)-H53 -> #REF! | I52: =SUM(I19:I22,I26)-I53 -> #REF! | J52: =SUM(J19:J22,J26)-J53 -> #REF! | K52: =SUM(K19:K22,K26)-K53 -> #REF! | ... O52: =SUM(O19:O22,O26)-O53 -> #REF! | P52: =SUM(D52:O52) -> #REF! | R52: =SUM(R19:R22,R26)-R53 -> 63312.95 | S52: =SUM(S19:S22,S26)-S53 -> 61826.561 | T52: =SUM(T19:T22,T26)-T53 -> 90305.621 | U52: =SUM(U19:U22,U26)-U53 -> 93044.976 | V52: =SUM(V19:V22,V26)-V53 -> 95068.288 | W52: =SUM(W19:W22,W26)-W53 -> 53320.854 | X52: =SUM(X19:X22,X26)-X53 -> 44268.136 | Y52: =SUM(Y19:Y22,Y26)-Y53 -> 119733.57 | ... AC52: =SUM(AC19:AC22,AC26)-AC53 -> 236158.94 | AD52: =SUM(R52:AC52) -> 1179175.6 | AF52: =#REF! -> #REF! | AG52: =#REF! -> #REF! | AH52: =#REF! -> #REF! | AI52: =#REF! -> #REF! | AJ52: =#REF! -> #REF! | AK52: =#REF! -> #REF! | AL52: =#REF! -> #REF! | AM52: =#REF! -> #REF! | ... AQ52: =#REF! -> #REF! | AR52: =SUM(AF52:AQ52) -> #REF! | AT52: =P52 -> #REF! | AU52: =AD52 -> 1179175.6 | AV52: =AR52 -> #REF! | AX52: =AU52-AT52 -> #REF! | AY52: =IFERROR(AX52/AT52,"") | AZ52: =AV52-AU52 -> #REF! | BA52: =IFERROR(AZ52/AU52,"") | BC52: =IFERROR(AT52/AT$18,"") | BD52: =IFERROR(AU52/AU$18,"") -> 0.86745219 | BE52: =IFERROR(AV52/AV$18,"")
B53: 5.2 | C53: KHÁCH HÀNG MỚI | D53: 387.75 | E53: 2066.1813 | F53: 1.3 | G53: 7342.5 | H53: 3298.625 | I53: 2342.3125 | J53: 325.6 | K53: 2440.625 | L53: 665.5 | M53: 7111.0875 | N53: 0 | O53: 33393.125 | P53: =SUM(D53:O53) -> 59374.606 | R53: 2491.429 | S53: 1995.1567 | T53: 598.94327 | U53: 4295.2843 | V53: 2355.4824 | W53: 3862.7673 | X53: 8499.9416 | Y53: 25843.96 | Z53: 27250.27 | AA53: 26862.16 | AB53: 0 | AC53: 0 | AD53: =SUM(R53:AC53) -> 104055.39 | AF53: =#REF! -> #REF! | AG53: =#REF! -> #REF! | AH53: =#REF! -> #REF! | AI53: =#REF! -> #REF! | AJ53: =#REF! -> #REF! | AK53: =#REF! -> #REF! | AL53: =#REF! -> #REF! | AM53: =#REF! -> #REF! | ... AQ53: =#REF! -> #REF! | AR53: =SUM(AF53:AQ53) -> #REF! | AT53: =P53 -> 59374.606 | AU53: =AD53 -> 104055.39 | AV53: =AR53 -> #REF! | AX53: =AU53-AT53 -> 44680.787 | AY53: =IFERROR(AX53/AT53,"") -> 0.75252352 | AZ53: =AV53-AU53 -> #REF! | BA53: =IFERROR(AZ53/AU53,"") | BC53: =IFERROR(AT53/AT$18,"") | BD53: =IFERROR(AU53/AU$18,"") -> 0.076547612 | BE53: =IFERROR(AV53/AV$18,"")
B54: 5.3 | P54: =SUM(D54:O54) -> 0 | AD54: =SUM(R54:AC54) -> 0 | AR54: =SUM(AF54:AQ54) -> 0 | AT54: =P54 -> 0 | AU54: =AD54 -> 0 | AV54: =AR54 -> 0 | AX54: =AU54-AT54 -> 0 | AY54: =IFERROR(AX54/AT54,"") | AZ54: =AV54-AU54 -> 0 | BA54: =IFERROR(AZ54/AV54,"") | BC54: =IFERROR(AT54/AT$18,"") | BD54: =IFERROR(AU54/AU$18,"") -> 0 | BE54: =IFERROR(AV54/AV$18,"")
B55: 5.4 | AT55: =P55 -> 0 | AU55: =AD55 -> 0 | AV55: =AR55 -> 0 | AX55: =AU55-AT55 -> 0 | AY55: =IFERROR(AX55/AT55,"") | AZ55: =AV55-AU55 -> 0 | BA55: =IFERROR(AZ55/AV55,"") | BC55: =IFERROR(AT55/AT$18,"") | BD55: =IFERROR(AU55/AU$18,"") -> 0 | BE55: =IFERROR(AV55/AV$18,"")
B56: 5.5 | AT56: =P56 -> 0 | AU56: =AD56 -> 0 | AV56: =AR56 -> 0 | AX56: =AU56-AT56 -> 0 | AY56: =IFERROR(AX56/AT56,"") | AZ56: =AV56-AU56 -> 0 | BA56: =IFERROR(AZ56/AV56,"") | BC56: =IFERROR(AT56/AT$18,"") | BD56: =IFERROR(AU56/AU$18,"") -> 0 | BE56: =IFERROR(AV56/AV$18,"")
B57: 5.6 | P57: =SUM(D57:O57) -> 0 | AD57: =SUM(R57:AC57) -> 0 | AR57: =SUM(AF57:AQ57) -> 0 | AT57: =P57 -> 0 | AU57: =AD57 -> 0 | AV57: =AR57 -> 0 | AX57: =AU57-AT57 -> 0 | AY57: =IFERROR(AX57/AT57,"") | AZ57: =AV57-AU57 -> 0 | BA57: =IFERROR(AZ57/AV57,"") | BC57: =IFERROR(AT57/AT$18,"") | BD57: =IFERROR(AU57/AU$18,"") -> 0 | BE57: =IFERROR(AV57/AV$18,"")
B58: 5.7 | AT58: =P58 -> 0 | AU58: =AD58 -> 0 | AV58: =AR58 -> 0 | AX58: =AU58-AT58 -> 0 | AY58: =IFERROR(AX58/AT58,"") | AZ58: =AV58-AU58 -> 0 | BA58: =IFERROR(AZ58/AV58,"") | BC58: =IFERROR(AT58/AT$18,"") | BD58: =IFERROR(AU58/AU$18,"") -> 0 | BE58: =IFERROR(AV58/AV$18,"")
B59: 5.8 | AT59: =P59 -> 0 | AU59: =AD59 -> 0 | AV59: =AR59 -> 0 | AX59: =AU59-AT59 -> 0 | AY59: =IFERROR(AX59/AT59,"") | AZ59: =AV59-AU59 -> 0 | BA59: =IFERROR(AZ59/AV59,"") | BC59: =IFERROR(AT59/AT$18,"") | BD59: =IFERROR(AU59/AU$18,"") -> 0 | BE59: =IFERROR(AV59/AV$18,"")
B60: 5.9 | AT60: =P60 -> 0 | AU60: =AD60 -> 0 | AV60: =AR60 -> 0 | AX60: =AU60-AT60 -> 0 | AY60: =IFERROR(AX60/AT60,"") | AZ60: =AV60-AU60 -> 0 | BA60: =IFERROR(AZ60/AV60,"") | BC60: =IFERROR(AT60/AT$18,"") | BD60: =IFERROR(AU60/AU$18,"") -> 0 | BE60: =IFERROR(AV60/AV$18,"")
B61: 5.10 | AT61: =P61 -> 0 | AU61: =AD61 -> 0 | AV61: =AR61 -> 0 | AX61: =AU61-AT61 -> 0 | AY61: =IFERROR(AX61/AT61,"") | AZ61: =AV61-AU61 -> 0 | BA61: =IFERROR(AZ61/AV61,"") | BC61: =IFERROR(AT61/AT$18,"") | BD61: =IFERROR(AU61/AU$18,"") -> 0 | BE61: =IFERROR(AV61/AV$18,"")

Sheet 4.DOANH THU (USD)
BG1: Đơn vị tính: triệu đồng
B2: DUYTAN TÁI CHẾ
B3: KẾ HOẠCH KINH DOANH & NGÂN SÁCH NĂM 2025
B4: DOANH THU | AT4: tự động, không điền số | AX4: tự động, không điền số | BC4: tự động, không điền số
B5: STT | D5: 2023 | R5: 2024 | AF5: 2025 | AT5: Năm | AX5: Biến động | BC5: Tỉ lệ %/Doanh thu | BG5: Giải trình
C6: Nội dung | D6: 01 | E6: 02 | F6: 03 | G6: 04 | H6: 05 | I6: 06 | J6: 07 | K6: 08 | L6: 09 | M6: 10 | N6: 11 | O6: 12 | P6: 2023 | R6: 01 | S6: 02 | T6: 03 | U6: 04 | V6: 05 | W6: 06 | X6: 07 | Y6: 08 | Z6: 09 | AA6: 10 | AB6: 11 | AC6: 12 | AD6: 2024 | AF6: 01 | AG6: 02 | AH6: 03 | AI6: 04 | AJ6: 05 | AK6: 06 | AL6: 07 | AM6: 08 | AN6: 09 | AO6: 10 | AP6: 11 | AQ6: 12 | AR6: 2025 | AT6: =P6 -> 2023 | AU6: =AD6 -> 2024 | AV6: =AR6 -> 2025 | AX6: 24 sv 23 | AY6: % | AZ6: 25 sv 24 | BA6: % | BC6: =AT6 -> 2023 | BD6: =AU6 -> 2024 | BE6: =AV6 -> 2025
B7: 1 | C7: SẢN LƯỢNG (tấn) | D7: =SUM(D8:D17) -> 651.8 | E7: =SUM(E8:E17) -> 653.075 | F7: =SUM(F8:F17) -> 1860.64 | G7: =SUM(G8:G17) -> 1792.575 | H7: =SUM(H8:H17) -> 1632.875 | I7: =SUM(I8:I17) -> 1573.975 | J7: =SUM(J8:J17) -> 1591.575 | K7: =SUM(K8:K17) -> 2445.175 | ... AR7: =SUM(AR8:AR17) -> #REF! | AT7: =P7 -> 21482.69 | AU7: =AD7 -> 41154.767 | AV7: =AR7 -> #REF! | AX7: =AU7-AT7 -> 19672.077 | AY7: =IFERROR(AX7/AT7,"") -> 0.91571758 | AZ7: =AV7-AU7 -> #REF! | BA7: =IFERROR(AZ7/AV7,"")
B8: 1.1 | C8: rPET | D8: 591.8 | E8: 546.775 | F8: 1734.14 | G8: 1712.85 | H8: 1466.4 | I8: 1412.6 | J8: 1477.45 | K8: 2318.6 | L8: 1561 | M8: 2096.9 | N8: 1926.425 | O8: 3138.4 | P8: =SUM(D8:O8) -> 19983.34 | R8: =SUMIFS('511'!$Q:$Q,'511'!$R:$R,'4.DOANH THU (USD)'!$C8,'511'!$A:$A,'4.DOANH THU (USD)'!R$6)/1000 -> 1901.95 | S8: =SUMIFS('511'!$Q:$Q,'511'!$R:$R,'4.DOANH THU (USD)'!$C8,'511'!$A:$A,'4.DOANH THU (USD)'!S$6)/1000 -> 1962.4 | T8: =SUMIFS('511'!$Q:$Q,'511'!$R:$R,'4.DOANH THU (USD)'!$C8,'511'!$A:$A,'4.DOANH THU (USD)'!T$6)/1000 -> 2680.425 | U8: =SUMIFS('511'!$Q:$Q,'511'!$R:$R,'4.DOANH THU (USD)'!$C8,'511'!$A:$A,'4.DOANH THU (USD)'!U$6)/1000 -> 2733.725 | V8: =SUMIFS('511'!$Q:$Q,'511'!$R:$R,'4.DOANH THU (USD)'!$C8,'511'!$A:$A,'4.DOANH THU (USD)'!V$6)/1000 -> 2891.725 | W8: =SUMIFS('511'!$Q:$Q,'511'!$R:$R,'4.DOANH THU (USD)'!$C8,'511'!$A:$A,'4.DOANH THU (USD)'!W$6)/1000 -> 1564.1 | X8: =SUMIFS('511'!$Q:$Q,'511'!$R:$R,'4.DOANH THU (USD)'!$C8,'511'!$A:$A,'4.DOANH THU (USD)'!X$6)/1000 -> 1508 | Y8: =SUMIFS('511'!$Q:$Q,'511'!$R:$R,'4.DOANH THU (USD)'!$C8,'511'!$A:$A,'4.DOANH THU (USD)'!Y$6)/1000 -> 4752.5829 | ... AA8: =SUMIFS('511'!$Q:$Q,'511'!$R:$R,'4.DOANH THU (USD)'!$C8,'511'!$A:$A,'4.DOANH THU (USD)'!AA$6)/1000 -> 3247.4 | AB8: 2875.3 | AC8: 3444 | AD8: =SUM(R8:AC8) -> 34139.308 | AF8: =SUMIFS('KH 2026'!N:N,'KH 2026'!$K:$K,'4.DOANH THU (USD)'!$C8) -> 3754.6359 | AG8: =SUMIFS('KH 2026'!O:O,'KH 2026'!$K:$K,'4.DOANH THU (USD)'!$C8) -> 3654.7276 | AH8: =SUMIFS('KH 2026'!P:P,'KH 2026'!$K:$K,'4.DOANH THU (USD)'!$C8) -> 3872.9704 | AI8: =SUMIFS('KH 2026'!Q:Q,'KH 2026'!$K:$K,'4.DOANH THU (USD)'!$C8) -> 3773.6445 | AJ8: =SUMIFS('KH 2026'!R:R,'KH 2026'!$K:$K,'4.DOANH THU (USD)'!$C8) -> 4033.8495 | AK8: =SUMIFS('KH 2026'!S:S,'KH 2026'!$K:$K,'4.DOANH THU (USD)'!$C8) -> 3849.3652 | AL8: =SUMIFS('KH 2026'!T:T,'KH 2026'!$K:$K,'4.DOANH THU (USD)'!$C8) -> 4007.8355 | AM8: =SUMIFS('KH 2026'!U:U,'KH 2026'!$K:$K,'4.DOANH THU (USD)'!$C8) -> 3868.2625 | AN8: =SUMIFS('KH 2026'!V:V,'KH 2026'!$K:$K,'4.DOANH THU (USD)'!$C8) -> 3873.0361 | AO8: =SUMIFS('KH 2026'!W:W,'KH 2026'!$K:$K,'4.DOANH THU (USD)'!$C8) -> 3750.0393 | AP8: =SUMIFS('KH 2026'!X:X,'KH 2026'!$K:$K,'4.DOANH THU (USD)'!$C8) -> 4016.6561 | AQ8: =SUMIFS('KH 2026'!Y:Y,'KH 2026'!$K:$K,'4.DOANH THU (USD)'!$C8) -> 3891.9334 | AR8: =SUM(AF8:AQ8) -> 46346.956 | AT8: =P8 -> 19983.34 | AU8: =AD8 -> 34139.308 | AV8: =AR8 -> 46346.956 | AX8: =AU8-AT8 -> 14155.968 | AY8: =IFERROR(AX8/AT8,"") -> 0.70838848 | AZ8: =AV8-AU8 -> 12207.648 | BA8: =IFERROR(AZ8/AV8,"") -> 0.26339698
B9: 1.2 | C9: rHDPE | D9: 60 | E9: 106.3 | F9: 126.5 | G9: 79.725 | H9: 166.35 | I9: 161.375 | J9: 114.125 | K9: 126.5 | L9: 85.875 | M9: 162.625 | N9: 182.375 | O9: 127.4 | P9: =SUM(D9:O9) -> 1499.15 | R9: =SUMIFS('511'!$Q:$Q,'511'!$R:$R,'4.DOANH THU (USD)'!$C9,'511'!$A:$A,'4.DOANH THU (USD)'!R$6)/1000 -> 214.375 | S9: =SUMIFS('511'!$Q:$Q,'511'!$R:$R,'4.DOANH THU (USD)'!$C9,'511'!$A:$A,'4.DOANH THU (USD)'!S$6)/1000 -> 136.95 | T9: =SUMIFS('511'!$Q:$Q,'511'!$R:$R,'4.DOANH THU (USD)'!$C9,'511'!$A:$A,'4.DOANH THU (USD)'!T$6)/1000 -> 171.9 | U9: =SUMIFS('511'!$Q:$Q,'511'!$R:$R,'4.DOANH THU (USD)'!$C9,'511'!$A:$A,'4.DOANH THU (USD)'!U$6)/1000 -> 211.025 | V9: =SUMIFS('511'!$Q:$Q,'511'!$R:$R,'4.DOANH THU (USD)'!$C9,'511'!$A:$A,'4.DOANH THU (USD)'!V$6)/1000 -> 195.9 | W9: =SUMIFS('511'!$Q:$Q,'511'!$R:$R,'4.DOANH THU (USD)'!$C9,'511'!$A:$A,'4.DOANH THU (USD)'!W$6)/1000 -> 126.5 | X9: =SUMIFS('511'!$Q:$Q,'511'!$R:$R,'4.DOANH THU (USD)'!$C9,'511'!$A:$A,'4.DOANH THU (USD)'!X$6)/1000 -> 110.925 | Y9: =SUMIFS('511'!$Q:$Q,'511'!$R:$R,'4.DOANH THU (USD)'!$C9,'511'!$A:$A,'4.DOANH THU (USD)'!Y$6)/1000 -> 141.125 | ... AA9: =SUMIFS('511'!$Q:$Q,'511'!$R:$R,'4.DOANH THU (USD)'!$C9,'511'!$A:$A,'4.DOANH THU (USD)'!AA$6)/1000 -> 235.5 | AB9: 302 | AC9: 352.5 | AD9: =SUM(R9:AC9) -> 2341.975 | AF9: =SUMIFS('KH 2026'!N:N,'KH 2026'!$K:$K,'4.DOANH THU (USD)'!$C9) -> 0 | AG9: =SUMIFS('KH 2026'!O:O,'KH 2026'!$K:$K,'4.DOANH THU (USD)'!$C9) -> 0 | AH9: =SUMIFS('KH 2026'!P:P,'KH 2026'!$K:$K,'4.DOANH THU (USD)'!$C9) -> 0 | AI9: =SUMIFS('KH 2026'!Q:Q,'KH 2026'!$K:$K,'4.DOANH THU (USD)'!$C9) -> 0 | AJ9: =SUMIFS('KH 2026'!R:R,'KH 2026'!$K:$K,'4.DOANH THU (USD)'!$C9) -> 0 | AK9: =SUMIFS('KH 2026'!S:S,'KH 2026'!$K:$K,'4.DOANH THU (USD)'!$C9) -> 0 | AL9: =SUMIFS('KH 2026'!T:T,'KH 2026'!$K:$K,'4.DOANH THU (USD)'!$C9) -> 0 | AM9: =SUMIFS('KH 2026'!U:U,'KH 2026'!$K:$K,'4.DOANH THU (USD)'!$C9) -> 0 | AN9: =SUMIFS('KH 2026'!V:V,'KH 2026'!$K:$K,'4.DOANH THU (USD)'!$C9) -> 0 | AO9: =SUMIFS('KH 2026'!W:W,'KH 2026'!$K:$K,'4.DOANH THU (USD)'!$C9) -> 0 | AP9: =SUMIFS('KH 2026'!X:X,'KH 2026'!$K:$K,'4.DOANH THU (USD)'!$C9) -> 0 | AQ9: =SUMIFS('KH 2026'!Y:Y,'KH 2026'!$K:$K,'4.DOANH THU (USD)'!$C9) -> 0 | AR9: =SUM(AF9:AQ9) -> 0 | AT9: =P9 -> 1499.15 | AU9: =AD9 -> 2341.975 | AV9: =AR9 -> 0 | AX9: =AU9-AT9 -> 842.825 | AY9: =IFERROR(AX9/AT9,"") -> 0.56220191 | AZ9: =AV9-AU9 -> -2341.975 | BA9: =IFERROR(AZ9/AV9,"")
B10: 1.3 | C10: rPP | D10: 0 | E10: 0 | F10: 0 | G10: 0 | H10: 0.125 | I10: 0 | J10: 0 | K10: 0.075 | L10: 0 | M10: 0 | N10: 0 | O10: 0 | P10: =SUM(D10:O10) -> 0.2 | R10: =SUMIFS('511'!$Q:$Q,'511'!$R:$R,'4.DOANH THU (USD)'!$C10,'511'!$A:$A,'4.DOANH THU (USD)'!R$6)/1000 -> 15 | S10: =SUMIFS('511'!$Q:$Q,'511'!$R:$R,'4.DOANH THU (USD)'!$C10,'511'!$A:$A,'4.DOANH THU (USD)'!S$6)/1000 -> 15 | T10: =SUMIFS('511'!$Q:$Q,'511'!$R:$R,'4.DOANH THU (USD)'!$C10,'511'!$A:$A,'4.DOANH THU (USD)'!T$6)/1000 -> 56 | U10: =SUMIFS('511'!$Q:$Q,'511'!$R:$R,'4.DOANH THU (USD)'!$C10,'511'!$A:$A,'4.DOANH THU (USD)'!U$6)/1000 -> 30.5 | V10: =SUMIFS('511'!$Q:$Q,'511'!$R:$R,'4.DOANH THU (USD)'!$C10,'511'!$A:$A,'4.DOANH THU (USD)'!V$6)/1000 -> 35.25 | W10: =SUMIFS('511'!$Q:$Q,'511'!$R:$R,'4.DOANH THU (USD)'!$C10,'511'!$A:$A,'4.DOANH THU (USD)'!W$6)/1000 -> 5.25 | X10: =SUMIFS('511'!$Q:$Q,'511'!$R:$R,'4.DOANH THU (USD)'!$C10,'511'!$A:$A,'4.DOANH THU (USD)'!X$6)/1000 -> 0.3 | Y10: =SUMIFS('511'!$Q:$Q,'511'!$R:$R,'4.DOANH THU (USD)'!$C10,'511'!$A:$A,'4.DOANH THU (USD)'!Y$6)/1000 -> 41.675 | ... AA10: =SUMIFS('511'!$Q:$Q,'511'!$R:$R,'4.DOANH THU (USD)'!$C10,'511'!$A:$A,'4.DOANH THU (USD)'!AA$6)/1000 -> 18.025 | AB10: 41.1 | AC10: 50.9 | AD10: =SUM(R10:AC10) -> 309.025 | AF10: =SUMIFS('KH 2026'!N:N,'KH 2026'!$K:$K,'4.DOANH THU (USD)'!$C10) -> 72 | AG10: =SUMIFS('KH 2026'!O:O,'KH 2026'!$K:$K,'4.DOANH THU (USD)'!$C10) -> 63 | AH10: =SUMIFS('KH 2026'!P:P,'KH 2026'!$K:$K,'4.DOANH THU (USD)'!$C10) -> 72 | AI10: =SUMIFS('KH 2026'!Q:Q,'KH 2026'!$K:$K,'4.DOANH THU (USD)'!$C10) -> 63 | AJ10: =SUMIFS('KH 2026'!R:R,'KH 2026'!$K:$K,'4.DOANH THU (USD)'!$C10) -> 72 | AK10: =SUMIFS('KH 2026'!S:S,'KH 2026'!$K:$K,'4.DOANH THU (USD)'!$C10) -> 87 | AL10: =SUMIFS('KH 2026'!T:T,'KH 2026'!$K:$K,'4.DOANH THU (USD)'!$C10) -> 72 | AM10: =SUMIFS('KH 2026'!U:U,'KH 2026'!$K:$K,'4.DOANH THU (USD)'!$C10) -> 63 | AN10: =SUMIFS('KH 2026'!V:V,'KH 2026'!$K:$K,'4.DOANH THU (USD)'!$C10) -> 72 | AO10: =SUMIFS('KH 2026'!W:W,'KH 2026'!$K:$K,'4.DOANH THU (USD)'!$C10) -> 87 | AP10: =SUMIFS('KH 2026'!X:X,'KH 2026'!$K:$K,'4.DOANH THU (USD)'!$C10) -> 72 | AQ10: =SUMIFS('KH 2026'!Y:Y,'KH 2026'!$K:$K,'4.DOANH THU (USD)'!$C10) -> 63 | AR10: =SUM(AF10:AQ10) -> 858 | AT10: =P10 -> 0.2 | AU10: =AD10 -> 309.025 | AV10: =AR10 -> 858 | AX10: =AU10-AT10 -> 308.825 | AZ10: =AV10-AU10 -> 548.975 | BA10: =IFERROR(AZ10/AV10,"") -> 0.639831
B11: 1.4 | C11: Xơ sợi | P11: =SUM(D11:O11) -> 0 | R11: =SUMIFS('511'!$Q:$Q,'511'!$R:$R,'4.DOANH THU (USD)'!$C11,'511'!$A:$A,'4.DOANH THU (USD)'!R$6)/1000 -> 22 | S11: =SUMIFS('511'!$Q:$Q,'511'!$R:$R,'4.DOANH THU (USD)'!$C11,'511'!$A:$A,'4.DOANH THU (USD)'!S$6)/1000 -> 50.025 | T11: =SUMIFS('511'!$Q:$Q,'511'!$R:$R,'4.DOANH THU (USD)'!$C11,'511'!$A:$A,'4.DOANH THU (USD)'!T$6)/1000 -> 0.075 | U11: =SUMIFS('511'!$Q:$Q,'511'!$R:$R,'4.DOANH THU (USD)'!$C11,'511'!$A:$A,'4.DOANH THU (USD)'!U$6)/1000 -> 225.5 | V11: =SUMIFS('511'!$Q:$Q,'511'!$R:$R,'4.DOANH THU (USD)'!$C11,'511'!$A:$A,'4.DOANH THU (USD)'!V$6)/1000 -> 82.55 | W11: =SUMIFS('511'!$Q:$Q,'511'!$R:$R,'4.DOANH THU (USD)'!$C11,'511'!$A:$A,'4.DOANH THU (USD)'!W$6)/1000 -> 185.9 | X11: =SUMIFS('511'!$Q:$Q,'511'!$R:$R,'4.DOANH THU (USD)'!$C11,'511'!$A:$A,'4.DOANH THU (USD)'!X$6)/1000 -> 165 | Y11: =SUMIFS('511'!$Q:$Q,'511'!$R:$R,'4.DOANH THU (USD)'!$C11,'511'!$A:$A,'4.DOANH THU (USD)'!Y$6)/1000 -> 0 | ... AA11: =SUMIFS('511'!$Q:$Q,'511'!$R:$R,'4.DOANH THU (USD)'!$C11,'511'!$A:$A,'4.DOANH THU (USD)'!AA$6)/1000 -> 231 | AB11: 66 | AC11: 264 | AD11: =SUM(R11:AC11) -> 1512.05 | AF11: =SUMIFS('KH 2026'!N:N,'KH 2026'!$K:$K,'4.DOANH THU (USD)'!$C11) -> 86.586983 | AG11: =SUMIFS('KH 2026'!O:O,'KH 2026'!$K:$K,'4.DOANH THU (USD)'!$C11) -> 86.586983 | AH11: =SUMIFS('KH 2026'!P:P,'KH 2026'!$K:$K,'4.DOANH THU (USD)'!$C11) -> 86.586983 | AI11: =SUMIFS('KH 2026'!Q:Q,'KH 2026'!$K:$K,'4.DOANH THU (USD)'!$C11) -> 86.586983 | AJ11: =SUMIFS('KH 2026'!R:R,'KH 2026'!$K:$K,'4.DOANH THU (USD)'!$C11) -> 86.586983 | AK11: =SUMIFS('KH 2026'!S:S,'KH 2026'!$K:$K,'4.DOANH THU (USD)'!$C11) -> 86.586983 | AL11: =SUMIFS('KH 2026'!T:T,'KH 2026'!$K:$K,'4.DOANH THU (USD)'!$C11) -> 86.586983 | AM11: =SUMIFS('KH 2026'!U:U,'KH 2026'!$K:$K,'4.DOANH THU (USD)'!$C11) -> 86.586983 | AN11: =SUMIFS('KH 2026'!V:V,'KH 2026'!$K:$K,'4.DOANH THU (USD)'!$C11) -> 86.586983 | AO11: =SUMIFS('KH 2026'!W:W,'KH 2026'!$K:$K,'4.DOANH THU (USD)'!$C11) -> 86.586983 | AP11: =SUMIFS('KH 2026'!X:X,'KH 2026'!$K:$K,'4.DOANH THU (USD)'!$C11) -> 86.586983 | AQ11: =SUMIFS('KH 2026'!Y:Y,'KH 2026'!$K:$K,'4.DOANH THU (USD)'!$C11) -> 86.586983 | AR11: =SUM(AF11:AQ11) -> 1039.0438 | AT11: =P11 -> 0 | AU11: =AD11 -> 1512.05 | AV11: =AR11 -> 1039.0438 | AX11: =AU11-AT11 -> 1512.05 | AY11: =IFERROR(AX11/AT11,"") | AZ11: =AV11-AU11 -> -473.0062 | BA11: =IFERROR(AZ11/AV11,"") -> -0.4552322
B12: 1.5 | C12: Khác (phó sản, phế liệu) | P12: =SUM(D12:O12) -> 0 | R12: =SUMIFS('511'!$Q:$Q,'511'!$R:$R,'4.DOANH THU (USD)'!$C12,'511'!$A:$A,'4.DOANH THU (USD)'!R$6)/1000 -> 246.83 | S12: =SUMIFS('511'!$Q:$Q,'511'!$R:$R,'4.DOANH THU (USD)'!$C12,'511'!$A:$A,'4.DOANH THU (USD)'!S$6)/1000 -> 55.676 | T12: =SUMIFS('511'!$Q:$Q,'511'!$R:$R,'4.DOANH THU (USD)'!$C12,'511'!$A:$A,'4.DOANH THU (USD)'!T$6)/1000 -> 5.668 | U12: =SUMIFS('511'!$Q:$Q,'511'!$R:$R,'4.DOANH THU (USD)'!$C12,'511'!$A:$A,'4.DOANH THU (USD)'!U$6)/1000 -> 2.002 | V12: =SUMIFS('511'!$Q:$Q,'511'!$R:$R,'4.DOANH THU (USD)'!$C12,'511'!$A:$A,'4.DOANH THU (USD)'!V$6)/1000 -> 37.269 | W12: =SUMIFS('511'!$Q:$Q,'511'!$R:$R,'4.DOANH THU (USD)'!$C12,'511'!$A:$A,'4.DOANH THU (USD)'!W$6)/1000 -> 39.315 | X12: =SUMIFS('511'!$Q:$Q,'511'!$R:$R,'4.DOANH THU (USD)'!$C12,'511'!$A:$A,'4.DOANH THU (USD)'!X$6)/1000 -> 22.628 | Y12: =SUMIFS('511'!$Q:$Q,'511'!$R:$R,'4.DOANH THU (USD)'!$C12,'511'!$A:$A,'4.DOANH THU (USD)'!Y$6)/1000 -> 193.176 | ... AA12: =SUMIFS('511'!$Q:$Q,'511'!$R:$R,'4.DOANH THU (USD)'!$C12,'511'!$A:$A,'4.DOANH THU (USD)'!AA$6)/1000 -> 219.938 | AD12: =SUM(R12:AC12) -> 1071.409 | AF12: =SUMIFS('KH 2026'!N:N,'KH 2026'!$K:$K,'4.DOANH THU (USD)'!$C12) -> 0 | AG12: =SUMIFS('KH 2026'!O:O,'KH 2026'!$K:$K,'4.DOANH THU (USD)'!$C12) -> 0 | AH12: =SUMIFS('KH 2026'!P:P,'KH 2026'!$K:$K,'4.DOANH THU (USD)'!$C12) -> 0 | AI12: =SUMIFS('KH 2026'!Q:Q,'KH 2026'!$K:$K,'4.DOANH THU (USD)'!$C12) -> 0 | AJ12: =SUMIFS('KH 2026'!R:R,'KH 2026'!$K:$K,'4.DOANH THU (USD)'!$C12) -> 0 | AK12: =SUMIFS('KH 2026'!S:S,'KH 2026'!$K:$K,'4.DOANH THU (USD)'!$C12) -> 0 | AL12: =SUMIFS('KH 2026'!T:T,'KH 2026'!$K:$K,'4.DOANH THU (USD)'!$C12) -> 0 | AM12: =SUMIFS('KH 2026'!U:U,'KH 2026'!$K:$K,'4.DOANH THU (USD)'!$C12) -> 0 | AN12: =SUMIFS('KH 2026'!V:V,'KH 2026'!$K:$K,'4.DOANH THU (USD)'!$C12) -> 0 | AO12: =SUMIFS('KH 2026'!W:W,'KH 2026'!$K:$K,'4.DOANH THU (USD)'!$C12) -> 0 | AP12: =SUMIFS('KH 2026'!X:X,'KH 2026'!$K:$K,'4.DOANH THU (USD)'!$C12) -> 0 | AQ12: =SUMIFS('KH 2026'!Y:Y,'KH 2026'!$K:$K,'4.DOANH THU (USD)'!$C12) -> 0 | AR12: =SUM(AF12:AQ12) -> 0 | AT12: =P12 -> 0 | AU12: =AD12 -> 1071.409 | AV12: =AR12 -> 0 | AX12: =AU12-AT12 -> 1071.409 | AY12: =IFERROR(AX12/AT12,"") | AZ12: =AV12-AU12 -> -1071.409 | BA12: =IFERROR(AZ12/AV12,"")
B13: 1.6 | C13: Khác (tài trợ) | P13: =SUM(D13:O13) -> 0 | R13: =SUMIFS('511'!$Q:$Q,'511'!$R:$R,'4.DOANH THU (USD)'!$C13,'511'!$A:$A,'4.DOANH THU (USD)'!R$6)/1000 -> 0 | S13: =SUMIFS('511'!$Q:$Q,'511'!$R:$R,'4.DOANH THU (USD)'!$C13,'511'!$A:$A,'4.DOANH THU (USD)'!S$6)/1000 -> 0 | T13: =SUMIFS('511'!$Q:$Q,'511'!$R:$R,'4.DOANH THU (USD)'!$C13,'511'!$A:$A,'4.DOANH THU (USD)'!T$6)/1000 -> 0 | U13: =SUMIFS('511'!$Q:$Q,'511'!$R:$R,'4.DOANH THU (USD)'!$C13,'511'!$A:$A,'4.DOANH THU (USD)'!U$6)/1000 -> 0 | V13: =SUMIFS('511'!$Q:$Q,'511'!$R:$R,'4.DOANH THU (USD)'!$C13,'511'!$A:$A,'4.DOANH THU (USD)'!V$6)/1000 -> 0 | W13: =SUMIFS('511'!$Q:$Q,'511'!$R:$R,'4.DOANH THU (USD)'!$C13,'511'!$A:$A,'4.DOANH THU (USD)'!W$6)/1000 -> 0 | X13: =SUMIFS('511'!$Q:$Q,'511'!$R:$R,'4.DOANH THU (USD)'!$C13,'511'!$A:$A,'4.DOANH THU (USD)'!X$6)/1000 -> 0 | Y13: =SUMIFS('511'!$Q:$Q,'511'!$R:$R,'4.DOANH THU (USD)'!$C13,'511'!$A:$A,'4.DOANH THU (USD)'!Y$6)/1000 -> 0 | ... AA13: =SUMIFS('511'!$Q:$Q,'511'!$R:$R,'4.DOANH THU (USD)'!$C13,'511'!$A:$A,'4.DOANH THU (USD)'!AA$6)/1000 -> 0 | AD13: =SUM(R13:AC13) -> 0 | AF13: =SUMIFS('KH 2026'!N:N,'KH 2026'!$K:$K,'4.DOANH THU (USD)'!$C13) -> 0 | AG13: =SUMIFS('KH 2026'!O:O,'KH 2026'!$K:$K,'4.DOANH THU (USD)'!$C13) -> 0 | AH13: =SUMIFS('KH 2026'!P:P,'KH 2026'!$K:$K,'4.DOANH THU (USD)'!$C13) -> 0 | AI13: =SUMIFS('KH 2026'!Q:Q,'KH 2026'!$K:$K,'4.DOANH THU (USD)'!$C13) -> 0 | AJ13: =SUMIFS('KH 2026'!R:R,'KH 2026'!$K:$K,'4.DOANH THU (USD)'!$C13) -> 0 | AK13: =SUMIFS('KH 2026'!S:S,'KH 2026'!$K:$K,'4.DOANH THU (USD)'!$C13) -> 0 | AL13: =SUMIFS('KH 2026'!T:T,'KH 2026'!$K:$K,'4.DOANH THU (USD)'!$C13) -> 0 | AM13: =SUMIFS('KH 2026'!U:U,'KH 2026'!$K:$K,'4.DOANH THU (USD)'!$C13) -> 0 | AN13: =SUMIFS('KH 2026'!V:V,'KH 2026'!$K:$K,'4.DOANH THU (USD)'!$C13) -> 0 | AO13: =SUMIFS('KH 2026'!W:W,'KH 2026'!$K:$K,'4.DOANH THU (USD)'!$C13) -> 0 | AP13: =SUMIFS('KH 2026'!X:X,'KH 2026'!$K:$K,'4.DOANH THU (USD)'!$C13) -> 0 | AQ13: =SUMIFS('KH 2026'!Y:Y,'KH 2026'!$K:$K,'4.DOANH THU (USD)'!$C13) -> 0 | AR13: =SUM(AF13:AQ13) -> 0 | AT13: =P13 -> 0 | AU13: =AD13 -> 0 | AV13: =AR13 -> 0 | AX13: =AU13-AT13 -> 0 | AY13: =IFERROR(AX13/AT13,"") | AZ13: =AV13-AU13 -> 0 | BA13: =IFERROR(AZ13/AV13,"")
B14: 1.7 | C14: Dây đai | P14: =SUM(D14:O14) -> 0 | R14: =SUMIFS('511'!$Q:$Q,'511'!$R:$R,'4.DOANH THU (USD)'!$C14,'511'!$A:$A,'4.DOANH THU (USD)'!R$6)/1000 -> 0 | S14: =SUMIFS('511'!$Q:$Q,'511'!$R:$R,'4.DOANH THU (USD)'!$C14,'511'!$A:$A,'4.DOANH THU (USD)'!S$6)/1000 -> 165 | T14: =SUMIFS('511'!$Q:$Q,'511'!$R:$R,'4.DOANH THU (USD)'!$C14,'511'!$A:$A,'4.DOANH THU (USD)'!T$6)/1000 -> 58 | U14: =SUMIFS('511'!$Q:$Q,'511'!$R:$R,'4.DOANH THU (USD)'!$C14,'511'!$A:$A,'4.DOANH THU (USD)'!U$6)/1000 -> 0 | V14: =SUMIFS('511'!$Q:$Q,'511'!$R:$R,'4.DOANH THU (USD)'!$C14,'511'!$A:$A,'4.DOANH THU (USD)'!V$6)/1000 -> 222 | W14: =SUMIFS('511'!$Q:$Q,'511'!$R:$R,'4.DOANH THU (USD)'!$C14,'511'!$A:$A,'4.DOANH THU (USD)'!W$6)/1000 -> 511.26 | X14: =SUMIFS('511'!$Q:$Q,'511'!$R:$R,'4.DOANH THU (USD)'!$C14,'511'!$A:$A,'4.DOANH THU (USD)'!X$6)/1000 -> 180 | Y14: =SUMIFS('511'!$Q:$Q,'511'!$R:$R,'4.DOANH THU (USD)'!$C14,'511'!$A:$A,'4.DOANH THU (USD)'!Y$6)/1000 -> 380 | ... AA14: =SUMIFS('511'!$Q:$Q,'511'!$R:$R,'4.DOANH THU (USD)'!$C14,'511'!$A:$A,'4.DOANH THU (USD)'!AA$6)/1000 -> 264.74 | AD14: =SUM(R14:AC14) -> 1781 | AF14: =#REF! -> #REF! | AG14: =#REF! -> #REF! | AH14: =#REF! -> #REF! | AI14: =#REF! -> #REF! | AJ14: =#REF! -> #REF! | AK14: =#REF! -> #REF! | AL14: =#REF! -> #REF! | AM14: =#REF! -> #REF! | ... AQ14: =#REF! -> #REF! | AR14: =SUM(AF14:AQ14) -> #REF! | AT14: =P14 -> 0 | AU14: =AD14 -> 1781 | AV14: =AR14 -> #REF! | AX14: =AU14-AT14 -> 1781 | AY14: =IFERROR(AX14/AT14,"") | AZ14: =AV14-AU14 -> #REF! | BA14: =IFERROR(AZ14/AV14,"")
B15: 1.8 | C15: Chi phí xuất khẩu | P15: =SUM(D15:O15) -> 0 | AT15: =P15 -> 0 | AU15: =AD15 -> 0 | AV15: =AR15 -> 0 | AX15: =AU15-AT15 -> 0 | AY15: =IFERROR(AX15/AT15,"") | AZ15: =AV15-AU15 -> 0 | BA15: =IFERROR(AZ15/AV15,"")
B16: 1.9 | C16: XX | AT16: =P16 -> 0 | AU16: =AD16 -> 0 | AV16: =AR16 -> 0 | AX16: =AU16-AT16 -> 0 | AY16: =IFERROR(AX16/AT16,"") | AZ16: =AV16-AU16 -> 0 | BA16: =IFERROR(AZ16/AV16,"")
B17: 1.10 | C17: XX | AT17: =P17 -> 0 | AU17: =AD17 -> 0 | AV17: =AR17 -> 0 | AX17: =AU17-AT17 -> 0 | AY17: =IFERROR(AX17/AT17,"") | AZ17: =AV17-AU17 -> 0 | BA17: =IFERROR(AZ17/AV17,"")
B18: 2 | C18: DOANH THU (Trđ) | D18: =SUM(D19:D28) -> #REF! | E18: =SUM(E19:E28) -> #REF! | F18: =SUM(F19:F28) -> #REF! | G18: =SUM(G19:G28) -> #REF! | H18: =SUM(H19:H28) -> #REF! | I18: =SUM(I19:I28) -> #REF! | J18: =SUM(J19:J28) -> #REF! | K18: =SUM(K19:K28) -> #REF! | ... AR18: =SUM(AR19:AR28) -> #REF! | AT18: =P18 -> #REF! | AU18: =AD18 -> #REF! | AV18: =AR18 -> #REF! | AX18: =AU18-AT18 -> #REF! | AY18: =IFERROR(AX18/AT18,"") | AZ18: =AV18-AU18 -> #REF! | BA18: =IFERROR(AZ18/AV18,"") | BC18: =IFERROR(AT18/AT$18,"") | BD18: =IFERROR(AU18/AU$18,"") | BE18: =IFERROR(AV18/AV$18,"")
B19: 2.1 | C19: =C30 -> rPET | D19: =19396.48348-D26 -> #REF! | E19: =18963.976457-E26 -> #REF! | F19: =53172.37105-F26 -> #REF! | G19: =51252.84836-G26 -> #REF! | H19: =45718.90666-H26 -> #REF! | I19: =44053.037287-I26 -> #REF! | J19: =46420.304964-J26 -> #REF! | K19: =71532.069455-K26 -> #REF! | L19: =50880.777704-L26 -> #REF! | M19: =72547.856348-M26 -> #REF! | N19: =55659.174905-N26 -> #REF! | O19: =91608.39445-O26 -> #REF! | P19: =SUM(D19:O19) -> #REF! | R19: =-SUMIFS('511'!$J:$J,'511'!$R:$R,'4.DOANH THU (USD)'!$C19,'511'!$A:$A,'4.DOANH THU (USD)'!R$6)/10^6-R26 -> #REF! | S19: =-SUMIFS('511'!$J:$J,'511'!$R:$R,'4.DOANH THU (USD)'!$C19,'511'!$A:$A,'4.DOANH THU (USD)'!S$6)/10^6-S26 -> #REF! | T19: =-SUMIFS('511'!$J:$J,'511'!$R:$R,'4.DOANH THU (USD)'!$C19,'511'!$A:$A,'4.DOANH THU (USD)'!T$6)/10^6-T26 -> #REF! | U19: =-SUMIFS('511'!$J:$J,'511'!$R:$R,'4.DOANH THU (USD)'!$C19,'511'!$A:$A,'4.DOANH THU (USD)'!U$6)/10^6-U26 -> #REF! | V19: =-SUMIFS('511'!$J:$J,'511'!$R:$R,'4.DOANH THU (USD)'!$C19,'511'!$A:$A,'4.DOANH THU (USD)'!V$6)/10^6-V26 -> #REF! | W19: =-SUMIFS('511'!$J:$J,'511'!$R:$R,'4.DOANH THU (USD)'!$C19,'511'!$A:$A,'4.DOANH THU (USD)'!W$6)/10^6-W26 -> #REF! | X19: =-SUMIFS('511'!$J:$J,'511'!$R:$R,'4.DOANH THU (USD)'!$C19,'511'!$A:$A,'4.DOANH THU (USD)'!X$6)/10^6-X26 -> #REF! | Y19: =-SUMIFS('511'!$J:$J,'511'!$R:$R,'4.DOANH THU (USD)'!$C19,'511'!$A:$A,'4.DOANH THU (USD)'!Y$6)/10^6-Y26 -> #REF! | ... AA19: =-SUMIFS('511'!$J:$J,'511'!$R:$R,'4.DOANH THU (USD)'!$C19,'511'!$A:$A,'4.DOANH THU (USD)'!AA$6)/10^6-AA26 -> 92687.248 | AB19: 94975.562 | AC19: 114281.25 | AD19: =SUM(R19:AC19) -> #REF! | AF19: =SUMIFS('KH 2026'!AU:AU,'KH 2026'!$K:$K,'4.DOANH THU (USD)'!$C19)/10^6 -> 112067.22 | AG19: =SUMIFS('KH 2026'!AV:AV,'KH 2026'!$K:$K,'4.DOANH THU (USD)'!$C19)/10^6 -> 109088.86 | AH19: =SUMIFS('KH 2026'!AW:AW,'KH 2026'!$K:$K,'4.DOANH THU (USD)'!$C19)/10^6 -> 115750.31 | AI19: =SUMIFS('KH 2026'!AX:AX,'KH 2026'!$K:$K,'4.DOANH THU (USD)'!$C19)/10^6 -> 112741.82 | AJ19: =SUMIFS('KH 2026'!AY:AY,'KH 2026'!$K:$K,'4.DOANH THU (USD)'!$C19)/10^6 -> 120771.28 | AK19: =SUMIFS('KH 2026'!AZ:AZ,'KH 2026'!$K:$K,'4.DOANH THU (USD)'!$C19)/10^6 -> 115158.11 | AL19: =SUMIFS('KH 2026'!BA:BA,'KH 2026'!$K:$K,'4.DOANH THU (USD)'!$C19)/10^6 -> 120001.74 | AM19: =SUMIFS('KH 2026'!BB:BB,'KH 2026'!$K:$K,'4.DOANH THU (USD)'!$C19)/10^6 -> 115666.61 | AN19: =SUMIFS('KH 2026'!BC:BC,'KH 2026'!$K:$K,'4.DOANH THU (USD)'!$C19)/10^6 -> 115941.48 | AO19: =SUMIFS('KH 2026'!BD:BD,'KH 2026'!$K:$K,'4.DOANH THU (USD)'!$C19)/10^6 -> 112161.28 | AP19: =SUMIFS('KH 2026'!BE:BE,'KH 2026'!$K:$K,'4.DOANH THU (USD)'!$C19)/10^6 -> 120283.49 | AQ19: =SUMIFS('KH 2026'!BF:BF,'KH 2026'!$K:$K,'4.DOANH THU (USD)'!$C19)/10^6 -> 116438.31 | AR19: =SUM(AF19:AQ19) -> 1386070.5 | AT19: =P19 -> #REF! | AU19: =AD19 -> #REF! | AV19: =AR19 -> 1386070.5 | AX19: =AU19-AT19 -> #REF! | AY19: =IFERROR(AX19/AT19,"") | AZ19: =AV19-AU19 -> #REF! | BA19: =IFERROR(AZ19/AV19,"") | BC19: =IFERROR(AT19/AT$18,"") | BD19: =IFERROR(AU19/AU$18,"") | BE19: =IFERROR(AV19/AV$18,"")
B20: 2.2 | C20: =C31 -> rHDPE | D20: 2257.566 | E20: 4028.86 | F20: 4803.979 | G20: 2931.0628 | H20: 5846.4744 | I20: 5804.2415 | J20: 4174.3171 | K20: 4419.8895 | L20: 3133.9969 | M20: 5728.2765 | N20: 6625.3224 | O20: 3773.6758 | P20: =SUM(D20:O20) -> 53527.662 | R20: =-SUMIFS('511'!$J:$J,'511'!$R:$R,'4.DOANH THU (USD)'!$C20,'511'!$A:$A,'4.DOANH THU (USD)'!R$6)/10^6 -> 7433.9118 | S20: =-SUMIFS('511'!$J:$J,'511'!$R:$R,'4.DOANH THU (USD)'!$C20,'511'!$A:$A,'4.DOANH THU (USD)'!S$6)/10^6 -> 4453.7879 | T20: =-SUMIFS('511'!$J:$J,'511'!$R:$R,'4.DOANH THU (USD)'!$C20,'511'!$A:$A,'4.DOANH THU (USD)'!T$6)/10^6 -> 6071.2319 | U20: =-SUMIFS('511'!$J:$J,'511'!$R:$R,'4.DOANH THU (USD)'!$C20,'511'!$A:$A,'4.DOANH THU (USD)'!U$6)/10^6 -> 7077.5688 | V20: =-SUMIFS('511'!$J:$J,'511'!$R:$R,'4.DOANH THU (USD)'!$C20,'511'!$A:$A,'4.DOANH THU (USD)'!V$6)/10^6 -> 6312.5351 | W20: =-SUMIFS('511'!$J:$J,'511'!$R:$R,'4.DOANH THU (USD)'!$C20,'511'!$A:$A,'4.DOANH THU (USD)'!W$6)/10^6 -> 4270.794 | X20: =-SUMIFS('511'!$J:$J,'511'!$R:$R,'4.DOANH THU (USD)'!$C20,'511'!$A:$A,'4.DOANH THU (USD)'!X$6)/10^6 -> 3836.6409 | Y20: =-SUMIFS('511'!$J:$J,'511'!$R:$R,'4.DOANH THU (USD)'!$C20,'511'!$A:$A,'4.DOANH THU (USD)'!Y$6)/10^6 -> 4657.6584 | ... AA20: =-SUMIFS('511'!$J:$J,'511'!$R:$R,'4.DOANH THU (USD)'!$C20,'511'!$A:$A,'4.DOANH THU (USD)'!AA$6)/10^6 -> 7221.6201 | AB20: 10528.75 | AC20: 12283.875 | AD20: =SUM(R20:AC20) -> 78994.744 | AF20: =SUMIFS('KH 2026'!AU:AU,'KH 2026'!$K:$K,'4.DOANH THU (USD)'!$C20)/10^6 -> 0 | AG20: =SUMIFS('KH 2026'!AV:AV,'KH 2026'!$K:$K,'4.DOANH THU (USD)'!$C20)/10^6 -> 0 | AH20: =SUMIFS('KH 2026'!AW:AW,'KH 2026'!$K:$K,'4.DOANH THU (USD)'!$C20)/10^6 -> 0 | AI20: =SUMIFS('KH 2026'!AX:AX,'KH 2026'!$K:$K,'4.DOANH THU (USD)'!$C20)/10^6 -> 0 | AJ20: =SUMIFS('KH 2026'!AY:AY,'KH 2026'!$K:$K,'4.DOANH THU (USD)'!$C20)/10^6 -> 0 | AK20: =SUMIFS('KH 2026'!AZ:AZ,'KH 2026'!$K:$K,'4.DOANH THU (USD)'!$C20)/10^6 -> 0 | AL20: =SUMIFS('KH 2026'!BA:BA,'KH 2026'!$K:$K,'4.DOANH THU (USD)'!$C20)/10^6 -> 0 | AM20: =SUMIFS('KH 2026'!BB:BB,'KH 2026'!$K:$K,'4.DOANH THU (USD)'!$C20)/10^6 -> 0 | AN20: =SUMIFS('KH 2026'!BC:BC,'KH 2026'!$K:$K,'4.DOANH THU (USD)'!$C20)/10^6 -> 0 | AO20: =SUMIFS('KH 2026'!BD:BD,'KH 2026'!$K:$K,'4.DOANH THU (USD)'!$C20)/10^6 -> 0 | AP20: =SUMIFS('KH 2026'!BE:BE,'KH 2026'!$K:$K,'4.DOANH THU (USD)'!$C20)/10^6 -> 0 | AQ20: =SUMIFS('KH 2026'!BF:BF,'KH 2026'!$K:$K,'4.DOANH THU (USD)'!$C20)/10^6 -> 0 | AR20: =SUM(AF20:AQ20) -> 0 | AT20: =P20 -> 53527.662 | AU20: =AD20 -> 78994.744 | AV20: =AR20 -> 0 | AX20: =AU20-AT20 -> 25467.082 | AY20: =IFERROR(AX20/AT20,"") -> 0.47577422 | AZ20: =AV20-AU20 -> -78994.744 | BA20: =IFERROR(AZ20/AV20,"") | BC20: =IFERROR(AT20/AT$18,"") | BD20: =IFERROR(AU20/AU$18,"") | BE20: =IFERROR(AV20/AV$18,"")
B21: 2.3 | C21: =C32 -> rPP | D21: 0 | E21: 0 | F21: 0 | G21: 0 | H21: 3.7808 | I21: 0 | J21: 0 | K21: 1.900845 | L21: 0 | M21: 0 | N21: 0 | O21: 0 | P21: =SUM(D21:O21) -> 5.681645 | R21: =-SUMIFS('511'!$J:$J,'511'!$R:$R,'4.DOANH THU (USD)'!$C21,'511'!$A:$A,'4.DOANH THU (USD)'!R$6)/10^6 -> 298.605 | S21: =-SUMIFS('511'!$J:$J,'511'!$R:$R,'4.DOANH THU (USD)'!$C21,'511'!$A:$A,'4.DOANH THU (USD)'!S$6)/10^6 -> 298.605 | T21: =-SUMIFS('511'!$J:$J,'511'!$R:$R,'4.DOANH THU (USD)'!$C21,'511'!$A:$A,'4.DOANH THU (USD)'!T$6)/10^6 -> 1256.87 | U21: =-SUMIFS('511'!$J:$J,'511'!$R:$R,'4.DOANH THU (USD)'!$C21,'511'!$A:$A,'4.DOANH THU (USD)'!U$6)/10^6 -> 674.3855 | V21: =-SUMIFS('511'!$J:$J,'511'!$R:$R,'4.DOANH THU (USD)'!$C21,'511'!$A:$A,'4.DOANH THU (USD)'!V$6)/10^6 -> 779.41275 | W21: =-SUMIFS('511'!$J:$J,'511'!$R:$R,'4.DOANH THU (USD)'!$C21,'511'!$A:$A,'4.DOANH THU (USD)'!W$6)/10^6 -> 116.08275 | X21: =-SUMIFS('511'!$J:$J,'511'!$R:$R,'4.DOANH THU (USD)'!$C21,'511'!$A:$A,'4.DOANH THU (USD)'!X$6)/10^6 -> 7.31759 | Y21: =-SUMIFS('511'!$J:$J,'511'!$R:$R,'4.DOANH THU (USD)'!$C21,'511'!$A:$A,'4.DOANH THU (USD)'!Y$6)/10^6 -> 1081.5932 | ... AA21: =-SUMIFS('511'!$J:$J,'511'!$R:$R,'4.DOANH THU (USD)'!$C21,'511'!$A:$A,'4.DOANH THU (USD)'!AA$6)/10^6 -> 402.43134 | AB21: 1171.35 | AC21: 1450.65 | AD21: =SUM(R21:AC21) -> 7537.9214 | AF21: =SUMIFS('KH 2026'!AU:AU,'KH 2026'!$K:$K,'4.DOANH THU (USD)'!$C21)/10^6 -> 1319.7 | AG21: =SUMIFS('KH 2026'!AV:AV,'KH 2026'!$K:$K,'4.DOANH THU (USD)'!$C21)/10^6 -> 1168.65 | AH21: =SUMIFS('KH 2026'!AW:AW,'KH 2026'!$K:$K,'4.DOANH THU (USD)'!$C21)/10^6 -> 1319.7 | AI21: =SUMIFS('KH 2026'!AX:AX,'KH 2026'!$K:$K,'4.DOANH THU (USD)'!$C21)/10^6 -> 1168.65 | AJ21: =SUMIFS('KH 2026'!AY:AY,'KH 2026'!$K:$K,'4.DOANH THU (USD)'!$C21)/10^6 -> 1319.7 | AK21: =SUMIFS('KH 2026'!AZ:AZ,'KH 2026'!$K:$K,'4.DOANH THU (USD)'!$C21)/10^6 -> 1613.85 | AL21: =SUMIFS('KH 2026'!BA:BA,'KH 2026'!$K:$K,'4.DOANH THU (USD)'!$C21)/10^6 -> 1319.7 | AM21: =SUMIFS('KH 2026'!BB:BB,'KH 2026'!$K:$K,'4.DOANH THU (USD)'!$C21)/10^6 -> 1168.65 | AN21: =SUMIFS('KH 2026'!BC:BC,'KH 2026'!$K:$K,'4.DOANH THU (USD)'!$C21)/10^6 -> 1319.7 | AO21: =SUMIFS('KH 2026'!BD:BD,'KH 2026'!$K:$K,'4.DOANH THU (USD)'!$C21)/10^6 -> 1613.85 | AP21: =SUMIFS('KH 2026'!BE:BE,'KH 2026'!$K:$K,'4.DOANH THU (USD)'!$C21)/10^6 -> 1319.7 | AQ21: =SUMIFS('KH 2026'!BF:BF,'KH 2026'!$K:$K,'4.DOANH THU (USD)'!$C21)/10^6 -> 1168.65 | AR21: =SUM(AF21:AQ21) -> 15820.5 | AT21: =P21 -> 5.681645 | AU21: =AD21 -> 7537.9214 | AV21: =AR21 -> 15820.5 | AX21: =AU21-AT21 -> 7532.2398 | AY21: =IFERROR(AX21/AT21,"") -> 1325.7146 | AZ21: =AV21-AU21 -> 8282.5786 | BA21: =IFERROR(AZ21/AV21,"") -> 0.52353456 | BC21: =IFERROR(AT21/AT$18,"") | BD21: =IFERROR(AU21/AU$18,"") | BE21: =IFERROR(AV21/AV$18,"")
B22: 2.4 | C22: =C33 -> Xơ sợi | P22: =SUM(D22:O22) -> 0 | R22: =-SUMIFS('511'!$J:$J,'511'!$R:$R,'4.DOANH THU (USD)'!$C22,'511'!$A:$A,'4.DOANH THU (USD)'!R$6)/10^6 -> 602.28282 | S22: =-SUMIFS('511'!$J:$J,'511'!$R:$R,'4.DOANH THU (USD)'!$C22,'511'!$A:$A,'4.DOANH THU (USD)'!S$6)/10^6 -> -1165.4441 | T22: =-SUMIFS('511'!$J:$J,'511'!$R:$R,'4.DOANH THU (USD)'!$C22,'511'!$A:$A,'4.DOANH THU (USD)'!T$6)/10^6 -> 7.74585 | U22: =-SUMIFS('511'!$J:$J,'511'!$R:$R,'4.DOANH THU (USD)'!$C22,'511'!$A:$A,'4.DOANH THU (USD)'!U$6)/10^6 -> 4534.772 | V22: =-SUMIFS('511'!$J:$J,'511'!$R:$R,'4.DOANH THU (USD)'!$C22,'511'!$A:$A,'4.DOANH THU (USD)'!V$6)/10^6 -> 1635.1653 | W22: =-SUMIFS('511'!$J:$J,'511'!$R:$R,'4.DOANH THU (USD)'!$C22,'511'!$A:$A,'4.DOANH THU (USD)'!W$6)/10^6 -> 3122.5766 | X22: =-SUMIFS('511'!$J:$J,'511'!$R:$R,'4.DOANH THU (USD)'!$C22,'511'!$A:$A,'4.DOANH THU (USD)'!X$6)/10^6 -> 2722.5 | Y22: =-SUMIFS('511'!$J:$J,'511'!$R:$R,'4.DOANH THU (USD)'!$C22,'511'!$A:$A,'4.DOANH THU (USD)'!Y$6)/10^6 -> 0 | ... AA22: =-SUMIFS('511'!$J:$J,'511'!$R:$R,'4.DOANH THU (USD)'!$C22,'511'!$A:$A,'4.DOANH THU (USD)'!AA$6)/10^6 -> 5188.7 | AB22: 1815 | AC22: 6930 | AD22: =SUM(R22:AC22) -> 30145.869 | AF22: =SUMIFS('KH 2026'!AU:AU,'KH 2026'!$K:$K,'4.DOANH THU (USD)'!$C22)/10^6 -> 1468.5152 | AG22: =SUMIFS('KH 2026'!AV:AV,'KH 2026'!$K:$K,'4.DOANH THU (USD)'!$C22)/10^6 -> 1450.1588 | AH22: =SUMIFS('KH 2026'!AW:AW,'KH 2026'!$K:$K,'4.DOANH THU (USD)'!$C22)/10^6 -> 1431.8024 | AI22: =SUMIFS('KH 2026'!AX:AX,'KH 2026'!$K:$K,'4.DOANH THU (USD)'!$C22)/10^6 -> 1413.4459 | AJ22: =SUMIFS('KH 2026'!AY:AY,'KH 2026'!$K:$K,'4.DOANH THU (USD)'!$C22)/10^6 -> 1395.0895 | AK22: =SUMIFS('KH 2026'!AZ:AZ,'KH 2026'!$K:$K,'4.DOANH THU (USD)'!$C22)/10^6 -> 1376.733 | AL22: =SUMIFS('KH 2026'!BA:BA,'KH 2026'!$K:$K,'4.DOANH THU (USD)'!$C22)/10^6 -> 1358.3766 | AM22: =SUMIFS('KH 2026'!BB:BB,'KH 2026'!$K:$K,'4.DOANH THU (USD)'!$C22)/10^6 -> 1340.0202 | AN22: =SUMIFS('KH 2026'!BC:BC,'KH 2026'!$K:$K,'4.DOANH THU (USD)'!$C22)/10^6 -> 1321.6637 | AO22: =SUMIFS('KH 2026'!BD:BD,'KH 2026'!$K:$K,'4.DOANH THU (USD)'!$C22)/10^6 -> 1303.3073 | AP22: =SUMIFS('KH 2026'!BE:BE,'KH 2026'!$K:$K,'4.DOANH THU (USD)'!$C22)/10^6 -> 1284.9508 | AQ22: =SUMIFS('KH 2026'!BF:BF,'KH 2026'!$K:$K,'4.DOANH THU (USD)'!$C22)/10^6 -> 1266.5944 | AR22: =SUM(AF22:AQ22) -> 16410.658 | AT22: =P22 -> 0 | AU22: =AD22 -> 30145.869 | AV22: =AR22 -> 16410.658 | AX22: =AU22-AT22 -> 30145.869 | AY22: =IFERROR(AX22/AT22,"") | AZ22: =AV22-AU22 -> -13735.212 | BA22: =IFERROR(AZ22/AV22,"") -> -0.83696899 | BC22: =IFERROR(AT22/AT$18,"") | BD22: =IFERROR(AU22/AU$18,"") | BE22: =IFERROR(AV22/AV$18,"")
B23: 2.5 | C23: =C34 -> Khác (phó sản, phế liệu) | D23: 87.445683 | E23: 49.482552 | F23: 1236.1834 | G23: 103.13109 | H23: 1680.7844 | I23: 1046.4194 | J23: 2931.7051 | K23: 2328.6038 | L23: 9390.6439 | M23: 5347.8269 | N23: 618.54416 | O23: 898.54197 | P23: =SUM(D23:O23) -> 25719.312 | R23: =-SUMIFS('511'!$J:$J,'511'!$R:$R,'4.DOANH THU (USD)'!$C23,'511'!$A:$A,'4.DOANH THU (USD)'!R$6)/10^6 -> 1757.8884 | S23: =-SUMIFS('511'!$J:$J,'511'!$R:$R,'4.DOANH THU (USD)'!$C23,'511'!$A:$A,'4.DOANH THU (USD)'!S$6)/10^6 -> 1219.8437 | T23: =-SUMIFS('511'!$J:$J,'511'!$R:$R,'4.DOANH THU (USD)'!$C23,'511'!$A:$A,'4.DOANH THU (USD)'!T$6)/10^6 -> 195.53848 | U23: =-SUMIFS('511'!$J:$J,'511'!$R:$R,'4.DOANH THU (USD)'!$C23,'511'!$A:$A,'4.DOANH THU (USD)'!U$6)/10^6 -> 140.73871 | V23: =-SUMIFS('511'!$J:$J,'511'!$R:$R,'4.DOANH THU (USD)'!$C23,'511'!$A:$A,'4.DOANH THU (USD)'!V$6)/10^6 -> 928.72836 | W23: =-SUMIFS('511'!$J:$J,'511'!$R:$R,'4.DOANH THU (USD)'!$C23,'511'!$A:$A,'4.DOANH THU (USD)'!W$6)/10^6 -> 867.30228 | X23: =-SUMIFS('511'!$J:$J,'511'!$R:$R,'4.DOANH THU (USD)'!$C23,'511'!$A:$A,'4.DOANH THU (USD)'!X$6)/10^6 -> 473.44707 | Y23: =-SUMIFS('511'!$J:$J,'511'!$R:$R,'4.DOANH THU (USD)'!$C23,'511'!$A:$A,'4.DOANH THU (USD)'!Y$6)/10^6 -> 1235.337 | ... AA23: =-SUMIFS('511'!$J:$J,'511'!$R:$R,'4.DOANH THU (USD)'!$C23,'511'!$A:$A,'4.DOANH THU (USD)'!AA$6)/10^6 -> 1886.9294 | AD23: =SUM(R23:AC23) -> 10163.244 | AR23: =SUM(AF23:AQ23) -> 0 | AT23: =P23 -> 25719.312 | AU23: =AD23 -> 10163.244 | AV23: =AR23 -> 0 | AX23: =AU23-AT23 -> -15556.068 | AY23: =IFERROR(AX23/AT23,"") -> -0.60483997 | AZ23: =AV23-AU23 -> -10163.244 | BA23: =IFERROR(AZ23/AV23,"") | BC23: =IFERROR(AT23/AT$18,"") | BD23: =IFERROR(AU23/AU$18,"") | BE23: =IFERROR(AV23/AV$18,"")
B24: 2.6 | C24: Khác (tài trợ) | D24: 3243.9601 | H24: 4382.0385 | L24: 1510.7581 | M24: 1047.5693 | O24: 3275.3815 | P24: =SUM(D24:O24) -> 13459.708 | R24: =-SUMIFS('511'!$J:$J,'511'!$R:$R,'4.DOANH THU (USD)'!$C24,'511'!$A:$A,'4.DOANH THU (USD)'!R$6)/10^6 -> 0 | S24: =-SUMIFS('511'!$J:$J,'511'!$R:$R,'4.DOANH THU (USD)'!$C24,'511'!$A:$A,'4.DOANH THU (USD)'!S$6)/10^6 -> 1016.6853 | T24: =-SUMIFS('511'!$J:$J,'511'!$R:$R,'4.DOANH THU (USD)'!$C24,'511'!$A:$A,'4.DOANH THU (USD)'!T$6)/10^6 -> 0 | U24: =-SUMIFS('511'!$J:$J,'511'!$R:$R,'4.DOANH THU (USD)'!$C24,'511'!$A:$A,'4.DOANH THU (USD)'!U$6)/10^6 -> 0 | V24: =-SUMIFS('511'!$J:$J,'511'!$R:$R,'4.DOANH THU (USD)'!$C24,'511'!$A:$A,'4.DOANH THU (USD)'!V$6)/10^6 -> 0 | W24: =-SUMIFS('511'!$J:$J,'511'!$R:$R,'4.DOANH THU (USD)'!$C24,'511'!$A:$A,'4.DOANH THU (USD)'!W$6)/10^6 -> 586 | X24: =-SUMIFS('511'!$J:$J,'511'!$R:$R,'4.DOANH THU (USD)'!$C24,'511'!$A:$A,'4.DOANH THU (USD)'!X$6)/10^6 -> 0 | Y24: =-SUMIFS('511'!$J:$J,'511'!$R:$R,'4.DOANH THU (USD)'!$C24,'511'!$A:$A,'4.DOANH THU (USD)'!Y$6)/10^6 -> 0 | ... AA24: =-SUMIFS('511'!$J:$J,'511'!$R:$R,'4.DOANH THU (USD)'!$C24,'511'!$A:$A,'4.DOANH THU (USD)'!AA$6)/10^6 -> 0 | AB24: 5722.2246 | AC24: 12261.9 | AD24: =SUM(R24:AC24) -> 31048.921 | AF24: 0 | AG24: 0 | AH24: 0 | AI24: 4832.301 | AJ24: 2876.02 | AK24: 3228.282 | AL24: 3459.806 | AM24: 3254.188 | AN24: 3254.188 | AO24: 3487.71 | AP24: 3408.55 | AQ24: 3271.999 | AR24: =SUM(AF24:AQ24) -> 31073.044 | AT24: =P24 -> 13459.708 | AU24: =AD24 -> 31048.921 | AV24: =AR24 -> 31073.044 | AX24: =AU24-AT24 -> 17589.213 | AY24: =IFERROR(AX24/AT24,"") -> 1.306805 | AZ24: =AV24-AU24 -> 24.123415 | BA24: =IFERROR(AZ24/AV24,"") -> 0.00077634541 | BC24: =IFERROR(AT24/AT$18,"") | BD24: =IFERROR(AU24/AU$18,"") | BE24: =IFERROR(AV24/AV$18,"") | BG24: Quý 1 MKT tập trung đi kiếm hợp đồng tài trợ, dự kiến bắt đầu quý 2 mới bắt đầu phát sinh tài trợ
B25: 2.7 | C25: =C36 -> Dây đai | P25: =SUM(D25:O25) -> 0 | R25: =-SUMIFS('511'!$J:$J,'511'!$R:$R,'4.DOANH THU (USD)'!$C25,'511'!$A:$A,'4.DOANH THU (USD)'!R$6)/10^6 -> 0 | S25: =-SUMIFS('511'!$J:$J,'511'!$R:$R,'4.DOANH THU (USD)'!$C25,'511'!$A:$A,'4.DOANH THU (USD)'!S$6)/10^6 -> 2881.5 | T25: =-SUMIFS('511'!$J:$J,'511'!$R:$R,'4.DOANH THU (USD)'!$C25,'511'!$A:$A,'4.DOANH THU (USD)'!T$6)/10^6 -> 1017.5 | U25: =-SUMIFS('511'!$J:$J,'511'!$R:$R,'4.DOANH THU (USD)'!$C25,'511'!$A:$A,'4.DOANH THU (USD)'!U$6)/10^6 -> 0 | V25: =-SUMIFS('511'!$J:$J,'511'!$R:$R,'4.DOANH THU (USD)'!$C25,'511'!$A:$A,'4.DOANH THU (USD)'!V$6)/10^6 -> 4012.5 | W25: =-SUMIFS('511'!$J:$J,'511'!$R:$R,'4.DOANH THU (USD)'!$C25,'511'!$A:$A,'4.DOANH THU (USD)'!W$6)/10^6 -> 9377.9199 | X25: =-SUMIFS('511'!$J:$J,'511'!$R:$R,'4.DOANH THU (USD)'!$C25,'511'!$A:$A,'4.DOANH THU (USD)'!X$6)/10^6 -> 3288 | Y25: =-SUMIFS('511'!$J:$J,'511'!$R:$R,'4.DOANH THU (USD)'!$C25,'511'!$A:$A,'4.DOANH THU (USD)'!Y$6)/10^6 -> 7215 | ... AA25: =-SUMIFS('511'!$J:$J,'511'!$R:$R,'4.DOANH THU (USD)'!$C25,'511'!$A:$A,'4.DOANH THU (USD)'!AA$6)/10^6 -> 5119.58 | AD25: =SUM(R25:AC25) -> 32912 | AF25: =#REF! -> #REF! | AG25: =#REF! -> #REF! | AH25: =#REF! -> #REF! | AI25: =#REF! -> #REF! | AJ25: =#REF! -> #REF! | AK25: =#REF! -> #REF! | AL25: =#REF! -> #REF! | AM25: =#REF! -> #REF! | ... AQ25: =#REF! -> #REF! | AR25: =SUM(AF25:AQ25) -> #REF! | AT25: =P25 -> 0 | AU25: =AD25 -> 32912 | AV25: =AR25 -> #REF! | AX25: =AU25-AT25 -> 32912 | AY25: =IFERROR(AX25/AT25,"") | AZ25: =AV25-AU25 -> #REF! | BA25: =IFERROR(AZ25/AV25,"") | BC25: =IFERROR(AT25/AT$18,"") | BD25: =IFERROR(AU25/AU$18,"") | BE25: =IFERROR(AV25/AV$18,"")
B26: 2.8 | C26: =C37 -> Chi phí xuất khẩu | D26: =#REF! -> #REF! | E26: =#REF! -> #REF! | F26: =#REF! -> #REF! | G26: =#REF! -> #REF! | H26: =#REF! -> #REF! | I26: =#REF! -> #REF! | J26: =#REF! -> #REF! | K26: =#REF! -> #REF! | ... O26: =#REF! -> #REF! | P26: =SUM(D26:O26) -> #REF! | R26: =#REF! -> #REF! | S26: =#REF! -> #REF! | T26: =#REF! -> #REF! | U26: =#REF! -> #REF! | V26: =#REF! -> #REF! | W26: =#REF! -> #REF! | X26: =#REF! -> #REF! | Y26: =#REF! -> #REF! | Z26: =#REF! -> #REF! | AA26: 3901.0898 | AB26: 3454.0874 | AC26: 4137.2646 | AD26: =SUM(R26:AC26) -> #REF! | AF26: =#REF!/10^6 -> #REF! | AG26: =#REF!/10^6 -> #REF! | AH26: =#REF!/10^6 -> #REF! | AI26: =#REF!/10^6 -> #REF! | AJ26: =#REF!/10^6 -> #REF! | AK26: =#REF!/10^6 -> #REF! | AL26: =#REF!/10^6 -> #REF! | AM26: =#REF!/10^6 -> #REF! | ... AQ26: =#REF!/10^6 -> #REF! | AR26: =SUM(AF26:AQ26) -> #REF! | AT26: =P26 -> #REF! | AU26: =AD26 -> #REF! | AV26: =AR26 -> #REF! | AX26: =AU26-AT26 -> #REF! | AY26: =IFERROR(AX26/AT26,"") | AZ26: =AV26-AU26 -> #REF! | BA26: =IFERROR(AZ26/AV26,"") | BC26: =IFERROR(AT26/AT$18,"") | BD26: =IFERROR(AU26/AU$18,"") | BE26: =IFERROR(AV26/AV$18,"") | BG26: - 2024 không bán giá DDP, năm 2025 bán 6.017 tấn => tăng ~ 82,8 tỷ - 2025 bán giá CIF: 8.112 tấn , 2024 bán giá CIF: 4.180 tấn => tăng 3.932 tấn ~ 25 tỷ
B27: 2.9 | C27: =C38 -> XX | AD27: =SUM(R27:AC27) -> 0 | AT27: =P27 -> 0 | AU27: =AD27 -> 0 | AV27: =AR27 -> 0 | AX27: =AU27-AT27 -> 0 | AY27: =IFERROR(AX27/AT27,"") | AZ27: =AV27-AU27 -> 0 | BA27: =IFERROR(AZ27/AV27,"") | BC27: =IFERROR(AT27/AT$18,"") | BD27: =IFERROR(AU27/AU$18,"") | BE27: =IFERROR(AV27/AV$18,"")
B28: 2.10 | C28: =C39 -> XX | AT28: =P28 -> 0 | AU28: =AD28 -> 0 | AV28: =AR28 -> 0 | AX28: =AU28-AT28 -> 0 | AY28: =IFERROR(AX28/AT28,"") | AZ28: =AV28-AU28 -> 0 | BA28: =IFERROR(AZ28/AV28,"") | BC28: =IFERROR(AT28/AT$18,"") | BD28: =IFERROR(AU28/AU$18,"") | BE28: =IFERROR(AV28/AV$18,"")
B29: 3 | C29: ĐƠN GIÁ BÁN (USD)
B30: 3.1 | C30: =C8 -> rPET | D30: =IFERROR(D19/D8*1000,0) -> 0 | E30: =IFERROR(E19/E8*1000,0) -> 0 | F30: =IFERROR(F19/F8*1000,0) -> 0 | G30: =IFERROR(G19/G8*1000,0) -> 0 | H30: =IFERROR(H19/H8*1000,0) -> 0 | I30: =IFERROR(I19/I8*1000,0) -> 0 | J30: =IFERROR(J19/J8*1000,0) -> 0 | K30: =IFERROR(K19/K8*1000,0) -> 0 | ... P30: =IFERROR(P19/P8*1000,0) -> 0 | R30: =IFERROR(R19/R8*1000,0) -> 0 | S30: =IFERROR(S19/S8*1000,0) -> 0 | T30: =IFERROR(T19/T8*1000,0) -> 0 | U30: =IFERROR(U19/U8*1000,0) -> 0 | V30: =IFERROR(V19/V8*1000,0) -> 0 | W30: =IFERROR(W19/W8*1000,0) -> 0 | X30: =IFERROR(X19/X8*1000,0) -> 0 | Y30: =IFERROR(Y19/Y8*1000,0) -> 0 | ... AD30: =IFERROR(AD19/AD8*1000,0) -> 0 | AF30: =IFERROR(AF19/AF8*1000,0) -> 29847.694 | AG30: =IFERROR(AG19/AG8*1000,0) -> 29848.698 | AH30: =IFERROR(AH19/AH8*1000,0) -> 29886.702 | AI30: =IFERROR(AI19/AI8*1000,0) -> 29876.109 | AJ30: =IFERROR(AJ19/AJ8*1000,0) -> 29939.463 | AK30: =IFERROR(AK19/AK8*1000,0) -> 29916.131 | AL30: =IFERROR(AL19/AL8*1000,0) -> 29941.782 | AM30: =IFERROR(AM19/AM8*1000,0) -> 29901.437 | ... AR30: =IFERROR(AR19/AR8*1000,0) -> 29906.398 | AT30: =P30/25 -> 0 | AU30: =AD30/25 -> 0 | AV30: =AR30/25 -> 1196.2559 | AX30: =AU30-AT30 -> 0 | AY30: =IFERROR(AX30/AT30,"") | AZ30: =AV30-AU30 -> 1196.2559 | BA30: =IFERROR(AZ30/AV30,"") -> 1
B31: 3.2 | C31: =C9 -> rHDPE | D31: =IFERROR(D20/D9*1000,0) -> 37626.1 | E31: =IFERROR(E20/E9*1000,0) -> 37900.847 | F31: =IFERROR(F20/F9*1000,0) -> 37976.119 | G31: =IFERROR(G20/G9*1000,0) -> 36764.663 | H31: =IFERROR(H20/H9*1000,0) -> 35145.623 | I31: =IFERROR(I20/I9*1000,0) -> 35967.415 | J31: =IFERROR(J20/J9*1000,0) -> 36576.711 | K31: =IFERROR(K20/K9*1000,0) -> 34939.838 | ... P31: =IFERROR(P20/P9*1000,0) -> 35705.341 | R31: =IFERROR(R20/R9*1000,0) -> 34677.14 | S31: =IFERROR(S20/S9*1000,0) -> 32521.27 | T31: =IFERROR(T20/T9*1000,0) -> 35318.394 | U31: =IFERROR(U20/U9*1000,0) -> 33539.006 | V31: =IFERROR(V20/V9*1000,0) -> 32223.252 | W31: =IFERROR(W20/W9*1000,0) -> 33761.217 | X31: =IFERROR(X20/X9*1000,0) -> 34587.703 | Y31: =IFERROR(Y20/Y9*1000,0) -> 33003.78 | ... AD31: =IFERROR(AD20/AD9*1000,0) -> 33729.969 | AF31: =IFERROR(AF20/AF9*1000,0) -> 0 | AG31: =IFERROR(AG20/AG9*1000,0) -> 0 | AH31: =IFERROR(AH20/AH9*1000,0) -> 0 | AI31: =IFERROR(AI20/AI9*1000,0) -> 0 | AJ31: =IFERROR(AJ20/AJ9*1000,0) -> 0 | AK31: =IFERROR(AK20/AK9*1000,0) -> 0 | AL31: =IFERROR(AL20/AL9*1000,0) -> 0 | AM31: =IFERROR(AM20/AM9*1000,0) -> 0 | ... AR31: =IFERROR(AR20/AR9*1000,0) -> 0 | AT31: =P31/25 -> 1428.2136 | AU31: =AD31/25 -> 1349.1988 | AV31: =AR31/25 -> 0 | AX31: =AU31-AT31 -> -79.014889 | AY31: =IFERROR(AX31/AT31,"") -> -0.055324278 | AZ31: =AV31-AU31 -> -1349.1988 | BA31: =IFERROR(AZ31/AV31,"") | BI31: Giá bán thấp hơn 2024 do hoạch định bán 1.108 tấn hạt HD SX từ phó sản ( 820 usd/ tấn)
B32: 3.3 | C32: =C10 -> rPP | D32: =IFERROR(D21/D10*1000,0) -> 0 | E32: =IFERROR(E21/E10*1000,0) -> 0 | F32: =IFERROR(F21/F10*1000,0) -> 0 | G32: =IFERROR(G21/G10*1000,0) -> 0 | H32: =IFERROR(H21/H10*1000,0) -> 30246.4 | I32: =IFERROR(I21/I10*1000,0) -> 0 | J32: =IFERROR(J21/J10*1000,0) -> 0 | K32: =IFERROR(K21/K10*1000,0) -> 25344.6 | ... P32: =IFERROR(P21/P10*1000,0) -> 28408.225 | R32: =IFERROR(R21/R10*1000,0) -> 19907 | S32: =IFERROR(S21/S10*1000,0) -> 19907 | T32: =IFERROR(T21/T10*1000,0) -> 22444.107 | U32: =IFERROR(U21/U10*1000,0) -> 22111 | V32: =IFERROR(V21/V10*1000,0) -> 22111 | W32: =IFERROR(W21/W10*1000,0) -> 22111 | X32: =IFERROR(X21/X10*1000,0) -> 24391.967 | Y32: =IFERROR(Y21/Y10*1000,0) -> 25953.047 | ... AD32: =IFERROR(AD21/AD10*1000,0) -> 24392.594 | AF32: =IFERROR(AF21/AF10*1000,0) -> 18329.167 | AG32: =IFERROR(AG21/AG10*1000,0) -> 18550 | AH32: =IFERROR(AH21/AH10*1000,0) -> 18329.167 | AI32: =IFERROR(AI21/AI10*1000,0) -> 18550 | AJ32: =IFERROR(AJ21/AJ10*1000,0) -> 18329.167 | AK32: =IFERROR(AK21/AK10*1000,0) -> 18550 | AL32: =IFERROR(AL21/AL10*1000,0) -> 18329.167 | AM32: =IFERROR(AM21/AM10*1000,0) -> 18550 | ... AR32: =IFERROR(AR21/AR10*1000,0) -> 18438.811 | AT32: =P32/25 -> 1136.329 | AU32: =AD32/25 -> 975.70377 | AV32: =AR32/25 -> 737.55245 | AX32: =AU32-AT32 -> -160.62523 | AY32: =IFERROR(AX32/AT32,"") -> -0.14135451 | AZ32: =AV32-AU32 -> -238.15132 | BA32: =IFERROR(AZ32/AV32,"") -> -0.32289408 | BI32: Kinh doanh ước tính bán 596 tấn hạt rPP nội địa theo giá thị trường (850usd/ tấn)
B33: 3.4 | C33: =C11 -> Xơ sợi | R33: =IFERROR(R22/R11*1000,0) -> 27376.492 | S33: =IFERROR(S22/S11*1000,0) -> -23297.233 | T33: =IFERROR(T22/T11*1000,0) -> 103278 | U33: =IFERROR(U22/U11*1000,0) -> 20109.854 | V33: =IFERROR(V22/V11*1000,0) -> 19808.181 | W33: =IFERROR(W22/W11*1000,0) -> 16797.077 | X33: =IFERROR(X22/X11*1000,0) -> 16500 | Y33: =IFERROR(Y22/Y11*1000,0) -> 0 | ... AD33: =IFERROR(AD22/AD11*1000,0) -> 19937.085 | AF33: =IFERROR(AF22/AF11*1000,0) -> 16960 | AG33: =IFERROR(AG22/AG11*1000,0) -> 16748 | AH33: =IFERROR(AH22/AH11*1000,0) -> 16536 | AI33: =IFERROR(AI22/AI11*1000,0) -> 16324 | AJ33: =IFERROR(AJ22/AJ11*1000,0) -> 16112 | AK33: =IFERROR(AK22/AK11*1000,0) -> 15900 | AL33: =IFERROR(AL22/AL11*1000,0) -> 15688 | AM33: =IFERROR(AM22/AM11*1000,0) -> 15476 | ... AR33: =IFERROR(AR22/AR11*1000,0) -> 15794 | AT33: =P33/25 -> 0 | AU33: =AD33/25 -> 797.4834 | AV33: =AR33/25 -> 631.76 | AY33: =IFERROR(AX33/AT33,"") | AZ33: =AV33-AU33 -> -165.7234 | BA33: =IFERROR(AZ33/AV33,"") -> -0.26232019 | BG33: Kinh doanh đề xuất tăng giá WSS05SB lên 800usd/ tấn cho năm 2025
B34: 3.5 | C34: =C12 -> Khác (phó sản, phế liệu) | R34: =IFERROR(R23/R12*1000,0) -> 7121.8589 | S34: =IFERROR(S23/S12*1000,0) -> 21909.686 | T34: =IFERROR(T23/T12*1000,0) -> 34498.674 | U34: =IFERROR(U23/U12*1000,0) -> 70299.057 | V34: =IFERROR(V23/V12*1000,0) -> 24919.594 | W34: =IFERROR(W23/W12*1000,0) -> 22060.34 | X34: =IFERROR(X23/X12*1000,0) -> 20923.063 | Y34: =IFERROR(Y23/Y12*1000,0) -> 6394.8783 | ... AD34: =IFERROR(AD23/AD12*1000,0) -> 9485.8678 | AT34: =P34/25 -> 0 | AU34: =AD34/25 -> 379.43471 | AV34: =AR34/25 -> 0 | AY34: =IFERROR(AX34/AT34,"") | BA34: =IFERROR(AZ34/AV34,"")
B35: 3.6 | C35: =C13 -> Khác (tài trợ) | AD35: =SUM(R35:AC35) -> 0 | AT35: =P35 -> 0 | AU35: =AD35 -> 0 | AV35: =AR35 -> 0 | AX35: =AU35-AT35 -> 0 | AY35: =IFERROR(AX35/AT35,"") | AZ35: =AV35-AU35 -> 0 | BA35: =IFERROR(AZ35/AV35,"")
B36: 3.7 | C36: =C14 -> Dây đai | R36: =IFERROR(R25/R14*1000,0) -> 0 | S36: =IFERROR(S25/S14*1000,0) -> 17463.636 | T36: =IFERROR(T25/T14*1000,0) -> 17543.103 | U36: =IFERROR(U25/U14*1000,0) -> 0 | V36: =IFERROR(V25/V14*1000,0) -> 18074.324 | W36: =IFERROR(W25/W14*1000,0) -> 18342.761 | X36: =IFERROR(X25/X14*1000,0) -> 18266.667 | Y36: =IFERROR(Y25/Y14*1000,0) -> 18986.842 | ... AD36: =IFERROR(AD25/AD14*1000,0) -> 18479.506 | AF36: =IFERROR(AF25/AF14*1000,0) -> 0 | AG36: =IFERROR(AG25/AG14*1000,0) -> 0 | AH36: =IFERROR(AH25/AH14*1000,0) -> 0 | AI36: =IFERROR(AI25/AI14*1000,0) -> 0 | AJ36: =IFERROR(AJ25/AJ14*1000,0) -> 0 | AK36: =IFERROR(AK25/AK14*1000,0) -> 0 | AL36: =IFERROR(AL25/AL14*1000,0) -> 0 | AM36: =IFERROR(AM25/AM14*1000,0) -> 0 | ... AR36: =IFERROR(AR25/AR14*1000,0) -> 0 | AT36: =P36 -> 0 | AU36: =AD36/25 -> 739.18023 | AV36: =AR36/25 -> 0 | AX36: =AU36-AT36 -> 739.18023 | AY36: =IFERROR(AX36/AT36,"") | AZ36: =AV36-AU36 -> -739.18023 | BA36: =IFERROR(AZ36/AV36,"") | BG36: Theo hợp đồng sắp ký
B37: 3.8 | C37: =C15 -> Chi phí xuất khẩu | AT37: =P37 -> 0 | AU37: =AD37 -> 0 | AV37: =AR37 -> 0 | AX37: =AU37-AT37 -> 0 | AY37: =IFERROR(AX37/AT37,"") | AZ37: =AV37-AU37 -> 0 | BA37: =IFERROR(AZ37/AV37,"")
B38: 3.9 | C38: =C16 -> XX | AT38: =P38 -> 0 | AU38: =AD38 -> 0 | AV38: =AR38 -> 0 | AX38: =AU38-AT38 -> 0 | AY38: =IFERROR(AX38/AT38,"") | AZ38: =AV38-AU38 -> 0 | BA38: =IFERROR(AZ38/AV38,"")
B39: 3.10 | C39: =C17 -> XX | AT39: =P39 -> 0 | AU39: =AD39 -> 0 | AV39: =AR39 -> 0 | AX39: =AU39-AT39 -> 0 | AY39: =IFERROR(AX39/AT39,"") | AZ39: =AV39-AU39 -> 0 | BA39: =IFERROR(AZ39/AV39,"")
B40: 4 | C40: NHÓM KHÁCH HÀNG (Trđ) | D40: =SUM(D41:D50) -> #REF! | E40: =SUM(E41:E50) -> #REF! | F40: =SUM(F41:F50) -> #REF! | G40: =SUM(G41:G50) -> #REF! | H40: =SUM(H41:H50) -> #REF! | I40: =SUM(I41:I50) -> #REF! | J40: =SUM(J41:J50) -> #REF! | K40: =SUM(K41:K50) -> #REF! | ... AR40: =SUM(AR41:AR50) -> #REF! | AT40: =P40 -> #REF! | AU40: =AD40 -> #REF! | AV40: =AR40 -> #REF! | AX40: =AU40-AT40 -> #REF! | AY40: =IFERROR(AX40/AT40,"") | AZ40: =AV40-AU40 -> #REF! | BA40: =IFERROR(AZ40/AV40,"") | BC40: =IFERROR(AT40/AT$18,"") | BD40: =IFERROR(AU40/AU$18,"") | BE40: =IFERROR(AV40/AV$18,"")
B41: 4.1 | C41: NỘI ĐỊA | D41: 17371 | E41: 15354.372 | F41: 15696.166 | G41: 21796.292 | H41: 20994.025 | I41: 17352.577 | J41: 22866.129 | K41: 25637.625 | L41: 19816.991 | M41: 19777.607 | N41: 20079.502 | O41: 34468.368 | P41: =SUM(D41:O41) -> 251210.65 | R41: 31405.687 | S41: 33874.026 | T41: 34792.2 | U41: 27333.121 | V41: 66084.16 | W41: 48667.238 | X41: 20131.464 | Y41: 44846.923 | Z41: 35332.929 | AA41: 44118.352 | AB41: 53721.762 | AC41: 59867.375 | AD41: =SUM(R41:AC41) -> 500175.24 | AF41: =#REF! -> #REF! | AG41: =#REF! -> #REF! | AH41: =#REF! -> #REF! | AI41: =#REF! -> #REF! | AJ41: =#REF! -> #REF! | AK41: =#REF! -> #REF! | AL41: =#REF! -> #REF! | AM41: =#REF! -> #REF! | ... AQ41: =#REF! -> #REF! | AR41: =SUM(AF41:AQ41) -> #REF! | AT41: =P41 -> 251210.65 | AU41: =AD41 -> 500175.24 | AV41: =AR41 -> #REF! | AX41: =AU41-AT41 -> 248964.58 | AY41: =IFERROR(AX41/AT41,"") -> 0.99105903 | AZ41: =AV41-AU41 -> #REF! | BA41: =IFERROR(AZ41/AV41,"") | BC41: =IFERROR(AT41/AT$18,"") | BD41: =IFERROR(AU41/AU$18,"") | BE41: =IFERROR(AV41/AV$18,"")
B42: 4.2 | C42: XUẤT KHẨU | D42: =SUM(D19:D22,D26)-D41 -> #REF! | E42: =SUM(E19:E22,E26)-E41 -> #REF! | F42: =SUM(F19:F22,F26)-F41 -> #REF! | G42: =SUM(G19:G22,G26)-G41 -> #REF! | H42: =SUM(H19:H22,H26)-H41 -> #REF! | I42: =SUM(I19:I22,I26)-I41 -> #REF! | J42: =SUM(J19:J22,J26)-J41 -> #REF! | K42: =SUM(K19:K22,K26)-K41 -> #REF! | ... O42: =SUM(O19:O22,O26)-O41 -> #REF! | P42: =SUM(D42:O42) -> #REF! | R42: =SUM(R19:R22,R26)-R41 -> #REF! | S42: =SUM(S19:S22,S26)-S41 -> #REF! | T42: =SUM(T19:T22,T26)-T41 -> #REF! | U42: =SUM(U19:U22,U26)-U41 -> #REF! | V42: =SUM(V19:V22,V26)-V41 -> #REF! | W42: =SUM(W19:W22,W26)-W41 -> #REF! | X42: =SUM(X19:X22,X26)-X41 -> #REF! | Y42: =SUM(Y19:Y22,Y26)-Y41 -> #REF! | ... AC42: =SUM(AC19:AC22,AC26)-AC41 -> 79215.665 | AD42: =SUM(R42:AC42) -> #REF! | AF42: =#REF! -> #REF! | AG42: =#REF! -> #REF! | AH42: =#REF! -> #REF! | AI42: =#REF! -> #REF! | AJ42: =#REF! -> #REF! | AK42: =#REF! -> #REF! | AL42: =#REF! -> #REF! | AM42: =#REF! -> #REF! | ... AQ42: =#REF! -> #REF! | AR42: =SUM(AF42:AQ42) -> #REF! | AT42: =P42 -> #REF! | AU42: =AD42 -> #REF! | AV42: =AR42 -> #REF! | AX42: =AU42-AT42 -> #REF! | AY42: =IFERROR(AX42/AT42,"") | AZ42: =AV42-AU42 -> #REF! | BA42: =IFERROR(AZ42/AV42,"") | BC42: =IFERROR(AT42/AT$18,"") | BD42: =IFERROR(AU42/AU$18,"") | BE42: =IFERROR(AV42/AV$18,"")
B43: 4.3 | P43: =SUM(D43:O43) -> 0 | AD43: =SUM(R43:AC43) -> 0 | AR43: =SUM(AF43:AQ43) -> 0 | AT43: =P43 -> 0 | AU43: =AD43 -> 0 | AV43: =AR43 -> 0 | AX43: =AU43-AT43 -> 0 | AY43: =IFERROR(AX43/AT43,"") | AZ43: =AV43-AU43 -> 0 | BA43: =IFERROR(AZ43/AV43,"") | BC43: =IFERROR(AT43/AT$18,"") | BD43: =IFERROR(AU43/AU$18,"") | BE43: =IFERROR(AV43/AV$18,"")
B44: 4.4 | AT44: =P44 -> 0 | AU44: =AD44 -> 0 | AV44: =AR44 -> 0 | AX44: =AU44-AT44 -> 0 | AY44: =IFERROR(AX44/AT44,"") | AZ44: =AV44-AU44 -> 0 | BA44: =IFERROR(AZ44/AV44,"") | BC44: =IFERROR(AT44/AT$18,"") | BD44: =IFERROR(AU44/AU$18,"") | BE44: =IFERROR(AV44/AV$18,"")
B45: 4.5 | AT45: =P45 -> 0 | AU45: =AD45 -> 0 | AV45: =AR45 -> 0 | AX45: =AU45-AT45 -> 0 | AY45: =IFERROR(AX45/AT45,"") | AZ45: =AV45-AU45 -> 0 | BA45: =IFERROR(AZ45/AV45,"") | BC45: =IFERROR(AT45/AT$18,"") | BD45: =IFERROR(AU45/AU$18,"") | BE45: =IFERROR(AV45/AV$18,"")
B46: 4.6 | P46: =SUM(D46:O46) -> 0 | AD46: =SUM(R46:AC46) -> 0 | AR46: =SUM(AF46:AQ46) -> 0 | AT46: =P46 -> 0 | AU46: =AD46 -> 0 | AV46: =AR46 -> 0 | AX46: =AU46-AT46 -> 0 | AY46: =IFERROR(AX46/AT46,"") | AZ46: =AV46-AU46 -> 0 | BA46: =IFERROR(AZ46/AV46,"") | BC46: =IFERROR(AT46/AT$18,"") | BD46: =IFERROR(AU46/AU$18,"") | BE46: =IFERROR(AV46/AV$18,"")
B47: 4.7 | AT47: =P47 -> 0 | AU47: =AD47 -> 0 | AV47: =AR47 -> 0 | AX47: =AU47-AT47 -> 0 | AY47: =IFERROR(AX47/AT47,"") | AZ47: =AV47-AU47 -> 0 | BA47: =IFERROR(AZ47/AV47,"") | BC47: =IFERROR(AT47/AT$18,"") | BD47: =IFERROR(AU47/AU$18,"") | BE47: =IFERROR(AV47/AV$18,"")
B48: 4.8 | AT48: =P48 -> 0 | AU48: =AD48 -> 0 | AV48: =AR48 -> 0 | AX48: =AU48-AT48 -> 0 | AY48: =IFERROR(AX48/AT48,"") | AZ48: =AV48-AU48 -> 0 | BA48: =IFERROR(AZ48/AV48,"") | BC48: =IFERROR(AT48/AT$18,"") | BD48: =IFERROR(AU48/AU$18,"") | BE48: =IFERROR(AV48/AV$18,"")
B49: 4.9 | AT49: =P49 -> 0 | AU49: =AD49 -> 0 | AV49: =AR49 -> 0 | AX49: =AU49-AT49 -> 0 | AY49: =IFERROR(AX49/AT49,"") | AZ49: =AV49-AU49 -> 0 | BA49: =IFERROR(AZ49/AV49,"") | BC49: =IFERROR(AT49/AT$18,"") | BD49: =IFERROR(AU49/AU$18,"") | BE49: =IFERROR(AV49/AV$18,"")
B50: 4.10 | AT50: =P50 -> 0 | AU50: =AD50 -> 0 | AV50: =AR50 -> 0 | AX50: =AU50-AT50 -> 0 | AY50: =IFERROR(AX50/AT50,"") | AZ50: =AV50-AU50 -> 0 | BA50: =IFERROR(AZ50/AV50,"") | BC50: =IFERROR(AT50/AT$18,"") | BD50: =IFERROR(AU50/AU$18,"") | BE50: =IFERROR(AV50/AV$18,"")
B51: 5 | C51: LOẠI KHÁCH HÀNG (Trđ) | D51: =SUM(D52:D61) -> #REF! | E51: =SUM(E52:E61) -> #REF! | F51: =SUM(F52:F61) -> #REF! | G51: =SUM(G52:G61) -> #REF! | H51: =SUM(H52:H61) -> #REF! | I51: =SUM(I52:I61) -> #REF! | J51: =SUM(J52:J61) -> #REF! | K51: =SUM(K52:K61) -> #REF! | ... AR51: =SUM(AR52:AR61) -> #REF! | AT51: =P51 -> #REF! | AU51: =AD51 -> #REF! | AV51: =AR51 -> #REF! | AX51: =AU51-AT51 -> #REF! | AY51: =IFERROR(AX51/AT51,"") | AZ51: =AV51-AU51 -> #REF! | BA51: =IFERROR(AZ51/AV51,"") | BC51: =IFERROR(AT51/AT$18,"") | BD51: =IFERROR(AU51/AU$18,"") | BE51: =IFERROR(AV51/AV$18,"")
B52: 5.1 | C52: KHÁCH HÀNG HIỆN HỮU | D52: =SUM(D19:D22,D26)-D53 -> #REF! | E52: =SUM(E19:E22,E26)-E53 -> #REF! | F52: =SUM(F19:F22,F26)-F53 -> #REF! | G52: =SUM(G19:G22,G26)-G53 -> #REF! | H52: =SUM(H19:H22,H26)-H53 -> #REF! | I52: =SUM(I19:I22,I26)-I53 -> #REF! | J52: =SUM(J19:J22,J26)-J53 -> #REF! | K52: =SUM(K19:K22,K26)-K53 -> #REF! | ... O52: =SUM(O19:O22,O26)-O53 -> #REF! | P52: =SUM(D52:O52) -> #REF! | R52: =SUM(R19:R22,R26)-R53 -> #REF! | S52: =SUM(S19:S22,S26)-S53 -> #REF! | T52: =SUM(T19:T22,T26)-T53 -> #REF! | U52: =SUM(U19:U22,U26)-U53 -> #REF! | V52: =SUM(V19:V22,V26)-V53 -> #REF! | W52: =SUM(W19:W22,W26)-W53 -> #REF! | X52: =SUM(X19:X22,X26)-X53 -> #REF! | Y52: =SUM(Y19:Y22,Y26)-Y53 -> #REF! | ... AC52: =SUM(AC19:AC22,AC26)-AC53 -> 139083.04 | AD52: =SUM(R52:AC52) -> #REF! | AF52: =#REF! -> #REF! | AG52: =#REF! -> #REF! | AH52: =#REF! -> #REF! | AI52: =#REF! -> #REF! | AJ52: =#REF! -> #REF! | AK52: =#REF! -> #REF! | AL52: =#REF! -> #REF! | AM52: =#REF! -> #REF! | ... AQ52: =#REF! -> #REF! | AR52: =SUM(AF52:AQ52) -> #REF! | AT52: =P52 -> #REF! | AU52: =AD52 -> #REF! | AV52: =AR52 -> #REF! | AX52: =AU52-AT52 -> #REF! | AY52: =IFERROR(AX52/AT52,"") | AZ52: =AV52-AU52 -> #REF! | BA52: =IFERROR(AZ52/AV52,"") | BC52: =IFERROR(AT52/AT$18,"") | BD52: =IFERROR(AU52/AU$18,"") | BE52: =IFERROR(AV52/AV$18,"")
B53: 5.2 | C53: KHÁCH HÀNG MỚI | D53: 387.75 | E53: 2066.1813 | F53: 1.3 | G53: 7342.5 | H53: 3298.625 | I53: 2342.3125 | J53: 325.6 | K53: 2440.625 | L53: 665.5 | M53: 7111.0875 | N53: 0 | O53: 33393.125 | P53: =SUM(D53:O53) -> 59374.606 | R53: 2491.429 | S53: 1995.1567 | T53: 6958.0162 | U53: 4295.2843 | V53: 2355.4824 | W53: 3862.7673 | X53: 9256.2224 | Y53: 25843.96 | Z53: 27250.27 | AA53: 27605.551 | AB53: 0 | AC53: 0 | AD53: =SUM(R53:AC53) -> 111914.14 | AF53: =#REF! -> #REF! | AG53: =#REF! -> #REF! | AH53: =#REF! -> #REF! | AI53: =#REF! -> #REF! | AJ53: =#REF! -> #REF! | AK53: =#REF! -> #REF! | AL53: =#REF! -> #REF! | AM53: =#REF! -> #REF! | ... AQ53: =#REF! -> #REF! | AR53: =SUM(AF53:AQ53) -> #REF! | AT53: =P53 -> 59374.606 | AU53: =AD53 -> 111914.14 | AV53: =AR53 -> #REF! | AX53: =AU53-AT53 -> 52539.532 | AY53: =IFERROR(AX53/AT53,"") -> 0.8848822 | AZ53: =AV53-AU53 -> #REF! | BA53: =IFERROR(AZ53/AV53,"") | BC53: =IFERROR(AT53/AT$18,"") | BD53: =IFERROR(AU53/AU$18,"") | BE53: =IFERROR(AV53/AV$18,"")
B54: 5.3 | P54: =SUM(D54:O54) -> 0 | AD54: =SUM(R54:AC54) -> 0 | AR54: =SUM(AF54:AQ54) -> 0 | AT54: =P54 -> 0 | AU54: =AD54 -> 0 | AV54: =AR54 -> 0 | AX54: =AU54-AT54 -> 0 | AY54: =IFERROR(AX54/AT54,"") | AZ54: =AV54-AU54 -> 0 | BA54: =IFERROR(AZ54/AV54,"") | BC54: =IFERROR(AT54/AT$18,"") | BD54: =IFERROR(AU54/AU$18,"") | BE54: =IFERROR(AV54/AV$18,"")
B55: 5.4 | AT55: =P55 -> 0 | AU55: =AD55 -> 0 | AV55: =AR55 -> 0 | AX55: =AU55-AT55 -> 0 | AY55: =IFERROR(AX55/AT55,"") | AZ55: =AV55-AU55 -> 0 | BA55: =IFERROR(AZ55/AV55,"") | BC55: =IFERROR(AT55/AT$18,"") | BD55: =IFERROR(AU55/AU$18,"") | BE55: =IFERROR(AV55/AV$18,"")
B56: 5.5 | AT56: =P56 -> 0 | AU56: =AD56 -> 0 | AV56: =AR56 -> 0 | AX56: =AU56-AT56 -> 0 | AY56: =IFERROR(AX56/AT56,"") | AZ56: =AV56-AU56 -> 0 | BA56: =IFERROR(AZ56/AV56,"") | BC56: =IFERROR(AT56/AT$18,"") | BD56: =IFERROR(AU56/AU$18,"") | BE56: =IFERROR(AV56/AV$18,"")
B57: 5.6 | P57: =SUM(D57:O57) -> 0 | AD57: =SUM(R57:AC57) -> 0 | AR57: =SUM(AF57:AQ57) -> 0 | AT57: =P57 -> 0 | AU57: =AD57 -> 0 | AV57: =AR57 -> 0 | AX57: =AU57-AT57 -> 0 | AY57: =IFERROR(AX57/AT57,"") | AZ57: =AV57-AU57 -> 0 | BA57: =IFERROR(AZ57/AV57,"") | BC57: =IFERROR(AT57/AT$18,"") | BD57: =IFERROR(AU57/AU$18,"") | BE57: =IFERROR(AV57/AV$18,"")
B58: 5.7 | AT58: =P58 -> 0 | AU58: =AD58 -> 0 | AV58: =AR58 -> 0 | AX58: =AU58-AT58 -> 0 | AY58: =IFERROR(AX58/AT58,"") | AZ58: =AV58-AU58 -> 0 | BA58: =IFERROR(AZ58/AV58,"") | BC58: =IFERROR(AT58/AT$18,"") | BD58: =IFERROR(AU58/AU$18,"") | BE58: =IFERROR(AV58/AV$18,"")
B59: 5.8 | AT59: =P59 -> 0 | AU59: =AD59 -> 0 | AV59: =AR59 -> 0 | AX59: =AU59-AT59 -> 0 | AY59: =IFERROR(AX59/AT59,"") | AZ59: =AV59-AU59 -> 0 | BA59: =IFERROR(AZ59/AV59,"") | BC59: =IFERROR(AT59/AT$18,"") | BD59: =IFERROR(AU59/AU$18,"") | BE59: =IFERROR(AV59/AV$18,"")
B60: 5.9 | AT60: =P60 -> 0 | AU60: =AD60 -> 0 | AV60: =AR60 -> 0 | AX60: =AU60-AT60 -> 0 | AY60: =IFERROR(AX60/AT60,"") | AZ60: =AV60-AU60 -> 0 | BA60: =IFERROR(AZ60/AV60,"") | BC60: =IFERROR(AT60/AT$18,"") | BD60: =IFERROR(AU60/AU$18,"") | BE60: =IFERROR(AV60/AV$18,"")
B61: 5.10 | AT61: =P61 -> 0 | AU61: =AD61 -> 0 | AV61: =AR61 -> 0 | AX61: =AU61-AT61 -> 0 | AY61: =IFERROR(AX61/AT61,"") | AZ61: =AV61-AU61 -> 0 | BA61: =IFERROR(AZ61/AV61,"") | BC61: =IFERROR(AT61/AT$18,"") | BD61: =IFERROR(AU61/AU$18,"") | BE61: =IFERROR(AV61/AV$18,"")

Sheet 01. TH - SKU
B1: SẢN LƯỢNG BÁN KẾ HOẠCH 2026 - TỔNG HỢP THEO MÃ HÀNG
F3: =SUM(F6,F23,F30,F41,F58,F71,F74,F93) -> 55000 | J3: =J4*26500 -> 1.6155626e+12 | K3: =K4*26500 -> 1.6344324e+12 | L3: =SUM(L6,L23,L30,L41,L58,L71,L74,L93) -> 50376.161
F4: KH 2026 | J4: =SUM(J6,J23,J30,J41,J58,J71,J74,J93) -> 60964628 | K4: =SUM(K6,K23,K30,K41,K58,K71,K74,K93) -> 61676696 | L4: TT 2025 | P4: Chênh lệch NS 2026 sv TT 2025
A5: STT | B5: Nhóm SP | C5: Phân loại | D5: Mã SP | E5: Tên SP | F5: Số lương (tấn) | G5: tỷ trọng (%) | H5: Đơn giá Exw BQ (USD/tấn) | J5: doanh thu Exw (USD) | L5: Số lương (tấn) | M5: tỷ trọng (%) | N5: Đơn giá Exw BQ (USD/tấn) | O5: doanh thu (USD) | P5: Số lương (tấn) | Q5: tỷ trọng (%) | R5: Đơn giá Exw BQ (USD/tấn) | S5: doanh thu (USD)
A6: I | B6: rPET | F6: =SUM(F7:F22) -> 46346.956 | G6: =SUM(G7:G22) -> 0.84267193 | H6: =J6/F6 -> 1128.5433 | I6: 1143.9072 | J6: =SUM(J7:J22) -> 52304548 | K6: 53016616 | L6: =SUM(L7:L22) -> 39861.445 | M6: =SUM(M7:M22) -> 0.79127596 | N6: =O6/L6 -> 1236.5504 | O6: =SUM(O7:O22) -> 49290687 | P6: =F6-L6 -> 6485.5115 | Q6: =G6-M6 -> 0.051395975 | R6: =H6-N6 -> -108.00712 | S6: =J6-O6 -> 3013860.9
A7: 1 | B7: rPET | C7: Hạt | D7: 110000329 | E7: Hạt nhựa rPET WSS01 | F7: =SUMIFS(Table1[SL 2026],Table1[Mã SP],'01. TH - SKU'!$D7) -> 1342 | G7: =IFERROR(F7/F$3,0) -> 0.0244 | H7: =IFERROR(SUMIFS(Table1[LK 2026],Table1[Mã SP],'01. TH - SKU'!$D7)/26500/SUMIFS(Table1[SL 2026],Table1[Mã SP],'01. TH - SKU'!$D7),0) -> 1248.3607 | I7: 1248.3607 | J7: =F7*H7 -> 1675300 | K7: 1675300 | L7: 289.3 | M7: =IFERROR(L7/L$3,0) -> 0.0057427957 | N7: 1299.7546 | O7: 376019.01 | P7: =F7-L7 -> 1052.7 | Q7: =G7-M7 -> 0.018657204 | R7: =IF(H7<>0,H7-N7,"-") -> -51.39396 | S7: =J7-O7 -> 1299281
A8: 2 | B8: rPET | C8: Hạt | D8: 110000332 | E8: Hạt nhựa rPET iSS01084G | F8: =SUMIFS(Table1[SL 2026],Table1[Mã SP],'01. TH - SKU'!$D8) -> 9857 | G8: =IFERROR(F8/F$3,0) -> 0.17921818 | H8: =IFERROR(SUMIFS(Table1[LK 2026],Table1[Mã SP],'01. TH - SKU'!$D8)/26500/SUMIFS(Table1[SL 2026],Table1[Mã SP],'01. TH - SKU'!$D8),0) -> 1253.0533 | I8: 1258.8043 | J8: =F8*H8 -> 12351346 | K8: 12408034 | L8: 6408.5939 | M8: =IFERROR(L8/L$3,0) -> 0.12721481 | N8: 1346.1208 | O8: 8626741.6 | P8: =F8-L8 -> 3448.4061 | Q8: =G8-M8 -> 0.052003368 | R8: =IF(H8<>0,H8-N8,"-") -> -93.06755 | S8: =J8-O8 -> 3724604.4
A9: 3 | B9: rPET | C9: Hạt | D9: 110000335 | E9: Hạt nhựa rPET WSS04 | F9: =SUMIFS(Table1[SL 2026],Table1[Mã SP],'01. TH - SKU'!$D9) -> 0 | G9: =IFERROR(F9/F$3,"-") -> 0 | H9: =IFERROR(SUMIFS(Table1[LK 2026],Table1[Mã SP],'01. TH - SKU'!$D9)/26500/SUMIFS(Table1[SL 2026],Table1[Mã SP],'01. TH - SKU'!$D9),0) -> 0 | I9: 0 | J9: =F9*H9 -> 0 | K9: 0 | L9: 96.8 | M9: =IFERROR(L9/L$3,0) -> 0.0019215438 | N9: 759.66768 | O9: 73535.832 | P9: =F9-L9 -> -96.8 | Q9: =G9-M9 -> -0.0019215438 | R9: =IF(H9<>0,H9-N9,"-") -> - | S9: =J9-O9 -> -73535.832
A10: 4 | B10: rPET | C10: Hạt | D10: 110000354 | E10: Hạt nhựa rPET WSS01G 1 | F10: =SUMIFS(Table1[SL 2026],Table1[Mã SP],'01. TH - SKU'!$D10) -> 17994.9 | G10: =IFERROR(F10/F$3,0) -> 0.32718 | H10: =IFERROR(SUMIFS(Table1[LK 2026],Table1[Mã SP],'01. TH - SKU'!$D10)/26500/SUMIFS(Table1[SL 2026],Table1[Mã SP],'01. TH - SKU'!$D10),0) -> 1089.7916 | I10: 1100.9781 | J10: =F10*H10 -> 19610690 | K10: 19811990 | L10: 19414.625 | M10: =IFERROR(L10/L$3,0) -> 0.38539311 | N10: 1206.6415 | O10: 23426493 | P10: =F10-L10 -> -1419.725 | Q10: =G10-M10 -> -0.058213105 | R10: =IF(H10<>0,H10-N10,"-") -> -116.84998 | S10: =J10-O10 -> -3815802.9
A11: 5 | B11: rPET | C11: Hạt | D11: 110000355 | E11: Hạt nhựa rPET iSS01G 1 | F11: =SUMIFS(Table1[SL 2026],Table1[Mã SP],'01. TH - SKU'!$D11) -> 10794.9 | G11: =IFERROR(F11/F$3,0) -> 0.19627091 | H11: =IFERROR(SUMIFS(Table1[LK 2026],Table1[Mã SP],'01. TH - SKU'!$D11)/26500/SUMIFS(Table1[SL 2026],Table1[Mã SP],'01. TH - SKU'!$D11),0) -> 1157.9357 | I11: 1200 | J11: =F11*H11 -> 12499800 | K11: 12953880 | L11: 10827.736 | M11: =IFERROR(L11/L$3,0) -> 0.21493769 | N11: 1247.271 | O11: 13505121 | P11: =F11-L11 -> -32.8358 | Q11: =G11-M11 -> -0.018666785 | R11: =IF(H11<>0,H11-N11,"-") -> -89.335345 | S11: =J11-O11 -> -1005321.3
A12: 6 | B12: rPET | C12: Hạt | D12: 110000358 | E12: Hạt nhựa rPET WSS02G | F12: =SUMIFS(Table1[SL 2026],Table1[Mã SP],'01. TH - SKU'!$D12) -> 0 | G12: =IFERROR(F12/F$3,0) -> 0 | H12: =IFERROR(SUMIFS(Table1[LK 2026],Table1[Mã SP],'01. TH - SKU'!$D12)/26500/SUMIFS(Table1[SL 2026],Table1[Mã SP],'01. TH - SKU'!$D12),0) -> 0 | I12: 0 | J12: =F12*H12 -> 0 | K12: 0 | L12: 7.7 | M12: =IFERROR(L12/L$3,0) -> 0.00015285008 | N12: 1168.8143 | O12: 8999.8699 | P12: =F12-L12 -> -7.7 | Q12: =G12-M12 -> -0.00015285008 | R12: =IF(H12<>0,H12-N12,"-") -> - | S12: =J12-O12 -> -8999.8699
A13: 7 | B13: rPET | C13: Hạt | D13: 110000359 | E13: Hạt nhựa rPET WSS03G | F13: =SUMIFS(Table1[SL 2026],Table1[Mã SP],'01. TH - SKU'!$D13) -> 6358.1562 | G13: =IFERROR(F13/F$3,0) -> 0.11560284 | H13: =IFERROR(SUMIFS(Table1[LK 2026],Table1[Mã SP],'01. TH - SKU'!$D13)/26500/SUMIFS(Table1[SL 2026],Table1[Mã SP],'01. TH - SKU'!$D13),0) -> 970 | I13: 970 | J13: =F13*H13 -> 6167411.5 | K13: 6167411.5 | L13: 1895.05 | M13: =IFERROR(L13/L$3,0) -> 0.037617992 | N13: 1054.4074 | O13: 1998154.7 | P13: =F13-L13 -> 4463.1062 | Q13: =G13-M13 -> 0.077984848 | R13: =IF(H13<>0,H13-N13,"-") -> -84.407357 | S13: =J13-O13 -> 4169256.9
A14: 8 | B14: rPET | C14: Hạt | D14: 110000376 | E14: Hạt nhựa rPET iSS01L | F14: =SUMIFS(Table1[SL 2026],Table1[Mã SP],'01. TH - SKU'!$D14) -> 0 | G14: =IFERROR(F14/F$3,0) -> 0 | H14: =IFERROR(SUMIFS(Table1[LK 2026],Table1[Mã SP],'01. TH - SKU'!$D14)/26500/SUMIFS(Table1[SL 2026],Table1[Mã SP],'01. TH - SKU'!$D14),0) -> 0 | I14: 0 | J14: =F14*H14 -> 0 | K14: 0 | L14: 0.3 | M14: =IFERROR(L14/L$3,0) -> 5.9551978e-06 | N14: 1298.3491 | O14: 389.50472 | P14: =F14-L14 -> -0.3 | Q14: =G14-M14 -> -5.9551978e-06 | R14: =IF(H14<>0,H14-N14,"-") -> - | S14: =J14-O14 -> -389.50472
A15: 9 | B15: rPET | C15: Hạt | D15: 110000483 | E15: Hạt Nhựa rPET iSS01G-S | F15: =SUMIFS(Table1[SL 2026],Table1[Mã SP],'01. TH - SKU'!$D15) -> 0 | G15: =IFERROR(F15/F$3,0) -> 0 | H15: =IFERROR(SUMIFS(Table1[LK 2026],Table1[Mã SP],'01. TH - SKU'!$D15)/26500/SUMIFS(Table1[SL 2026],Table1[Mã SP],'01. TH - SKU'!$D15),0) -> 0 | I15: 0 | J15: =F15*H15 -> 0 | K15: 0 | L15: 11.59 | M15: =IFERROR(L15/L$3,0) -> 0.00023006914 | N15: 1266.4321 | O15: 14677.949 | P15: =F15-L15 -> -11.59 | Q15: =G15-M15 -> -0.00023006914 | R15: =IF(H15<>0,H15-N15,"-") -> - | S15: =J15-O15 -> -14677.949
A16: 10 | B16: rPET | C16: Hạt | D16: 110000497 | E16: Hạt Nhựa rPET WSS01G-L | F16: =SUMIFS(Table1[SL 2026],Table1[Mã SP],'01. TH - SKU'!$D16) -> 0 | G16: =IFERROR(F16/F$3,0) -> 0 | H16: =IFERROR(SUMIFS(Table1[LK 2026],Table1[Mã SP],'01. TH - SKU'!$D16)/26500/SUMIFS(Table1[SL 2026],Table1[Mã SP],'01. TH - SKU'!$D16),0) -> 0 | I16: 0 | J16: =F16*H16 -> 0 | K16: 0 | L16: 6.05 | M16: =IFERROR(L16/L$3,0) -> 0.00012009649 | N16: 1371.7292 | O16: 8298.9618 | P16: =F16-L16 -> -6.05 | Q16: =G16-M16 -> -0.00012009649 | R16: =IF(H16<>0,H16-N16,"-") -> - | S16: =J16-O16 -> -8298.9618
A17: 11 | B17: rPET | C17: Hạt | D17: 110000499 | E17: Hạt Nhựa rPET WSS01L | F17: =SUMIFS(Table1[SL 2026],Table1[Mã SP],'01. TH - SKU'!$D17) -> 0 | G17: =IFERROR(F17/F$3,0) -> 0 | H17: =IFERROR(SUMIFS(Table1[LK 2026],Table1[Mã SP],'01. TH - SKU'!$D17)/26500/SUMIFS(Table1[SL 2026],Table1[Mã SP],'01. TH - SKU'!$D17),0) -> 0 | I17: 0 | J17: =F17*H17 -> 0 | K17: 0 | L17: 1.1 | M17: =IFERROR(L17/L$3,0) -> 2.1835725e-05 | N17: 963.73927 | O17: 1060.1132 | P17: =F17-L17 -> -1.1 | Q17: =G17-M17 -> -2.1835725e-05 | R17: =IF(H17<>0,H17-N17,"-") -> - | S17: =J17-O17 -> -1060.1132
A18: 12 | B18: rPET | C18: Hạt | D18: 110000503 | E18: Hạt Nhựa rPET WSS01S | F18: =SUMIFS(Table1[SL 2026],Table1[Mã SP],'01. TH - SKU'!$D18) -> 0 | G18: =IFERROR(F18/F$3,0) -> 0 | H18: =IFERROR(SUMIFS(Table1[LK 2026],Table1[Mã SP],'01. TH - SKU'!$D18)/26500/SUMIFS(Table1[SL 2026],Table1[Mã SP],'01. TH - SKU'!$D18),0) -> 0 | I18: 0 | J18: =F18*H18 -> 0 | K18: 0 | L18: 21.5 | M18: =IFERROR(L18/L$3,0) -> 0.00042678917 | N18: 1188.6979 | O18: 25557.006 | P18: =F18-L18 -> -21.5 | Q18: =G18-M18 -> -0.00042678917 | R18: =IF(H18<>0,H18-N18,"-") -> - | S18: =J18-O18 -> -25557.006
A19: 13 | B19: rPET | C19: Hạt | D19: 110000506 | E19: Hạt Nhựa rPET WSS01 & WSS01G-L | F19: =SUMIFS(Table1[SL 2026],Table1[Mã SP],'01. TH - SKU'!$D19) -> 0 | G19: =IFERROR(F19/F$3,0) -> 0 | H19: =IFERROR(SUMIFS(Table1[LK 2026],Table1[Mã SP],'01. TH - SKU'!$D19)/26500/SUMIFS(Table1[SL 2026],Table1[Mã SP],'01. TH - SKU'!$D19),0) -> 0 | I19: 0 | J19: =F19*H19 -> 0 | K19: 0 | L19: 859.1 | M19: =IFERROR(L19/L$3,0) -> 0.017053701 | N19: 1402.8701 | O19: 1205205.7 | P19: =F19-L19 -> -859.1 | Q19: =G19-M19 -> -0.017053701 | R19: =IF(H19<>0,H19-N19,"-") -> - | S19: =J19-O19 -> -1205205.7
A20: 14 | B20: rPET | C20: vảy | D20: 110000505 | E20: Vảy PET | F20: =SUMIFS(Table1[SL 2026],Table1[Mã SP],'01. TH - SKU'!$D20) -> 0 | G20: =IFERROR(F20/F$3,0) -> 0 | H20: =IFERROR(SUMIFS(Table1[LK 2026],Table1[Mã SP],'01. TH - SKU'!$D20)/26500/SUMIFS(Table1[SL 2026],Table1[Mã SP],'01. TH - SKU'!$D20),0) -> 0 | I20: 0 | J20: =F20*H20 -> 0 | K20: 0 | L20: 2 | M20: =IFERROR(L20/L$3,0) -> 3.9701318e-05 | N20: 1028.3333 | O20: 2056.6667 | P20: =F20-L20 -> -2 | Q20: =G20-M20 -> -3.9701318e-05 | R20: =IF(H20<>0,H20-N20,"-") -> - | S20: =J20-O20 -> -2056.6667
A21: 15 | B21: rPET | C21: vảy | D21: 110000507 | E21: Vảy FPET201 | F21: =SUMIFS(Table1[SL 2026],Table1[Mã SP],'01. TH - SKU'!$D21) -> 0 | G21: =IFERROR(F21/F$3,0) -> 0 | H21: =IFERROR(SUMIFS(Table1[LK 2026],Table1[Mã SP],'01. TH - SKU'!$D21)/26500/SUMIFS(Table1[SL 2026],Table1[Mã SP],'01. TH - SKU'!$D21),0) -> 0 | I21: 0 | J21: =F21*H21 -> 0 | K21: 0 | L21: 20 | M21: =IFERROR(L21/L$3,0) -> 0.00039701318 | N21: 918.77742 | O21: 18375.548 | P21: =F21-L21 -> -20 | Q21: =G21-M21 -> -0.00039701318 | R21: =IF(H21<>0,H21-N21,"-") -> - | S21: =J21-O21 -> -18375.548
P22: =F22-L22 -> 0 | Q22: =G22-M22 -> 0 | R22: =IF(H22<>0,H22-N22,"-") -> - | S22: =J22-O22 -> 0
A23: II | B23: Xơ sợi | F23: =SUM(F24:F29) -> 1039.0438 | G23: =SUM(G24:G29) -> 0.018891705 | H23: =J23/F23 -> 596 | I23: 596 | J23: =SUM(J24:J29) -> 619270.1 | K23: 619270.1 | L23: =SUM(L24:L29) -> 1632.225 | M23: =SUM(M24:M29) -> 0.032400742 | N23: =O23/L23 -> 674.57346 | O23: =SUM(O24:O29) -> 1101055.7 | P23: =F23-L23 -> -593.1812 | Q23: =G23-M23 -> -0.013509037 | R23: =H23-N23 -> -78.573464 | S23: =J23-O23 -> -481785.57
A24: 16 | B24: Xơ sợi | C24: Hạt | D24: 110000381 | E24: Hạt nhựa rPET WSS04SD | F24: =SUMIFS(Table1[SL 2026],Table1[Mã SP],'01. TH - SKU'!$D24) -> 0 | G24: =IFERROR(F24/F$3,0) -> 0 | H24: =IFERROR(SUMIFS(Table1[LK 2026],Table1[Mã SP],'01. TH - SKU'!$D24)/26500/SUMIFS(Table1[SL 2026],Table1[Mã SP],'01. TH - SKU'!$D24),0) -> 0 | I24: 0 | J24: =F24*H24 -> 0 | K24: 0 | L24: 88.025 | M24: =IFERROR(L24/L$3,0) -> 0.0017473543 | N24: 726.21688 | O24: 63925.241 | P24: =F24-L24 -> -88.025 | Q24: =G24-M24 -> -0.0017473543 | R24: =IF(H24<>0,H24-N24,"-") -> - | S24: =J24-O24 -> -63925.241
A25: 17 | B25: Xơ sợi | C25: Hạt | D25: 110000382 | E25: Hạt nhựa rPET WSS04SB | F25: =SUMIFS(Table1[SL 2026],Table1[Mã SP],'01. TH - SKU'!$D25) -> 0 | G25: =IFERROR(F25/F$3,0) -> 0 | H25: =IFERROR(SUMIFS(Table1[LK 2026],Table1[Mã SP],'01. TH - SKU'!$D25)/26500/SUMIFS(Table1[SL 2026],Table1[Mã SP],'01. TH - SKU'!$D25),0) -> 0 | I25: 0 | J25: =F25*H25 -> 0 | K25: 0 | L25: 1 | M25: =IFERROR(L25/L$3,0) -> 1.9850659e-05 | N25: 1044.8381 | O25: 1044.8381 | P25: =F25-L25 -> -1 | Q25: =G25-M25 -> -1.9850659e-05 | R25: =IF(H25<>0,H25-N25,"-") -> - | S25: =J25-O25 -> -1044.8381
A26: 18 | B26: Xơ sợi | C26: Hạt | D26: 110000387 | E26: Hạt nhựa rPET WSS03SD | F26: =SUMIFS(Table1[SL 2026],Table1[Mã SP],'01. TH - SKU'!$D26) -> 0 | G26: =IFERROR(F26/F$3,0) -> 0 | H26: =IFERROR(SUMIFS(Table1[LK 2026],Table1[Mã SP],'01. TH - SKU'!$D26)/26500/SUMIFS(Table1[SL 2026],Table1[Mã SP],'01. TH - SKU'!$D26),0) -> 0 | I26: 0 | J26: =F26*H26 -> 0 | K26: 0 | L26: 0.025 | M26: =IFERROR(L26/L$3,0) -> 4.9626648e-07 | N26: 1038.9721 | O26: 25.974303 | P26: =F26-L26 -> -0.025 | Q26: =G26-M26 -> -4.9626648e-07 | R26: =IF(H26<>0,H26-N26,"-") -> - | S26: =J26-O26 -> -25.974303
A27: 19 | B27: Xơ sợi | C27: Hạt | D27: 110000436 | E27: Hạt nhựa rPET WSS05SB | F27: =SUMIFS(Table1[SL 2026],Table1[Mã SP],'01. TH - SKU'!$D27) -> 1039.0438 | G27: =IFERROR(F27/F$3,0) -> 0.018891705 | H27: =IFERROR(SUMIFS(Table1[LK 2026],Table1[Mã SP],'01. TH - SKU'!$D27)/26500/SUMIFS(Table1[SL 2026],Table1[Mã SP],'01. TH - SKU'!$D27),0) -> 596 | I27: 596 | J27: =F27*H27 -> 619270.1 | K27: 619270.1 | L27: 1096.425 | M27: =IFERROR(L27/L$3,0) -> 0.021764759 | N27: 672.12872 | O27: 736938.73 | P27: =F27-L27 -> -57.3812 | Q27: =G27-M27 -> -0.0028730536 | R27: =IF(H27<>0,H27-N27,"-") -> -76.128722 | S27: =J27-O27 -> -117668.63
A28: 20 | B28: Xơ sợi | C28: Hạt | D28: 110000466 | E28: Hạt Nhựa rPET WSS05SB-2 | F28: =SUMIFS(Table1[SL 2026],Table1[Mã SP],'01. TH - SKU'!$D28) -> 0 | G28: =IFERROR(F28/F$3,0) -> 0 | H28: =IFERROR(SUMIFS(Table1[LK 2026],Table1[Mã SP],'01. TH - SKU'!$D28)/26500/SUMIFS(Table1[SL 2026],Table1[Mã SP],'01. TH - SKU'!$D28),0) -> 0 | I28: 0 | J28: =F28*H28 -> 0 | K28: 0 | L28: 446.75 | M28: =IFERROR(L28/L$3,0) -> 0.008868282 | N28: 669.54871 | O28: 299120.89 | P28: =F28-L28 -> -446.75 | Q28: =G28-M28 -> -0.008868282 | R28: =IF(H28<>0,H28-N28,"-") -> - | S28: =J28-O28 -> -299120.89
P29: =F29-L29 -> 0 | Q29: =G29-M29 -> 0 | R29: =IF(H29<>0,H29-N29,"-") -> - | S29: =J29-O29 -> 0
A30: III | B30: rHDPE thổi | F30: =SUM(F31:F40) -> 6624 | G30: =SUM(G31:G40) -> 0.12043636 | H30: =J30/F30 -> 1113.7998 | I30: 1113.7998 | J30: =SUM(J31:J40) -> 7377810 | K30: 7377810 | L30: =SUM(L31:L40) -> 3038.675 | M30: =SUM(M31:M40) -> 0.060319702 | N30: =O30/L30 -> 1249.8828 | O30: =SUM(O31:O40) -> 3797987.7 | P30: =F30-L30 -> 3585.325 | Q30: =G30-M30 -> 0.060116662 | R30: =H30-N30 -> -136.08302 | S30: =J30-O30 -> 3579822.3
A31: 21 | B31: rHDPE thổi | C31: Hạt | D31: 110000339 | E31: Hạt Nhựa rHDPE MBF01 | F31: =SUMIFS(Table1[SL 2026],Table1[Mã SP],'01. TH - SKU'!$D31) -> 888 | G31: =IFERROR(F31/F$3,0) -> 0.016145455 | H31: =IFERROR(SUMIFS(Table1[LK 2026],Table1[Mã SP],'01. TH - SKU'!$D31)/26500/SUMIFS(Table1[SL 2026],Table1[Mã SP],'01. TH - SKU'!$D31),0) -> 1300 | I31: 1300 | J31: =F31*H31 -> 1154400 | K31: 1154400 | L31: 1352.8 | M31: =IFERROR(L31/L$3,0) -> 0.026853972 | N31: 1377.0719 | O31: 1862902.8 | P31: =F31-L31 -> -464.8 | Q31: =G31-M31 -> -0.010708517 | R31: =IF(H31<>0,H31-N31,"-") -> -77.07188 | S31: =J31-O31 -> -708502.84
A32: 22 | B32: rHDPE thổi | C32: Hạt | D32: 110000341 | E32: Hạt nhựa rHDB04B01 | F32: =SUMIFS(Table1[SL 2026],Table1[Mã SP],'01. TH - SKU'!$D32) -> 780 | G32: =IFERROR(F32/F$3,0) -> 0.014181818 | H32: =IFERROR(SUMIFS(Table1[LK 2026],Table1[Mã SP],'01. TH - SKU'!$D32)/26500/SUMIFS(Table1[SL 2026],Table1[Mã SP],'01. TH - SKU'!$D32),0) -> 600 | I32: 600 | J32: =F32*H32 -> 468000 | K32: 468000 | L32: 415.325 | M32: =IFERROR(L32/L$3,0) -> 0.008244475 | N32: 633.3818 | O32: 263059.29 | P32: =F32-L32 -> 364.675 | Q32: =G32-M32 -> 0.0059373431 | R32: =IF(H32<>0,H32-N32,"-") -> -33.381797 | S32: =J32-O32 -> 204940.71
A33: 23 | B33: rHDPE thổi | C33: Hạt | D33: 110000374 | E33: Hạt Nhựa rHDB03N02 | F33: =SUMIFS(Table1[SL 2026],Table1[Mã SP],'01. TH - SKU'!$D33) -> 528 | G33: =IFERROR(F33/F$3,0) -> 0.0096 | H33: =IFERROR(SUMIFS(Table1[LK 2026],Table1[Mã SP],'01. TH - SKU'!$D33)/26500/SUMIFS(Table1[SL 2026],Table1[Mã SP],'01. TH - SKU'!$D33),0) -> 1150 | I33: 1150 | J33: =F33*H33 -> 607200 | K33: 607200 | L33: 407.3 | M33: =IFERROR(L33/L$3,0) -> 0.0080851735 | N33: 1262.3335 | O33: 514148.42 | P33: =F33-L33 -> 120.7 | Q33: =G33-M33 -> 0.0015148265 | R33: =IF(H33<>0,H33-N33,"-") -> -112.33348 | S33: =J33-O33 -> 93051.575
A34: 24 | B34: rHDPE thổi | C34: Hạt | D34: 110000425 | E34: Hạt Nhựa HCBF-Whi-U | F34: =SUMIFS(Table1[SL 2026],Table1[Mã SP],'01. TH - SKU'!$D34) -> 264 | G34: =IFERROR(F34/F$3,0) -> 0.0048 | H34: =IFERROR(SUMIFS(Table1[LK 2026],Table1[Mã SP],'01. TH - SKU'!$D34)/26500/SUMIFS(Table1[SL 2026],Table1[Mã SP],'01. TH - SKU'!$D34),0) -> 1300 | I34: 1300 | J34: =F34*H34 -> 343200 | K34: 343200 | L34: 61.9 | M34: =IFERROR(L34/L$3,0) -> 0.0012287558 | N34: 1316.7005 | O34: 81503.763 | P34: =F34-L34 -> 202.1 | Q34: =G34-M34 -> 0.0035712442 | R34: =IF(H34<>0,H34-N34,"-") -> -16.700537 | S34: =J34-O34 -> 261696.24
A35: 25 | B35: rHDPE thổi | C35: Hạt | D35: 110000426 | E35: Hạt Nhựa HCBF-Yel-U | F35: =SUMIFS(Table1[SL 2026],Table1[Mã SP],'01. TH - SKU'!$D35) -> 264 | G35: =IFERROR(F35/F$3,0) -> 0.0048 | H35: =IFERROR(SUMIFS(Table1[LK 2026],Table1[Mã SP],'01. TH - SKU'!$D35)/26500/SUMIFS(Table1[SL 2026],Table1[Mã SP],'01. TH - SKU'!$D35),0) -> 1300 | I35: 1300 | J35: =F35*H35 -> 343200 | K35: 343200 | L35: 358.875 | M35: =IFERROR(L35/L$3,0) -> 0.0071239053 | N35: 1317.1306 | O35: 472685.23 | P35: =F35-L35 -> -94.875 | Q35: =G35-M35 -> -0.0023239053 | R35: =IF(H35<>0,H35-N35,"-") -> -17.130563 | S35: =J35-O35 -> -129485.23
A36: 26 | B36: rHDPE thổi | C36: Hạt | D36: 110000443 | E36: Hạt Nhựa rHDA03N01 | F36: =SUMIFS(Table1[SL 2026],Table1[Mã SP],'01. TH - SKU'!$D36) -> 2316 | G36: =IFERROR(F36/F$3,0) -> 0.042109091 | H36: =IFERROR(SUMIFS(Table1[LK 2026],Table1[Mã SP],'01. TH - SKU'!$D36)/26500/SUMIFS(Table1[SL 2026],Table1[Mã SP],'01. TH - SKU'!$D36),0) -> 1138.1736 | I36: 1138.1736 | J36: =F36*H36 -> 2636010 | K36: 2636010 | L36: 202.625 | M36: =IFERROR(L36/L$3,0) -> 0.0040222398 | N36: 1361.6606 | O36: 275906.48 | P36: =F36-L36 -> 2113.375 | Q36: =G36-M36 -> 0.038086851 | R36: =IF(H36<>0,H36-N36,"-") -> -223.48704 | S36: =J36-O36 -> 2360103.5
A37: 27 | B37: rHDPE thổi | C37: Hạt | D37: 110000481 | E37: Hạt Nhựa rHDPE PCF01 | F37: =SUMIFS(Table1[SL 2026],Table1[Mã SP],'01. TH - SKU'!$D37) -> 384 | G37: =IFERROR(F37/F$3,0) -> 0.0069818182 | H37: =IFERROR(SUMIFS(Table1[LK 2026],Table1[Mã SP],'01. TH - SKU'!$D37)/26500/SUMIFS(Table1[SL 2026],Table1[Mã SP],'01. TH - SKU'!$D37),0) -> 1300 | I37: 1300 | J37: =F37*H37 -> 499200 | K37: 499200 | L37: 234.5 | M37: =IFERROR(L37/L$3,0) -> 0.0046549796 | N37: 1376.5689 | O37: 322805.42 | P37: =F37-L37 -> 149.5 | Q37: =G37-M37 -> 0.0023268386 | R37: =IF(H37<>0,H37-N37,"-") -> -76.568946 | S37: =J37-O37 -> 176394.58
A38: 28 | B38: rHDPE thổi | C38: Hạt | D38: 110000495 | E38: Hạt Nhựa rHDA03W01 | F38: =SUMIFS(Table1[SL 2026],Table1[Mã SP],'01. TH - SKU'!$D38) -> 1200 | G38: =IFERROR(F38/F$3,0) -> 0.021818182 | H38: =IFERROR(SUMIFS(Table1[LK 2026],Table1[Mã SP],'01. TH - SKU'!$D38)/26500/SUMIFS(Table1[SL 2026],Table1[Mã SP],'01. TH - SKU'!$D38),0) -> 1105.5 | I38: 1105.5 | J38: =F38*H38 -> 1326600 | K38: 1326600 | L38: 1.25 | M38: =IFERROR(L38/L$3,0) -> 2.4813324e-05 | N38: 1326.1211 | O38: 1657.6514 | P38: =F38-L38 -> 1198.75 | Q38: =G38-M38 -> 0.021793368 | R38: =IF(H38<>0,H38-N38,"-") -> -220.62114 | S38: =J38-O38 -> 1324942.3
A39: 29 | B39: rHDPE thổi | C39: Hạt | D39: 110000509 | E39: Hạt Nhựa rHDB01B01 | F39: =SUMIFS(Table1[SL 2026],Table1[Mã SP],'01. TH - SKU'!$D39) -> 0 | G39: =IFERROR(F39/F$3,0) -> 0 | H39: =IFERROR(SUMIFS(Table1[LK 2026],Table1[Mã SP],'01. TH - SKU'!$D39)/26500/SUMIFS(Table1[SL 2026],Table1[Mã SP],'01. TH - SKU'!$D39),0) -> 0 | I39: 0 | J39: =F39*H39 -> 0 | K39: 0 | L39: 4.1 | M39: =IFERROR(L39/L$3,0) -> 8.1387703e-05 | N39: 809.42013 | O39: 3318.6225 | P39: =F39-L39 -> -4.1 | Q39: =G39-M39 -> -8.1387703e-05 | R39: =IF(H39<>0,H39-N39,"-") -> - | S39: =J39-O39 -> -3318.6225
P40: =F40-L40 -> 0 | Q40: =G40-M40 -> 0 | R40: =IF(H40<>0,H40-N40,"-") -> - | S40: =J40-O40 -> 0
A41: IV | B41: rHDPE ép | F41: =SUM(F42:F57) -> 0 | G41: =SUM(G42:G57) -> 0 | H41: =IFERROR(J41/F41,0) -> 0 | I41: 0 | J41: =SUM(J42:J57) -> 0 | K41: 0 | L41: =SUM(L42:L57) -> 1837.075 | M41: =SUM(M42:M57) -> 0.03646715 | N41: =IFERROR(O41/L41,0) -> 651.98089 | O41: =SUM(O42:O57) -> 1197737.8 | P41: =F41-L41 -> -1837.075 | Q41: =G41-M41 -> -0.03646715 | R41: =IF(H41<>0,H41-N41,"-") -> - | S41: =J41-O41 -> -1197737.8
A42: 30 | B42: rHDPE ép | D42: 110000360 | E42: Hạt nhựa rHDI4L01 | F42: =SUMIFS(Table1[SL 2026],Table1[Mã SP],'01. TH - SKU'!$D42) -> 0 | G42: =IFERROR(F42/F$3,0) -> 0 | H42: =IFERROR(SUMIFS(Table1[LK 2026],Table1[Mã SP],'01. TH - SKU'!$D42)/26500/SUMIFS(Table1[SL 2026],Table1[Mã SP],'01. TH - SKU'!$D42),0) -> 0 | I42: 0 | J42: =F42*H42 -> 0 | K42: 0 | L42: 187 | M42: =IFERROR(L42/L$3,0) -> 0.0037120733 | N42: 777.79215 | O42: 145447.13 | P42: =F42-L42 -> -187 | Q42: =G42-M42 -> -0.0037120733 | R42: =IF(H42<>0,H42-N42,"-") -> - | S42: =J42-O42 -> -145447.13
A43: 31 | B43: rHDPE ép | D43: 110000361 | E43: Hạt nhựa rHDI3R01 | F43: =SUMIFS(Table1[SL 2026],Table1[Mã SP],'01. TH - SKU'!$D43) -> 0 | G43: =IFERROR(F43/F$3,0) -> 0 | H43: =IFERROR(SUMIFS(Table1[LK 2026],Table1[Mã SP],'01. TH - SKU'!$D43)/26500/SUMIFS(Table1[SL 2026],Table1[Mã SP],'01. TH - SKU'!$D43),0) -> 0 | I43: 0 | J43: =F43*H43 -> 0 | K43: 0 | L43: 147.525 | M43: =IFERROR(L43/L$3,0) -> 0.0029284685 | N43: 741.40328 | O43: 109375.52 | P43: =F43-L43 -> -147.525 | Q43: =G43-M43 -> -0.0029284685 | R43: =IF(H43<>0,H43-N43,"-") -> - | S43: =J43-O43 -> -109375.52
A44: 32 | B44: rHDPE ép | D44: 110000363 | E44: Hạt nhựa rHDI3Gy01 | F44: =SUMIFS(Table1[SL 2026],Table1[Mã SP],'01. TH - SKU'!$D44) -> 0 | G44: =IFERROR(F44/F$3,0) -> 0 | H44: =IFERROR(SUMIFS(Table1[LK 2026],Table1[Mã SP],'01. TH - SKU'!$D44)/26500/SUMIFS(Table1[SL 2026],Table1[Mã SP],'01. TH - SKU'!$D44),0) -> 0 | I44: 0 | J44: =F44*H44 -> 0 | K44: 0 | L44: 5.425 | M44: =IFERROR(L44/L$3,0) -> 0.00010768983 | N44: 764.1837 | O44: 4145.6966 | P44: =F44-L44 -> -5.425 | Q44: =G44-M44 -> -0.00010768983 | R44: =IF(H44<>0,H44-N44,"-") -> - | S44: =J44-O44 -> -4145.6966
A45: 33 | B45: rHDPE ép | D45: 110000364 | E45: Hạt nhựa rHDI3Y01 | F45: =SUMIFS(Table1[SL 2026],Table1[Mã SP],'01. TH - SKU'!$D45) -> 0 | G45: =IFERROR(F45/F$3,0) -> 0 | H45: =IFERROR(SUMIFS(Table1[LK 2026],Table1[Mã SP],'01. TH - SKU'!$D45)/26500/SUMIFS(Table1[SL 2026],Table1[Mã SP],'01. TH - SKU'!$D45),0) -> 0 | I45: 0 | J45: =F45*H45 -> 0 | K45: 0 | L45: 123.9 | M45: =IFERROR(L45/L$3,0) -> 0.0024594967 | N45: 729.14986 | O45: 90341.668 | P45: =F45-L45 -> -123.9 | Q45: =G45-M45 -> -0.0024594967 | R45: =IF(H45<>0,H45-N45,"-") -> - | S45: =J45-O45 -> -90341.668
A46: 34 | B46: rHDPE ép | D46: 110000365 | E46: Hạt nhựa rHDI3W01 | F46: =SUMIFS(Table1[SL 2026],Table1[Mã SP],'01. TH - SKU'!$D46) -> 0 | G46: =IFERROR(F46/F$3,0) -> 0 | H46: =IFERROR(SUMIFS(Table1[LK 2026],Table1[Mã SP],'01. TH - SKU'!$D46)/26500/SUMIFS(Table1[SL 2026],Table1[Mã SP],'01. TH - SKU'!$D46),0) -> 0 | I46: 0 | J46: =F46*H46 -> 0 | K46: 0 | L46: 16 | M46: =IFERROR(L46/L$3,0) -> 0.00031761055 | N46: 1062.1485 | O46: 16994.376 | P46: =F46-L46 -> -16 | Q46: =G46-M46 -> -0.00031761055 | R46: =IF(H46<>0,H46-N46,"-") -> - | S46: =J46-O46 -> -16994.376
A47: 35 | B47: rHDPE ép | D47: 110000366 | E47: Hạt nhựa rHDI3G01 | F47: =SUMIFS(Table1[SL 2026],Table1[Mã SP],'01. TH - SKU'!$D47) -> 0 | G47: =IFERROR(F47/F$3,0) -> 0 | H47: =IFERROR(SUMIFS(Table1[LK 2026],Table1[Mã SP],'01. TH - SKU'!$D47)/26500/SUMIFS(Table1[SL 2026],Table1[Mã SP],'01. TH - SKU'!$D47),0) -> 0 | I47: 0 | J47: =F47*H47 -> 0 | K47: 0 | L47: 205.9 | M47: =IFERROR(L47/L$3,0) -> 0.0040872507 | N47: 699.02811 | O47: 143929.89 | P47: =F47-L47 -> -205.9 | Q47: =G47-M47 -> -0.0040872507 | R47: =IF(H47<>0,H47-N47,"-") -> - | S47: =J47-O47 -> -143929.89
A48: 36 | B48: rHDPE ép | D48: 110000407 | E48: Vảy HD Ép Đỏ | F48: =SUMIFS(Table1[SL 2026],Table1[Mã SP],'01. TH - SKU'!$D48) -> 0 | G48: =IFERROR(F48/F$3,0) -> 0 | H48: =IFERROR(SUMIFS(Table1[LK 2026],Table1[Mã SP],'01. TH - SKU'!$D48)/26500/SUMIFS(Table1[SL 2026],Table1[Mã SP],'01. TH - SKU'!$D48),0) -> 0 | I48: 0 | J48: =F48*H48 -> 0 | K48: 0 | L48: 231.575 | M48: =IFERROR(L48/L$3,0) -> 0.0045969164 | N48: 614.51571 | O48: 142306.48 | P48: =F48-L48 -> -231.575 | Q48: =G48-M48 -> -0.0045969164 | R48: =IF(H48<>0,H48-N48,"-") -> - | S48: =J48-O48 -> -142306.48
A49: 37 | B49: rHDPE ép | D49: 110000408 | E49: Vảy HD Ép Trắng | F49: =SUMIFS(Table1[SL 2026],Table1[Mã SP],'01. TH - SKU'!$D49) -> 0 | G49: =IFERROR(F49/F$3,0) -> 0 | H49: =IFERROR(SUMIFS(Table1[LK 2026],Table1[Mã SP],'01. TH - SKU'!$D49)/26500/SUMIFS(Table1[SL 2026],Table1[Mã SP],'01. TH - SKU'!$D49),0) -> 0 | I49: 0 | J49: =F49*H49 -> 0 | K49: 0 | L49: 534.625 | M49: =IFERROR(L49/L$3,0) -> 0.010612659 | N49: 564.3173 | O49: 301698.14 | P49: =F49-L49 -> -534.625 | Q49: =G49-M49 -> -0.010612659 | R49: =IF(H49<>0,H49-N49,"-") -> - | S49: =J49-O49 -> -301698.14
A50: 38 | B50: rHDPE ép | D50: 110000409 | E50: Vảy HD Ép Vàng | F50: =SUMIFS(Table1[SL 2026],Table1[Mã SP],'01. TH - SKU'!$D50) -> 0 | G50: =IFERROR(F50/F$3,0) -> 0 | H50: =IFERROR(SUMIFS(Table1[LK 2026],Table1[Mã SP],'01. TH - SKU'!$D50)/26500/SUMIFS(Table1[SL 2026],Table1[Mã SP],'01. TH - SKU'!$D50),0) -> 0 | I50: 0 | J50: =F50*H50 -> 0 | K50: 0 | L50: 117.325 | M50: =IFERROR(L50/L$3,0) -> 0.0023289786 | N50: 605.55065 | O50: 71046.23 | P50: =F50-L50 -> -117.325 | Q50: =G50-M50 -> -0.0023289786 | R50: =IF(H50<>0,H50-N50,"-") -> - | S50: =J50-O50 -> -71046.23
A51: 39 | B51: rHDPE ép | D51: 110000410 | E51: Vảy HD Ép Lá | F51: =SUMIFS(Table1[SL 2026],Table1[Mã SP],'01. TH - SKU'!$D51) -> 0 | G51: =IFERROR(F51/F$3,0) -> 0 | H51: =IFERROR(SUMIFS(Table1[LK 2026],Table1[Mã SP],'01. TH - SKU'!$D51)/26500/SUMIFS(Table1[SL 2026],Table1[Mã SP],'01. TH - SKU'!$D51),0) -> 0 | I51: 0 | J51: =F51*H51 -> 0 | K51: 0 | L51: 125.375 | M51: =IFERROR(L51/L$3,0) -> 0.0024887764 | N51: 601.42755 | O51: 75403.979 | P51: =F51-L51 -> -125.375 | Q51: =G51-M51 -> -0.0024887764 | R51: =IF(H51<>0,H51-N51,"-") -> - | S51: =J51-O51 -> -75403.979
A52: 40 | B52: rHDPE ép | D52: 110000411 | E52: Vảy HD Ép Dương | F52: =SUMIFS(Table1[SL 2026],Table1[Mã SP],'01. TH - SKU'!$D52) -> 0 | G52: =IFERROR(F52/F$3,0) -> 0 | H52: =IFERROR(SUMIFS(Table1[LK 2026],Table1[Mã SP],'01. TH - SKU'!$D52)/26500/SUMIFS(Table1[SL 2026],Table1[Mã SP],'01. TH - SKU'!$D52),0) -> 0 | I52: 0 | J52: =F52*H52 -> 0 | K52: 0 | L52: 66.325 | M52: =IFERROR(L52/L$3,0) -> 0.001316595 | N52: 606.76619 | O52: 40243.767 | P52: =F52-L52 -> -66.325 | Q52: =G52-M52 -> -0.001316595 | R52: =IF(H52<>0,H52-N52,"-") -> - | S52: =J52-O52 -> -40243.767
A53: 41 | B53: rHDPE ép | D53: 110000412 | E53: Vảy HD Ép Đen | F53: =SUMIFS(Table1[SL 2026],Table1[Mã SP],'01. TH - SKU'!$D53) -> 0 | G53: =IFERROR(F53/F$3,0) -> 0 | H53: =IFERROR(SUMIFS(Table1[LK 2026],Table1[Mã SP],'01. TH - SKU'!$D53)/26500/SUMIFS(Table1[SL 2026],Table1[Mã SP],'01. TH - SKU'!$D53),0) -> 0 | I53: 0 | J53: =F53*H53 -> 0 | K53: 0 | L53: 39.525 | M53: =IFERROR(L53/L$3,0) -> 0.00078459731 | N53: 487.56749 | O53: 19271.105 | P53: =F53-L53 -> -39.525 | Q53: =G53-M53 -> -0.00078459731 | R53: =IF(H53<>0,H53-N53,"-") -> - | S53: =J53-O53 -> -19271.105
... A56: 44 | B56: rHDPE ép | D56: 110000496 | E56: Hạt Nhựa rHDI7DL02 | F56: =SUMIFS(Table1[SL 2026],Table1[Mã SP],'01. TH - SKU'!$D56) -> 0 | G56: =IFERROR(F56/F$3,0) -> 0 | H56: =IFERROR(SUMIFS(Table1[LK 2026],Table1[Mã SP],'01. TH - SKU'!$D56)/26500/SUMIFS(Table1[SL 2026],Table1[Mã SP],'01. TH - SKU'!$D56),0) -> 0 | I56: 0 | J56: =F56*H56 -> 0 | K56: 0 | L56: 25 | M56: =IFERROR(L56/L$3,0) -> 0.00049626648 | N56: 1176.4844 | O56: 29412.11 | P56: =F56-L56 -> -25 | Q56: =G56-M56 -> -0.00049626648 | R56: =IF(H56<>0,H56-N56,"-") -> - | S56: =J56-O56 -> -29412.11
P57: =F57-L57 -> 0 | Q57: =G57-M57 -> 0 | R57: =IF(H57<>0,H57-N57,"-") -> - | S57: =J57-O57 -> 0
A58: V | B58: rPP | F58: =SUM(F59:F70) -> 858 | G58: =SUM(G59:G70) -> 0.0156 | H58: =J58/F58 -> 695.8042 | I58: 695.8042 | J58: =SUM(J59:J70) -> 597000 | K58: 597000 | L58: =SUM(L59:L70) -> 275 | M58: =SUM(M59:M70) -> 0.0054589313 | N58: =O58/L58 -> 852.79718 | O58: =SUM(O59:O70) -> 234519.22 | P58: =F58-L58 -> 583 | Q58: =G58-M58 -> 0.010141069 | R58: =H58-N58 -> -156.99298 | S58: =J58-O58 -> 362480.78
A59: 45 | B59: rPP | D59: 110000389 | E59: Hạt nhựa rPP20R02 | F59: =SUMIFS(Table1[SL 2026],Table1[Mã SP],'01. TH - SKU'!$D59) -> 36 | G59: =IFERROR(F59/F$3,0) -> 0.00065454545 | H59: =IFERROR(SUMIFS(Table1[LK 2026],Table1[Mã SP],'01. TH - SKU'!$D59)/26500/SUMIFS(Table1[SL 2026],Table1[Mã SP],'01. TH - SKU'!$D59),0) -> 700 | I59: 700 | J59: =F59*H59 -> 25200 | K59: 25200 | L59: 102.88 | M59: =IFERROR(L59/L$3,0) -> 0.0020422358 | N59: 744.20216 | O59: 76563.518 | P59: =F59-L59 -> -66.88 | Q59: =G59-M59 -> -0.0013876904 | R59: =IF(H59<>0,H59-N59,"-") -> -44.202158 | S59: =J59-O59 -> -51363.518
A60: 46 | B60: rPP | D60: 110000392 | E60: Hạt nhựa rPP20B01 | F60: =SUMIFS(Table1[SL 2026],Table1[Mã SP],'01. TH - SKU'!$D60) -> 618 | G60: =IFERROR(F60/F$3,0) -> 0.011236364 | H60: =IFERROR(SUMIFS(Table1[LK 2026],Table1[Mã SP],'01. TH - SKU'!$D60)/26500/SUMIFS(Table1[SL 2026],Table1[Mã SP],'01. TH - SKU'!$D60),0) -> 700 | I60: 700 | J60: =F60*H60 -> 432600 | K60: 432600 | L60: 0.73 | M60: =IFERROR(L60/L$3,0) -> 1.4490981e-05 | N60: 1026.796 | O60: 749.56109 | P60: =F60-L60 -> 617.27 | Q60: =G60-M60 -> 0.011221873 | R60: =IF(H60<>0,H60-N60,"-") -> -326.79601 | S60: =J60-O60 -> 431850.44
A61: 47 | B61: rPP | D61: 110000394 | E61: Hạt nhựa rPP15Gy02 | F61: =SUMIFS(Table1[SL 2026],Table1[Mã SP],'01. TH - SKU'!$D61) -> 0 | G61: =IFERROR(F61/F$3,0) -> 0 | H61: =IFERROR(SUMIFS(Table1[LK 2026],Table1[Mã SP],'01. TH - SKU'!$D61)/26500/SUMIFS(Table1[SL 2026],Table1[Mã SP],'01. TH - SKU'!$D61),0) -> 0 | I61: 0 | J61: =F61*H61 -> 0 | K61: 0 | L61: 0.05 | M61: =IFERROR(L61/L$3,0) -> 9.9253296e-07 | N61: 1093.8997 | O61: 54.694986 | P61: =F61-L61 -> -0.05 | Q61: =G61-M61 -> -9.9253296e-07 | R61: =IF(H61<>0,H61-N61,"-") -> - | S61: =J61-O61 -> -54.694986
A62: 48 | B62: rPP | D62: 110000421 | E62: Vảy PP Đỏ Nhạt | F62: =SUMIFS(Table1[SL 2026],Table1[Mã SP],'01. TH - SKU'!$D62) -> 36 | G62: =IFERROR(F62/F$3,0) -> 0.00065454545 | H62: =IFERROR(SUMIFS(Table1[LK 2026],Table1[Mã SP],'01. TH - SKU'!$D62)/26500/SUMIFS(Table1[SL 2026],Table1[Mã SP],'01. TH - SKU'!$D62),0) -> 600 | I62: 600 | J62: =F62*H62 -> 21600 | K62: 21600 | L62: 47.35 | M62: =IFERROR(L62/L$3,0) -> 0.00093992872 | N62: 682.54999 | O62: 32318.742 | P62: =F62-L62 -> -11.35 | Q62: =G62-M62 -> -0.00028538326 | R62: =IF(H62<>0,H62-N62,"-") -> -82.549988 | S62: =J62-O62 -> -10718.742
A63: 49 | B63: rPP | D63: 110000423 | E63: Vảy PP Dương Nhạt | F63: =SUMIFS(Table1[SL 2026],Table1[Mã SP],'01. TH - SKU'!$D63) -> 0 | G63: =IFERROR(F63/F$3,0) -> 0 | H63: =IFERROR(SUMIFS(Table1[LK 2026],Table1[Mã SP],'01. TH - SKU'!$D63)/26500/SUMIFS(Table1[SL 2026],Table1[Mã SP],'01. TH - SKU'!$D63),0) -> 0 | I63: 0 | J63: =F63*H63 -> 0 | K63: 0 | L63: 0.1 | M63: =IFERROR(L63/L$3,0) -> 1.9850659e-06 | N63: 787.71801 | O63: 78.771801 | P63: =F63-L63 -> -0.1 | Q63: =G63-M63 -> -1.9850659e-06 | R63: =IF(H63<>0,H63-N63,"-") -> - | S63: =J63-O63 -> -78.771801
A64: 50 | B64: rPP | D64: 110000435 | E64: Hạt Nhựa rPP20L03 | F64: =SUMIFS(Table1[SL 2026],Table1[Mã SP],'01. TH - SKU'!$D64) -> 0 | G64: =IFERROR(F64/F$3,0) -> 0 | H64: =IFERROR(SUMIFS(Table1[LK 2026],Table1[Mã SP],'01. TH - SKU'!$D64)/26500/SUMIFS(Table1[SL 2026],Table1[Mã SP],'01. TH - SKU'!$D64),0) -> 0 | I64: 0 | J64: =F64*H64 -> 0 | K64: 0 | L64: 15.505 | M64: =IFERROR(L64/L$3,0) -> 0.00030778447 | N64: 822.20427 | O64: 12748.277 | P64: =F64-L64 -> -15.505 | Q64: =G64-M64 -> -0.00030778447 | R64: =IF(H64<>0,H64-N64,"-") -> - | S64: =J64-O64 -> -12748.277
A65: 51 | B65: rPP | D65: 110000470 | E65: Hạt Nhựa rPP20L04 | F65: =SUMIFS(Table1[SL 2026],Table1[Mã SP],'01. TH - SKU'!$D65) -> 0 | G65: =IFERROR(F65/F$3,0) -> 0 | H65: =IFERROR(SUMIFS(Table1[LK 2026],Table1[Mã SP],'01. TH - SKU'!$D65)/26500/SUMIFS(Table1[SL 2026],Table1[Mã SP],'01. TH - SKU'!$D65),0) -> 0 | I65: 0 | J65: =F65*H65 -> 0 | K65: 0 | L65: 0.05 | M65: =IFERROR(L65/L$3,0) -> 9.9253296e-07 | N65: 1051.2485 | O65: 52.562425 | P65: =F65-L65 -> -0.05 | Q65: =G65-M65 -> -9.9253296e-07 | R65: =IF(H65<>0,H65-N65,"-") -> - | S65: =J65-O65 -> -52.562425
A66: 52 | B66: rPP | D66: 110000471 | E66: Hạt Nhựa rPP20L05 | F66: =SUMIFS(Table1[SL 2026],Table1[Mã SP],'01. TH - SKU'!$D66) -> 24 | G66: =IFERROR(F66/F$3,0) -> 0.00043636364 | H66: =IFERROR(SUMIFS(Table1[LK 2026],Table1[Mã SP],'01. TH - SKU'!$D66)/26500/SUMIFS(Table1[SL 2026],Table1[Mã SP],'01. TH - SKU'!$D66),0) -> 700 | I66: 700 | J66: =F66*H66 -> 16800 | K66: 16800 | L66: 67 | M66: =IFERROR(L66/L$3,0) -> 0.0013299942 | N66: 1053.1489 | O66: 70560.979 | P66: =F66-L66 -> -43 | Q66: =G66-M66 -> -0.00089363053 | R66: =IF(H66<>0,H66-N66,"-") -> -353.14893 | S66: =J66-O66 -> -53760.979
A67: 53 | B67: rPP | D67: 110000472 | E67: Hạt Nhựa rPP20Gy01 | F67: =SUMIFS(Table1[SL 2026],Table1[Mã SP],'01. TH - SKU'!$D67) -> 24 | G67: =IFERROR(F67/F$3,0) -> 0.00043636364 | H67: =IFERROR(SUMIFS(Table1[LK 2026],Table1[Mã SP],'01. TH - SKU'!$D67)/26500/SUMIFS(Table1[SL 2026],Table1[Mã SP],'01. TH - SKU'!$D67),0) -> 700 | I67: 700 | J67: =F67*H67 -> 16800 | K67: 16800 | L67: 35.955 | M67: =IFERROR(L67/L$3,0) -> 0.00071373045 | N67: 1035.8631 | O67: 37244.459 | P67: =F67-L67 -> -11.955 | Q67: =G67-M67 -> -0.00027736682 | R67: =IF(H67<>0,H67-N67,"-") -> -335.86314 | S67: =J67-O67 -> -20444.459
A68: 54 | B68: rPP | D68: 110000482 | E68: Hạt Nhựa rPP20W01 | F68: =SUMIFS(Table1[SL 2026],Table1[Mã SP],'01. TH - SKU'!$D68) -> 0 | G68: =IFERROR(F68/F$3,0) -> 0 | H68: =IFERROR(SUMIFS(Table1[LK 2026],Table1[Mã SP],'01. TH - SKU'!$D68)/26500/SUMIFS(Table1[SL 2026],Table1[Mã SP],'01. TH - SKU'!$D68),0) -> 0 | I68: 0 | J68: =F68*H68 -> 0 | K68: 0 | L68: 0.38 | M68: =IFERROR(L68/L$3,0) -> 7.5432505e-06 | N68: 874.71672 | O68: 332.39235 | P68: =F68-L68 -> -0.38 | Q68: =G68-M68 -> -7.5432505e-06 | R68: =IF(H68<>0,H68-N68,"-") -> - | S68: =J68-O68 -> -332.39235
A69: 55 | B69: rPP | D69: 110000508 | E69: Hạt Nhựa rPP20W02 | F69: =SUMIFS(Table1[SL 2026],Table1[Mã SP],'01. TH - SKU'!$D69) -> 120 | G69: =IFERROR(F69/F$3,0) -> 0.0021818182 | H69: =IFERROR(SUMIFS(Table1[LK 2026],Table1[Mã SP],'01. TH - SKU'!$D69)/26500/SUMIFS(Table1[SL 2026],Table1[Mã SP],'01. TH - SKU'!$D69),0) -> 700 | I69: 700 | J69: =F69*H69 -> 84000 | K69: 84000 | L69: 5 | M69: =IFERROR(L69/L$3,0) -> 9.9253296e-05 | N69: 763.05325 | O69: 3815.2662 | P69: =F69-L69 -> 115 | Q69: =G69-M69 -> 0.0020825649 | R69: =IF(H69<>0,H69-N69,"-") -> -63.053249 | S69: =J69-O69 -> 80184.734
P70: =F70-L70 -> 0 | Q70: =G70-M70 -> 0 | R70: =IF(H70<>0,H70-N70,"-") -> - | S70: =J70-O70 -> 0
A71: VI | B71: rLDPE | F71: =SUM(F72:F73) -> 0 | G71: =SUM(G72:G73) -> 0 | H71: =IFERROR(J71/F71,0) -> 0 | I71: 0 | J71: =SUM(J72:J73) -> 0 | K71: 0 | L71: =SUM(L72:L73) -> 16.018 | M71: =SUM(M72:M73) -> 0.00031796786 | N71: =IFERROR(O71/L71,0) -> 567.93369 | O71: =SUM(O72:O73) -> 9097.1618 | P71: =F71-L71 -> -16.018 | Q71: =G71-M71 -> -0.00031796786 | R71: =IF(H71<>0,H71-N71,"-") -> - | S71: =J71-O71 -> -9097.1618
A72: 56 | B72: rLDPE | D72: 110000502 | E72: Hạt Nhựa rLDB2N01 | F72: =SUMIFS(Table1[SL 2026],Table1[Mã SP],'01. TH - SKU'!$D72) -> 0 | G72: =IFERROR(F72/F$3,0) -> 0 | H72: =IFERROR(SUMIFS(Table1[LK 2026],Table1[Mã SP],'01. TH - SKU'!$D72)/26500/SUMIFS(Table1[SL 2026],Table1[Mã SP],'01. TH - SKU'!$D72),0) -> 0 | I72: 0 | J72: =F72*H72 -> 0 | K72: 0 | L72: 16.018 | M72: =IFERROR(L72/L$3,0) -> 0.00031796786 | N72: 567.93369 | O72: 9097.1618 | P72: =F72-L72 -> -16.018 | Q72: =G72-M72 -> -0.00031796786 | R72: =IF(H72<>0,H72-N72,"-") -> - | S72: =J72-O72 -> -9097.1618
P73: =F73-L73 -> 0 | Q73: =G73-M73 -> 0 | R73: =IF(H73<>0,H73-N73,"-") -> - | S73: =J73-O73 -> 0
A74: VII | B74: Phó sản | F74: =SUM(F75:F92) -> 132 | G74: =SUM(G75:G92) -> 0.0024 | H74: =J74/F74 -> 500 | I74: 500 | J74: =SUM(J75:J92) -> 66000 | K74: 66000 | L74: =SUM(L75:L92) -> 2171.723 | M74: =SUM(M75:M92) -> 0.043110133 | N74: =O74/L74 -> 321.37558 | O74: =SUM(O75:O92) -> 697938.74 | P74: =F74-L74 -> -2039.723 | Q74: =G74-M74 -> -0.040710133 | R74: =H74-N74 -> 178.62442 | S74: =J74-O74 -> -631938.74
A75: 57 | B75: Phó sản | D75: 150000186 | E75: Vảy PP Trắng Sữa PV-02_TM | F75: =SUMIFS(Table1[SL 2026],Table1[Mã SP],'01. TH - SKU'!$D75) -> 0 | G75: =IFERROR(F75/F$3,0) -> 0 | H75: =IFERROR(SUMIFS(Table1[LK 2026],Table1[Mã SP],'01. TH - SKU'!$D75)/26500/SUMIFS(Table1[SL 2026],Table1[Mã SP],'01. TH - SKU'!$D75),0) -> 0 | I75: 0 | J75: =F75*H75 -> 0 | K75: 0 | L75: 3.883 | M75: =IFERROR(L75/L$3,0) -> 7.708011e-05 | N75: 723.56521 | O75: 2809.6037 | P75: =F75-L75 -> -3.883 | Q75: =G75-M75 -> -7.708011e-05 | R75: =IF(H75<>0,H75-N75,"-") -> - | S75: =J75-O75 -> -2809.6037
A76: 58 | B76: Phó sản | D76: 160012374 | E76: PS trả NCC HD thổi trong L1 HV01.1_TM | F76: =SUMIFS(Table1[SL 2026],Table1[Mã SP],'01. TH - SKU'!$D76) -> 0 | G76: =IFERROR(F76/F$3,0) -> 0 | H76: =IFERROR(SUMIFS(Table1[LK 2026],Table1[Mã SP],'01. TH - SKU'!$D76)/26500/SUMIFS(Table1[SL 2026],Table1[Mã SP],'01. TH - SKU'!$D76),0) -> 0 | I76: 0 | J76: =F76*H76 -> 0 | K76: 0 | L76: 167.558 | M76: =IFERROR(L76/L$3,0) -> 0.0033261368 | N76: 776.3864 | O76: 130089.75 | P76: =F76-L76 -> -167.558 | Q76: =G76-M76 -> -0.0033261368 | R76: =IF(H76<>0,H76-N76,"-") -> - | S76: =J76-O76 -> -130089.75
A77: 59 | B77: Phó sản | D77: 160012607 | E77: Phó Sản PET Zigzag Sau Lựa | F77: =SUMIFS(Table1[SL 2026],Table1[Mã SP],'01. TH - SKU'!$D77) -> 0 | G77: =IFERROR(F77/F$3,0) -> 0 | H77: =IFERROR(SUMIFS(Table1[LK 2026],Table1[Mã SP],'01. TH - SKU'!$D77)/26500/SUMIFS(Table1[SL 2026],Table1[Mã SP],'01. TH - SKU'!$D77),0) -> 0 | I77: 0 | J77: =F77*H77 -> 0 | K77: 0 | L77: 14.722 | M77: =IFERROR(L77/L$3,0) -> 0.00029224141 | N77: 10.47742 | O77: 154.24857 | P77: =F77-L77 -> -14.722 | Q77: =G77-M77 -> -0.00029224141 | R77: =IF(H77<>0,H77-N77,"-") -> - | S77: =J77-O77 -> -154.24857
A78: 60 | B78: Phó sản | D78: 160012611 | E78: Phó Sản HD Ép Hỗn Hợp Cuối ST | F78: =SUMIFS(Table1[SL 2026],Table1[Mã SP],'01. TH - SKU'!$D78) -> 66 | G78: =IFERROR(F78/F$3,0) -> 0.0012 | H78: =IFERROR(SUMIFS(Table1[LK 2026],Table1[Mã SP],'01. TH - SKU'!$D78)/26500/SUMIFS(Table1[SL 2026],Table1[Mã SP],'01. TH - SKU'!$D78),0) -> 500 | I78: 500 | J78: =F78*H78 -> 33000 | K78: 33000 | L78: 376.189 | M78: =IFERROR(L78/L$3,0) -> 0.0074675996 | N78: 424.85514 | O78: 159825.83 | P78: =F78-L78 -> -310.189 | Q78: =G78-M78 -> -0.0062675996 | R78: =IF(H78<>0,H78-N78,"-") -> 75.14486 | S78: =J78-O78 -> -126825.83
A79: 61 | B79: Phó sản | D79: 160012726 | E79: Phó Sản PET Bụi Tank A | F79: =SUMIFS(Table1[SL 2026],Table1[Mã SP],'01. TH - SKU'!$D79) -> 0 | G79: =IFERROR(F79/F$3,0) -> 0 | H79: =IFERROR(SUMIFS(Table1[LK 2026],Table1[Mã SP],'01. TH - SKU'!$D79)/26500/SUMIFS(Table1[SL 2026],Table1[Mã SP],'01. TH - SKU'!$D79),0) -> 0 | I79: 0 | J79: =F79*H79 -> 0 | K79: 0 | L79: 102.802 | M79: =IFERROR(L79/L$3,0) -> 0.0020406875 | N79: 180.7522 | O79: 18581.687 | P79: =F79-L79 -> -102.802 | Q79: =G79-M79 -> -0.0020406875 | R79: =IF(H79<>0,H79-N79,"-") -> - | S79: =J79-O79 -> -18581.687
A80: 62 | B80: Phó sản | D80: 160012727 | E80: Phó Sản PET Bụi Tank B | F80: =SUMIFS(Table1[SL 2026],Table1[Mã SP],'01. TH - SKU'!$D80) -> 0 | G80: =IFERROR(F80/F$3,0) -> 0 | H80: =IFERROR(SUMIFS(Table1[LK 2026],Table1[Mã SP],'01. TH - SKU'!$D80)/26500/SUMIFS(Table1[SL 2026],Table1[Mã SP],'01. TH - SKU'!$D80),0) -> 0 | I80: 0 | J80: =F80*H80 -> 0 | K80: 0 | L80: 159.527 | M80: =IFERROR(L80/L$3,0) -> 0.0031667161 | N80: 183.35302 | O80: 29249.758 | P80: =F80-L80 -> -159.527 | Q80: =G80-M80 -> -0.0031667161 | R80: =IF(H80<>0,H80-N80,"-") -> - | S80: =J80-O80 -> -29249.758
A81: 63 | B81: Phó sản | D81: 160012728 | E81: Phó Sản PET Bụi Tank C | F81: =SUMIFS(Table1[SL 2026],Table1[Mã SP],'01. TH - SKU'!$D81) -> 0 | G81: =IFERROR(F81/F$3,0) -> 0 | H81: =IFERROR(SUMIFS(Table1[LK 2026],Table1[Mã SP],'01. TH - SKU'!$D81)/26500/SUMIFS(Table1[SL 2026],Table1[Mã SP],'01. TH - SKU'!$D81),0) -> 0 | I81: 0 | J81: =F81*H81 -> 0 | K81: 0 | L81: 155.094 | M81: =IFERROR(L81/L$3,0) -> 0.0030787181 | N81: 187.13096 | O81: 29022.89 | P81: =F81-L81 -> -155.094 | Q81: =G81-M81 -> -0.0030787181 | R81: =IF(H81<>0,H81-N81,"-") -> - | S81: =J81-O81 -> -29022.89
A82: 64 | B82: Phó sản | D82: 160012729 | E82: Phó Sản PET Bụi Tank D | F82: =SUMIFS(Table1[SL 2026],Table1[Mã SP],'01. TH - SKU'!$D82) -> 0 | G82: =IFERROR(F82/F$3,0) -> 0 | H82: =IFERROR(SUMIFS(Table1[LK 2026],Table1[Mã SP],'01. TH - SKU'!$D82)/26500/SUMIFS(Table1[SL 2026],Table1[Mã SP],'01. TH - SKU'!$D82),0) -> 0 | I82: 0 | J82: =F82*H82 -> 0 | K82: 0 | L82: 302.638 | M82: =IFERROR(L82/L$3,0) -> 0.0060075638 | N82: 182.025 | O82: 55087.681 | P82: =F82-L82 -> -302.638 | Q82: =G82-M82 -> -0.0060075638 | R82: =IF(H82<>0,H82-N82,"-") -> - | S82: =J82-O82 -> -55087.681
A83: 65 | B83: Phó sản | D83: 160012743 | E83: Phó Sản Trả NCC HD Thổi Vàng HV-03.1_TM | F83: =SUMIFS(Table1[SL 2026],Table1[Mã SP],'01. TH - SKU'!$D83) -> 0 | G83: =IFERROR(F83/F$3,0) -> 0 | H83: =IFERROR(SUMIFS(Table1[LK 2026],Table1[Mã SP],'01. TH - SKU'!$D83)/26500/SUMIFS(Table1[SL 2026],Table1[Mã SP],'01. TH - SKU'!$D83),0) -> 0 | I83: 0 | J83: =F83*H83 -> 0 | K83: 0 | L83: 45.526 | M83: =IFERROR(L83/L$3,0) -> 0.00090372111 | N83: 747.42854 | O83: 34027.432 | P83: =F83-L83 -> -45.526 | Q83: =G83-M83 -> -0.00090372111 | R83: =IF(H83<>0,H83-N83,"-") -> - | S83: =J83-O83 -> -34027.432
A84: 66 | B84: Phó sản | D84: 160012837 | E84: Vảy HD Thổi Trong HV-01.1-TM GC | F84: =SUMIFS(Table1[SL 2026],Table1[Mã SP],'01. TH - SKU'!$D84) -> 0 | G84: =IFERROR(F84/F$3,0) -> 0 | H84: =IFERROR(SUMIFS(Table1[LK 2026],Table1[Mã SP],'01. TH - SKU'!$D84)/26500/SUMIFS(Table1[SL 2026],Table1[Mã SP],'01. TH - SKU'!$D84),0) -> 0 | I84: 0 | J84: =F84*H84 -> 0 | K84: 0 | L84: 0.974 | M84: =IFERROR(L84/L$3,0) -> 1.9334542e-05 | N84: 743.97692 | O84: 724.63352 | P84: =F84-L84 -> -0.974 | Q84: =G84-M84 -> -1.9334542e-05 | R84: =IF(H84<>0,H84-N84,"-") -> - | S84: =J84-O84 -> -724.63352
A85: 67 | B85: Phó sản | D85: 160012896 | E85: Phó Sản PET Bụi LB | F85: =SUMIFS(Table1[SL 2026],Table1[Mã SP],'01. TH - SKU'!$D85) -> 0 | G85: =IFERROR(F85/F$3,0) -> 0 | H85: =IFERROR(SUMIFS(Table1[LK 2026],Table1[Mã SP],'01. TH - SKU'!$D85)/26500/SUMIFS(Table1[SL 2026],Table1[Mã SP],'01. TH - SKU'!$D85),0) -> 0 | I85: 0 | J85: =F85*H85 -> 0 | K85: 0 | L85: 230.54 | M85: =IFERROR(L85/L$3,0) -> 0.004576371 | N85: 68.470686 | O85: 15785.232 | P85: =F85-L85 -> -230.54 | Q85: =G85-M85 -> -0.004576371 | R85: =IF(H85<>0,H85-N85,"-") -> - | S85: =J85-O85 -> -15785.232
A86: 68 | B86: Phó sản | D86: 160012902 | E86: Vảy PP Trắng Sữa PV-02_TM Trả NCC | F86: =SUMIFS(Table1[SL 2026],Table1[Mã SP],'01. TH - SKU'!$D86) -> 0 | G86: =IFERROR(F86/F$3,0) -> 0 | H86: =IFERROR(SUMIFS(Table1[LK 2026],Table1[Mã SP],'01. TH - SKU'!$D86)/26500/SUMIFS(Table1[SL 2026],Table1[Mã SP],'01. TH - SKU'!$D86),0) -> 0 | I86: 0 | J86: =F86*H86 -> 0 | K86: 0 | L86: 41.209 | M86: =IFERROR(L86/L$3,0) -> 0.00081802582 | N86: 729.38885 | O86: 30057.385 | P86: =F86-L86 -> -41.209 | Q86: =G86-M86 -> -0.00081802582 | R86: =IF(H86<>0,H86-N86,"-") -> - | S86: =J86-O86 -> -30057.385
... A91: 73 | B91: Phó sản | D91: 800006226 | E91: Nhãn, PVC, OPP… | F91: =SUMIFS(Table1[SL 2026],Table1[Mã SP],'01. TH - SKU'!$D91) -> 0 | G91: =IFERROR(F91/F$3,0) -> 0 | H91: =IFERROR(SUMIFS(Table1[LK 2026],Table1[Mã SP],'01. TH - SKU'!$D91)/26500/SUMIFS(Table1[SL 2026],Table1[Mã SP],'01. TH - SKU'!$D91),0) -> 0 | I91: 0 | J91: =F91*H91 -> 0 | K91: 0 | L91: 129.41 | M91: =IFERROR(L91/L$3,0) -> 0.0025688738 | N91: 12.50547 | O91: 1618.3328 | P91: =F91-L91 -> -129.41 | Q91: =G91-M91 -> -0.0025688738 | R91: =IF(H91<>0,H91-N91,"-") -> - | S91: =J91-O91 -> -1618.3328
P92: =F92-L92 -> 0 | Q92: =G92-M92 -> 0 | R92: =IF(H92<>0,H92-N92,"-") -> - | S92: =J92-O92 -> 0
A93: VIII | B93: Dây đai | F93: =SUM(F94:F95) -> 0 | G93: =SUM(G94:G95) -> 0 | H93: =IFERROR(J93/F93,0) -> 0 | I93: 0 | J93: =SUM(J94:J95) -> 0 | K93: 0 | L93: =SUM(L94:L95) -> 1544 | M93: =SUM(M94:M95) -> 0.030649418 | N93: =IFERROR(O93/L93,0) -> 665.25785 | O93: =SUM(O94:O95) -> 1027158.1 | P93: =F93-L93 -> -1544 | Q93: =G93-M93 -> -0.030649418 | R93: =IF(H93<>0,H93-N93,"-") -> - | S93: =J93-O93 -> -1027158.1
A94: 74 | B94: GC | D94: 110000428 | E94: Dây đai PET | F94: =SUMIFS(Table1[SL 2026],Table1[Mã SP],'01. TH - SKU'!$D94) -> 0 | G94: =IFERROR(F94/F$3,0) -> 0 | H94: =IFERROR(SUMIFS(Table1[LK 2026],Table1[Mã SP],'01. TH - SKU'!$D94)/26500/SUMIFS(Table1[SL 2026],Table1[Mã SP],'01. TH - SKU'!$D94),0) -> 0 | I94: 0 | J94: =F94*H94 -> 0 | K94: 0 | L94: 1544 | M94: =IFERROR(L94/L$3,0) -> 0.030649418 | N94: 665.25785 | O94: 1027158.1 | P94: =F94-L94 -> -1544 | Q94: =G94-M94 -> -0.030649418 | R94: =IF(H94<>0,H94-N94,"-") -> - | S94: =J94-O94 -> -1027158.1

Sheet LNG
A5: STT | C5: Nội dung | D5: Đơn giá bán EXW BQ (USD/tấn) | E5: Sản lương bán 2026 (tấn)
A6: I | C6: rPET
A7: 1 | B7: 110000329 | C7: Hạt nhựa rPET WSS01 | D7: =_xlfn.XLOOKUP(C7,'01. TH - SKU'!$E$6:$E$96,'01. TH - SKU'!$H$6:$H$96,0) -> 1248.3607 | E7: =_xlfn.XLOOKUP(C7,'01. TH - SKU'!$E$6:$E$96,'01. TH - SKU'!$F$6:$F$96,0) -> 1342
A8: 2 | B8: 110000332 | C8: Hạt nhựa rPET iSS01084G | D8: =_xlfn.XLOOKUP(C8,'01. TH - SKU'!$E$6:$E$96,'01. TH - SKU'!$H$6:$H$96,0) -> 1253.0533 | E8: =_xlfn.XLOOKUP(C8,'01. TH - SKU'!$E$6:$E$96,'01. TH - SKU'!$F$6:$F$96,0) -> 9857
A9: 3 | B9: 110000354 | C9: Hạt nhựa rPET WSS01G 1 | D9: =_xlfn.XLOOKUP(C9,'01. TH - SKU'!$E$6:$E$96,'01. TH - SKU'!$H$6:$H$96,0) -> 1089.7916 | E9: =_xlfn.XLOOKUP(C9,'01. TH - SKU'!$E$6:$E$96,'01. TH - SKU'!$F$6:$F$96,0) -> 17994.9
A10: 4 | B10: 110000355 | C10: Hạt nhựa rPET iSS01G 1 | D10: =_xlfn.XLOOKUP(C10,'01. TH - SKU'!$E$6:$E$96,'01. TH - SKU'!$H$6:$H$96,0) -> 1157.9357 | E10: =_xlfn.XLOOKUP(C10,'01. TH - SKU'!$E$6:$E$96,'01. TH - SKU'!$F$6:$F$96,0) -> 10794.9
A11: 5 | B11: 110000359 | C11: Hạt nhựa rPET WSS03G | D11: =_xlfn.XLOOKUP(C11,'01. TH - SKU'!$E$6:$E$96,'01. TH - SKU'!$H$6:$H$96,0) -> 970 | E11: =_xlfn.XLOOKUP(C11,'01. TH - SKU'!$E$6:$E$96,'01. TH - SKU'!$F$6:$F$96,0) -> 6358.1562
A13: II | C13: Xơ sợi | D13: =_xlfn.XLOOKUP(C13,'01. TH - SKU'!$E$6:$E$96,'01. TH - SKU'!$H$6:$H$96,0) -> 0 | E13: =_xlfn.XLOOKUP(C13,'01. TH - SKU'!$E$6:$E$96,'01. TH - SKU'!$F$6:$F$96,0) -> 0
A14: 1 | B14: 110000436 | C14: Hạt nhựa rPET WSS05SB | D14: =_xlfn.XLOOKUP(C14,'01. TH - SKU'!$E$6:$E$96,'01. TH - SKU'!$H$6:$H$96,0) -> 596 | E14: =_xlfn.XLOOKUP(C14,'01. TH - SKU'!$E$6:$E$96,'01. TH - SKU'!$F$6:$F$96,0) -> 1039.0438
A16: III | C16: rHDPE thổi | D16: =_xlfn.XLOOKUP(C16,'01. TH - SKU'!$E$6:$E$96,'01. TH - SKU'!$H$6:$H$96,0) -> 0 | E16: =_xlfn.XLOOKUP(C16,'01. TH - SKU'!$E$6:$E$96,'01. TH - SKU'!$F$6:$F$96,0) -> 0
B17: 110000339 | C17: Hạt Nhựa rHDPE MBF01 | D17: =_xlfn.XLOOKUP(C17,'01. TH - SKU'!$E$6:$E$96,'01. TH - SKU'!$H$6:$H$96,0) -> 1300 | E17: =_xlfn.XLOOKUP(C17,'01. TH - SKU'!$E$6:$E$96,'01. TH - SKU'!$F$6:$F$96,0) -> 888
B18: 110000341 | C18: Hạt nhựa rHDB04B01 | D18: =_xlfn.XLOOKUP(C18,'01. TH - SKU'!$E$6:$E$96,'01. TH - SKU'!$H$6:$H$96,0) -> 600 | E18: =_xlfn.XLOOKUP(C18,'01. TH - SKU'!$E$6:$E$96,'01. TH - SKU'!$F$6:$F$96,0) -> 780
B19: 110000374 | C19: Hạt Nhựa rHDB03N02 | D19: =_xlfn.XLOOKUP(C19,'01. TH - SKU'!$E$6:$E$96,'01. TH - SKU'!$H$6:$H$96,0) -> 1150 | E19: =_xlfn.XLOOKUP(C19,'01. TH - SKU'!$E$6:$E$96,'01. TH - SKU'!$F$6:$F$96,0) -> 528
B20: 110000425 | C20: Hạt Nhựa HCBF-Whi-U | D20: =_xlfn.XLOOKUP(C20,'01. TH - SKU'!$E$6:$E$96,'01. TH - SKU'!$H$6:$H$96,0) -> 1300 | E20: =_xlfn.XLOOKUP(C20,'01. TH - SKU'!$E$6:$E$96,'01. TH - SKU'!$F$6:$F$96,0) -> 264
B21: 110000426 | C21: Hạt Nhựa HCBF-Yel-U | D21: =_xlfn.XLOOKUP(C21,'01. TH - SKU'!$E$6:$E$96,'01. TH - SKU'!$H$6:$H$96,0) -> 1300 | E21: =_xlfn.XLOOKUP(C21,'01. TH - SKU'!$E$6:$E$96,'01. TH - SKU'!$F$6:$F$96,0) -> 264
B22: 110000443 | C22: Hạt Nhựa rHDA03N01 | D22: =_xlfn.XLOOKUP(C22,'01. TH - SKU'!$E$6:$E$96,'01. TH - SKU'!$H$6:$H$96,0) -> 1138.1736 | E22: =_xlfn.XLOOKUP(C22,'01. TH - SKU'!$E$6:$E$96,'01. TH - SKU'!$F$6:$F$96,0) -> 2316
B23: 110000481 | C23: Hạt Nhựa rHDPE PCF01 | D23: =_xlfn.XLOOKUP(C23,'01. TH - SKU'!$E$6:$E$96,'01. TH - SKU'!$H$6:$H$96,0) -> 1300 | E23: =_xlfn.XLOOKUP(C23,'01. TH - SKU'!$E$6:$E$96,'01. TH - SKU'!$F$6:$F$96,0) -> 384
B24: 110000495 | C24: Hạt Nhựa rHDA03W01 | D24: =_xlfn.XLOOKUP(C24,'01. TH - SKU'!$E$6:$E$96,'01. TH - SKU'!$H$6:$H$96,0) -> 1105.5 | E24: =_xlfn.XLOOKUP(C24,'01. TH - SKU'!$E$6:$E$96,'01. TH - SKU'!$F$6:$F$96,0) -> 1200
A26: V | C26: rPP | D26: =_xlfn.XLOOKUP(C26,'01. TH - SKU'!$E$6:$E$96,'01. TH - SKU'!$H$6:$H$96,0) -> 0 | E26: =_xlfn.XLOOKUP(C26,'01. TH - SKU'!$E$6:$E$96,'01. TH - SKU'!$F$6:$F$96,0) -> 0
B27: 110000389 | C27: Hạt nhựa rPP20R02 | D27: =_xlfn.XLOOKUP(C27,'01. TH - SKU'!$E$6:$E$96,'01. TH - SKU'!$H$6:$H$96,0) -> 700 | E27: =_xlfn.XLOOKUP(C27,'01. TH - SKU'!$E$6:$E$96,'01. TH - SKU'!$F$6:$F$96,0) -> 36
B28: 110000392 | C28: Hạt nhựa rPP20B01 | D28: =_xlfn.XLOOKUP(C28,'01. TH - SKU'!$E$6:$E$96,'01. TH - SKU'!$H$6:$H$96,0) -> 700 | E28: =_xlfn.XLOOKUP(C28,'01. TH - SKU'!$E$6:$E$96,'01. TH - SKU'!$F$6:$F$96,0) -> 618
B29: 110000421 | C29: Vảy PP Đỏ Nhạt | D29: =_xlfn.XLOOKUP(C29,'01. TH - SKU'!$E$6:$E$96,'01. TH - SKU'!$H$6:$H$96,0) -> 600 | E29: =_xlfn.XLOOKUP(C29,'01. TH - SKU'!$E$6:$E$96,'01. TH - SKU'!$F$6:$F$96,0) -> 36
B30: 110000471 | C30: Hạt Nhựa rPP20L05 | D30: =_xlfn.XLOOKUP(C30,'01. TH - SKU'!$E$6:$E$96,'01. TH - SKU'!$H$6:$H$96,0) -> 700 | E30: =_xlfn.XLOOKUP(C30,'01. TH - SKU'!$E$6:$E$96,'01. TH - SKU'!$F$6:$F$96,0) -> 24
B31: 110000472 | C31: Hạt Nhựa rPP20Gy01 | D31: =_xlfn.XLOOKUP(C31,'01. TH - SKU'!$E$6:$E$96,'01. TH - SKU'!$H$6:$H$96,0) -> 700 | E31: =_xlfn.XLOOKUP(C31,'01. TH - SKU'!$E$6:$E$96,'01. TH - SKU'!$F$6:$F$96,0) -> 24
B32: 110000508 | C32: Hạt Nhựa rPP20W02 | D32: =_xlfn.XLOOKUP(C32,'01. TH - SKU'!$E$6:$E$96,'01. TH - SKU'!$H$6:$H$96,0) -> 700 | E32: =_xlfn.XLOOKUP(C32,'01. TH - SKU'!$E$6:$E$96,'01. TH - SKU'!$F$6:$F$96,0) -> 120
A34: VII | C34: Phó sản | D34: =_xlfn.XLOOKUP(C34,'01. TH - SKU'!$E$6:$E$96,'01. TH - SKU'!$H$6:$H$96,0) -> 0 | E34: =_xlfn.XLOOKUP(C34,'01. TH - SKU'!$E$6:$E$96,'01. TH - SKU'!$F$6:$F$96,0) -> 0
B35: 160012611 | C35: Phó Sản HD Ép Hỗn Hợp Cuối ST | D35: =_xlfn.XLOOKUP(C35,'01. TH - SKU'!$E$6:$E$96,'01. TH - SKU'!$H$6:$H$96,0) -> 500 | E35: =_xlfn.XLOOKUP(C35,'01. TH - SKU'!$E$6:$E$96,'01. TH - SKU'!$F$6:$F$96,0) -> 66
B36: 160012951 | C36: Phó Sản HD Ép Hỗn Hợp Cuối SSR | D36: =_xlfn.XLOOKUP(C36,'01. TH - SKU'!$E$6:$E$96,'01. TH - SKU'!$H$6:$H$96,0) -> 500 | E36: =_xlfn.XLOOKUP(C36,'01. TH - SKU'!$E$6:$E$96,'01. TH - SKU'!$F$6:$F$96,0) -> 66

Sheet 02. Tóm tắt SL bán + DT EXW
B2: TỔNG HỢP SẢN LƯỢNG - GIÁ BÁN EXW - DOANH THU
A4: I. | B4: SẢN LƯỢNG BÁN (tấn)
A5: STT | B5: Nhóm hàng | C5: 1 | D5: 2 | E5: 3 | F5: 4 | G5: 5 | H5: 6 | I5: 7 | J5: 8 | K5: 9 | L5: 10 | M5: 11 | N5: 12 | O5: 2026 | P5: TT 2025 | Q5: TT 2024 | R5: TT 2023
A6: 1 | B6: rPET | C6: =SUMIFS('KH 2026'!N:N,'KH 2026'!$K:$K,'02. Tóm tắt SL bán + DT EXW'!$B6) -> 3754.6359 | D6: =SUMIFS('KH 2026'!O:O,'KH 2026'!$K:$K,'02. Tóm tắt SL bán + DT EXW'!$B6) -> 3654.7276 | E6: =SUMIFS('KH 2026'!P:P,'KH 2026'!$K:$K,'02. Tóm tắt SL bán + DT EXW'!$B6) -> 3872.9704 | F6: =SUMIFS('KH 2026'!Q:Q,'KH 2026'!$K:$K,'02. Tóm tắt SL bán + DT EXW'!$B6) -> 3773.6445 | G6: =SUMIFS('KH 2026'!R:R,'KH 2026'!$K:$K,'02. Tóm tắt SL bán + DT EXW'!$B6) -> 4033.8495 | H6: =SUMIFS('KH 2026'!S:S,'KH 2026'!$K:$K,'02. Tóm tắt SL bán + DT EXW'!$B6) -> 3849.3652 | I6: =SUMIFS('KH 2026'!T:T,'KH 2026'!$K:$K,'02. Tóm tắt SL bán + DT EXW'!$B6) -> 4007.8355 | J6: =SUMIFS('KH 2026'!U:U,'KH 2026'!$K:$K,'02. Tóm tắt SL bán + DT EXW'!$B6) -> 3868.2625 | K6: =SUMIFS('KH 2026'!V:V,'KH 2026'!$K:$K,'02. Tóm tắt SL bán + DT EXW'!$B6) -> 3873.0361 | L6: =SUMIFS('KH 2026'!W:W,'KH 2026'!$K:$K,'02. Tóm tắt SL bán + DT EXW'!$B6) -> 3750.0393 | M6: =SUMIFS('KH 2026'!X:X,'KH 2026'!$K:$K,'02. Tóm tắt SL bán + DT EXW'!$B6) -> 4016.6561 | N6: =SUMIFS('KH 2026'!Y:Y,'KH 2026'!$K:$K,'02. Tóm tắt SL bán + DT EXW'!$B6) -> 3891.9334 | O6: =SUM(C6:N6) -> 46346.956 | P6: 39861.445 | Q6: 32194.443 | R6: 18992.715 | T6: 1000000
A7: 2 | B7: Xơ sợi | C7: =SUMIFS('KH 2026'!N:N,'KH 2026'!$K:$K,'02. Tóm tắt SL bán + DT EXW'!$B7) -> 86.586983 | D7: =SUMIFS('KH 2026'!O:O,'KH 2026'!$K:$K,'02. Tóm tắt SL bán + DT EXW'!$B7) -> 86.586983 | E7: =SUMIFS('KH 2026'!P:P,'KH 2026'!$K:$K,'02. Tóm tắt SL bán + DT EXW'!$B7) -> 86.586983 | F7: =SUMIFS('KH 2026'!Q:Q,'KH 2026'!$K:$K,'02. Tóm tắt SL bán + DT EXW'!$B7) -> 86.586983 | G7: =SUMIFS('KH 2026'!R:R,'KH 2026'!$K:$K,'02. Tóm tắt SL bán + DT EXW'!$B7) -> 86.586983 | H7: =SUMIFS('KH 2026'!S:S,'KH 2026'!$K:$K,'02. Tóm tắt SL bán + DT EXW'!$B7) -> 86.586983 | I7: =SUMIFS('KH 2026'!T:T,'KH 2026'!$K:$K,'02. Tóm tắt SL bán + DT EXW'!$B7) -> 86.586983 | J7: =SUMIFS('KH 2026'!U:U,'KH 2026'!$K:$K,'02. Tóm tắt SL bán + DT EXW'!$B7) -> 86.586983 | K7: =SUMIFS('KH 2026'!V:V,'KH 2026'!$K:$K,'02. Tóm tắt SL bán + DT EXW'!$B7) -> 86.586983 | L7: =SUMIFS('KH 2026'!W:W,'KH 2026'!$K:$K,'02. Tóm tắt SL bán + DT EXW'!$B7) -> 86.586983 | M7: =SUMIFS('KH 2026'!X:X,'KH 2026'!$K:$K,'02. Tóm tắt SL bán + DT EXW'!$B7) -> 86.586983 | N7: =SUMIFS('KH 2026'!Y:Y,'KH 2026'!$K:$K,'02. Tóm tắt SL bán + DT EXW'!$B7) -> 86.586983 | O7: =SUM(C7:N7) -> 1039.0438 | P7: 1632.225 | Q7: 1734.35 | R7: 55.625 | T7: 1000
A8: 3 | B8: rHDPE thổi | C8: =SUMIFS('KH 2026'!N:N,'KH 2026'!$K:$K,'02. Tóm tắt SL bán + DT EXW'!$B8) -> 394 | D8: =SUMIFS('KH 2026'!O:O,'KH 2026'!$K:$K,'02. Tóm tắt SL bán + DT EXW'!$B8) -> 438 | E8: =SUMIFS('KH 2026'!P:P,'KH 2026'!$K:$K,'02. Tóm tắt SL bán + DT EXW'!$B8) -> 636 | F8: =SUMIFS('KH 2026'!Q:Q,'KH 2026'!$K:$K,'02. Tóm tắt SL bán + DT EXW'!$B8) -> 460 | G8: =SUMIFS('KH 2026'!R:R,'KH 2026'!$K:$K,'02. Tóm tắt SL bán + DT EXW'!$B8) -> 460 | H8: =SUMIFS('KH 2026'!S:S,'KH 2026'!$K:$K,'02. Tóm tắt SL bán + DT EXW'!$B8) -> 658 | I8: =SUMIFS('KH 2026'!T:T,'KH 2026'!$K:$K,'02. Tóm tắt SL bán + DT EXW'!$B8) -> 512 | J8: =SUMIFS('KH 2026'!U:U,'KH 2026'!$K:$K,'02. Tóm tắt SL bán + DT EXW'!$B8) -> 534 | K8: =SUMIFS('KH 2026'!V:V,'KH 2026'!$K:$K,'02. Tóm tắt SL bán + DT EXW'!$B8) -> 732 | L8: =SUMIFS('KH 2026'!W:W,'KH 2026'!$K:$K,'02. Tóm tắt SL bán + DT EXW'!$B8) -> 534 | M8: =SUMIFS('KH 2026'!X:X,'KH 2026'!$K:$K,'02. Tóm tắt SL bán + DT EXW'!$B8) -> 534 | N8: =SUMIFS('KH 2026'!Y:Y,'KH 2026'!$K:$K,'02. Tóm tắt SL bán + DT EXW'!$B8) -> 732 | O8: =SUM(C8:N8) -> 6624 | P8: 3038.675 | Q8: 332.35 | R8: 1285.65
A9: 4 | B9: rHDPE ép | C9: =SUMIFS('KH 2026'!N:N,'KH 2026'!$K:$K,'02. Tóm tắt SL bán + DT EXW'!$B9) -> 0 | D9: =SUMIFS('KH 2026'!O:O,'KH 2026'!$K:$K,'02. Tóm tắt SL bán + DT EXW'!$B9) -> 0 | E9: =SUMIFS('KH 2026'!P:P,'KH 2026'!$K:$K,'02. Tóm tắt SL bán + DT EXW'!$B9) -> 0 | F9: =SUMIFS('KH 2026'!Q:Q,'KH 2026'!$K:$K,'02. Tóm tắt SL bán + DT EXW'!$B9) -> 0 | G9: =SUMIFS('KH 2026'!R:R,'KH 2026'!$K:$K,'02. Tóm tắt SL bán + DT EXW'!$B9) -> 0 | H9: =SUMIFS('KH 2026'!S:S,'KH 2026'!$K:$K,'02. Tóm tắt SL bán + DT EXW'!$B9) -> 0 | I9: =SUMIFS('KH 2026'!T:T,'KH 2026'!$K:$K,'02. Tóm tắt SL bán + DT EXW'!$B9) -> 0 | J9: =SUMIFS('KH 2026'!U:U,'KH 2026'!$K:$K,'02. Tóm tắt SL bán + DT EXW'!$B9) -> 0 | K9: =SUMIFS('KH 2026'!V:V,'KH 2026'!$K:$K,'02. Tóm tắt SL bán + DT EXW'!$B9) -> 0 | L9: =SUMIFS('KH 2026'!W:W,'KH 2026'!$K:$K,'02. Tóm tắt SL bán + DT EXW'!$B9) -> 0 | M9: =SUMIFS('KH 2026'!X:X,'KH 2026'!$K:$K,'02. Tóm tắt SL bán + DT EXW'!$B9) -> 0 | N9: =SUMIFS('KH 2026'!Y:Y,'KH 2026'!$K:$K,'02. Tóm tắt SL bán + DT EXW'!$B9) -> 0 | O9: =SUM(C9:N9) -> 0 | P9: 1837.075 | Q9: 263.075 | R9: 213.5
A10: 5 | B10: rPP | C10: =SUMIFS('KH 2026'!N:N,'KH 2026'!$K:$K,'02. Tóm tắt SL bán + DT EXW'!$B10) -> 72 | D10: =SUMIFS('KH 2026'!O:O,'KH 2026'!$K:$K,'02. Tóm tắt SL bán + DT EXW'!$B10) -> 63 | E10: =SUMIFS('KH 2026'!P:P,'KH 2026'!$K:$K,'02. Tóm tắt SL bán + DT EXW'!$B10) -> 72 | F10: =SUMIFS('KH 2026'!Q:Q,'KH 2026'!$K:$K,'02. Tóm tắt SL bán + DT EXW'!$B10) -> 63 | G10: =SUMIFS('KH 2026'!R:R,'KH 2026'!$K:$K,'02. Tóm tắt SL bán + DT EXW'!$B10) -> 72 | H10: =SUMIFS('KH 2026'!S:S,'KH 2026'!$K:$K,'02. Tóm tắt SL bán + DT EXW'!$B10) -> 87 | I10: =SUMIFS('KH 2026'!T:T,'KH 2026'!$K:$K,'02. Tóm tắt SL bán + DT EXW'!$B10) -> 72 | J10: =SUMIFS('KH 2026'!U:U,'KH 2026'!$K:$K,'02. Tóm tắt SL bán + DT EXW'!$B10) -> 63 | K10: =SUMIFS('KH 2026'!V:V,'KH 2026'!$K:$K,'02. Tóm tắt SL bán + DT EXW'!$B10) -> 72 | L10: =SUMIFS('KH 2026'!W:W,'KH 2026'!$K:$K,'02. Tóm tắt SL bán + DT EXW'!$B10) -> 87 | M10: =SUMIFS('KH 2026'!X:X,'KH 2026'!$K:$K,'02. Tóm tắt SL bán + DT EXW'!$B10) -> 72 | N10: =SUMIFS('KH 2026'!Y:Y,'KH 2026'!$K:$K,'02. Tóm tắt SL bán + DT EXW'!$B10) -> 63 | O10: =SUM(C10:N10) -> 858 | P10: 275 | Q10: 1335.05 | R10: 0.2
A11: 6 | B11: Phó sản | C11: =SUMIFS('KH 2026'!N:N,'KH 2026'!$K:$K,'02. Tóm tắt SL bán + DT EXW'!$B11) -> 11 | D11: =SUMIFS('KH 2026'!O:O,'KH 2026'!$K:$K,'02. Tóm tắt SL bán + DT EXW'!$B11) -> 11 | E11: =SUMIFS('KH 2026'!P:P,'KH 2026'!$K:$K,'02. Tóm tắt SL bán + DT EXW'!$B11) -> 11 | F11: =SUMIFS('KH 2026'!Q:Q,'KH 2026'!$K:$K,'02. Tóm tắt SL bán + DT EXW'!$B11) -> 11 | G11: =SUMIFS('KH 2026'!R:R,'KH 2026'!$K:$K,'02. Tóm tắt SL bán + DT EXW'!$B11) -> 11 | H11: =SUMIFS('KH 2026'!S:S,'KH 2026'!$K:$K,'02. Tóm tắt SL bán + DT EXW'!$B11) -> 11 | I11: =SUMIFS('KH 2026'!T:T,'KH 2026'!$K:$K,'02. Tóm tắt SL bán + DT EXW'!$B11) -> 11 | J11: =SUMIFS('KH 2026'!U:U,'KH 2026'!$K:$K,'02. Tóm tắt SL bán + DT EXW'!$B11) -> 11 | K11: =SUMIFS('KH 2026'!V:V,'KH 2026'!$K:$K,'02. Tóm tắt SL bán + DT EXW'!$B11) -> 11 | L11: =SUMIFS('KH 2026'!W:W,'KH 2026'!$K:$K,'02. Tóm tắt SL bán + DT EXW'!$B11) -> 11 | M11: =SUMIFS('KH 2026'!X:X,'KH 2026'!$K:$K,'02. Tóm tắt SL bán + DT EXW'!$B11) -> 11 | N11: =SUMIFS('KH 2026'!Y:Y,'KH 2026'!$K:$K,'02. Tóm tắt SL bán + DT EXW'!$B11) -> 11 | O11: =SUM(C11:N11) -> 132 | P11: 3731.741 | Q11: 4185.576 | R11: 2035.1 | S11: (bao gồm dây đai PET+rLDPE+Phó sản)
B12: Cộng | C12: =SUM(C6:C11) -> 4318.2229 | D12: =SUM(D6:D11) -> 4253.3146 | E12: =SUM(E6:E11) -> 4678.5574 | F12: =SUM(F6:F11) -> 4394.2315 | G12: =SUM(G6:G11) -> 4663.4364 | H12: =SUM(H6:H11) -> 4691.9522 | I12: =SUM(I6:I11) -> 4689.4225 | J12: =SUM(J6:J11) -> 4562.8495 | ... R12: =SUM(R6:R11) -> 22582.79
A14: II. | B14: DOANH THU (triệu đồng)
A15: STT | B15: Nhóm hàng | C15: 1 | D15: 2 | E15: 3 | F15: 4 | G15: 5 | H15: 6 | I15: 7 | J15: 8 | K15: 9 | L15: 10 | M15: 11 | N15: 12 | O15: 2026 | P15: TT 2025 | Q15: TT 2024 | R15: TT 2023
A16: 1 | B16: rPET | C16: =SUMIFS('KH 2026'!AU:AU,'KH 2026'!$K:$K,'02. Tóm tắt SL bán + DT EXW'!$B16)/10^6 -> 112067.22 | D16: =SUMIFS('KH 2026'!AV:AV,'KH 2026'!$K:$K,'02. Tóm tắt SL bán + DT EXW'!$B16)/10^6 -> 109088.86 | E16: =SUMIFS('KH 2026'!AW:AW,'KH 2026'!$K:$K,'02. Tóm tắt SL bán + DT EXW'!$B16)/10^6 -> 115750.31 | F16: =SUMIFS('KH 2026'!AX:AX,'KH 2026'!$K:$K,'02. Tóm tắt SL bán + DT EXW'!$B16)/10^6 -> 112741.82 | G16: =SUMIFS('KH 2026'!AY:AY,'KH 2026'!$K:$K,'02. Tóm tắt SL bán + DT EXW'!$B16)/10^6 -> 120771.28 | H16: =SUMIFS('KH 2026'!AZ:AZ,'KH 2026'!$K:$K,'02. Tóm tắt SL bán + DT EXW'!$B16)/10^6 -> 115158.11 | I16: =SUMIFS('KH 2026'!BA:BA,'KH 2026'!$K:$K,'02. Tóm tắt SL bán + DT EXW'!$B16)/10^6 -> 120001.74 | J16: =SUMIFS('KH 2026'!BB:BB,'KH 2026'!$K:$K,'02. Tóm tắt SL bán + DT EXW'!$B16)/10^6 -> 115666.61 | K16: =SUMIFS('KH 2026'!BC:BC,'KH 2026'!$K:$K,'02. Tóm tắt SL bán + DT EXW'!$B16)/10^6 -> 115941.48 | L16: =SUMIFS('KH 2026'!BD:BD,'KH 2026'!$K:$K,'02. Tóm tắt SL bán + DT EXW'!$B16)/10^6 -> 112161.28 | M16: =SUMIFS('KH 2026'!BE:BE,'KH 2026'!$K:$K,'02. Tóm tắt SL bán + DT EXW'!$B16)/10^6 -> 120283.49 | N16: =SUMIFS('KH 2026'!BF:BF,'KH 2026'!$K:$K,'02. Tóm tắt SL bán + DT EXW'!$B16)/10^6 -> 116438.31 | O16: =SUM(C16:N16) -> 1386070.5 | P16: 1269898.4 | Q16: 981020.22 | R16: 565260.58
A17: 2 | B17: Xơ sợi | C17: =SUMIFS('KH 2026'!AU:AU,'KH 2026'!$K:$K,'02. Tóm tắt SL bán + DT EXW'!$B17)/10^6 -> 1468.5152 | D17: =SUMIFS('KH 2026'!AV:AV,'KH 2026'!$K:$K,'02. Tóm tắt SL bán + DT EXW'!$B17)/10^6 -> 1450.1588 | E17: =SUMIFS('KH 2026'!AW:AW,'KH 2026'!$K:$K,'02. Tóm tắt SL bán + DT EXW'!$B17)/10^6 -> 1431.8024 | F17: =SUMIFS('KH 2026'!AX:AX,'KH 2026'!$K:$K,'02. Tóm tắt SL bán + DT EXW'!$B17)/10^6 -> 1413.4459 | G17: =SUMIFS('KH 2026'!AY:AY,'KH 2026'!$K:$K,'02. Tóm tắt SL bán + DT EXW'!$B17)/10^6 -> 1395.0895 | H17: =SUMIFS('KH 2026'!AZ:AZ,'KH 2026'!$K:$K,'02. Tóm tắt SL bán + DT EXW'!$B17)/10^6 -> 1376.733 | I17: =SUMIFS('KH 2026'!BA:BA,'KH 2026'!$K:$K,'02. Tóm tắt SL bán + DT EXW'!$B17)/10^6 -> 1358.3766 | J17: =SUMIFS('KH 2026'!BB:BB,'KH 2026'!$K:$K,'02. Tóm tắt SL bán + DT EXW'!$B17)/10^6 -> 1340.0202 | K17: =SUMIFS('KH 2026'!BC:BC,'KH 2026'!$K:$K,'02. Tóm tắt SL bán + DT EXW'!$B17)/10^6 -> 1321.6637 | L17: =SUMIFS('KH 2026'!BD:BD,'KH 2026'!$K:$K,'02. Tóm tắt SL bán + DT EXW'!$B17)/10^6 -> 1303.3073 | M17: =SUMIFS('KH 2026'!BE:BE,'KH 2026'!$K:$K,'02. Tóm tắt SL bán + DT EXW'!$B17)/10^6 -> 1284.9508 | N17: =SUMIFS('KH 2026'!BF:BF,'KH 2026'!$K:$K,'02. Tóm tắt SL bán + DT EXW'!$B17)/10^6 -> 1266.5944 | O17: =SUM(C17:N17) -> 16410.658 | P17: 28677.886 | Q17: 23344.27 | R17: 1301.7067
A18: 3 | B18: rHDPE thổi | C18: =SUMIFS('KH 2026'!AU:AU,'KH 2026'!$K:$K,'02. Tóm tắt SL bán + DT EXW'!$B18)/10^6 -> 12179.4 | D18: =SUMIFS('KH 2026'!AV:AV,'KH 2026'!$K:$K,'02. Tóm tắt SL bán + DT EXW'!$B18)/10^6 -> 13550.881 | E18: =SUMIFS('KH 2026'!AW:AW,'KH 2026'!$K:$K,'02. Tóm tắt SL bán + DT EXW'!$B18)/10^6 -> 19865.036 | F18: =SUMIFS('KH 2026'!AX:AX,'KH 2026'!$K:$K,'02. Tóm tắt SL bán + DT EXW'!$B18)/10^6 -> 14056.872 | G18: =SUMIFS('KH 2026'!AY:AY,'KH 2026'!$K:$K,'02. Tóm tắt SL bán + DT EXW'!$B18)/10^6 -> 13948.116 | H18: =SUMIFS('KH 2026'!AZ:AZ,'KH 2026'!$K:$K,'02. Tóm tắt SL bán + DT EXW'!$B18)/10^6 -> 19952.115 | I18: =SUMIFS('KH 2026'!BA:BA,'KH 2026'!$K:$K,'02. Tóm tắt SL bán + DT EXW'!$B18)/10^6 -> 14875.722 | J18: =SUMIFS('KH 2026'!BB:BB,'KH 2026'!$K:$K,'02. Tóm tắt SL bán + DT EXW'!$B18)/10^6 -> 15412.93 | K18: =SUMIFS('KH 2026'!BC:BC,'KH 2026'!$K:$K,'02. Tóm tắt SL bán + DT EXW'!$B18)/10^6 -> 21095.696 | L18: =SUMIFS('KH 2026'!BD:BD,'KH 2026'!$K:$K,'02. Tóm tắt SL bán + DT EXW'!$B18)/10^6 -> 15151.11 | M18: =SUMIFS('KH 2026'!BE:BE,'KH 2026'!$K:$K,'02. Tóm tắt SL bán + DT EXW'!$B18)/10^6 -> 15020.2 | N18: =SUMIFS('KH 2026'!BF:BF,'KH 2026'!$K:$K,'02. Tóm tắt SL bán + DT EXW'!$B18)/10^6 -> 20403.887 | O18: =SUM(C18:N18) -> 195511.96 | P18: 98205.362 | Q18: 61183.567 | R18: 47513.749
A19: 4 | B19: rHDPE ép | C19: =SUMIFS('KH 2026'!AU:AU,'KH 2026'!$K:$K,'02. Tóm tắt SL bán + DT EXW'!$B19)/10^6 -> 0 | D19: =SUMIFS('KH 2026'!AV:AV,'KH 2026'!$K:$K,'02. Tóm tắt SL bán + DT EXW'!$B19)/10^6 -> 0 | E19: =SUMIFS('KH 2026'!AW:AW,'KH 2026'!$K:$K,'02. Tóm tắt SL bán + DT EXW'!$B19)/10^6 -> 0 | F19: =SUMIFS('KH 2026'!AX:AX,'KH 2026'!$K:$K,'02. Tóm tắt SL bán + DT EXW'!$B19)/10^6 -> 0 | G19: =SUMIFS('KH 2026'!AY:AY,'KH 2026'!$K:$K,'02. Tóm tắt SL bán + DT EXW'!$B19)/10^6 -> 0 | H19: =SUMIFS('KH 2026'!AZ:AZ,'KH 2026'!$K:$K,'02. Tóm tắt SL bán + DT EXW'!$B19)/10^6 -> 0 | I19: =SUMIFS('KH 2026'!BA:BA,'KH 2026'!$K:$K,'02. Tóm tắt SL bán + DT EXW'!$B19)/10^6 -> 0 | J19: =SUMIFS('KH 2026'!BB:BB,'KH 2026'!$K:$K,'02. Tóm tắt SL bán + DT EXW'!$B19)/10^6 -> 0 | K19: =SUMIFS('KH 2026'!BC:BC,'KH 2026'!$K:$K,'02. Tóm tắt SL bán + DT EXW'!$B19)/10^6 -> 0 | L19: =SUMIFS('KH 2026'!BD:BD,'KH 2026'!$K:$K,'02. Tóm tắt SL bán + DT EXW'!$B19)/10^6 -> 0 | M19: =SUMIFS('KH 2026'!BE:BE,'KH 2026'!$K:$K,'02. Tóm tắt SL bán + DT EXW'!$B19)/10^6 -> 0 | N19: =SUMIFS('KH 2026'!BF:BF,'KH 2026'!$K:$K,'02. Tóm tắt SL bán + DT EXW'!$B19)/10^6 -> 0 | O19: =SUM(C19:N19) -> 0 | P19: 31092.992 | Q19: 7288.4617 | R19: 6013.9132
A20: 5 | B20: rPP | C20: =SUMIFS('KH 2026'!AU:AU,'KH 2026'!$K:$K,'02. Tóm tắt SL bán + DT EXW'!$B20)/10^6 -> 1319.7 | D20: =SUMIFS('KH 2026'!AV:AV,'KH 2026'!$K:$K,'02. Tóm tắt SL bán + DT EXW'!$B20)/10^6 -> 1168.65 | E20: =SUMIFS('KH 2026'!AW:AW,'KH 2026'!$K:$K,'02. Tóm tắt SL bán + DT EXW'!$B20)/10^6 -> 1319.7 | F20: =SUMIFS('KH 2026'!AX:AX,'KH 2026'!$K:$K,'02. Tóm tắt SL bán + DT EXW'!$B20)/10^6 -> 1168.65 | G20: =SUMIFS('KH 2026'!AY:AY,'KH 2026'!$K:$K,'02. Tóm tắt SL bán + DT EXW'!$B20)/10^6 -> 1319.7 | H20: =SUMIFS('KH 2026'!AZ:AZ,'KH 2026'!$K:$K,'02. Tóm tắt SL bán + DT EXW'!$B20)/10^6 -> 1613.85 | I20: =SUMIFS('KH 2026'!BA:BA,'KH 2026'!$K:$K,'02. Tóm tắt SL bán + DT EXW'!$B20)/10^6 -> 1319.7 | J20: =SUMIFS('KH 2026'!BB:BB,'KH 2026'!$K:$K,'02. Tóm tắt SL bán + DT EXW'!$B20)/10^6 -> 1168.65 | K20: =SUMIFS('KH 2026'!BC:BC,'KH 2026'!$K:$K,'02. Tóm tắt SL bán + DT EXW'!$B20)/10^6 -> 1319.7 | L20: =SUMIFS('KH 2026'!BD:BD,'KH 2026'!$K:$K,'02. Tóm tắt SL bán + DT EXW'!$B20)/10^6 -> 1613.85 | M20: =SUMIFS('KH 2026'!BE:BE,'KH 2026'!$K:$K,'02. Tóm tắt SL bán + DT EXW'!$B20)/10^6 -> 1319.7 | N20: =SUMIFS('KH 2026'!BF:BF,'KH 2026'!$K:$K,'02. Tóm tắt SL bán + DT EXW'!$B20)/10^6 -> 1168.65 | O20: =SUM(C20:N20) -> 15820.5 | P20: 6076.6821 | Q20: 6042.0734 | R20: 5.681645
A21: 6 | B21: Phó sản | C21: =SUMIFS('KH 2026'!AU:AU,'KH 2026'!$K:$K,'02. Tóm tắt SL bán + DT EXW'!$B21)/10^6 -> 145.75 | D21: =SUMIFS('KH 2026'!AV:AV,'KH 2026'!$K:$K,'02. Tóm tắt SL bán + DT EXW'!$B21)/10^6 -> 145.75 | E21: =SUMIFS('KH 2026'!AW:AW,'KH 2026'!$K:$K,'02. Tóm tắt SL bán + DT EXW'!$B21)/10^6 -> 145.75 | F21: =SUMIFS('KH 2026'!AX:AX,'KH 2026'!$K:$K,'02. Tóm tắt SL bán + DT EXW'!$B21)/10^6 -> 145.75 | G21: =SUMIFS('KH 2026'!AY:AY,'KH 2026'!$K:$K,'02. Tóm tắt SL bán + DT EXW'!$B21)/10^6 -> 145.75 | H21: =SUMIFS('KH 2026'!AZ:AZ,'KH 2026'!$K:$K,'02. Tóm tắt SL bán + DT EXW'!$B21)/10^6 -> 145.75 | I21: =SUMIFS('KH 2026'!BA:BA,'KH 2026'!$K:$K,'02. Tóm tắt SL bán + DT EXW'!$B21)/10^6 -> 145.75 | J21: =SUMIFS('KH 2026'!BB:BB,'KH 2026'!$K:$K,'02. Tóm tắt SL bán + DT EXW'!$B21)/10^6 -> 145.75 | K21: =SUMIFS('KH 2026'!BC:BC,'KH 2026'!$K:$K,'02. Tóm tắt SL bán + DT EXW'!$B21)/10^6 -> 145.75 | L21: =SUMIFS('KH 2026'!BD:BD,'KH 2026'!$K:$K,'02. Tóm tắt SL bán + DT EXW'!$B21)/10^6 -> 145.75 | M21: =SUMIFS('KH 2026'!BE:BE,'KH 2026'!$K:$K,'02. Tóm tắt SL bán + DT EXW'!$B21)/10^6 -> 145.75 | N21: =SUMIFS('KH 2026'!BF:BF,'KH 2026'!$K:$K,'02. Tóm tắt SL bán + DT EXW'!$B21)/10^6 -> 145.75 | O21: =SUM(C21:N21) -> 1749 | P21: 46077.087 | Q21: 42990.305 | R21: 39256.537 | S21: (bao gồm dây đai PET+rLDPE+Phó sản+điều chỉnh)
B22: Cộng | C22: =SUM(C16:C21) -> 127180.59 | D22: =SUM(D16:D21) -> 125404.3 | E22: =SUM(E16:E21) -> 138512.6 | F22: =SUM(F16:F21) -> 129526.54 | G22: =SUM(G16:G21) -> 137579.94 | H22: =SUM(H16:H21) -> 138246.56 | I22: =SUM(I16:I21) -> 137701.29 | J22: =SUM(J16:J21) -> 133733.96 | ... R22: =SUM(R16:R21) -> 659352.17
A26: III. | B26: GIÁ BÁN EXW BÌNH QUÂN (USD/tấn) | F26: Tỷ giá: | G26: 26500
A27: STT | B27: Nhóm hàng | C27: 1 | D27: 2 | E27: 3 | F27: 4 | G27: 5 | H27: 6 | I27: 7 | J27: 8 | K27: 9 | L27: 10 | M27: 11 | N27: 12 | O27: 2026 | P27: TT 2025 | Q27: TT 2024 | R27: TT 2023
A28: 1 | B28: rPET | C28: =IFERROR(C16/C6/$G$26*10^6,0) -> 1126.3281 | D28: =IFERROR(D16/D6/$G$26*10^6,0) -> 1126.366 | E28: =IFERROR(E16/E6/$G$26*10^6,0) -> 1127.8001 | F28: =IFERROR(F16/F6/$G$26*10^6,0) -> 1127.4004 | G28: =IFERROR(G16/G6/$G$26*10^6,0) -> 1129.791 | H28: =IFERROR(H16/H6/$G$26*10^6,0) -> 1128.9106 | I28: =IFERROR(I16/I6/$G$26*10^6,0) -> 1129.8786 | J28: =IFERROR(J16/J6/$G$26*10^6,0) -> 1128.3561 | ... O28: =IFERROR(O16/O6/$G$26*10^6,0) -> 1128.5433 | P28: 1236.5507 | Q28: 1226.4602 | R28: 1253.1883
A29: 2 | B29: Xơ sợi | C29: =IFERROR(C17/C7/$G$26*10^6,0) -> 640 | D29: =IFERROR(D17/D7/$G$26*10^6,0) -> 632 | E29: =IFERROR(E17/E7/$G$26*10^6,0) -> 624 | F29: =IFERROR(F17/F7/$G$26*10^6,0) -> 616 | G29: =IFERROR(G17/G7/$G$26*10^6,0) -> 608 | H29: =IFERROR(H17/H7/$G$26*10^6,0) -> 600 | I29: =IFERROR(I17/I7/$G$26*10^6,0) -> 592 | J29: =IFERROR(J17/J7/$G$26*10^6,0) -> 584 | ... O29: =IFERROR(O17/O7/$G$26*10^6,0) -> 596 | P29: 1249.879 | Q29: 692.84042 | R29: 985.36647
A30: 3 | B30: rHDPE thổi | C30: =IFERROR(C18/C8/$G$26*10^6,0) -> 1166.4975 | D30: =IFERROR(D18/D8/$G$26*10^6,0) -> 1167.4749 | E30: =IFERROR(E18/E8/$G$26*10^6,0) -> 1178.6541 | F30: =IFERROR(F18/F8/$G$26*10^6,0) -> 1153.1478 | G30: =IFERROR(G18/G8/$G$26*10^6,0) -> 1144.2261 | H30: =IFERROR(H18/H8/$G$26*10^6,0) -> 1144.2401 | I30: =IFERROR(I18/I8/$G$26*10^6,0) -> 1096.3828 | J30: =IFERROR(J18/J8/$G$26*10^6,0) -> 1089.176 | ... O30: =IFERROR(O18/O8/$G$26*10^6,0) -> 1113.7998 | P30: 651.96569 | Q30: 1418.2573 | R30: 1556.1491
A31: 4 | B31: rHDPE ép | C31: =IFERROR(C19/C9/$G$26*10^6,0) -> 0 | D31: =IFERROR(D19/D9/$G$26*10^6,0) -> 0 | E31: =IFERROR(E19/E9/$G$26*10^6,0) -> 0 | F31: =IFERROR(F19/F9/$G$26*10^6,0) -> 0 | G31: =IFERROR(G19/G9/$G$26*10^6,0) -> 0 | H31: =IFERROR(H19/H9/$G$26*10^6,0) -> 0 | I31: =IFERROR(I19/I9/$G$26*10^6,0) -> 0 | J31: =IFERROR(J19/J9/$G$26*10^6,0) -> 0 | ... O31: =IFERROR(O19/O9/$G$26*10^6,0) -> 0 | P31: 852.79148 | Q31: 880.90719 | R31: 1186.0799
A32: 5 | B32: rPP | C32: =IFERROR(C20/C10/$G$26*10^6,0) -> 691.66667 | D32: =IFERROR(D20/D10/$G$26*10^6,0) -> 700 | E32: =IFERROR(E20/E10/$G$26*10^6,0) -> 691.66667 | F32: =IFERROR(F20/F10/$G$26*10^6,0) -> 700 | G32: =IFERROR(G20/G10/$G$26*10^6,0) -> 691.66667 | H32: =IFERROR(H20/H10/$G$26*10^6,0) -> 700 | I32: =IFERROR(I20/I10/$G$26*10^6,0) -> 691.66667 | J32: =IFERROR(J20/J10/$G$26*10^6,0) -> 700 | ... O32: =IFERROR(O20/O10/$G$26*10^6,0) -> 695.8042 | P32: 674.51496 | Q32: 940.40358 | R32: 1196.1862
A33: 6 | B33: Phó sản | C33: =IFERROR(C21/C11/$G$26*10^6,0) -> 500 | D33: =IFERROR(D21/D11/$G$26*10^6,0) -> 500 | E33: =IFERROR(E21/E11/$G$26*10^6,0) -> 500 | F33: =IFERROR(F21/F11/$G$26*10^6,0) -> 500 | G33: =IFERROR(G21/G11/$G$26*10^6,0) -> 500 | H33: =IFERROR(H21/H11/$G$26*10^6,0) -> 500 | I33: =IFERROR(I21/I11/$G$26*10^6,0) -> 500 | J33: =IFERROR(J21/J11/$G$26*10^6,0) -> 500 | ... O33: =IFERROR(O21/O11/$G$26*10^6,0) -> 500 | P33: 464.7121 | Q33: 434.65617 | R33: 552.93805

Sheet KH lớn
F3: =SUM(F5:F16) -> 27396 | L3: =SUM(L5:L16) -> -20251.512
A4: STT | B4: Mã khách hàng | C4: Tên khách hàng | D4: Mã SP | E4: Tên SP | F4: số lượng (tấn) | G4: Giá bán NS 2026 (cũ) (USD/tấn) | H4: Giá bán dự kiến 2026 (USD/tấn) (mới) | I4: Giá bán T1 | J4: Giá bán T2 | L4: Tác động Dthu EXW (tỷ VND)
A5: 1 | B5: 200319 | C5: Niagara Bottling, LLC | D5: 110000354 | E5: WSS01G 1 | F5: ='KH 2026'!Z11 -> 7920 | G5: 1044 | H5: 1030 | I5: 1.080 | J5: 1030 | L5: =F5*(H5-G5)*26.5/10^3 -> -2938.32
A6: 2 | B6: 200319 | C6: Niagara Bottling, LLC | D6: 110000354 | E6: WSS01G 1 | F6: ='KH 2026'!Z12 -> 5280 | G6: 1088 | H6: 1070 | I6: 1.100 | J6: 1070 | L6: =F6*(H6-G6)*26.5/10^3 -> -2518.56
A7: 3 | B7: 104894 | C7: UNILEVER-NGỌC NGHĨA | D7: 110000354 | E7: WSS01G 1 | F7: ='KH 2026'!Z15+'KH 2026'!Z32 -> 3168 | G7: 1260 | H7: 1245 | I7: 1.275 | J7: 1.245 | L7: =F7*(H7-G7)*26.5/10^3 -> -1259.28
A8: 4 | B8: 105207 | C8: Suntory Sri Thái Bình Dương | D8: 110000332 | E8: iSS1084G | F8: ='KH 2026'!Z16 -> 611 | G8: 1260 | H8: 1250 | I8: 1.252 | J8: 1.330 | L8: =F8*(H8-G8)*26.5/10^3 -> -161.915
A9: 5 | B9: 105271 | C9: Suntory- Ngọc Nghĩa Tây Ninh | D9: 110000332 | E9: iSS1084G | F9: ='KH 2026'!Z17 -> 605 | G9: 1260 | H9: 1250 | I9: 1.252 | J9: 1.330 | L9: =F9*(H9-G9)*26.5/10^3 -> -160.325
A10: 6 | B10: 105271-Thêm | C10: Suntory- Ngọc Nghĩa Tây Ninh (thêm) | D10: 110000332 | E10: iSS1084G | F10: ='KH 2026'!Z18 -> 2640 | G10: 1260 | H10: 1250 | I10: 1.252 | J10: 1.330 | L10: =F10*(H10-G10)*26.5/10^3 -> -699.6
A11: 7 | B11: 105350 | C11: Suntory - Ngọc Nghĩa Hưng Yên | D11: 110000332 | E11: iSS1084G | F11: ='KH 2026'!Z19 -> 704 | G11: 1260 | H11: 1250 | I11: 1.252 | J11: 1.330 | L11: =F11*(H11-G11)*26.5/10^3 -> -186.56
A12: 8 | B12: 105222 | C12: CN Cty Coca - Hà Nội | D12: 110000332 | E12: iSS1084G | F12: ='KH 2026'!Z64 -> 264 | G12: 1302 | H12: 1288 | L12: =F12*(H12-G12)*26.5/10^3 -> -97.944
A13: 9 | B13: 105312 | C13: COCA COLA ĐÀ NẴNG | D13: 110000332 | E13: iSS1084G | F13: ='KH 2026'!Z63 -> 264 | G13: 1302 | H13: 1288 | L13: =F13*(H13-G13)*26.5/10^3 -> -97.944
A14: 10 | B14: 105328 | C14: COCA-COLA VIỆT NAM | D14: 110000332 | E14: iSS1084G | F14: ='KH 2026'!Z59 -> 264 | G14: 1302 | H14: 1288 | L14: =F14*(H14-G14)*26.5/10^3 -> -97.944
A15: 11 | B15: 200332 | C15: OUTEIRINHO | D15: 110000355 | E15: iSS01G 1 | F15: ='KH 2026'!Z14 -> 3960 | G15: 1200 | H15: 1120 | L15: =F15*(H15-G15)*26.5/10^3 -> -8395.2
A16: 12 | B16: 200365 | C16: Vinmar International | D16: 110000355 | E16: iSS01G 1 | F16: ='KH 2026'!Z31 -> 1716 | G16: 1200 | H16: 1120 | L16: =F16*(H16-G16)*26.5/10^3 -> -3637.92

Sheet Sheet1
B4: 110000332 | C4: Hạt nhựa rPET iSS01084G | D4: 1200
B5: 110000355 | C5: Hạt nhựa rPET iSS01G 1 | D5: 1120 | I5: =(1280+1295)/2 -> 1287.5
G10: KD cung cấp
B11: Mã khách hàng | C11: Tên khách hàng | D11: Mã SP | E11: Tên SP | F11: Ngân sách 2026 | G11: Giá bán dự kiến 2026 | H11: Giá bán T1 | I11: Giá bán T2
B12: 200319 | C12: Niagara Bottling, LLC | D12: 110000354 | E12: WSS01G 1 | F12: 1044 | G12: 1030 | H12: 1.080 | I12: 1030
B13: 200319 | C13: Niagara Bottling, LLC | D13: 110000354 | E13: WSS01G 1 | F13: 1088 | G13: 1070 | H13: 1.100 | I13: 1070
B14: 104894 | C14: UNILEVER-NGỌC NGHĨA | D14: 110000354 | E14: WSS01G 1 | F14: 1260 | G14: 1245 | H14: 1.275 | I14: 1.245
B15: 105207 | C15: Suntory Sri Thái Bình Dương | D15: 110000332 | E15: iSS1084G | F15: 1260 | G15: 1250 | H15: 1.252 | I15: 1.330
B16: 105271 | C16: Suntory- Ngọc Nghĩa Tây Ninh | D16: 110000332 | E16: iSS1084G | F16: 1260 | G16: 1250 | H16: 1.252 | I16: 1.330
B17: 105271-Thêm | C17: Suntory- Ngọc Nghĩa Tây Ninh (thêm) | D17: 110000332 | E17: iSS1084G | F17: 1260 | G17: 1250 | H17: 1.252 | I17: 1.330
B18: 105350 | C18: Suntory - Ngọc Nghĩa Hưng Yên | D18: 110000332 | E18: iSS1084G | F18: 1260 | G18: 1250 | H18: 1.252 | I18: 1.330
B19: 105222 | C19: CN Cty Coca - Hà Nội | D19: 110000332 | E19: iSS1084G | F19: 1302 | G19: 1288 | H19: 0 | I19: 0
B20: 105312 | C20: COCA COLA ĐÀ NẴNG | D20: 110000332 | E20: iSS1084G | F20: 1302 | G20: 1288 | H20: 0 | I20: 0
B21: 105328 | C21: COCA-COLA VIỆT NAM | D21: 110000332 | E21: iSS1084G | F21: 1302 | G21: 1288 | H21: 0 | I21: 0
B22: 200332 | C22: OUTEIRINHO | D22: 110000355 | E22: iSS01G 1 | F22: 1200 | G22: 1120 | H22: 0 | I22: 0 | J22: Chưa xác định được
B23: 200365 | C23: Vinmar International | D23: 110000355 | E23: iSS01G 1 | F23: 1200 | G23: 1120 | H23: 0 | I23: 0 | J23: Giá thị trường đang giảm

Sheet 03. Doanh thu EPR
B1: DỰ BÁO TÀI TRỢ EPR
A2: 1. SỐ LƯỢNG EPR (tấn)
A4: Nhóm NVL | B4: STT | C4: Khách hàng | D4: ĐVT | E4: Quý 1 | H4: Quý 2 | K4: Quý 3 | N4: Quý 4 | Q4: TỔNG
E5: T1 | F5: T2 | G5: T3 | H5: T4 | I5: T5 | J5: T6 | K5: T7 | L5: T8 | M5: T9 | N5: T10 | O5: T11 | P5: T12
A6: PET | B6: 1 | C6: Masan | D6: Tấn | K6: =$R6/6 -> 1180.806 | L6: =$R6/6 -> 1180.806 | M6: =$R6/6 -> 1180.806 | N6: =$R6/6 -> 1180.806 | O6: =$R6/6 -> 1180.806 | P6: =$R6/6 -> 1180.806 | Q6: =SUM(E6:P6) -> 7084.836 | R6: 7084.836
B7: 2 | C7: PRO VN | D7: Tấn | K7: =$R7/6 -> 333.33333 | L7: =$R7/6 -> 333.33333 | M7: =$R7/6 -> 333.33333 | N7: =$R7/6 -> 333.33333 | O7: =$R7/6 -> 333.33333 | P7: =$R7/6 -> 333.33333 | Q7: 53 | R7: 2000
B8: 3 | C8: Marico | D8: Tấn | K8: =$R8/6 -> 15.333333 | L8: =$R8/6 -> 15.333333 | M8: =$R8/6 -> 15.333333 | N8: =$R8/6 -> 15.333333 | O8: =$R8/6 -> 15.333333 | P8: =$R8/6 -> 15.333333 | Q8: =SUM(H8:P8) -> 92 | R8: 92
B9: 4 | C9: L'Oreal | D9: Tấn | K9: =$R9/6 -> 152.66667 | L9: =$R9/6 -> 152.66667 | M9: =$R9/6 -> 152.66667 | N9: =$R9/6 -> 152.66667 | O9: =$R9/6 -> 152.66667 | P9: =$R9/6 -> 152.66667 | Q9: =SUM(H9:P9) -> 916 | R9: 916
B10: 5 | C10: Ajinomoto | D10: Tấn | K10: =$R10/6 -> 8.8333333 | L10: =$R10/6 -> 8.8333333 | M10: =$R10/6 -> 8.8333333 | N10: =$R10/6 -> 8.8333333 | O10: =$R10/6 -> 8.8333333 | P10: =$R10/6 -> 8.8333333 | Q10: =SUM(E10:P10) -> 53 | R10: 53
B11: 6 | C11: Mega Market | D11: Tấn | K11: =$R11/6 -> 2.1666667 | L11: =$R11/6 -> 2.1666667 | M11: =$R11/6 -> 2.1666667 | N11: =$R11/6 -> 2.1666667 | O11: =$R11/6 -> 2.1666667 | P11: =$R11/6 -> 2.1666667 | Q11: =SUM(E11:P11) -> 13 | R11: 13
B12: 7 | C12: Pocari | D12: Tấn | K12: =$R12/6 -> 333.33333 | L12: =$R12/6 -> 333.33333 | M12: =$R12/6 -> 333.33333 | N12: =$R12/6 -> 333.33333 | O12: =$R12/6 -> 333.33333 | P12: =$R12/6 -> 333.33333 | Q12: =SUM(E12:P12) -> 2000 | R12: 2000
B13: 8 | C13: Cholimex | D13: Tấn | K13: =$R13/6 -> 500 | L13: =$R13/6 -> 500 | M13: =$R13/6 -> 500 | N13: =$R13/6 -> 500 | O13: =$R13/6 -> 500 | P13: =$R13/6 -> 500 | Q13: =SUM(E13:P13) -> 3000 | R13: 3000
A14: Tổng | E14: =SUM(E6:E13) -> 0 | F14: =SUM(F6:F13) -> 0 | G14: =SUM(G6:G13) -> 0 | H14: =SUM(H6:H13) -> 0 | I14: =SUM(I6:I13) -> 0 | J14: =SUM(J6:J13) -> 0 | K14: =SUM(K6:K13) -> 2526.4727 | L14: =SUM(L6:L13) -> 2526.4727 | ... Q14: =SUM(Q6:Q13) -> 13211.836
A16: Nhóm NVL | B16: STT | C16: Khách hàng | D16: ĐVT | E16: Quý 1 | H16: Quý 2 | K16: Quý 3 | N16: Quý 4 | Q16: TỔNG
E17: T1 | F17: T2 | G17: T3 | H17: T4 | I17: T5 | J17: T6 | K17: T7 | L17: T8 | M17: T9 | N17: T10 | O17: T11 | P17: T12
A18: HDPE/PP | B18: 1 | C18: Marico | D18: Tấn | K18: =$R18/6 -> 16.166667 | L18: =$R18/6 -> 16.166667 | M18: =$R18/6 -> 16.166667 | N18: =$R18/6 -> 16.166667 | O18: =$R18/6 -> 16.166667 | P18: =$R18/6 -> 16.166667 | Q18: =SUM(H18:P18) -> 97 | R18: 97
B19: =+B18+1 -> 2 | C19: Ajinomoto | D19: Tấn | K19: =$R19/6 -> 6.8333333 | L19: =$R19/6 -> 6.8333333 | M19: =$R19/6 -> 6.8333333 | N19: =$R19/6 -> 6.8333333 | O19: =$R19/6 -> 6.8333333 | P19: =$R19/6 -> 6.8333333 | Q19: =SUM(H19:P19) -> 41 | R19: 41
B20: =+B19+1 -> 3 | C20: Mega Market | D20: Tấn | K20: =$R20/6 -> 6.5 | L20: =$R20/6 -> 6.5 | M20: =$R20/6 -> 6.5 | N20: =$R20/6 -> 6.5 | O20: =$R20/6 -> 6.5 | P20: =$R20/6 -> 6.5 | Q20: =SUM(H20:P20) -> 39 | R20: 39
B21: =+B20+1 -> 4 | C21: Masan | D21: Tấn | K21: =$R21/6 -> 50 | L21: =$R21/6 -> 50 | M21: =$R21/6 -> 50 | N21: =$R21/6 -> 50 | O21: =$R21/6 -> 50 | P21: =$R21/6 -> 50 | Q21: =SUM(H21:P21) -> 300 | R21: 300
B22: =+B21+1 -> 5 | C22: Nutifood | D22: Tấn | K22: =$R22/6 -> 16.666667 | L22: =$R22/6 -> 16.666667 | M22: =$R22/6 -> 16.666667 | N22: =$R22/6 -> 16.666667 | O22: =$R22/6 -> 16.666667 | P22: =$R22/6 -> 16.666667 | Q22: =SUM(E22:P22) -> 100 | R22: 100
B23: =+B22+1 -> 6 | C23: Vinamilk | D23: Tấn | K23: =$R23/6 -> 333.33333 | L23: =$R23/6 -> 333.33333 | M23: =$R23/6 -> 333.33333 | N23: =$R23/6 -> 333.33333 | O23: =$R23/6 -> 333.33333 | P23: =$R23/6 -> 333.33333 | Q23: =SUM(E23:P23) -> 2000 | R23: 2000
A24: Tổng | E24: =SUM(E18:E23) -> 0 | F24: =SUM(F18:F23) -> 0 | G24: =SUM(G18:G23) -> 0 | H24: =SUM(H18:H23) -> 0 | I24: =SUM(I18:I23) -> 0 | J24: =SUM(J18:J23) -> 0 | K24: =SUM(K18:K23) -> 429.5 | L24: =SUM(L18:L23) -> 429.5 | ... P24: =SUM(P18:P23) -> 429.5 | Q24: =SUM(E24:P24) -> 2577
F25: opinon
A27: 2. GIÁ TRỊ EPR (triệu)
A29: Nhóm NVL | B29: STT | C29: Khách hàng | D29: Đơn giá | E29: Quý 1 | H29: Quý 2 | K29: Quý 3 | N29: Quý 4 | Q29: TỔNG
E30: T1 | F30: T2 | G30: T3 | H30: T4 | I30: T5 | J30: T6 | K30: T7 | L30: T8 | M30: T9 | N30: T10 | O30: T11 | P30: T12
A31: PET | B31: 1 | C31: Masan | D31: 1200 | E31: =E6*$D31/10^3 -> 0 | F31: =F6*$D31/10^3 -> 0 | G31: =G6*$D31/10^3 -> 0 | H31: =H6*$D31/10^3 -> 0 | I31: =I6*$D31/10^3 -> 0 | J31: =J6*$D31/10^3 -> 0 | K31: =K6*$D31/10^3 -> 1416.9672 | L31: =L6*$D31/10^3 -> 1416.9672 | ... P31: =P6*$D31/10^3 -> 1416.9672 | Q31: =SUM(E31:P31) -> 8501.8032
B32: 2 | C32: PRO VN | D32: 1343 | E32: =E7*$D32/10^3 -> 0 | F32: =F7*$D32/10^3 -> 0 | G32: =G7*$D32/10^3 -> 0 | H32: =H7*$D32/10^3 -> 0 | I32: =I7*$D32/10^3 -> 0 | J32: =J7*$D32/10^3 -> 0 | K32: =K7*$D32/10^3 -> 447.66667 | L32: =L7*$D32/10^3 -> 447.66667 | ... P32: =P7*$D32/10^3 -> 447.66667 | Q32: =SUM(E32:P32) -> 2686
B33: 3 | C33: Marico | D33: 1979 | E33: =E8*$D33/10^3 -> 0 | F33: =F8*$D33/10^3 -> 0 | G33: =G8*$D33/10^3 -> 0 | H33: =H8*$D33/10^3 -> 0 | I33: =I8*$D33/10^3 -> 0 | J33: =J8*$D33/10^3 -> 0 | K33: =K8*$D33/10^3 -> 30.344667 | L33: =L8*$D33/10^3 -> 30.344667 | ... P33: =P8*$D33/10^3 -> 30.344667 | Q33: =SUM(H33:P33) -> 182.068
B34: 4 | C34: L'Oreal | D34: 1821 | E34: =E9*$D34/10^3 -> 0 | F34: =F9*$D34/10^3 -> 0 | G34: =G9*$D34/10^3 -> 0 | H34: =H9*$D34/10^3 -> 0 | I34: =I9*$D34/10^3 -> 0 | J34: =J9*$D34/10^3 -> 0 | K34: =K9*$D34/10^3 -> 278.006 | L34: =L9*$D34/10^3 -> 278.006 | ... P34: =P9*$D34/10^3 -> 278.006 | Q34: =SUM(H34:P34) -> 1668.036
B35: 5 | C35: Ajinomoto | D35: 1979 | E35: =E10*$D35/10^3 -> 0 | F35: =F10*$D35/10^3 -> 0 | G35: =G10*$D35/10^3 -> 0 | H35: =H10*$D35/10^3 -> 0 | I35: =I10*$D35/10^3 -> 0 | J35: =J10*$D35/10^3 -> 0 | K35: =K10*$D35/10^3 -> 17.481167 | L35: =L10*$D35/10^3 -> 17.481167 | ... P35: =P10*$D35/10^3 -> 17.481167 | Q35: =SUM(H35:P35) -> 104.887
B36: 6 | C36: Mega Market | D36: 1979 | E36: =E11*$D36/10^3 -> 0 | F36: =F11*$D36/10^3 -> 0 | G36: =G11*$D36/10^3 -> 0 | H36: =H11*$D36/10^3 -> 0 | I36: =I11*$D36/10^3 -> 0 | J36: =J11*$D36/10^3 -> 0 | K36: =K11*$D36/10^3 -> 4.2878333 | L36: =L11*$D36/10^3 -> 4.2878333 | ... P36: =P11*$D36/10^3 -> 4.2878333 | Q36: =SUM(H36:P36) -> 25.727
B37: 7 | C37: Pocari | D37: 1880 | E37: =E12*$D37/10^3 -> 0 | F37: =F12*$D37/10^3 -> 0 | G37: =G12*$D37/10^3 -> 0 | H37: =H12*$D37/10^3 -> 0 | I37: =I12*$D37/10^3 -> 0 | J37: =J12*$D37/10^3 -> 0 | K37: =K12*$D37/10^3 -> 626.66667 | L37: =L12*$D37/10^3 -> 626.66667 | ... P37: =P12*$D37/10^3 -> 626.66667 | Q37: =SUM(E37:P37) -> 3760
B38: 8 | C38: Cholimex | D38: 1880 | E38: =E13*$D38/10^3 -> 0 | F38: =F13*$D38/10^3 -> 0 | G38: =G13*$D38/10^3 -> 0 | H38: =H13*$D38/10^3 -> 0 | I38: =I13*$D38/10^3 -> 0 | J38: =J13*$D38/10^3 -> 0 | K38: =K13*$D38/10^3 -> 940 | L38: =L13*$D38/10^3 -> 940 | ... P38: =P13*$D38/10^3 -> 940 | Q38: =SUM(E38:P38) -> 5640
A39: Tổng | E39: =SUM(E31:E38) -> 0 | F39: =SUM(F31:F38) -> 0 | G39: =SUM(G31:G38) -> 0 | H39: =SUM(H31:H38) -> 0 | I39: =SUM(I31:I38) -> 0 | J39: =SUM(J31:J38) -> 0 | K39: =SUM(K31:K38) -> 3761.4202 | L39: =SUM(L31:L38) -> 3761.4202 | ... Q39: =SUM(Q31:Q38) -> 22568.521
A41: Nhóm NVL | B41: STT | C41: Khách hàng | D41: Đơn giá | E41: Quý 1 | H41: Quý 2 | K41: Quý 3 | N41: Quý 4 | Q41: TỔNG
E42: T1 | F42: T2 | G42: T3 | H42: T4 | I42: T5 | J42: T6 | K42: T7 | L42: T8 | M42: T9 | N42: T10 | O42: T11 | P42: T12
A43: HDPE/PP | B43: 1 | C43: Marico | D43: 3958 | E43: =E18*$D43/10^3 -> 0 | F43: =F18*$D43/10^3 -> 0 | G43: =G18*$D43/10^3 -> 0 | H43: =H18*$D43/10^3 -> 0 | I43: =I18*$D43/10^3 -> 0 | J43: =J18*$D43/10^3 -> 0 | K43: =K18*$D43/10^3 -> 63.987667 | L43: =L18*$D43/10^3 -> 63.987667 | ... P43: =P18*$D43/10^3 -> 63.987667 | Q43: =SUM(H43:P43) -> 383.926
B44: =+B43+1 -> 2 | C44: Ajinomoto | D44: 3958 | E44: =E19*$D44/10^3 -> 0 | F44: =F19*$D44/10^3 -> 0 | G44: =G19*$D44/10^3 -> 0 | H44: =H19*$D44/10^3 -> 0 | I44: =I19*$D44/10^3 -> 0 | J44: =J19*$D44/10^3 -> 0 | K44: =K19*$D44/10^3 -> 27.046333 | L44: =L19*$D44/10^3 -> 27.046333 | ... P44: =P19*$D44/10^3 -> 27.046333 | Q44: =SUM(H44:P44) -> 162.278
B45: =+B44+1 -> 3 | C45: Mega Market | D45: 3958 | E45: =E20*$D45/10^3 -> 0 | F45: =F20*$D45/10^3 -> 0 | G45: =G20*$D45/10^3 -> 0 | H45: =H20*$D45/10^3 -> 0 | I45: =I20*$D45/10^3 -> 0 | J45: =J20*$D45/10^3 -> 0 | K45: =K20*$D45/10^3 -> 25.727 | L45: =L20*$D45/10^3 -> 25.727 | ... P45: =P20*$D45/10^3 -> 25.727 | Q45: =SUM(H45:P45) -> 154.362
B46: =+B45+1 -> 4 | C46: Masan | D46: 2500 | E46: =E21*$D46/10^3 -> 0 | F46: =F21*$D46/10^3 -> 0 | G46: =G21*$D46/10^3 -> 0 | H46: =H21*$D46/10^3 -> 0 | I46: =I21*$D46/10^3 -> 0 | J46: =J21*$D46/10^3 -> 0 | K46: =K21*$D46/10^3 -> 125 | L46: =L21*$D46/10^3 -> 125 | ... P46: =P21*$D46/10^3 -> 125 | Q46: =SUM(H46:P46) -> 750
B47: =+B46+1 -> 5 | C47: Nutifood | D47: 2500 | E47: =E22*$D47/10^3 -> 0 | F47: =F22*$D47/10^3 -> 0 | G47: =G22*$D47/10^3 -> 0 | H47: =H22*$D47/10^3 -> 0 | I47: =I22*$D47/10^3 -> 0 | J47: =J22*$D47/10^3 -> 0 | K47: =K22*$D47/10^3 -> 41.666667 | L47: =L22*$D47/10^3 -> 41.666667 | ... P47: =P22*$D47/10^3 -> 41.666667 | Q47: =SUM(E47:P47) -> 250
B48: =+B47+1 -> 6 | C48: Vinamilk | D48: 2800 | E48: =E23*$D48/10^3 -> 0 | F48: =F23*$D48/10^3 -> 0 | G48: =G23*$D48/10^3 -> 0 | H48: =H23*$D48/10^3 -> 0 | I48: =I23*$D48/10^3 -> 0 | J48: =J23*$D48/10^3 -> 0 | K48: =K23*$D48/10^3 -> 933.33333 | L48: =L23*$D48/10^3 -> 933.33333 | ... P48: =P23*$D48/10^3 -> 933.33333 | Q48: =SUM(E48:P48) -> 5600
A49: Tổng | E49: =SUM(E43:E48) -> 0 | F49: =SUM(F43:F48) -> 0 | G49: =SUM(G43:G48) -> 0 | H49: =SUM(H43:H48) -> 0 | I49: =SUM(I43:I48) -> 0 | J49: =SUM(J43:J48) -> 0 | K49: =SUM(K43:K48) -> 1216.761 | L49: =SUM(L43:L48) -> 1216.761 | ... P49: =SUM(P43:P48) -> 1216.761 | Q49: =SUM(E49:P49) -> 7300.566
D51: Tổng doanh thu tài trợ: | E51: =E39+E49 -> 0 | F51: =F39+F49 -> 0 | G51: =G39+G49 -> 0 | H51: =H39+H49 -> 0 | I51: =I39+I49 -> 0 | J51: =J39+J49 -> 0 | K51: =K39+K49 -> 4978.1812 | L51: =L39+L49 -> 4978.1812 | ... Q51: =Q39+Q49 -> 29869.087

Sheet KH 2026
C1: Công ty CP Nhựa Tái Chế Duy Tân | J1: Tỷ giá:
C2: NGÂN SÁCH 2026 | J2: USD | K2: 26500
C3: LẦN 1 | J3: VND | K3: =VLOOKUP(J3,#REF!,2,0) -> #REF!
D5: KẾ HOẠCH BÁN HÀNG NĂM | E5: 2026 | AV5: =AV7/O7/25000 -> 0.047174239
BA6: =BA7/T7 -> 1174.5692 | BB6: =BB7/U7 -> 1172.3723 | BC6: =BC7/V7 -> 1171.3954 | BD6: =BD7/W7 -> 1167.028
M7: CỘNG: | N7: =SUBTOTAL(9,N11:N188) -> 4318.2229 | O7: =SUBTOTAL(9,O11:O188) -> 4253.3146 | P7: =SUBTOTAL(9,P11:P188) -> 4678.5574 | Q7: =SUBTOTAL(9,Q11:Q188) -> 4394.2315 | R7: =SUBTOTAL(9,R11:R188) -> 4663.4364 | S7: =SUBTOTAL(9,S11:S188) -> 4691.9522 | T7: =SUBTOTAL(9,T11:T188) -> 4689.4225 | U7: =SUBTOTAL(9,U11:U188) -> 4562.8495 | ... AA7: =SUBTOTAL(9,AA11:AA188) -> 54616.273 | AB7: =Z7-AA7 -> 383.7273 | AC7: =IFERROR(AB7/AA7,0) -> 0.0070258786 | AD7: =AU7/N7 -> 1178.0827 | AE7: =AU7/N7 -> 1178.0827 | AF7: =AV7/O7 -> 1179.356 | AG7: =AW7/P7 -> 1184.2334 | AH7: =AX7/Q7 -> 1179.0597 | AI7: =AY7/R7 -> 1180.0735 | AJ7: =AZ7/S7 -> 1178.5846 | AK7: =BA7/T7 -> 1174.5692 | AL7: =BB7/U7 -> 1172.3723 | ... AQ7: =BG7/Z7 -> 1174.9546 | AU7: =SUBTOTAL(9,AU11:AU188)/25000 -> 5087223.6 | AV7: =SUBTOTAL(9,AV11:AV188)/25000 -> 5016172 | AW7: =SUBTOTAL(9,AW11:AW188)/25000 -> 5540504 | AX7: =SUBTOTAL(9,AX11:AX188)/25000 -> 5181061.4 | AY7: =SUBTOTAL(9,AY11:AY188)/25000 -> 5503197.6 | AZ7: =SUBTOTAL(9,AZ11:AZ188)/25000 -> 5529862.5 | BA7: =SUBTOTAL(9,BA11:BA188)/25000 -> 5508051.5 | BB7: =SUBTOTAL(9,BB11:BB188)/25000 -> 5349358.3 | ... BG7: =SUBTOTAL(9,BG11:BG188)/25000 -> 64622505 | BH7: =SUBTOTAL(9,BH11:BH80) -> #REF! | BI7: =BG7-BH7 -> #REF! | BJ7: =IFERROR(BI7/BH7,0) -> 0
AU8: =SUBTOTAL(9,AU11:AU188)/10^6 -> 127180.59 | AV8: =SUBTOTAL(9,AV11:AV188)/10^6 -> 125404.3 | AW8: =SUBTOTAL(9,AW11:AW188)/10^6 -> 138512.6 | AX8: =SUBTOTAL(9,AX11:AX188)/10^6 -> 129526.54 | AY8: =SUBTOTAL(9,AY11:AY188)/10^6 -> 137579.94 | AZ8: =SUBTOTAL(9,AZ11:AZ188)/10^6 -> 138246.56 | BA8: =SUBTOTAL(9,BA11:BA188)/10^6 -> 137701.29 | BB8: =SUBTOTAL(9,BB11:BB188)/10^6 -> 133733.96 | ... BF8: =SUBTOTAL(9,BF11:BF188)/10^6 -> 139423.19 | BG8: =SUBTOTAL(9,BG11:BG188) -> 1.6155626e+12
N9: SỐ LƯỢNG BÁN (TẤN) | AB9: =Z10&" sv " -> SL 2026 sv | AC9: ="% "&Z10 -> % SL 2026 | AD9: GIÁ BÁN EXW | AQ9: Giá EXW BQ | AR9: Giá BQ | AS9: =AQ10&" sv " -> Giá EXW BQ 2026 sv | AT9: ="% "&AQ10 -> % Giá EXW BQ 2026 | AU9: DOANH THU | BH9: Thực tế | BI9: =BG10&" sv " -> LK 2026 sv | BJ9: ="% "&BG10 -> % LK 2026 | BK9: Giải trình
A10: AM | B10: PL daily | C10: Mã khách hàng | D10: Tên khách hàng | E10: Kênh bán hàng | F10: Phân loại khách | G10: Khu Vực | H10: Incorterm | I10: Mã SP | J10: Tên SP | K10: Nhóm hàng2 | L10: IV | M10: Mức độ khả thi | N10: SL T1 | O10: SL T2 | P10: SL T3 | Q10: SL T4 | R10: SL T5 | S10: SL T6 | T10: SL T7 | U10: SL T8 | V10: SL T9 | W10: SL T10 | X10: SL T11 | Y10: SL T12 | Z10: SL 2026 | AA10: Thực tế 2025 | AB10: Thực tế 20252 | AC10: sv Thực tế 2025 | AD10: Loại tiền | AE10: P1 | AF10: P2 | AG10: P3 | AH10: P4 | AI10: P5 | AJ10: P6 | AK10: P7 | AL10: P8 | AM10: P9 | AN10: P10 | AO10: P11 | AP10: P12 | AQ10: Giá EXW BQ 2026 | AR10: Giá BQ 2025 | AS10: Giá BQ 20253 | AT10: sv Giá BQ 2025 | AU10: DT1 | AV10: DT2 | AW10: DT3 | AX10: DT4 | AY10: DT5 | AZ10: DT6 | BA10: DT7 | BB10: DT8 | BC10: DT9 | BD10: DT10 | BE10: DT11 | BF10: DT12 | BG10: LK 2026 | BH10: Thực tế DT 2024 | BI10: Thực tế DT 20245 | BJ10: sv Thực tế DT 2024 | BK10: Column6 | BL10: Nhóm hàng3
A11: Quốc Anh | B11: XK | C11: 200319 | D11: Niagara Bottling, LLC | E11: Xuất khẩu | F11: Hiện hữu | G11: Châu Mỹ | H11: FOB | I11: 110000354 | J11: WSS01G 1 | K11: rPET | L11: 0.78 ± 0.02 | M11: 0.8 | N11: 660 | O11: 660 | P11: 660 | Q11: 660 | R11: 660 | S11: 660 | T11: 660 | U11: 660 | V11: 660 | W11: 660 | X11: 660 | Y11: 660 | Z11: =SUM(N11:Y11) -> 7920 | AA11: 13002 | AB11: =Z11-AA11 -> -5082 | AC11: =IFERROR(AB11/AA11,0) -> -0.39086294 | AD11: USD | AE11: 1030 | AF11: 1030 | AG11: 1030 | AH11: 1030 | AI11: 1030 | AJ11: 1030 | AK11: 1030 | AL11: 1030 | AM11: 1030 | AN11: 1030 | AO11: 1030 | AP11: 1030 | AQ11: =IFERROR(SUMPRODUCT(N11:Y11,AE11:AP11)/Z11,0) -> 1030 | AS11: 1044 | AT11: =IFERROR(AS11/AR11,0) -> 0 | AU11: =IFERROR(N11*AE11*VLOOKUP($AD11,$J$2:$K$3,2,0),0) -> 18014700000 | AV11: =IFERROR(O11*AF11*VLOOKUP($AD11,$J$2:$K$3,2,0),0) -> 18014700000 | AW11: =IFERROR(P11*AG11*VLOOKUP($AD11,$J$2:$K$3,2,0),0) -> 18014700000 | AX11: =IFERROR(Q11*AH11*VLOOKUP($AD11,$J$2:$K$3,2,0),0) -> 18014700000 | AY11: =IFERROR(R11*AI11*VLOOKUP($AD11,$J$2:$K$3,2,0),0) -> 18014700000 | AZ11: =IFERROR(S11*AJ11*VLOOKUP($AD11,$J$2:$K$3,2,0),0) -> 18014700000 | BA11: =IFERROR(T11*AK11*VLOOKUP($AD11,$J$2:$K$3,2,0),0) -> 18014700000 | BB11: =IFERROR(U11*AL11*VLOOKUP($AD11,$J$2:$K$3,2,0),0) -> 18014700000 | ... BF11: =IFERROR(Y11*AP11*VLOOKUP($AD11,$J$2:$K$3,2,0),0) -> 18014700000 | BG11: =SUM(AU11:BF11) -> 216176400000 | BH11: =SUMIFS(#REF!,#REF!,'KH 2026'!$C11,#REF!,'KH 2026'!$I11) -> #REF! | BI11: =BG11-BH11 -> #REF! | BJ11: =IFERROR(BI11/BH11,0) -> 0 | BL11: rPET
A12: Quốc Anh | B12: XK | C12: 200319 | D12: Niagara Bottling, LLC | E12: Xuất khẩu | F12: Hiện hữu | G12: Châu Âu | H12: FOB | I12: 110000354 | J12: WSS01G 1 | K12: rPET | L12: 0.78 ± 0.02 | M12: 0.8 | N12: 440 | O12: 440 | P12: 440 | Q12: 440 | R12: 440 | S12: 440 | T12: 440 | U12: 440 | V12: 440 | W12: 440 | X12: 440 | Y12: 440 | Z12: =SUM(N12:Y12) -> 5280 | AA12: 13002 | AB12: =Z12-AA12 -> -7722 | AC12: =IFERROR(AB12/AA12,0) -> -0.59390863 | AD12: USD | AE12: 1070 | AF12: 1070 | AG12: 1070 | AH12: 1070 | AI12: 1070 | AJ12: 1070 | AK12: 1070 | AL12: 1070 | AM12: 1070 | AN12: 1070 | AO12: 1070 | AP12: 1070 | AQ12: =IFERROR(SUMPRODUCT(N12:Y12,AE12:AP12)/Z12,0) -> 1070 | AS12: =AQ12-AR12 -> 1070 | AT12: =IFERROR(AS12/AR12,0) -> 0 | AU12: =IFERROR(N12*AE12*VLOOKUP($AD12,$J$2:$K$3,2,0),0) -> 12476200000 | AV12: =IFERROR(O12*AF12*VLOOKUP($AD12,$J$2:$K$3,2,0),0) -> 12476200000 | AW12: =IFERROR(P12*AG12*VLOOKUP($AD12,$J$2:$K$3,2,0),0) -> 12476200000 | AX12: =IFERROR(Q12*AH12*VLOOKUP($AD12,$J$2:$K$3,2,0),0) -> 12476200000 | AY12: =IFERROR(R12*AI12*VLOOKUP($AD12,$J$2:$K$3,2,0),0) -> 12476200000 | AZ12: =IFERROR(S12*AJ12*VLOOKUP($AD12,$J$2:$K$3,2,0),0) -> 12476200000 | BA12: =IFERROR(T12*AK12*VLOOKUP($AD12,$J$2:$K$3,2,0),0) -> 12476200000 | BB12: =IFERROR(U12*AL12*VLOOKUP($AD12,$J$2:$K$3,2,0),0) -> 12476200000 | ... BF12: =IFERROR(Y12*AP12*VLOOKUP($AD12,$J$2:$K$3,2,0),0) -> 12476200000 | BG12: =SUM(AU12:BF12) -> 149714400000 | BH12: =SUMIFS(#REF!,#REF!,'KH 2026'!$C12,#REF!,'KH 2026'!$I12) -> #REF! | BI12: =BG12-BH12 -> #REF! | BJ12: =IFERROR(BI12/BH12,0) -> 0 | BL12: rPET
A13: Long | B13: XK | C13: 200332 | D13: OUTEIRINHO | E13: Xuất khẩu | F13: Hiện hữu | G13: Châu Âu | H13: FOB | I13: 110000507 | J13: Vảy PET | K13: rPET | M13: 0.8 | Z13: =SUM(N13:Y13) -> 0 | AA13: 0 | AB13: =Z13-AA13 -> 0 | AC13: =IFERROR(AB13/AA13,0) -> 0 | AD13: USD | AE13: 750 | AF13: 750 | AG13: 750 | AH13: 750 | AI13: 750 | AJ13: 750 | AK13: 750 | AL13: 750 | AM13: 750 | AN13: 750 | AO13: 750 | AP13: 750 | AQ13: =IFERROR(SUMPRODUCT(N13:Y13,AE13:AP13)/Z13,0) -> 0 | AS13: =AQ13-AR13 -> 0 | AT13: =IFERROR(AS13/AR13,0) -> 0 | AU13: =IFERROR(N13*AE13*VLOOKUP($AD13,$J$2:$K$3,2,0),0) -> 0 | AV13: =IFERROR(O13*AF13*VLOOKUP($AD13,$J$2:$K$3,2,0),0) -> 0 | AW13: =IFERROR(P13*AG13*VLOOKUP($AD13,$J$2:$K$3,2,0),0) -> 0 | AX13: =IFERROR(Q13*AH13*VLOOKUP($AD13,$J$2:$K$3,2,0),0) -> 0 | AY13: =IFERROR(R13*AI13*VLOOKUP($AD13,$J$2:$K$3,2,0),0) -> 0 | AZ13: =IFERROR(S13*AJ13*VLOOKUP($AD13,$J$2:$K$3,2,0),0) -> 0 | BA13: =IFERROR(T13*AK13*VLOOKUP($AD13,$J$2:$K$3,2,0),0) -> 0 | BB13: =IFERROR(U13*AL13*VLOOKUP($AD13,$J$2:$K$3,2,0),0) -> 0 | ... BF13: =IFERROR(Y13*AP13*VLOOKUP($AD13,$J$2:$K$3,2,0),0) -> 0 | BG13: =SUM(AU13:BF13) -> 0 | BH13: =SUMIFS(#REF!,#REF!,'KH 2026'!$C13,#REF!,'KH 2026'!$I13) -> #REF! | BI13: =BG13-BH13 -> #REF! | BJ13: =IFERROR(BI13/BH13,0) -> 0 | BL13: rPET
