Workbook
Name EXR: Asm.!$B$2

Sheet Ghi chú
A1: MỘT SỐ LƯU Ý
A3: STT | B3: Ghi chú màu các ô | C3: Ghi chú
A4: 1 | C4: Droplist: lựa chọn các kết quả định sẵn. Nếu như danh sách chưa đủ, đề nghị phòng ban liên hệ lại với kế toán quản trị phụ trách để cập nhật thêm
A5: 2 | C5: Điền thông tin vào các ô
A6: 3 | C6: Không cần điền
A7: 4 | C7: Các ô trống là đã có gán công thức
A17: THỐNG NHẤT CÁCH ĐẶT TÊN SẢN PHẨM MỚI, KHÁCH HÀNG MỚI
A19: Cách đặt mã sản phẩm mới:
A20: Ví dụ:
B21: NS26-PET-001
B22: NS26-HDTHOI-001
B23: NS26-HDTHOI-002
B24: NS26-HDTHOI-003
B25: NS26-PP-003
B26: NS26-HDEP-001
B27: NS26-XOSOI-001
A29: Cách đặt khách hàng mới:
A30: Ví dụ:
B31: 1-NS26-NEWCUS-001
B32: 2-NS26-NEWCUS-002
A33: Số 1 ở đầu là nội địa
A34: Số 2 là xuất khẩu

Sheet ĐGVC
A3: Tên Khách-Rút gọn | B3: Kênh bán hàng | C3: Địa điểm đến | D3: Nước đến | E3: Incoterm | G3: ĐƠN GIÁ VẬN CHUYỂN NỘI ĐỊA - BAO GỒM KÊNH XUẤT KHẨU | O3: Quy ra VND | Q3: ĐƠN GIÁ CƯỚC TÀU | Y3: Quy ra VND
G4: Cont 20' | K4: ĐG (VND/tấn) USD/tấn-XK | O4: KH26 | Q4: Cont 20' | U4: ĐG (VND/tấn) | Y4: KH26
G5: TT25 | H5: KH26 | I5: VND/USD | K5: TT25 | L5: KH26 | M5: VND/USD | Q5: TT25 | R5: KH26 | S5: VND/USD | U5: TT25 | V5: KH26 | W5: VND/USD
A6: Công ty TNHH La Vie | B6: Nội địa | C6: Tây Ninh | D6: Việt Nam | E6: EXW | K6: =G6/22 -> 0 | L6: =H6/22 -> 0 | M6: =I6 -> 0 | O6: =IF(M6="USD",L6*EXR,L6) -> 0 | U6: =Q6/22 -> 0 | V6: =R6/22 -> 0 | W6: =S6 -> 0 | Y6: =IF(W6="USD",V6*EXR,V6) -> 0
A7: Quang Chí Bảo | B7: Nội địa | C7: Hồ Chí Minh | D7: Việt Nam | E7: EXW | K7: =G7/22 -> 0 | L7: =H7/22 -> 0 | M7: =I7 -> 0 | O7: =IF(M7="USD",L7*EXR,L7) -> 0 | U7: =Q7/22 -> 0 | V7: =R7/22 -> 0 | W7: =S7 -> 0 | Y7: =IF(W7="USD",V7*EXR,V7) -> 0
A8: Nhựa Đạt Hòa | B8: Nội địa | C8: Hồ Chí Minh | D8: Việt Nam | E8: DDP | K8: =G8/22 -> 0 | L8: =H8/22 -> 0 | M8: =I8 -> 0 | O8: =IF(M8="USD",L8*EXR,L8) -> 0 | U8: =Q8/22 -> 0 | V8: =R8/22 -> 0 | W8: =S8 -> 0 | Y8: =IF(W8="USD",V8*EXR,V8) -> 0
A9: Công ty trách nhiệm hữu hạn Uy Kiệt | B9: Nội địa | C9: Bình Dương | D9: Việt Nam | E9: DDP | G9: 4840000 | H9: 4840000 | I9: VND | K9: =G9/22 -> 220000 | L9: =H9/22 -> 220000 | M9: =I9 -> VND | O9: =IF(M9="USD",L9*EXR,L9) -> 220000 | U9: =Q9/22 -> 0 | V9: =R9/22 -> 0 | W9: =S9 -> 0 | Y9: =IF(W9="USD",V9*EXR,V9) -> 0
A10: Plascene- DTP | B10: Nội địa | C10: Tây Ninh | D10: Việt Nam | E10: DDP | K10: =G10/22 -> 0 | L10: =H10/22 -> 0 | M10: =I10 -> 0 | O10: =IF(M10="USD",L10*EXR,L10) -> 0 | U10: =Q10/22 -> 0 | V10: =R10/22 -> 0 | W10: =S10 -> 0 | Y10: =IF(W10="USD",V10*EXR,V10) -> 0
A11: CÔNG TY TNHH HƯNG DỤ | B11: Nội địa | C11: Bình Dương | D11: Việt Nam | E11: DDP | G11: 3800000 | H11: 3800000 | I11: VND | K11: =G11/22 -> 172727.27 | L11: =H11/22 -> 172727.27 | M11: =I11 -> VND | O11: =IF(M11="USD",L11*EXR,L11) -> 172727.27 | U11: =Q11/22 -> 0 | V11: =R11/22 -> 0 | W11: =S11 -> 0 | Y11: =IF(W11="USD",V11*EXR,V11) -> 0
A12: New Developments - Hạt HDPE - NĐ | B12: Nội địa | C12: Việt Nam | D12: Việt Nam | E12: EXW | K12: =G12/22 -> 0 | L12: =H12/22 -> 0 | M12: =I12 -> 0 | O12: =IF(M12="USD",L12*EXR,L12) -> 0 | U12: =Q12/22 -> 0 | V12: =R12/22 -> 0 | W12: =S12 -> 0 | Y12: =IF(W12="USD",V12*EXR,V12) -> 0
A13: Motul -DTP | B13: Nội địa | C13: Tây Ninh | D13: Việt Nam | E13: DDP | K13: =G13/22 -> 0 | L13: =H13/22 -> 0 | M13: =I13 -> 0 | O13: =IF(M13="USD",L13*EXR,L13) -> 0 | U13: =Q13/22 -> 0 | V13: =R13/22 -> 0 | W13: =S13 -> 0 | Y13: =IF(W13="USD",V13*EXR,V13) -> 0
A14: MTVN Plastic | B14: Nội địa | C14: Đồng Nai | D14: Việt Nam | E14: EXW | K14: =G14/22 -> 0 | L14: =H14/22 -> 0 | M14: =I14 -> 0 | O14: =IF(M14="USD",L14*EXR,L14) -> 0 | U14: =Q14/22 -> 0 | V14: =R14/22 -> 0 | W14: =S14 -> 0 | Y14: =IF(W14="USD",V14*EXR,V14) -> 0
A15: New Developments - Hạt PP - NĐ | B15: Nội địa | C15: Việt Nam | D15: Việt Nam | E15: EXW | K15: =G15/22 -> 0 | L15: =H15/22 -> 0 | M15: =I15 -> 0 | O15: =IF(M15="USD",L15*EXR,L15) -> 0 | U15: =Q15/22 -> 0 | V15: =R15/22 -> 0 | W15: =S15 -> 0 | Y15: =IF(W15="USD",V15*EXR,V15) -> 0
A16: NHỰA ĐỒNG NAI | B16: Nội địa | C16: Đồng Nai | D16: Việt Nam | E16: DDP | K16: =G16/22 -> 0 | L16: =H16/22 -> 0 | M16: =I16 -> 0 | O16: =IF(M16="USD",L16*EXR,L16) -> 0 | U16: =Q16/22 -> 0 | V16: =R16/22 -> 0 | W16: =S16 -> 0 | Y16: =IF(W16="USD",V16*EXR,V16) -> 0
A17: CN COCA-COLA VN - LONG AN | B17: Nội địa | C17: Tây Ninh | D17: Việt Nam | E17: DDP | G17: 4400000 | H17: 4400000 | I17: VND | K17: =G17/22 -> 200000 | L17: =H17/22 -> 200000 | M17: =I17 -> VND | O17: =IF(M17="USD",L17*EXR,L17) -> 200000 | U17: =Q17/22 -> 0 | V17: =R17/22 -> 0 | W17: =S17 -> 0 | Y17: =IF(W17="USD",V17*EXR,V17) -> 0
A18: LƯỚI BẢO NÔNG | B18: Nội địa | C18: Tây Ninh | D18: Việt Nam | E18: EXW | K18: =G18/22 -> 0 | L18: =H18/22 -> 0 | M18: =I18 -> 0 | O18: =IF(M18="USD",L18*EXR,L18) -> 0 | U18: =Q18/22 -> 0 | V18: =R18/22 -> 0 | W18: =S18 -> 0 | Y18: =IF(W18="USD",V18*EXR,V18) -> 0
A19: HUY THÀNH | B19: Nội địa | C19: Tây Ninh | D19: Việt Nam | E19: DDP | K19: =G19/22 -> 0 | L19: =H19/22 -> 0 | M19: =I19 -> 0 | O19: =IF(M19="USD",L19*EXR,L19) -> 0 | U19: =Q19/22 -> 0 | V19: =R19/22 -> 0 | W19: =S19 -> 0 | Y19: =IF(W19="USD",V19*EXR,V19) -> 0
A20: MTV MILKIWAY SOLUTION | B20: Nội địa | C20: Hồ Chí Minh | D20: Việt Nam | E20: DDP | K20: =G20/22 -> 0 | L20: =H20/22 -> 0 | M20: =I20 -> 0 | O20: =IF(M20="USD",L20*EXR,L20) -> 0 | U20: =Q20/22 -> 0 | V20: =R20/22 -> 0 | W20: =S20 -> 0 | Y20: =IF(W20="USD",V20*EXR,V20) -> 0
A21: ĐẠI LỤC | B21: Nội địa | C21: Hồ Chí Minh | D21: Việt Nam | E21: DDP | K21: =G21/22 -> 0 | L21: =H21/22 -> 0 | M21: =I21 -> 0 | O21: =IF(M21="USD",L21*EXR,L21) -> 0 | U21: =Q21/22 -> 0 | V21: =R21/22 -> 0 | W21: =S21 -> 0 | Y21: =IF(W21="USD",V21*EXR,V21) -> 0
A22: THẠC HƯƠNG | B22: Nội địa | C22: Đồng Nai | D22: Việt Nam | E22: EXW | K22: =G22/22 -> 0 | L22: =H22/22 -> 0 | M22: =I22 -> 0 | O22: =IF(M22="USD",L22*EXR,L22) -> 0 | U22: =Q22/22 -> 0 | V22: =R22/22 -> 0 | W22: =S22 -> 0 | Y22: =IF(W22="USD",V22*EXR,V22) -> 0
A23: NHỰA LỘC PHÁT | B23: Nội địa | C23: Hồ Chí Minh | D23: Việt Nam | E23: DDP | K23: =G23/22 -> 0 | L23: =H23/22 -> 0 | M23: =I23 -> 0 | O23: =IF(M23="USD",L23*EXR,L23) -> 0 | U23: =Q23/22 -> 0 | V23: =R23/22 -> 0 | W23: =S23 -> 0 | Y23: =IF(W23="USD",V23*EXR,V23) -> 0
A24: CPSX Nhựa Duy Tân | B24: Nội địa | C24: Tây Ninh | D24: Việt Nam | E24: DDP | K24: =G24/22 -> 0 | L24: =H24/22 -> 0 | M24: =I24 -> 0 | O24: =IF(M24="USD",L24*EXR,L24) -> 0 | U24: =Q24/22 -> 0 | V24: =R24/22 -> 0 | W24: =S24 -> 0 | Y24: =IF(W24="USD",V24*EXR,V24) -> 0
A25: MONDELEZ-VIỆT THÀNH | B25: Nội địa | C25: Tây Ninh | D25: Việt Nam | E25: EXW | K25: =G25/22 -> 0 | L25: =H25/22 -> 0 | M25: =I25 -> 0 | O25: =IF(M25="USD",L25*EXR,L25) -> 0 | U25: =Q25/22 -> 0 | V25: =R25/22 -> 0 | W25: =S25 -> 0 | Y25: =IF(W25="USD",V25*EXR,V25) -> 0
A26: Hồng Kim Long An | B26: Nội địa | C26: Tây Ninh | D26: Việt Nam | E26: DDP | K26: =G26/22 -> 0 | L26: =H26/22 -> 0 | M26: =I26 -> 0 | O26: =IF(M26="USD",L26*EXR,L26) -> 0 | U26: =Q26/22 -> 0 | V26: =R26/22 -> 0 | W26: =S26 -> 0 | Y26: =IF(W26="USD",V26*EXR,V26) -> 0
A27: ĐÔ THÀNH | B27: Nội địa | C27: Hồ Chí Minh | D27: Việt Nam | E27: DDP | K27: =G27/22 -> 0 | L27: =H27/22 -> 0 | M27: =I27 -> 0 | O27: =IF(M27="USD",L27*EXR,L27) -> 0 | U27: =Q27/22 -> 0 | V27: =R27/22 -> 0 | W27: =S27 -> 0 | Y27: =IF(W27="USD",V27*EXR,V27) -> 0
A28: NHỰA TRƯỜNG AN | B28: Nội địa | C28: Tây Ninh | D28: Việt Nam | E28: DDP | K28: =G28/22 -> 0 | L28: =H28/22 -> 0 | M28: =I28 -> 0 | O28: =IF(M28="USD",L28*EXR,L28) -> 0 | U28: =Q28/22 -> 0 | V28: =R28/22 -> 0 | W28: =S28 -> 0 | Y28: =IF(W28="USD",V28*EXR,V28) -> 0
A29: LINH CHI | B29: Nội địa | C29: Hồ Chí Minh | D29: Việt Nam | E29: EXW | K29: =G29/22 -> 0 | L29: =H29/22 -> 0 | M29: =I29 -> 0 | O29: =IF(M29="USD",L29*EXR,L29) -> 0 | U29: =Q29/22 -> 0 | V29: =R29/22 -> 0 | W29: =S29 -> 0 | Y29: =IF(W29="USD",V29*EXR,V29) -> 0
... A52: NHỰA TC 2050 | B52: Nội địa | C52: Đà Nẵng | D52: Việt Nam | E52: DDP | K52: =G52/22 -> 0 | L52: =H52/22 -> 0 | M52: =I52 -> 0 | O52: =IF(M52="USD",L52*EXR,L52) -> 0 | U52: =Q52/22 -> 0 | V52: =R52/22 -> 0 | W52: =S52 -> 0 | Y52: =IF(W52="USD",V52*EXR,V52) -> 0
A53: Niagara Bottling, LLC | B53: Xuất khẩu | C53: Mỹ | D53: Mỹ | E53: FOB | G53: 440 | H53: 484 | I53: USD | K53: =G53/22 -> 20 | L53: 20 | M53: =I53 -> USD | O53: =IF(M53="USD",L53*EXR,L53) -> 530000 | U53: =Q53/22 -> 0 | V53: =R53/22 -> 0 | W53: =S53 -> 0 | Y53: =IF(W53="USD",V53*EXR,V53) -> 0
A54: Niagara Bottling, LLC | B54: Xuất khẩu | C54: Shepley | D54: UK | E54: FOB | G54: 440 | H54: 484 | I54: USD | K54: =G54/22 -> 20 | L54: 20 | M54: =I54 -> USD | O54: =IF(M54="USD",L54*EXR,L54) -> 530000 | U54: =Q54/22 -> 0 | V54: =R54/22 -> 0 | W54: =S54 -> 0 | Y54: =IF(W54="USD",V54*EXR,V54) -> 0
A55: OUTEIRINHO TURISMO E INDUSTRIA SA | B55: Xuất khẩu | C55: Lisbon | D55: Bồ Đào Nha | E55: FOB | G55: 440 | H55: 484 | I55: USD | K55: =G55/22 -> 20 | L55: 20 | M55: =I55 -> USD | O55: =IF(M55="USD",L55*EXR,L55) -> 530000 | U55: =Q55/22 -> 0 | V55: =R55/22 -> 0 | W55: =S55 -> 0 | Y55: =IF(W55="USD",V55*EXR,V55) -> 0
A56: SHARPAK AYLESHAM LTD | B56: Xuất khẩu | C56: Felixstowe | D56: UK | E56: CIF | G56: 440 | H56: 484 | I56: USD | K56: =G56/22 -> 20 | L56: 20 | M56: =I56 -> USD | O56: =IF(M56="USD",L56*EXR,L56) -> 530000 | Q56: 2695 | R56: 1800 | S56: USD | U56: =Q56/22 -> 122.5 | V56: =R56/22 -> 81.818182 | W56: =S56 -> USD | Y56: =IF(W56="USD",V56*EXR,V56) -> 2168181.8
A57: New Developments - Vảy PET - XK | B57: Xuất Khẩu | C57: Mỹ | D57: Unknown | E57: FOB | G57: 440 | H57: 484 | I57: USD | K57: =G57/22 -> 20 | L57: 20 | M57: =I57 -> USD | O57: =IF(M57="USD",L57*EXR,L57) -> 530000 | U57: =Q57/22 -> 0 | V57: =R57/22 -> 0 | W57: =S57 -> 0 | Y57: =IF(W57="USD",V57*EXR,V57) -> 0
A58: New Developments - Hạt PET - XK | B58: Xuất Khẩu | C58: Mỹ | D58: Unknown | E58: FOB | G58: 440 | H58: 484 | I58: USD | K58: =G58/22 -> 20 | L58: 20 | M58: =I58 -> USD | O58: =IF(M58="USD",L58*EXR,L58) -> 530000 | U58: =Q58/22 -> 0 | V58: =R58/22 -> 0 | W58: =S58 -> 0 | Y58: =IF(W58="USD",V58*EXR,V58) -> 0
A59: MHE ENTERPRISE | B59: Xuất khẩu | C59: Tema | D59: Ghana | E59: CIF | G59: 440 | H59: 484 | I59: USD | K59: =G59/22 -> 20 | L59: 20 | M59: =I59 -> USD | O59: =IF(M59="USD",L59*EXR,L59) -> 530000 | Q59: 3600 | R59: 4000 | S59: USD | U59: =Q59/22 -> 163.63636 | V59: =R59/22 -> 181.81818 | W59: =S59 -> USD | Y59: =IF(W59="USD",V59*EXR,V59) -> 4818181.8
A60: Vinmar International | B60: Xuất khẩu | C60: Mỹ | D60: Mỹ | E60: FOB | G60: 440 | H60: 484 | I60: USD | K60: =G60/22 -> 20 | L60: 20 | M60: =I60 -> USD | O60: =IF(M60="USD",L60*EXR,L60) -> 530000 | U60: =Q60/22 -> 0 | V60: =R60/22 -> 0 | W60: =S60 -> 0 | Y60: =IF(W60="USD",V60*EXR,V60) -> 0
A61: Svepol Americas Inc. | B61: Xuất khẩu | C61: Mỹ | D61: Mỹ | E61: FOB | G61: 440 | H61: 484 | I61: USD | K61: =G61/22 -> 20 | L61: 20 | M61: =I61 -> USD | O61: =IF(M61="USD",L61*EXR,L61) -> 530000 | U61: =Q61/22 -> 0 | V61: =R61/22 -> 0 | W61: =S61 -> 0 | Y61: =IF(W61="USD",V61*EXR,V61) -> 0
A62: Serioplast | B62: Xuất Khẩu | C62: Ý | D62: Ý | E62: FOB | G62: 440 | H62: 484 | I62: USD | K62: =G62/22 -> 20 | L62: 20 | M62: =I62 -> USD | O62: =IF(M62="USD",L62*EXR,L62) -> 530000 | U62: =Q62/22 -> 0 | V62: =R62/22 -> 0 | W62: =S62 -> 0 | Y62: =IF(W62="USD",V62*EXR,V62) -> 0
A63: KORYFES SA | B63: Xuất khẩu | C63: Varna | D63: Bulgaria | E63: CFR | G63: 440 | H63: 484 | I63: USD | K63: =G63/22 -> 20 | L63: 20 | M63: =I63 -> USD | O63: =IF(M63="USD",L63*EXR,L63) -> 530000 | Q63: 2000 | R63: 2700 | S63: USD | U63: =Q63/22 -> 90.909091 | V63: =R63/22 -> 122.72727 | W63: =S63 -> USD | Y63: =IF(W63="USD",V63*EXR,V63) -> 3252272.7
A64: Plascene, Inc. | B64: Xuất khẩu | C64: Mỹ | D64: Mỹ | E64: FOB | G64: 440 | H64: 484 | I64: USD | K64: =G64/22 -> 20 | L64: 20 | M64: =I64 -> USD | O64: =IF(M64="USD",L64*EXR,L64) -> 530000 | U64: =Q64/22 -> 0 | V64: =R64/22 -> 0 | W64: =S64 -> 0 | Y64: =IF(W64="USD",V64*EXR,V64) -> 0
A65: Lion Corp | B65: Xuất khẩu | C65: Tokyo | D65: Nhật | E65: FOB | G65: 440 | H65: 484 | I65: USD | K65: =G65/22 -> 20 | L65: 20 | M65: =I65 -> USD | O65: =IF(M65="USD",L65*EXR,L65) -> 530000 | U65: =Q65/22 -> 0 | V65: =R65/22 -> 0 | W65: =S65 -> 0 | Y65: =IF(W65="USD",V65*EXR,V65) -> 0
A66: KORYFES SA | B66: Xuất khẩu | C66: Antwerp | D66: Bỉ | E66: CFR | G66: 440 | H66: 484 | I66: USD | K66: =G66/22 -> 20 | L66: 20 | M66: =I66 -> USD | O66: =IF(M66="USD",L66*EXR,L66) -> 530000 | Q66: 990 | R66: 1800 | S66: USD | U66: =Q66/22 -> 45 | V66: =R66/22 -> 81.818182 | W66: =S66 -> USD | Y66: =IF(W66="USD",V66*EXR,V66) -> 2168181.8
A67: VINMAR POLYMERS AMERICA LLC | B67: Xuất khẩu | C67: Los Angeles | D67: Mỹ | E67: CIF | G67: 440 | H67: 484 | I67: USD | K67: =G67/22 -> 20 | L67: 20 | M67: =I67 -> USD | O67: =IF(M67="USD",L67*EXR,L67) -> 530000 | Q67: 5040 | R67: 2200 | S67: USD | U67: =Q67/22 -> 229.09091 | V67: =R67/22 -> 100 | W67: =S67 -> USD | Y67: =IF(W67="USD",V67*EXR,V67) -> 2650000
A68: Wiese | B68: Xuất Khẩu | C68: Manzanillo | D68: Mexico | E68: CIF | G68: 440 | H68: 484 | I68: USD | K68: =G68/22 -> 20 | L68: 20 | M68: =I68 -> USD | O68: =IF(M68="USD",L68*EXR,L68) -> 530000 | U68: =Q68/22 -> 0 | V68: =R68/22 -> 0 | W68: =S68 -> 0 | Y68: =IF(W68="USD",V68*EXR,V68) -> 0
A69: Pentaplast SRL | B69: Xuất khẩu | C69: Ý | D69: Ý | E69: FOB | G69: 440 | H69: 484 | I69: USD | K69: =G69/22 -> 20 | L69: 20 | M69: =I69 -> USD | O69: =IF(M69="USD",L69*EXR,L69) -> 530000 | U69: =Q69/22 -> 0 | V69: =R69/22 -> 0 | W69: =S69 -> 0 | Y69: =IF(W69="USD",V69*EXR,V69) -> 0
A70: New Developments - Xơ sợi - XK | B70: Xuất Khẩu | C70: Mỹ | D70: Mỹ | E70: FOB | G70: 440 | H70: 484 | I70: USD | K70: =G70/22 -> 20 | L70: 20 | M70: =I70 -> USD | O70: =IF(M70="USD",L70*EXR,L70) -> 530000 | U70: =Q70/22 -> 0 | V70: =R70/22 -> 0 | W70: =S70 -> 0 | Y70: =IF(W70="USD",V70*EXR,V70) -> 0
A71: Genesis Polymers International | B71: Xuất khẩu | C71: Manzanillo | D71: Mexico | E71: CFR | G71: 440 | H71: 484 | I71: USD | K71: =G71/22 -> 20 | L71: 20 | M71: =I71 -> USD | O71: =IF(M71="USD",L71*EXR,L71) -> 530000 | Q71: 1900 | R71: 2400 | S71: USD | U71: =Q71/22 -> 86.363636 | V71: =R71/22 -> 109.09091 | W71: =S71 -> USD | Y71: =IF(W71="USD",V71*EXR,V71) -> 2890909.1
A72: SodaStream | B72: Xuất khẩu | C72: Ashdod | D72: Israel | E72: CIF | G72: 440 | H72: 484 | I72: USD | K72: =G72/22 -> 20 | L72: 20 | M72: =I72 -> USD | O72: =IF(M72="USD",L72*EXR,L72) -> 530000 | Q72: 3775 | R72: 3800 | S72: USD | U72: =Q72/22 -> 171.59091 | V72: =R72/22 -> 172.72727 | W72: =S72 -> USD | Y72: =IF(W72="USD",V72*EXR,V72) -> 4577272.7
A73: Natures Organics - PIA | B73: Xuất khẩu | C73: Melbourne | D73: Úc | E73: CIF | G73: 440 | H73: 484 | I73: USD | K73: =G73/22 -> 20 | L73: 20 | M73: =I73 -> USD | O73: =IF(M73="USD",L73*EXR,L73) -> 530000 | Q73: 875 | R73: 1000 | S73: USD | U73: =Q73/22 -> 39.772727 | V73: =R73/22 -> 45.454545 | W73: =S73 -> USD | Y73: =IF(W73="USD",V73*EXR,V73) -> 1204545.5
A74: GENESIS DISTRIBUCIÓN DE COLOMBIA SA | B74: Xuất khẩu | C74: Buenaventura | D74: Colombia | E74: CFR | G74: 440 | H74: 484 | I74: USD | K74: =G74/22 -> 20 | L74: 20 | M74: =I74 -> USD | O74: =IF(M74="USD",L74*EXR,L74) -> 530000 | Q74: 3085 | R74: 3200 | S74: USD | U74: =Q74/22 -> 140.22727 | V74: =R74/22 -> 145.45455 | W74: =S74 -> USD | Y74: =IF(W74="USD",V74*EXR,V74) -> 3854545.5
A75: ITD Polyresin | B75: Xuất khẩu | C75: Thessaloniki | D75: Hy lạp | E75: FOB | G75: 440 | H75: 484 | I75: USD | K75: =G75/22 -> 20 | L75: 20 | M75: =I75 -> USD | O75: =IF(M75="USD",L75*EXR,L75) -> 530000 | U75: =Q75/22 -> 0 | V75: =R75/22 -> 0 | W75: =S75 -> 0 | Y75: =IF(W75="USD",V75*EXR,V75) -> 0
A76: MAS CO.LTD | B76: Xuất khẩu | C76: Valencia | D76: Bồ Đào Nha | E76: FOB | G76: 440 | H76: 484 | I76: USD | K76: =G76/22 -> 20 | L76: 20 | M76: =I76 -> USD | O76: =IF(M76="USD",L76*EXR,L76) -> 530000 | U76: =Q76/22 -> 0 | V76: =R76/22 -> 0 | W76: =S76 -> 0 | Y76: =IF(W76="USD",V76*EXR,V76) -> 0
A77: POLYCAD | B77: Xuất khẩu | C77: Haifa | D77: Israel | E77: CIF | G77: 440 | H77: 484 | I77: USD | K77: =G77/22 -> 20 | L77: 20 | M77: =I77 -> USD | O77: =IF(M77="USD",L77*EXR,L77) -> 530000 | Q77: 2700 | R77: 3000 | S77: USD | U77: =Q77/22 -> 122.72727 | V77: =R77/22 -> 136.36364 | W77: =S77 -> USD | Y77: =IF(W77="USD",V77*EXR,V77) -> 3613636.4
A78: Fega | B78: Xuất khẩu | C78: Thessaloniki | D78: Hy lạp | E78: FOB | G78: 440 | H78: 484 | I78: USD | K78: =G78/22 -> 20 | L78: 20 | M78: =I78 -> USD | O78: =IF(M78="USD",L78*EXR,L78) -> 530000 | U78: =Q78/22 -> 0 | V78: =R78/22 -> 0 | W78: =S78 -> 0 | Y78: =IF(W78="USD",V78*EXR,V78) -> 0
A79: POLYRESIN EOOD | B79: Xuất khẩu | C79: Thessaloniki | D79: Hy lạp | E79: FOB | G79: 440 | H79: 484 | I79: USD | K79: =G79/22 -> 20 | L79: 20 | M79: =I79 -> USD | O79: =IF(M79="USD",L79*EXR,L79) -> 530000 | U79: =Q79/22 -> 0 | V79: =R79/22 -> 0 | W79: =S79 -> 0 | Y79: =IF(W79="USD",V79*EXR,V79) -> 0
A80: PTI- Retal | B80: Xuất khẩu | C80: Barcelona | D80: Tây Ban Nha | E80: CIF | G80: 440 | H80: 484 | I80: USD | K80: =G80/22 -> 20 | L80: 20 | M80: =I80 -> USD | O80: =IF(M80="USD",L80*EXR,L80) -> 530000 | Q80: 3650 | R80: 3800 | S80: USD | U80: =Q80/22 -> 165.90909 | V80: =R80/22 -> 172.72727 | W80: =S80 -> USD | Y80: =IF(W80="USD",V80*EXR,V80) -> 4577272.7
A81: MONTACHEM INTERNATIONAL | B81: Xuất khẩu | C81: Antwerp | D81: Bỉ | E81: CIF | G81: 440 | H81: 484 | I81: USD | K81: =G81/22 -> 20 | L81: 20 | M81: =I81 -> USD | O81: =IF(M81="USD",L81*EXR,L81) -> 530000 | Q81: 1150 | R81: 1800 | S81: USD | U81: =Q81/22 -> 52.272727 | V81: =R81/22 -> 81.818182 | W81: =S81 -> USD | Y81: =IF(W81="USD",V81*EXR,V81) -> 2168181.8
A82: TRICON | B82: Xuất khẩu | C82: Manzanillo | D82: Mexico | E82: FOB | G82: 440 | H82: 484 | I82: USD | K82: =G82/22 -> 20 | L82: 20 | M82: =I82 -> USD | O82: =IF(M82="USD",L82*EXR,L82) -> 530000 | U82: =Q82/22 -> 0 | V82: =R82/22 -> 0 | W82: =S82 -> 0 | Y82: =IF(W82="USD",V82*EXR,V82) -> 0
A83: ANTEX | B83: Xuất khẩu | C83: Bibao | D83: Tây Ban Nha | E83: CIF | G83: 440 | H83: 484 | I83: USD | K83: =G83/22 -> 20 | L83: 20 | M83: =I83 -> USD | O83: =IF(M83="USD",L83*EXR,L83) -> 530000 | Q83: 2150 | R83: 2400 | S83: USD | U83: =Q83/22 -> 97.727273 | V83: =R83/22 -> 109.09091 | W83: =S83 -> USD | Y83: =IF(W83="USD",V83*EXR,V83) -> 2890909.1
A84: International Gate SA | B84: Xuất khẩu | C84: Gdansk | D84: Ba Lan | E84: CIF | G84: 440 | H84: 484 | I84: USD | K84: =G84/22 -> 20 | L84: 20 | M84: =I84 -> USD | O84: =IF(M84="USD",L84*EXR,L84) -> 530000 | Q84: 2200 | R84: 1800 | S84: USD | U84: =Q84/22 -> 100 | V84: =R84/22 -> 81.818182 | W84: =S84 -> USD | Y84: =IF(W84="USD",V84*EXR,V84) -> 2168181.8
A85: Resinex | B85: Xuất khẩu | C85: Haifa | D85: Israel | E85: FOB | G85: 440 | H85: 484 | I85: USD | K85: =G85/22 -> 20 | L85: 20 | M85: =I85 -> USD | O85: =IF(M85="USD",L85*EXR,L85) -> 530000 | U85: =Q85/22 -> 0 | V85: =R85/22 -> 0 | W85: =S85 -> 0 | Y85: =IF(W85="USD",V85*EXR,V85) -> 0
A86: REYNERA | B86: Xuất khẩu | C86: Cadereyta | D86: Mexico | E86: FOB | G86: 440 | H86: 484 | I86: USD | K86: =G86/22 -> 20 | L86: 20 | M86: =I86 -> USD | O86: =IF(M86="USD",L86*EXR,L86) -> 530000 | U86: =Q86/22 -> 0 | V86: =R86/22 -> 0 | W86: =S86 -> 0 | Y86: =IF(W86="USD",V86*EXR,V86) -> 0
A87: PREMIUM WATER | B87: Xuất khẩu | C87: Los Angeles | D87: Mỹ | E87: FOB | G87: 440 | H87: 484 | I87: USD | K87: =G87/22 -> 20 | L87: 20 | M87: =I87 -> USD | O87: =IF(M87="USD",L87*EXR,L87) -> 530000 | U87: =Q87/22 -> 0 | V87: =R87/22 -> 0 | W87: =S87 -> 0 | Y87: =IF(W87="USD",V87*EXR,V87) -> 0
A88: Pragmatrade | B88: Xuất khẩu | C88: Ý | D88: Ý | E88: FOB | G88: 440 | H88: 484 | I88: USD | K88: =G88/22 -> 20 | L88: 20 | M88: =I88 -> USD | O88: =IF(M88="USD",L88*EXR,L88) -> 530000 | U88: =Q88/22 -> 0 | V88: =R88/22 -> 0 | W88: =S88 -> 0 | Y88: =IF(W88="USD",V88*EXR,V88) -> 0
A89: MERAXIS AG | B89: Xuất khẩu | C89: Đức | D89: Đức | E89: FOB | G89: 440 | H89: 484 | I89: USD | K89: =G89/22 -> 20 | L89: 20 | M89: =I89 -> USD | O89: =IF(M89="USD",L89*EXR,L89) -> 530000 | U89: =Q89/22 -> 0 | V89: =R89/22 -> 0 | W89: =S89 -> 0 | Y89: =IF(W89="USD",V89*EXR,V89) -> 0
A90: Nu-pure | B90: Xuất khẩu | C90: Melbourne | D90: Úc | E90: CIF | G90: 440 | H90: 484 | I90: USD | K90: =G90/22 -> 20 | L90: 20 | M90: =I90 -> USD | O90: =IF(M90="USD",L90*EXR,L90) -> 530000 | Q90: 700 | R90: 1000 | S90: USD | U90: =Q90/22 -> 31.818182 | V90: =R90/22 -> 45.454545 | W90: =S90 -> USD | Y90: =IF(W90="USD",V90*EXR,V90) -> 1204545.5
A91: CN Cty Coca - Hà Nội | B91: Nội địa | C91: Hà Nội | D91: Việt Nam | E91: DDP | G91: 13425925 | H91: 13425925 | I91: VND | K91: =G91/22 -> 610269.32 | L91: =H91/22 -> 610269.32 | M91: =I91 -> VND | O91: =IF(M91="USD",L91*EXR,L91) -> 610269.32 | U91: =Q91/22 -> 0 | V91: =R91/22 -> 0 | W91: =S91 -> 0 | Y91: =IF(W91="USD",V91*EXR,V91) -> 0
A92: COCA COLA ĐÀ NẴNG | B92: Nội địa | C92: Đà Nẵng | D92: Việt Nam | E92: DDP | G92: 3080000 | H92: 3080000 | I92: VND | K92: =G92/22 -> 140000 | L92: =H92/22 -> 140000 | M92: =I92 -> VND | O92: =IF(M92="USD",L92*EXR,L92) -> 140000 | U92: =Q92/22 -> 0 | V92: =R92/22 -> 0 | W92: =S92 -> 0 | Y92: =IF(W92="USD",V92*EXR,V92) -> 0
A93: UNILEVER-NGỌC NGHĨA | B93: Nội địa | C93: Hồ Chí Minh | D93: Việt Nam | E93: DDP | G93: 3080000 | H93: 3080000 | I93: VND | K93: =G93/22 -> 140000 | L93: =H93/22 -> 140000 | M93: =I93 -> VND | O93: =IF(M93="USD",L93*EXR,L93) -> 140000 | U93: =Q93/22 -> 0 | V93: =R93/22 -> 0 | W93: =S93 -> 0 | Y93: =IF(W93="USD",V93*EXR,V93) -> 0
A94: UNILEVER - NNG-TN | B94: Nội địa | C94: Tây Ninh | D94: Việt Nam | E94: DDP | G94: 3080000 | H94: 3080000 | I94: VND | K94: =G94/22 -> 140000 | L94: =H94/22 -> 140000 | M94: =I94 -> VND | O94: =IF(M94="USD",L94*EXR,L94) -> 140000 | U94: =Q94/22 -> 0 | V94: =R94/22 -> 0 | W94: =S94 -> 0 | Y94: =IF(W94="USD",V94*EXR,V94) -> 0
A95: Suntory Sri Thái Bình Dương | B95: Nội địa | C95: Bình Dương | D95: Việt Nam | E95: DDP | G95: 3520000 | H95: 3520000 | I95: VND | K95: =G95/22 -> 160000 | L95: =H95/22 -> 160000 | M95: =I95 -> VND | O95: =IF(M95="USD",L95*EXR,L95) -> 160000 | U95: =Q95/22 -> 0 | V95: =R95/22 -> 0 | W95: =S95 -> 0 | Y95: =IF(W95="USD",V95*EXR,V95) -> 0
A96: Suntory- Ngọc Nghĩa Tây Ninh | B96: Nội địa | C96: Tây Ninh | D96: Việt Nam | E96: DDP | G96: 3080000 | H96: 3080000 | I96: VND | K96: =G96/22 -> 140000 | L96: =H96/22 -> 140000 | M96: =I96 -> VND | O96: =IF(M96="USD",L96*EXR,L96) -> 140000 | U96: =Q96/22 -> 0 | V96: =R96/22 -> 0 | W96: =S96 -> 0 | Y96: =IF(W96="USD",V96*EXR,V96) -> 0
A97: Suntory - Ngọc Nghĩa Hưng Yên | B97: Nội địa | C97: Hưng Yên | D97: Việt Nam | E97: DDP | G97: 13425925 | H97: 13425925 | I97: VND | K97: =G97/22 -> 610269.32 | L97: =H97/22 -> 610269.32 | M97: =I97 -> VND | O97: =IF(M97="USD",L97*EXR,L97) -> 610269.32 | U97: =Q97/22 -> 0 | V97: =R97/22 -> 0 | W97: =S97 -> 0 | Y97: =IF(W97="USD",V97*EXR,V97) -> 0
A98: AGRIFREDA | B98: Xuất khẩu | C98: Thessaloniki | D98: Hy lạp | E98: FOB | G98: 440 | H98: 484 | I98: USD | K98: =G98/22 -> 20 | L98: 20 | M98: =I98 -> USD | O98: =IF(M98="USD",L98*EXR,L98) -> 530000 | U98: =Q98/22 -> 0 | V98: =R98/22 -> 0 | W98: =S98 -> 0 | Y98: =IF(W98="USD",V98*EXR,V98) -> 0
A99: New Developments - Vảy PET - XK | B99: Xuất Khẩu | C99: Mỹ | D99: Mỹ | E99: FOB | G99: 440 | H99: 484 | I99: USD | K99: =G99/22 -> 20 | L99: 20 | M99: =I99 -> USD | O99: =IF(M99="USD",L99*EXR,L99) -> 530000 | U99: =Q99/22 -> 0 | V99: =R99/22 -> 0 | W99: =S99 -> 0 | Y99: =IF(W99="USD",V99*EXR,V99) -> 0
A100: New Developments - Hạt PET - XK | B100: Xuất Khẩu | C100: Mỹ | D100: Mỹ | E100: FOB | G100: 440 | H100: 484 | I100: USD | K100: =G100/22 -> 20 | L100: 20 | M100: =I100 -> USD | O100: =IF(M100="USD",L100*EXR,L100) -> 530000 | U100: =Q100/22 -> 0 | V100: =R100/22 -> 0 | W100: =S100 -> 0 | Y100: =IF(W100="USD",V100*EXR,V100) -> 0
A101: New Developments - Vảy PET - XK | B101: Xuất Khẩu | C101: Export | D101: Unknown | E101: FOB | G101: 440 | H101: 484 | I101: USD | K101: =G101/22 -> 20 | L101: 20 | M101: =I101 -> USD | O101: =IF(M101="USD",L101*EXR,L101) -> 530000 | U101: =Q101/22 -> 0 | V101: =R101/22 -> 0 | W101: =S101 -> 0 | Y101: =IF(W101="USD",V101*EXR,V101) -> 0
A102: New Developments - Hạt PET - XK | B102: Xuất Khẩu | C102: Export | D102: Unknown | E102: FOB | G102: 440 | H102: 484 | I102: USD | K102: =G102/22 -> 20 | L102: 20 | M102: =I102 -> USD | O102: =IF(M102="USD",L102*EXR,L102) -> 530000 | U102: =Q102/22 -> 0 | V102: =R102/22 -> 0 | W102: =S102 -> 0 | Y102: =IF(W102="USD",V102*EXR,V102) -> 0
A103: New Developments - Xơ sợi - XK | B103: Xuất Khẩu | C103: Export | D103: Unknown | E103: FOB | G103: 440 | H103: 484 | I103: USD | K103: =G103/22 -> 20 | L103: 20 | M103: =I103 -> USD | O103: =IF(M103="USD",L103*EXR,L103) -> 530000 | U103: =Q103/22 -> 0 | V103: =R103/22 -> 0 | W103: =S103 -> 0 | Y103: =IF(W103="USD",V103*EXR,V103) -> 0
A104: Suntory- Ngọc Nghĩa Tây Ninh (thêm) | B104: Nội địa | C104: Tây Ninh | D104: Việt Nam | E104: DDP | G104: 3080000 | H104: 3080000 | I104: VND | K104: =G104/22 -> 140000 | L104: =H104/22 -> 140000 | M104: =I104 -> VND | O104: =IF(M104="USD",L104*EXR,L104) -> 140000 | U104: =Q104/22 -> 0 | V104: =R104/22 -> 0 | W104: =S104 -> 0 | Y104: =IF(W104="USD",V104*EXR,V104) -> 0
A105: Dynaplast Bắc Ninh | B105: Nội địa | C105: Bắc Ninh | D105: Việt Nam | E105: DDP | G105: =18425926/24750*22000 -> 16378601 | H105: =G105 -> 16378601 | I105: VND | K105: =G105/22 -> 744481.86 | L105: =H105/22 -> 744481.86 | M105: =I105 -> VND | O105: =IF(M105="USD",L105*EXR,L105) -> 744481.86 | U105: =Q105/22 -> 0 | V105: =R105/22 -> 0 | W105: =S105 -> 0 | Y105: =IF(W105="USD",V105*EXR,V105) -> 0
A106: Vinmar International | B106: Xuất khẩu | C106: EU | D106: EU | E106: FOB | G106: 440 | H106: 440 | I106: USD | K106: =G106/22 -> 20 | L106: =H106/22 -> 20 | M106: =I106 -> USD | O106: =IF(M106="USD",L106*EXR,L106) -> 530000 | U106: =Q106/22 -> 0 | V106: =R106/22 -> 0 | W106: =S106 -> 0 | Y106: =IF(W106="USD",V106*EXR,V106) -> 0
A107: Pentaplast | B107: Xuất Khẩu | C107: Ý | D107: Ý | E107: FOB | G107: 440 | H107: 440 | I107: USD | K107: =G107/22 -> 20 | L107: =H107/22 -> 20 | M107: =I107 -> USD | O107: =IF(M107="USD",L107*EXR,L107) -> 530000 | U107: =Q107/22 -> 0 | V107: =R107/22 -> 0 | W107: =S107 -> 0 | Y107: =IF(W107="USD",V107*EXR,V107) -> 0
A108: Wiese | B108: Xuất Khẩu | C108: Cadereyta | D108: Mexico | E108: FOB | G108: 440 | H108: 440 | I108: USD | K108: =G108/22 -> 20 | L108: =H108/22 -> 20 | M108: =I108 -> USD | O108: =IF(M108="USD",L108*EXR,L108) -> 530000 | U108: =Q108/22 -> 0 | V108: =R108/22 -> 0 | W108: =S108 -> 0 | Y108: =IF(W108="USD",V108*EXR,V108) -> 0
A109: NISHIN | B109: Xuất khẩu | C109: Tokyo | D109: Nhật | E109: FOB | G109: 440 | H109: 440 | I109: USD | K109: =G109/22 -> 20 | L109: =H109/22 -> 20 | M109: =I109 -> USD | O109: =IF(M109="USD",L109*EXR,L109) -> 530000 | U109: =Q109/22 -> 0 | V109: =R109/22 -> 0 | W109: =S109 -> 0 | Y109: =IF(W109="USD",V109*EXR,V109) -> 0
A110: NISHIN | B110: Xuất khẩu | C110: Tokyo | D110: Nhật | E110: FOB | G110: 440 | H110: 440 | I110: USD | K110: =G110/22 -> 20 | L110: =H110/22 -> 20 | M110: =I110 -> USD | O110: =IF(M110="USD",L110*EXR,L110) -> 530000 | U110: =Q110/22 -> 0 | V110: =R110/22 -> 0 | W110: =S110 -> 0 | Y110: =IF(W110="USD",V110*EXR,V110) -> 0
K111: =G111/22 -> 0 | L111: =H111/22 -> 0 | M111: =I111 -> 0 | O111: =IF(M111="USD",L111*EXR,L111) -> 0 | U111: =Q111/22 -> 0 | V111: =R111/22 -> 0 | W111: =S111 -> 0 | Y111: =IF(W111="USD",V111*EXR,V111) -> 0
K112: =G112/22 -> 0 | L112: =H112/22 -> 0 | M112: =I112 -> 0 | O112: =IF(M112="USD",L112*EXR,L112) -> 0 | U112: =Q112/22 -> 0 | V112: =R112/22 -> 0 | W112: =S112 -> 0 | Y112: =IF(W112="USD",V112*EXR,V112) -> 0
K113: =G113/22 -> 0 | L113: =H113/22 -> 0 | M113: =I113 -> 0 | O113: =IF(M113="USD",L113*EXR,L113) -> 0 | U113: =Q113/22 -> 0 | V113: =R113/22 -> 0 | W113: =S113 -> 0 | Y113: =IF(W113="USD",V113*EXR,V113) -> 0
K114: =G114/22 -> 0 | L114: =H114/22 -> 0 | M114: =I114 -> 0 | O114: =IF(M114="USD",L114*EXR,L114) -> 0 | U114: =Q114/22 -> 0 | V114: =R114/22 -> 0 | W114: =S114 -> 0 | Y114: =IF(W114="USD",V114*EXR,V114) -> 0
K115: =G115/22 -> 0 | L115: =H115/22 -> 0 | M115: =I115 -> 0 | O115: =IF(M115="USD",L115*EXR,L115) -> 0 | U115: =Q115/22 -> 0 | V115: =R115/22 -> 0 | W115: =S115 -> 0 | Y115: =IF(W115="USD",V115*EXR,V115) -> 0
K116: =G116/22 -> 0 | L116: =H116/22 -> 0 | M116: =I116 -> 0 | O116: =IF(M116="USD",L116*EXR,L116) -> 0 | U116: =Q116/22 -> 0 | V116: =R116/22 -> 0 | W116: =S116 -> 0 | Y116: =IF(W116="USD",V116*EXR,V116) -> 0
K117: =G117/22 -> 0 | L117: =H117/22 -> 0 | M117: =I117 -> 0 | O117: =IF(M117="USD",L117*EXR,L117) -> 0 | U117: =Q117/22 -> 0 | V117: =R117/22 -> 0 | W117: =S117 -> 0 | Y117: =IF(W117="USD",V117*EXR,V117) -> 0
K118: =G118/22 -> 0 | L118: =H118/22 -> 0 | M118: =I118 -> 0 | O118: =IF(M118="USD",L118*EXR,L118) -> 0 | U118: =Q118/22 -> 0 | V118: =R118/22 -> 0 | W118: =S118 -> 0 | Y118: =IF(W118="USD",V118*EXR,V118) -> 0
K119: =G119/22 -> 0 | L119: =H119/22 -> 0 | M119: =I119 -> 0 | O119: =IF(M119="USD",L119*EXR,L119) -> 0 | U119: =Q119/22 -> 0 | V119: =R119/22 -> 0 | W119: =S119 -> 0 | Y119: =IF(W119="USD",V119*EXR,V119) -> 0
K120: =G120/22 -> 0 | L120: =H120/22 -> 0 | M120: =I120 -> 0 | O120: =IF(M120="USD",L120*EXR,L120) -> 0 | U120: =Q120/22 -> 0 | V120: =R120/22 -> 0 | W120: =S120 -> 0 | Y120: =IF(W120="USD",V120*EXR,V120) -> 0
K121: =G121/22 -> 0 | L121: =H121/22 -> 0 | M121: =I121 -> 0 | O121: =IF(M121="USD",L121*EXR,L121) -> 0 | U121: =Q121/22 -> 0 | V121: =R121/22 -> 0 | W121: =S121 -> 0 | Y121: =IF(W121="USD",V121*EXR,V121) -> 0
K122: =G122/22 -> 0 | L122: =H122/22 -> 0 | M122: =I122 -> 0 | O122: =IF(M122="USD",L122*EXR,L122) -> 0 | U122: =Q122/22 -> 0 | V122: =R122/22 -> 0 | W122: =S122 -> 0 | Y122: =IF(W122="USD",V122*EXR,V122) -> 0
... K201: =G201/22 -> 0 | L201: =H201/22 -> 0 | M201: =I201 -> 0 | O201: =IF(M201="USD",L201*EXR,L201) -> 0 | U201: =Q201/22 -> 0 | V201: =R201/22 -> 0 | W201: =S201 -> 0 | Y201: =IF(W201="USD",V201*EXR,V201) -> 0

Sheet Source_VC
A1: Địa điểm đến | B1: Nước đến | C1: Khu vực | D1: Incoterm | E1: Check
A2: {=_xlfn._xlws.SORT(_xlfn.UNIQUE(#REF!),,-1,FALSE)} -> #REF! | E2: {=IF(A2<>"",OR(_xlfn.TEXTJOIN("",FALSE,A2:D2)=ĐGVC!$B$6:$B$201&ĐGVC!$C$6:$C$201&ĐGVC!$D$6:$D$201&ĐGVC!$E$6:$E$201),"")} -> #REF!
E3: {=IF(A3<>"",OR(_xlfn.TEXTJOIN("",FALSE,A3:D3)=ĐGVC!$B$6:$B$201&ĐGVC!$C$6:$C$201&ĐGVC!$D$6:$D$201&ĐGVC!$E$6:$E$201),"")}
E4: {=IF(A4<>"",OR(_xlfn.TEXTJOIN("",FALSE,A4:D4)=ĐGVC!$B$6:$B$201&ĐGVC!$C$6:$C$201&ĐGVC!$D$6:$D$201&ĐGVC!$E$6:$E$201),"")}
E5: {=IF(A5<>"",OR(_xlfn.TEXTJOIN("",FALSE,A5:D5)=ĐGVC!$B$6:$B$201&ĐGVC!$C$6:$C$201&ĐGVC!$D$6:$D$201&ĐGVC!$E$6:$E$201),"")}
E6: {=IF(A6<>"",OR(_xlfn.TEXTJOIN("",FALSE,A6:D6)=ĐGVC!$B$6:$B$201&ĐGVC!$C$6:$C$201&ĐGVC!$D$6:$D$201&ĐGVC!$E$6:$E$201),"")}
E7: {=IF(A7<>"",OR(_xlfn.TEXTJOIN("",FALSE,A7:D7)=ĐGVC!$B$6:$B$201&ĐGVC!$C$6:$C$201&ĐGVC!$D$6:$D$201&ĐGVC!$E$6:$E$201),"")}
E8: {=IF(A8<>"",OR(_xlfn.TEXTJOIN("",FALSE,A8:D8)=ĐGVC!$B$6:$B$201&ĐGVC!$C$6:$C$201&ĐGVC!$D$6:$D$201&ĐGVC!$E$6:$E$201),"")}
E9: {=IF(A9<>"",OR(_xlfn.TEXTJOIN("",FALSE,A9:D9)=ĐGVC!$B$6:$B$201&ĐGVC!$C$6:$C$201&ĐGVC!$D$6:$D$201&ĐGVC!$E$6:$E$201),"")}
E10: {=IF(A10<>"",OR(_xlfn.TEXTJOIN("",FALSE,A10:D10)=ĐGVC!$B$6:$B$201&ĐGVC!$C$6:$C$201&ĐGVC!$D$6:$D$201&ĐGVC!$E$6:$E$201),"")}
E11: {=IF(A11<>"",OR(_xlfn.TEXTJOIN("",FALSE,A11:D11)=ĐGVC!$B$6:$B$201&ĐGVC!$C$6:$C$201&ĐGVC!$D$6:$D$201&ĐGVC!$E$6:$E$201),"")}
E12: {=IF(A12<>"",OR(_xlfn.TEXTJOIN("",FALSE,A12:D12)=ĐGVC!$B$6:$B$201&ĐGVC!$C$6:$C$201&ĐGVC!$D$6:$D$201&ĐGVC!$E$6:$E$201),"")}
E13: {=IF(A13<>"",OR(_xlfn.TEXTJOIN("",FALSE,A13:D13)=ĐGVC!$B$6:$B$201&ĐGVC!$C$6:$C$201&ĐGVC!$D$6:$D$201&ĐGVC!$E$6:$E$201),"")}
E14: {=IF(A14<>"",OR(_xlfn.TEXTJOIN("",FALSE,A14:D14)=ĐGVC!$B$6:$B$201&ĐGVC!$C$6:$C$201&ĐGVC!$D$6:$D$201&ĐGVC!$E$6:$E$201),"")}
... E200: {=IF(A200<>"",OR(_xlfn.TEXTJOIN("",FALSE,A200:D200)=ĐGVC!$B$6:$B$201&ĐGVC!$C$6:$C$201&ĐGVC!$D$6:$D$201&ĐGVC!$E$6:$E$201),"")}

Sheet Sheet1
A1: IV/IM | B1: (All) | E1: Application | F1: (Multiple Items) | H1: Ngành hàng | I1: rHDPE thổi
A2: Application | B2: (Multiple Items) | H2: Phân loại sản phẩm | I2: (All)
E3: Row Labels | F3: Sum of SL-KH26
A4: Row Labels | B4: Sum of SL-KH26 | E4: rPET | F4: 46346.956 | H4: Row Labels | I4: Sum of SL-KH26
A5: rPET | B5: 46346.956 | E5: 0.70 ± 0.02 | F5: 6358.1562 | H5: THỔI CHAI | I5: 5844
A6: rHDPE thổi | B6: 6624 | E6: 0.78 ± 0.02 | F6: 19336.9 | H6: THỔI ỐNG | I6: 780
A7: Xơ sợi | B7: 1039.0438 | E7: 0.80 ± 0.02 | F7: 10794.9 | H7: Grand Total | I7: 6624
A8: rPP | B8: 858 | E8: 0.84 ± 0.03 | F8: 9857
A9: Phó sản | B9: 132 | E9: Xơ sợi | F9: 1039.0438
A10: rHDPE ép | B10: 0 | E10: 0.55 ± 0.05 | F10: 1039.0438
A11: Grand Total | B11: 55000 | E11: 0.65 ± 0.03 | F11: 0
E12: Grand Total | F12: 47386
E14: Application | F14: (Multiple Items)
E15: IV/IM | F15: 0.78 ± 0.02
E17: Row Labels | F17: Sum of SL-KH26
E18: rPET | F18: 19336.9
E19: Niagara Bottling, LLC | F19: 13200 | G19: =GETPIVOTDATA("SL-KH26",$E$17,"Parent Account","Niagara Bottling, LLC","Ngành hàng","rPET")/GETPIVOTDATA("SL-KH26",$E$17,"Ngành hàng","rPET") -> 0.68263269 | H19: =GETPIVOTDATA("SL-KH26",$E$17,"Parent Account","Niagara Bottling, LLC","Ngành hàng","rPET")/GETPIVOTDATA("SL-KH26",$E$3) -> 0.27856329
E20: Unilever | F20: 3300
E21: Lavie | F21: 1320
E22: Plascene, Inc. | F22: 482.9
E23: Plascene | F23: 286
E24: PIA | F24: 264
E25: DTP | F25: 132
E26: Tân Lập Thành | F26: 132
E27: TRICON | F27: 132
E28: ĐÔ THÀNH | F28: 77
E29: AN NHẬT | F29: 11
E30: Muji- DTP | F30: 0
E31: Nhựa Âu Lạc | F31: 0
... E33: Grand Total | F33: 19336.9

Sheet KH 2026_OPT6
H1: -7200 | W1: 0.9 | AP1: 1203 | AQ1: 1184 | AR1: 1165 | AS1: 1146 | AT1: 1127 | AU1: 1108 | AV1: 1089 | AW1: 1070 | AX1: 1051 | BP1: =BP2*EXR -> 373028177500000
W2: =SUBTOTAL(9,KH_26_OPT4_KTQT_v4[SL-01]) -> 0 | X2: =SUBTOTAL(9,KH_26_OPT4_KTQT_v4[SL-02]) -> 0 | Y2: =SUBTOTAL(9,KH_26_OPT4_KTQT_v4[SL-03]) -> 44 | Z2: =SUBTOTAL(9,KH_26_OPT4_KTQT_v4[SL-04]) -> 44 | AA2: =SUBTOTAL(9,KH_26_OPT4_KTQT_v4[SL-05]) -> 88 | AB2: =SUBTOTAL(9,KH_26_OPT4_KTQT_v4[SL-06]) -> 44 | AC2: =SUBTOTAL(9,KH_26_OPT4_KTQT_v4[SL-07]) -> 64.9 | AD2: =SUBTOTAL(9,KH_26_OPT4_KTQT_v4[SL-08]) -> 66 | AE2: =SUBTOTAL(9,KH_26_OPT4_KTQT_v4[SL-09]) -> 0 | AF2: =SUBTOTAL(9,KH_26_OPT4_KTQT_v4[SL-10]) -> 0 | AG2: =SUBTOTAL(9,KH_26_OPT4_KTQT_v4[SL-11]) -> 66 | AH2: =SUBTOTAL(9,KH_26_OPT4_KTQT_v4[SL-12]) -> 66 | AI2: =SUBTOTAL(9,KH_26_OPT4_KTQT_v4[SL-KH26]) -> 482.9 | AJ2: =SUBTOTAL(9,KH_26_OPT4_KTQT_v4[SL-DB25]) -> 482.9 | AK2: =AI2-AJ2 -> 0 | BP2: =SUBTOTAL(9,KH_26_OPT4_KTQT_v4[DT-EXW-KH26]) -> 14076535000 | BQ2: =SUBTOTAL(9,KH_26_OPT4_KTQT_v4[DT-EXW-DB25]) -> 1.1150621e+10 | BR2: =BP2-BQ2 -> 2.9259135e+09 | BW2: =SUBTOTAL(9,KH_26_OPT4_KTQT_v4[CPHH-01]) -> 0 | BX2: =SUBTOTAL(9,KH_26_OPT4_KTQT_v4[CPHH-02]) -> 0 | BY2: =SUBTOTAL(9,KH_26_OPT4_KTQT_v4[CPHH-03]) -> 0 | BZ2: =SUBTOTAL(9,KH_26_OPT4_KTQT_v4[CPHH-04]) -> 0 | CA2: =SUBTOTAL(9,KH_26_OPT4_KTQT_v4[CPHH-05]) -> 0 | CB2: =SUBTOTAL(9,KH_26_OPT4_KTQT_v4[CPHH-06]) -> 0 | CC2: =SUBTOTAL(9,KH_26_OPT4_KTQT_v4[CPHH-07]) -> 0 | CD2: =SUBTOTAL(9,KH_26_OPT4_KTQT_v4[CPHH-08]) -> 0 | CE2: =SUBTOTAL(9,KH_26_OPT4_KTQT_v4[CPHH-09]) -> 0 | CF2: =SUBTOTAL(9,KH_26_OPT4_KTQT_v4[CPHH-10]) -> 0 | CG2: =SUBTOTAL(9,KH_26_OPT4_KTQT_v4[CPHH-11]) -> 0 | CH2: =SUBTOTAL(9,KH_26_OPT4_KTQT_v4[CPHH-12]) -> 0 | CI2: =SUBTOTAL(9,KH_26_OPT4_KTQT_v4[CPHH-KH26]) -> 0 | CJ2: Kinh doanh không cần quan tâm | CK2: Kinh doanh không cần quan tâm | CL2: Kinh doanh không cần quan tâm | CM2: Kinh doanh không cần quan tâm | CN2: =SUBTOTAL(9,KH_26_OPT4_KTQT_v4[CPVC-01]) -> 0 | CO2: =SUBTOTAL(9,KH_26_OPT4_KTQT_v4[CPVC-02]) -> 0 | CP2: =SUBTOTAL(9,KH_26_OPT4_KTQT_v4[CPVC-03]) -> 23320000 | CQ2: =SUBTOTAL(9,KH_26_OPT4_KTQT_v4[CPVC-04]) -> 23320000 | CR2: =SUBTOTAL(9,KH_26_OPT4_KTQT_v4[CPVC-05]) -> 46640000 | CS2: =SUBTOTAL(9,KH_26_OPT4_KTQT_v4[CPVC-06]) -> 23320000 | CT2: =SUBTOTAL(9,KH_26_OPT4_KTQT_v4[CPVC-07]) -> 34397000 | CU2: =SUBTOTAL(9,KH_26_OPT4_KTQT_v4[CPVC-08]) -> 34980000 | CV2: =SUBTOTAL(9,KH_26_OPT4_KTQT_v4[CPVC-09]) -> 0 | CW2: =SUBTOTAL(9,KH_26_OPT4_KTQT_v4[CPVC-10]) -> 0 | CX2: =SUBTOTAL(9,KH_26_OPT4_KTQT_v4[CPVC-11]) -> 34980000 | CY2: =SUBTOTAL(9,KH_26_OPT4_KTQT_v4[CPVC-12]) -> 34980000 | CZ2: =SUBTOTAL(9,KH_26_OPT4_KTQT_v4[CPVC-KH26]) -> 255937000 | DA2: Kinh doanh không cần quan tâm | DB2: Kinh doanh không cần quan tâm | DC2: Kinh doanh không cần quan tâm | DD2: Kinh doanh không cần quan tâm | DE2: Kinh doanh không cần quan tâm | DF2: Kinh doanh không cần quan tâm | DG2: Kinh doanh không cần quan tâm | DH2: Kinh doanh không cần quan tâm | DI2: Kinh doanh không cần quan tâm | DJ2: Kinh doanh không cần quan tâm | DK2: Kinh doanh không cần quan tâm | DL2: Kinh doanh không cần quan tâm | DM2: =SUBTOTAL(9,KH_26_OPT4_KTQT_v4[DT-KH26]) -> 14332472000 | DN2: Kinh doanh không cần quan tâm | DO2: Kinh doanh không cần quan tâm | DP2: Kinh doanh không cần quan tâm | DR2: =SUBTOTAL(9,DR6:DR1048576) -> 0 | DS2: =SUBTOTAL(9,DS6:DS1048576) -> 0 | DT2: =SUBTOTAL(9,DT6:DT1048576) -> 0 | DU2: =SUBTOTAL(9,DU6:DU1048576) -> 0 | DV2: =SUBTOTAL(9,DV6:DV1048576) -> 0 | DW2: =SUBTOTAL(9,DW6:DW1048576) -> 0 | DX2: =SUBTOTAL(9,DX6:DX1048576) -> 0 | DY2: =SUBTOTAL(9,DY6:DY1048576) -> 0 | ... EC2: =SUBTOTAL(9,EC6:EC1048576) -> 0 | ED2: =SUBTOTAL(9,KH_26_OPT4_KTQT_v4[CPDP-KH26]) -> 0
A3: STT | B3: Salesman | C3: Sales Manager | D3: Mã khách | E3: Parent Account | F3: Tên khách-Rút gọn | G3: Phân loại khách | H3: Kênh bán hàng | I3: Địa điểm đến | J3: Nước đến | K3: Khu vực | L3: Incoterm | M3: Mã sản phẩm | N3: Tên sản phẩm-Rút gọn | O3: Ngành hàng | P3: Nhóm sản phẩm | Q3: IV/IM | R3: Application | S3: Phân loại sản phẩm | T3: Phân loại KH | V3: Mức độ khả thi | W3: SỐ LƯỢNG BÁN - 2026 (tấn) | AI3: KH 2026 | AJ3: DB 2025 | AK3: +/- | AL3: %+/- | AM3: GIÁ BÁN EXW - 2026 (USD/tấn) - CHƯA LOẠI TRỪ EPR | AY3: KH 2026 | AZ3: DB 2025 | BA3: +/- | BB3: %+/- | BD3: DOANH THU EXW (VND) | BP3: KH 2026 | BQ3: DB 2025 | BR3: +/- | BS3: %+/- | BT3: CHI PHÍ HOA HỒNG | CI3: KH 26 | CJ3: ĐƠN GIÁ VC KÊNH NỘI ĐỊA | CK3: ĐƠN GIÁ VC KÊNH XUẤT KHẨU | CL3: ĐƠN GIÁ VC NỘI ĐỊA- KÊNH XUẤT KHẨU | CM3: CƯỚC TÀU | CN3: CHI PHÍ VẬN CHUYỂN | CZ3: KH 2026 | DA3: DOANH THU KẾ TOÁN (VND) | DM3: KH 2026 | DN3: DB 2025 | DO3: +/- | DP3: %+/- | DQ3: CHI PHÍ DỰ PHÒNG | ED3: KH 2026
T4: Price scheme | W4: SL-01 | X4: SL-02 | Y4: SL-03 | Z4: SL-04 | AA4: SL-05 | AB4: SL-06 | AC4: SL-07 | AD4: SL-08 | AE4: SL-09 | AF4: SL-10 | AG4: SL-11 | AH4: SL-12 | AM4: GB-01 | AN4: GB-02 | AO4: GB-03 | AP4: GB-04 | AQ4: GB-05 | AR4: GB-06 | AS4: GB-07 | AT4: GB-08 | AU4: GB-09 | AV4: GB-10 | AW4: GB-11 | AX4: GB-12 | BD4: DT-EXW-01 | BE4: DT-EXW-02 | BF4: DT-EXW-03 | BG4: DT-EXW-04 | BH4: DT-EXW-05 | BI4: DT-EXW-06 | BJ4: DT-EXW-07 | BK4: DT-EXW-08 | BL4: DT-EXW-09 | BM4: DT-EXW-10 | BN4: DT-EXW-11 | BO4: DT-EXW-12 | BT4: %CPHH | BU4: %CPHH | BV4: CPHH-SL | BW4: CPHH-01 | BX4: CPHH-02 | BY4: CPHH-03 | BZ4: CPHH-04 | CA4: CPHH-05 | CB4: CPHH-06 | CC4: CPHH-07 | CD4: CPHH-08 | CE4: CPHH-09 | CF4: CPHH-10 | CG4: CPHH-11 | CH4: CPHH-12 | CN4: CPVC-01 | CO4: CPVC-02 | CP4: CPVC-03 | CQ4: CPVC-04 | CR4: CPVC-05 | CS4: CPVC-06 | CT4: CPVC-07 | CU4: CPVC-08 | CV4: CPVC-09 | CW4: CPVC-10 | CX4: CPVC-11 | CY4: CPVC-12 | DA4: DT-01 | DB4: DT-02 | DC4: DT-03 | DD4: DT-04 | DE4: DT-05 | DF4: DT-06 | DG4: DT-07 | DH4: DT-08 | DI4: DT-09 | DJ4: DT-10 | DK4: DT-11 | DL4: DT-12 | DQ4: %DP | DR4: CPDP-01 | DS4: CPDP-02 | DT4: CPDP-03 | DU4: CPDP-04 | DV4: CPDP-05 | DW4: CPDP-06 | DX4: CPDP-07 | DY4: CPDP-08 | DZ4: CPDP-09 | EA4: CPDP-10 | EB4: CPDP-11 | EC4: CPDP-12
A5: STT | B5: Salesman | C5: SalesManager | D5: Mã khách | E5: Parent Account | F5: Tên khách | G5: Phân loại khách | H5: Kênh bán hàng | I5: Địa điểm đến | J5: Nước đến | K5: Khu vực | L5: Incoterm | M5: Mã sản phẩm | N5: Tên sản phẩm | O5: Ngành hàng | P5: Nhóm sản phẩm | Q5: IV/IM | R5: Application | S5: Phân loại sản phẩm | T5: Price_Sheme | U5: Lấy | V5: Mức độ khả thi | W5: SL-01 | X5: SL-02 | Y5: SL-03 | Z5: SL-04 | AA5: SL-05 | AB5: SL-06 | AC5: SL-07 | AD5: SL-08 | AE5: SL-09 | AF5: SL-10 | AG5: SL-11 | AH5: SL-12 | AI5: SL-KH26 | AJ5: SL-DB25 | AK5: SL-+/- | AL5: SL-%+/- | AM5: GB-01 | AN5: GB-02 | AO5: GB-03 | AP5: GB-04 | AQ5: GB-05 | AR5: GB-06 | AS5: GB-07 | AT5: GB-08 | AU5: GB-09 | AV5: GB-10 | AW5: GB-11 | AX5: GB-12 | AY5: GB-DB25 | AZ5: GB-KH25 | BA5: GB-+/- | BB5: GB-%+/- | BC5: Ghi chú | BD5: DT-EXW-01 | BE5: DT-EXW-02 | BF5: DT-EXW-03 | BG5: DT-EXW-04 | BH5: DT-EXW-05 | BI5: DT-EXW-06 | BJ5: DT-EXW-07 | BK5: DT-EXW-08 | BL5: DT-EXW-09 | BM5: DT-EXW-10 | BN5: DT-EXW-11 | BO5: DT-EXW-12 | BP5: DT-EXW-KH26 | BQ5: DT-EXW-DB25 | BR5: DT-EXW-+/- | BS5: DT-EXW-%+/- | BT5: CPHH-%-SL | BU5: %HH | BV5: HH-SL | BW5: CPHH-01 | BX5: CPHH-02 | BY5: CPHH-03 | BZ5: CPHH-04 | CA5: CPHH-05 | CB5: CPHH-06 | CC5: CPHH-07 | CD5: CPHH-08 | CE5: CPHH-09 | CF5: CPHH-10 | CG5: CPHH-11 | CH5: CPHH-12 | CI5: CPHH-KH26 | CJ5: ĐGVC-KNĐ | CK5: ĐGVC-KXK | CL5: ĐGVCNĐ-KXK | CM5: ĐGVCCT-KXK | CN5: CPVC-01 | CO5: CPVC-02 | CP5: CPVC-03 | CQ5: CPVC-04 | CR5: CPVC-05 | CS5: CPVC-06 | CT5: CPVC-07 | CU5: CPVC-08 | CV5: CPVC-09 | CW5: CPVC-10 | CX5: CPVC-11 | CY5: CPVC-12 | CZ5: CPVC-KH26 | DA5: DT-01 | DB5: DT-02 | DC5: DT-03 | DD5: DT-04 | DE5: DT-05 | DF5: DT-06 | DG5: DT-07 | DH5: DT-08 | DI5: DT-09 | DJ5: DT-10 | DK5: DT-11 | DL5: DT-12 | DM5: DT-KH26 | DN5: DT-DB25 | DO5: DT-+/- | DP5: DT-%+/- | DQ5: %CPDP | DR5: CPDP-01 | DS5: CPDP-02 | DT5: CPDP-03 | DU5: CPDP-04 | DV5: CPDP-05 | DW5: CPDP-06 | DX5: CPDP-07 | DY5: CPDP-08 | DZ5: CPDP-09 | EA5: CPDP-10 | EB5: CPDP-11 | EC5: CPDP-12 | ED5: CPDP-KH26
A6: 1 | B6: Quốc Anh | C6: =IFERROR(_xlfn.XLOOKUP(KH_26_OPT4_KTQT_v4[[#This Row],[Salesman]],MD_Salesman[Salesman],MD_Salesman[SalesManager]),"") -> Quốc Anh | D6: =IFERROR(INDEX(MD_Customer[Mã khách],MATCH(KH_26_OPT4_KTQT_v4[[#This Row],[Tên khách]],MD_Customer[Tên khách-rút gọn],0)),"") -> 200319 | E6: =IFERROR(INDEX(MD_Customer[Parent Account],MATCH(KH_26_OPT4_KTQT_v4[[#This Row],[Tên khách]],MD_Customer[Tên khách-rút gọn],0)),"") -> Niagara Bottling, LLC | F6: Niagara Bottling, LLC | G6: =IFERROR(INDEX(MD_Customer[Phân loại],MATCH(KH_26_OPT4_KTQT_v4[[#This Row],[Tên khách]],MD_Customer[Tên khách-rút gọn],0)),"") -> Hiện hữu | H6: =IFERROR(INDEX(MD_Customer[Kênh bán hàng],MATCH(KH_26_OPT4_KTQT_v4[[#This Row],[Tên khách]],MD_Customer[Tên khách-rút gọn],0)),"") -> Xuất khẩu | I6: Mỹ | J6: =IFERROR(INDEX(MD_Destination[Nước],MATCH(KH_26_OPT4_KTQT_v4[[#This Row],[Địa điểm đến]],MD_Destination[Địa điểm đến],0)),"") -> Mỹ | K6: =IFERROR(INDEX(MD_Destination[Khu vực],MATCH(KH_26_OPT4_KTQT_v4[[#This Row],[Địa điểm đến]],MD_Destination[Địa điểm đến],0)),"") -> Châu Mỹ | L6: FOB | M6: =IFERROR(INDEX(MD_SKU[Mã SKU],MATCH(KH_26_OPT4_KTQT_v4[[#This Row],[Tên sản phẩm]],MD_SKU[Tên SKU-rút gọn],0)),"") -> 110000354 | N6: WSS01G 1 | O6: =IFERROR(INDEX(MD_SKU[Ngành hàng],MATCH(KH_26_OPT4_KTQT_v4[[#This Row],[Tên sản phẩm]],MD_SKU[Tên SKU-rút gọn],0)),"") -> rPET | P6: =IFERROR(INDEX(MD_SKU[Nhóm ngành],MATCH(KH_26_OPT4_KTQT_v4[[#This Row],[Tên sản phẩm]],MD_SKU[Tên SKU-rút gọn],0)),"") -> Hạt PET | Q6: =IFERROR( IF(INDEX(MD_SKU[IV/IM],MATCH(KH_26_OPT4_KTQT_v4[[#This Row],[Tên sản phẩm]],MD_SKU[Tên SKU-rút gọn],0))=0, "", INDEX(MD_SKU[IV/IM],MATCH(KH_26_OPT4_KTQT_v4[[#This Row],[Tên sản phẩm]],MD_SKU[Tên SKU-rút gọn],0)) ), "") -> 0.78 ± 0.02 | R6: =IFERROR(INDEX(MD_SKU[Application],MATCH(KH_26_OPT4_KTQT_v4[[#This Row],[Tên sản phẩm]],MD_SKU[Tên SKU-rút gọn],0)),"") -> 0 | S6: =IFERROR(INDEX(MD_SKU[Phân loại],MATCH(KH_26_OPT4_KTQT_v4[[#This Row],[Tên sản phẩm]],MD_SKU[Tên SKU-rút gọn],0)),"") -> Cũ | T6: Niagara Bottling, LLC | U6: x | V6: 0.8 | W6: 660 | X6: 660 | Y6: 660 | Z6: 660 | AA6: 660 | AB6: 660 | AC6: 660 | AD6: 660 | AE6: 660 | AF6: 660 | AG6: 660 | AH6: 660 | AI6: =SUM(KH_26_OPT4_KTQT_v4[[#This Row],[SL-01]:[SL-12]]) -> 7920 | AJ6: =SUMIFS(DB_25[SL-DB25],DB_25[Mã khách],KH_26_OPT4_KTQT_v4[[#This Row],[Mã khách]],DB_25[Mã sản phẩm],KH_26_OPT4_KTQT_v4[[#This Row],[Mã sản phẩm]]) -> 13002 | AK6: =KH_26_OPT4_KTQT_v4[[#This Row],[SL-KH26]]-KH_26_OPT4_KTQT_v4[[#This Row],[SL-DB25]] -> -5082 | AL6: =IFERROR(KH_26_OPT4_KTQT_v4[[#This Row],[SL-+/-]]/KH_26_OPT4_KTQT_v4[[#This Row],[SL-DB25]],0) -> -0.39086294 | AM6: 1044 | AN6: 1044 | AO6: 1044 | AP6: 1044 | AQ6: 1044 | AR6: 1044 | AS6: 1044 | AT6: 1044 | AU6: 1044 | AV6: 1044 | AW6: 1044 | AX6: 1044 | AY6: 1080 | BA6: =KH_26_OPT4_KTQT_v4[[#This Row],[GB-DB25]]-KH_26_OPT4_KTQT_v4[[#This Row],[GB-KH25]] -> 1080 | BB6: =IFERROR(KH_26_OPT4_KTQT_v4[[#This Row],[GB-+/-]]/KH_26_OPT4_KTQT_v4[[#This Row],[GB-KH25]],0) -> 0 | BC6: Đã bao gồm chi phí hỗ trợ tối đa 10% (giá sau hỗ trợ là 1060) | BD6: =KH_26_OPT4_KTQT_v4[[#This Row],[SL-01]]*KH_26_OPT4_KTQT_v4[[#This Row],[GB-01]]*EXR -> 18259560000 | BE6: =KH_26_OPT4_KTQT_v4[[#This Row],[SL-02]]*KH_26_OPT4_KTQT_v4[[#This Row],[GB-02]]*EXR -> 18259560000 | BF6: =KH_26_OPT4_KTQT_v4[[#This Row],[SL-03]]*KH_26_OPT4_KTQT_v4[[#This Row],[GB-03]]*EXR -> 18259560000 | BG6: =KH_26_OPT4_KTQT_v4[[#This Row],[SL-04]]*KH_26_OPT4_KTQT_v4[[#This Row],[GB-04]]*EXR -> 18259560000 | BH6: =KH_26_OPT4_KTQT_v4[[#This Row],[SL-05]]*KH_26_OPT4_KTQT_v4[[#This Row],[GB-05]]*EXR -> 18259560000 | BI6: =KH_26_OPT4_KTQT_v4[[#This Row],[SL-06]]*KH_26_OPT4_KTQT_v4[[#This Row],[GB-06]]*EXR -> 18259560000 | BJ6: =KH_26_OPT4_KTQT_v4[[#This Row],[SL-07]]*KH_26_OPT4_KTQT_v4[[#This Row],[GB-07]]*EXR -> 18259560000 | BK6: =KH_26_OPT4_KTQT_v4[[#This Row],[SL-08]]*KH_26_OPT4_KTQT_v4[[#This Row],[GB-08]]*EXR -> 18259560000 | BL6: =KH_26_OPT4_KTQT_v4[[#This Row],[SL-09]]*KH_26_OPT4_KTQT_v4[[#This Row],[GB-09]]*EXR -> 18259560000 | BM6: =KH_26_OPT4_KTQT_v4[[#This Row],[SL-10]]*KH_26_OPT4_KTQT_v4[[#This Row],[GB-10]]*EXR -> 18259560000 | BN6: =KH_26_OPT4_KTQT_v4[[#This Row],[SL-11]]*KH_26_OPT4_KTQT_v4[[#This Row],[GB-11]]*EXR -> 18259560000 | BO6: =KH_26_OPT4_KTQT_v4[[#This Row],[SL-12]]*KH_26_OPT4_KTQT_v4[[#This Row],[GB-12]]*EXR -> 18259560000 | BP6: =SUM(KH_26_OPT4_KTQT_v4[[#This Row],[DT-EXW-01]:[DT-EXW-12]]) -> 219114720000 | BQ6: =SUMIFS(DB_25[DT-DB25],DB_25[Mã khách],KH_26_OPT4_KTQT_v4[[#This Row],[Mã khách]],DB_25[Mã sản phẩm],KH_26_OPT4_KTQT_v4[[#This Row],[Mã sản phẩm]]) -> 3.6959011e+11 | BR6: =KH_26_OPT4_KTQT_v4[[#This Row],[DT-EXW-KH26]]-KH_26_OPT4_KTQT_v4[[#This Row],[DT-EXW-DB25]] -> -1.5047539e+11 | BS6: =IFERROR(KH_26_OPT4_KTQT_v4[[#This Row],[DT-EXW-+/-]]/KH_26_OPT4_KTQT_v4[[#This Row],[DT-EXW-DB25]],0) -> -0.40714128 | BT6: Dthu | BU6: 0.015 | BW6: =IF(KH_26_OPT4_KTQT_v4[[#This Row],[CPHH-%-SL]]="Dthu",KH_26_OPT4_KTQT_v4[[#This Row],[%HH]]*KH_26_OPT4_KTQT_v4[[#This Row],[DT-EXW-01]],KH_26_OPT4_KTQT_v4[[#This Row],[HH-SL]]*KH_26_OPT4_KTQT_v4[[#This Row],[SL-01]]) -> 273893400 | BX6: =IF(KH_26_OPT4_KTQT_v4[[#This Row],[CPHH-%-SL]]="Dthu",KH_26_OPT4_KTQT_v4[[#This Row],[%HH]]*KH_26_OPT4_KTQT_v4[[#This Row],[DT-EXW-02]],KH_26_OPT4_KTQT_v4[[#This Row],[HH-SL]]*KH_26_OPT4_KTQT_v4[[#This Row],[SL-02]]) -> 273893400 | BY6: =IF(KH_26_OPT4_KTQT_v4[[#This Row],[CPHH-%-SL]]="Dthu",KH_26_OPT4_KTQT_v4[[#This Row],[%HH]]*KH_26_OPT4_KTQT_v4[[#This Row],[DT-EXW-03]],KH_26_OPT4_KTQT_v4[[#This Row],[HH-SL]]*KH_26_OPT4_KTQT_v4[[#This Row],[SL-03]]) -> 273893400 | BZ6: =IF(KH_26_OPT4_KTQT_v4[[#This Row],[CPHH-%-SL]]="Dthu",KH_26_OPT4_KTQT_v4[[#This Row],[%HH]]*KH_26_OPT4_KTQT_v4[[#This Row],[DT-EXW-04]],KH_26_OPT4_KTQT_v4[[#This Row],[HH-SL]]*KH_26_OPT4_KTQT_v4[[#This Row],[SL-04]]) -> 273893400 | CA6: =IF(KH_26_OPT4_KTQT_v4[[#This Row],[CPHH-%-SL]]="Dthu",KH_26_OPT4_KTQT_v4[[#This Row],[%HH]]*KH_26_OPT4_KTQT_v4[[#This Row],[DT-EXW-05]],KH_26_OPT4_KTQT_v4[[#This Row],[HH-SL]]*KH_26_OPT4_KTQT_v4[[#This Row],[SL-05]]) -> 273893400 | CB6: =IF(KH_26_OPT4_KTQT_v4[[#This Row],[CPHH-%-SL]]="Dthu",KH_26_OPT4_KTQT_v4[[#This Row],[%HH]]*KH_26_OPT4_KTQT_v4[[#This Row],[DT-EXW-06]],KH_26_OPT4_KTQT_v4[[#This Row],[HH-SL]]*KH_26_OPT4_KTQT_v4[[#This Row],[SL-06]]) -> 273893400 | CC6: =IF(KH_26_OPT4_KTQT_v4[[#This Row],[CPHH-%-SL]]="Dthu",KH_26_OPT4_KTQT_v4[[#This Row],[%HH]]*KH_26_OPT4_KTQT_v4[[#This Row],[DT-EXW-07]],KH_26_OPT4_KTQT_v4[[#This Row],[HH-SL]]*KH_26_OPT4_KTQT_v4[[#This Row],[SL-07]]) -> 273893400 | CD6: =IF(KH_26_OPT4_KTQT_v4[[#This Row],[CPHH-%-SL]]="Dthu",KH_26_OPT4_KTQT_v4[[#This Row],[%HH]]*KH_26_OPT4_KTQT_v4[[#This Row],[DT-EXW-08]],KH_26_OPT4_KTQT_v4[[#This Row],[HH-SL]]*KH_26_OPT4_KTQT_v4[[#This Row],[SL-08]]) -> 273893400 | CE6: =IF(KH_26_OPT4_KTQT_v4[[#This Row],[CPHH-%-SL]]="Dthu",KH_26_OPT4_KTQT_v4[[#This Row],[%HH]]*KH_26_OPT4_KTQT_v4[[#This Row],[DT-EXW-09]],KH_26_OPT4_KTQT_v4[[#This Row],[HH-SL]]*KH_26_OPT4_KTQT_v4[[#This Row],[SL-09]]) -> 273893400 | CF6: =IF(KH_26_OPT4_KTQT_v4[[#This Row],[CPHH-%-SL]]="Dthu",KH_26_OPT4_KTQT_v4[[#This Row],[%HH]]*KH_26_OPT4_KTQT_v4[[#This Row],[DT-EXW-10]],KH_26_OPT4_KTQT_v4[[#This Row],[HH-SL]]*KH_26_OPT4_KTQT_v4[[#This Row],[SL-10]]) -> 273893400 | CG6: =IF(KH_26_OPT4_KTQT_v4[[#This Row],[CPHH-%-SL]]="Dthu",KH_26_OPT4_KTQT_v4[[#This Row],[%HH]]*KH_26_OPT4_KTQT_v4[[#This Row],[DT-EXW-11]],KH_26_OPT4_KTQT_v4[[#This Row],[HH-SL]]*KH_26_OPT4_KTQT_v4[[#This Row],[SL-11]]) -> 273893400 | CH6: =IF(KH_26_OPT4_KTQT_v4[[#This Row],[CPHH-%-SL]]="Dthu",KH_26_OPT4_KTQT_v4[[#This Row],[%HH]]*KH_26_OPT4_KTQT_v4[[#This Row],[DT-EXW-12]],KH_26_OPT4_KTQT_v4[[#This Row],[HH-SL]]*KH_26_OPT4_KTQT_v4[[#This Row],[SL-12]]) -> 273893400 | CI6: =SUM(KH_26_OPT4_KTQT_v4[[#This Row],[CPHH-01]:[CPHH-12]]) -> 3286720800 | CJ6: {=IFERROR(IF(KH_26_OPT4_KTQT_v4[[#This Row],[Kênh bán hàng]]="Nội địa",_xlfn.XLOOKUP(KH_26_OPT4_KTQT_v4[[#This Row],[Tên khách]]&KH_26_OPT4_KTQT_v4[[#This Row],[Kênh bán hàng]]&KH_26_OPT4_KTQT_v4[[#This Row],[Địa điểm đến]]&KH_26_OPT4_KTQT_v4[[#This Row],[Nước đến]]&KH_26_OPT4_KTQT_v4[[#This Row],[Incoterm]],ĐGVC!$A$6:$A$201&ĐGVC!$B$6:$B$201&ĐGVC!$C$6:$C$201&ĐGVC!$D$6:$D$201&ĐGVC!$E$6:$E$201,ĐGVC!$O$6:$O$201),0),0)} -> 0 | CK6: =SUM(KH_26_OPT4_KTQT_v4[[#This Row],[ĐGVCNĐ-KXK]:[ĐGVCCT-KXK]]) -> 530000 | CL6: {=IFERROR(IF(KH_26_OPT4_KTQT_v4[[#This Row],[Kênh bán hàng]]="xuất khẩu",_xlfn.XLOOKUP(KH_26_OPT4_KTQT_v4[[#This Row],[Tên khách]]&KH_26_OPT4_KTQT_v4[[#This Row],[Kênh bán hàng]]&KH_26_OPT4_KTQT_v4[[#This Row],[Địa điểm đến]]&KH_26_OPT4_KTQT_v4[[#This Row],[Nước đến]]&KH_26_OPT4_KTQT_v4[[#This Row],[Incoterm]],ĐGVC!$A$6:$A$201&ĐGVC!$B$6:$B$201&ĐGVC!$C$6:$C$201&ĐGVC!$D$6:$D$201&ĐGVC!$E$6:$E$201,ĐGVC!$O$6:$O$201),0),0)} -> 530000 | CM6: {=IFERROR(_xlfn.XLOOKUP(KH_26_OPT4_KTQT_v4[[#This Row],[Tên khách]]&KH_26_OPT4_KTQT_v4[[#This Row],[Kênh bán hàng]]&KH_26_OPT4_KTQT_v4[[#This Row],[Địa điểm đến]]&KH_26_OPT4_KTQT_v4[[#This Row],[Nước đến]]&KH_26_OPT4_KTQT_v4[[#This Row],[Incoterm]],ĐGVC!$A$6:$A$201&ĐGVC!$B$6:$B$201&ĐGVC!$C$6:$C$201&ĐGVC!$D$6:$D$201&ĐGVC!$E$6:$E$201,ĐGVC!$Y$6:$Y$201),0)} -> 0 | CN6: =(KH_26_OPT4_KTQT_v4[[#This Row],[ĐGVC-KNĐ]]+KH_26_OPT4_KTQT_v4[[#This Row],[ĐGVC-KXK]])*KH_26_OPT4_KTQT_v4[[#This Row],[SL-01]] -> 349800000 | CO6: =(KH_26_OPT4_KTQT_v4[[#This Row],[ĐGVC-KNĐ]]+KH_26_OPT4_KTQT_v4[[#This Row],[ĐGVC-KXK]])*KH_26_OPT4_KTQT_v4[[#This Row],[SL-02]] -> 349800000 | CP6: =(KH_26_OPT4_KTQT_v4[[#This Row],[ĐGVC-KNĐ]]+KH_26_OPT4_KTQT_v4[[#This Row],[ĐGVC-KXK]])*KH_26_OPT4_KTQT_v4[[#This Row],[SL-03]] -> 349800000 | CQ6: =(KH_26_OPT4_KTQT_v4[[#This Row],[ĐGVC-KNĐ]]+KH_26_OPT4_KTQT_v4[[#This Row],[ĐGVC-KXK]])*KH_26_OPT4_KTQT_v4[[#This Row],[SL-04]] -> 349800000 | CR6: =(KH_26_OPT4_KTQT_v4[[#This Row],[ĐGVC-KNĐ]]+KH_26_OPT4_KTQT_v4[[#This Row],[ĐGVC-KXK]])*KH_26_OPT4_KTQT_v4[[#This Row],[SL-05]] -> 349800000 | CS6: =(KH_26_OPT4_KTQT_v4[[#This Row],[ĐGVC-KNĐ]]+KH_26_OPT4_KTQT_v4[[#This Row],[ĐGVC-KXK]])*KH_26_OPT4_KTQT_v4[[#This Row],[SL-06]] -> 349800000 | CT6: =(KH_26_OPT4_KTQT_v4[[#This Row],[ĐGVC-KNĐ]]+KH_26_OPT4_KTQT_v4[[#This Row],[ĐGVC-KXK]])*KH_26_OPT4_KTQT_v4[[#This Row],[SL-07]] -> 349800000 | CU6: =(KH_26_OPT4_KTQT_v4[[#This Row],[ĐGVC-KNĐ]]+KH_26_OPT4_KTQT_v4[[#This Row],[ĐGVC-KXK]])*KH_26_OPT4_KTQT_v4[[#This Row],[SL-08]] -> 349800000 | CV6: =(KH_26_OPT4_KTQT_v4[[#This Row],[ĐGVC-KNĐ]]+KH_26_OPT4_KTQT_v4[[#This Row],[ĐGVC-KXK]])*KH_26_OPT4_KTQT_v4[[#This Row],[SL-09]] -> 349800000 | CW6: =(KH_26_OPT4_KTQT_v4[[#This Row],[ĐGVC-KNĐ]]+KH_26_OPT4_KTQT_v4[[#This Row],[ĐGVC-KXK]])*KH_26_OPT4_KTQT_v4[[#This Row],[SL-10]] -> 349800000 | CX6: =(KH_26_OPT4_KTQT_v4[[#This Row],[ĐGVC-KNĐ]]+KH_26_OPT4_KTQT_v4[[#This Row],[ĐGVC-KXK]])*KH_26_OPT4_KTQT_v4[[#This Row],[SL-11]] -> 349800000 | CY6: =(KH_26_OPT4_KTQT_v4[[#This Row],[ĐGVC-KNĐ]]+KH_26_OPT4_KTQT_v4[[#This Row],[ĐGVC-KXK]])*KH_26_OPT4_KTQT_v4[[#This Row],[SL-12]] -> 349800000 | CZ6: =SUM(KH_26_OPT4_KTQT_v4[[#This Row],[CPVC-01]:[CPVC-12]]) -> 4197600000 | DA6: =KH_26_OPT4_KTQT_v4[[#This Row],[DT-EXW-01]]+KH_26_OPT4_KTQT_v4[[#This Row],[CPVC-01]]+KH_26_OPT4_KTQT_v4[[#This Row],[CPHH-01]] -> 18883253400 | DB6: =KH_26_OPT4_KTQT_v4[[#This Row],[DT-EXW-02]]+KH_26_OPT4_KTQT_v4[[#This Row],[CPVC-02]]+KH_26_OPT4_KTQT_v4[[#This Row],[CPHH-02]] -> 18883253400 | DC6: =KH_26_OPT4_KTQT_v4[[#This Row],[DT-EXW-03]]+KH_26_OPT4_KTQT_v4[[#This Row],[CPVC-03]]+KH_26_OPT4_KTQT_v4[[#This Row],[CPHH-03]] -> 18883253400 | DD6: =KH_26_OPT4_KTQT_v4[[#This Row],[DT-EXW-04]]+KH_26_OPT4_KTQT_v4[[#This Row],[CPVC-04]]+KH_26_OPT4_KTQT_v4[[#This Row],[CPHH-04]] -> 18883253400 | DE6: =KH_26_OPT4_KTQT_v4[[#This Row],[DT-EXW-05]]+KH_26_OPT4_KTQT_v4[[#This Row],[CPVC-05]]+KH_26_OPT4_KTQT_v4[[#This Row],[CPHH-05]] -> 18883253400 | DF6: =KH_26_OPT4_KTQT_v4[[#This Row],[DT-EXW-06]]+KH_26_OPT4_KTQT_v4[[#This Row],[CPVC-06]]+KH_26_OPT4_KTQT_v4[[#This Row],[CPHH-06]] -> 18883253400 | DG6: =KH_26_OPT4_KTQT_v4[[#This Row],[DT-EXW-07]]+KH_26_OPT4_KTQT_v4[[#This Row],[CPVC-07]]+KH_26_OPT4_KTQT_v4[[#This Row],[CPHH-07]] -> 18883253400 | DH6: =KH_26_OPT4_KTQT_v4[[#This Row],[DT-EXW-08]]+KH_26_OPT4_KTQT_v4[[#This Row],[CPVC-08]]+KH_26_OPT4_KTQT_v4[[#This Row],[CPHH-08]] -> 18883253400 | DI6: =KH_26_OPT4_KTQT_v4[[#This Row],[DT-EXW-09]]+KH_26_OPT4_KTQT_v4[[#This Row],[CPVC-09]]+KH_26_OPT4_KTQT_v4[[#This Row],[CPHH-09]] -> 18883253400 | DJ6: =KH_26_OPT4_KTQT_v4[[#This Row],[DT-EXW-10]]+KH_26_OPT4_KTQT_v4[[#This Row],[CPVC-10]]+KH_26_OPT4_KTQT_v4[[#This Row],[CPHH-10]] -> 18883253400 | DK6: =KH_26_OPT4_KTQT_v4[[#This Row],[DT-EXW-11]]+KH_26_OPT4_KTQT_v4[[#This Row],[CPVC-11]]+KH_26_OPT4_KTQT_v4[[#This Row],[CPHH-11]] -> 18883253400 | DL6: =KH_26_OPT4_KTQT_v4[[#This Row],[DT-EXW-12]]+KH_26_OPT4_KTQT_v4[[#This Row],[CPVC-12]]+KH_26_OPT4_KTQT_v4[[#This Row],[CPHH-12]] -> 18883253400 | DM6: =SUM(KH_26_OPT4_KTQT_v4[[#This Row],[DT-01]:[DT-12]]) -> 226599040800 | DR6: =IFERROR(KH_26_OPT4_KTQT_v4[[#This Row],[DT-EXW-01]]*KH_26_OPT4_KTQT_v4[[#This Row],[%CPDP]],0) -> 0 | DS6: =IFERROR(KH_26_OPT4_KTQT_v4[[#This Row],[DT-EXW-02]]*KH_26_OPT4_KTQT_v4[[#This Row],[%CPDP]],0) -> 0 | DT6: =IFERROR(KH_26_OPT4_KTQT_v4[[#This Row],[DT-EXW-03]]*KH_26_OPT4_KTQT_v4[[#This Row],[%CPDP]],0) -> 0 | DU6: =IFERROR(KH_26_OPT4_KTQT_v4[[#This Row],[DT-EXW-04]]*KH_26_OPT4_KTQT_v4[[#This Row],[%CPDP]],0) -> 0 | DV6: =IFERROR(KH_26_OPT4_KTQT_v4[[#This Row],[DT-EXW-05]]*KH_26_OPT4_KTQT_v4[[#This Row],[%CPDP]],0) -> 0 | DW6: =IFERROR(KH_26_OPT4_KTQT_v4[[#This Row],[DT-EXW-06]]*KH_26_OPT4_KTQT_v4[[#This Row],[%CPDP]],0) -> 0 | DX6: =IFERROR(KH_26_OPT4_KTQT_v4[[#This Row],[DT-EXW-07]]*KH_26_OPT4_KTQT_v4[[#This Row],[%CPDP]],0) -> 0 | DY6: =IFERROR(KH_26_OPT4_KTQT_v4[[#This Row],[DT-EXW-08]]*KH_26_OPT4_KTQT_v4[[#This Row],[%CPDP]],0) -> 0 | DZ6: =IFERROR(KH_26_OPT4_KTQT_v4[[#This Row],[DT-EXW-09]]*KH_26_OPT4_KTQT_v4[[#This Row],[%CPDP]],0) -> 0 | EA6: =IFERROR(KH_26_OPT4_KTQT_v4[[#This Row],[DT-EXW-10]]*KH_26_OPT4_KTQT_v4[[#This Row],[%CPDP]],0) -> 0 | EB6: =IFERROR(KH_26_OPT4_KTQT_v4[[#This Row],[DT-EXW-11]]*KH_26_OPT4_KTQT_v4[[#This Row],[%CPDP]],0) -> 0 | EC6: =IFERROR(KH_26_OPT4_KTQT_v4[[#This Row],[DT-EXW-12]]*KH_26_OPT4_KTQT_v4[[#This Row],[%CPDP]],0) -> 0 | ED6: =SUM(KH_26_OPT4_KTQT_v4[[#This Row],[CPDP-01]:[CPDP-12]]) -> 0
A7: 2 | B7: Quốc Anh | C7: =IFERROR(_xlfn.XLOOKUP(KH_26_OPT4_KTQT_v4[[#This Row],[Salesman]],MD_Salesman[Salesman],MD_Salesman[SalesManager]),"") -> Quốc Anh | D7: =IFERROR(INDEX(MD_Customer[Mã khách],MATCH(KH_26_OPT4_KTQT_v4[[#This Row],[Tên khách]],MD_Customer[Tên khách-rút gọn],0)),"") -> 200319 | E7: =IFERROR(INDEX(MD_Customer[Parent Account],MATCH(KH_26_OPT4_KTQT_v4[[#This Row],[Tên khách]],MD_Customer[Tên khách-rút gọn],0)),"") -> Niagara Bottling, LLC | F7: Niagara Bottling, LLC | G7: =IFERROR(INDEX(MD_Customer[Phân loại],MATCH(KH_26_OPT4_KTQT_v4[[#This Row],[Tên khách]],MD_Customer[Tên khách-rút gọn],0)),"") -> Hiện hữu | H7: =IFERROR(INDEX(MD_Customer[Kênh bán hàng],MATCH(KH_26_OPT4_KTQT_v4[[#This Row],[Tên khách]],MD_Customer[Tên khách-rút gọn],0)),"") -> Xuất khẩu | I7: Shepley | J7: =IFERROR(INDEX(MD_Destination[Nước],MATCH(KH_26_OPT4_KTQT_v4[[#This Row],[Địa điểm đến]],MD_Destination[Địa điểm đến],0)),"") -> UK | K7: =IFERROR(INDEX(MD_Destination[Khu vực],MATCH(KH_26_OPT4_KTQT_v4[[#This Row],[Địa điểm đến]],MD_Destination[Địa điểm đến],0)),"") -> Châu Âu | L7: FOB | M7: =IFERROR(INDEX(MD_SKU[Mã SKU],MATCH(KH_26_OPT4_KTQT_v4[[#This Row],[Tên sản phẩm]],MD_SKU[Tên SKU-rút gọn],0)),"") -> 110000354 | N7: WSS01G 1 | O7: =IFERROR(INDEX(MD_SKU[Ngành hàng],MATCH(KH_26_OPT4_KTQT_v4[[#This Row],[Tên sản phẩm]],MD_SKU[Tên SKU-rút gọn],0)),"") -> rPET | P7: =IFERROR(INDEX(MD_SKU[Nhóm ngành],MATCH(KH_26_OPT4_KTQT_v4[[#This Row],[Tên sản phẩm]],MD_SKU[Tên SKU-rút gọn],0)),"") -> Hạt PET | Q7: =IFERROR( IF(INDEX(MD_SKU[IV/IM],MATCH(KH_26_OPT4_KTQT_v4[[#This Row],[Tên sản phẩm]],MD_SKU[Tên SKU-rút gọn],0))=0, "", INDEX(MD_SKU[IV/IM],MATCH(KH_26_OPT4_KTQT_v4[[#This Row],[Tên sản phẩm]],MD_SKU[Tên SKU-rút gọn],0)) ), "") -> 0.78 ± 0.02 | R7: =IFERROR(INDEX(MD_SKU[Application],MATCH(KH_26_OPT4_KTQT_v4[[#This Row],[Tên sản phẩm]],MD_SKU[Tên SKU-rút gọn],0)),"") -> 0 | S7: =IFERROR(INDEX(MD_SKU[Phân loại],MATCH(KH_26_OPT4_KTQT_v4[[#This Row],[Tên sản phẩm]],MD_SKU[Tên SKU-rút gọn],0)),"") -> Cũ | T7: Niagara Bottling, LLC | U7: x | V7: 0.8 | W7: 440 | X7: 440 | Y7: 440 | Z7: 440 | AA7: 440 | AB7: 440 | AC7: 440 | AD7: 440 | AE7: 440 | AF7: 440 | AG7: 440 | AH7: 440 | AI7: =SUM(KH_26_OPT4_KTQT_v4[[#This Row],[SL-01]:[SL-12]]) -> 5280 | AJ7: =SUMIFS(DB_25[SL-DB25],DB_25[Mã khách],KH_26_OPT4_KTQT_v4[[#This Row],[Mã khách]],DB_25[Mã sản phẩm],KH_26_OPT4_KTQT_v4[[#This Row],[Mã sản phẩm]]) -> 13002 | AK7: =KH_26_OPT4_KTQT_v4[[#This Row],[SL-KH26]]-KH_26_OPT4_KTQT_v4[[#This Row],[SL-DB25]] -> -7722 | AL7: =IFERROR(KH_26_OPT4_KTQT_v4[[#This Row],[SL-+/-]]/KH_26_OPT4_KTQT_v4[[#This Row],[SL-DB25]],0) -> -0.59390863 | AM7: 1084 | AN7: 1084 | AO7: 1084 | AP7: 1084 | AQ7: 1084 | AR7: 1084 | AS7: 1084 | AT7: 1084 | AU7: 1084 | AV7: 1084 | AW7: 1084 | AX7: 1084 | AY7: 1150 | BA7: =KH_26_OPT4_KTQT_v4[[#This Row],[GB-DB25]]-KH_26_OPT4_KTQT_v4[[#This Row],[GB-KH25]] -> 1150 | BB7: =IFERROR(KH_26_OPT4_KTQT_v4[[#This Row],[GB-+/-]]/KH_26_OPT4_KTQT_v4[[#This Row],[GB-KH25]],0) -> 0 | BD7: =KH_26_OPT4_KTQT_v4[[#This Row],[SL-01]]*KH_26_OPT4_KTQT_v4[[#This Row],[GB-01]]*EXR -> 12639440000 | BE7: =KH_26_OPT4_KTQT_v4[[#This Row],[SL-02]]*KH_26_OPT4_KTQT_v4[[#This Row],[GB-02]]*EXR -> 12639440000 | BF7: =KH_26_OPT4_KTQT_v4[[#This Row],[SL-03]]*KH_26_OPT4_KTQT_v4[[#This Row],[GB-03]]*EXR -> 12639440000 | BG7: =KH_26_OPT4_KTQT_v4[[#This Row],[SL-04]]*KH_26_OPT4_KTQT_v4[[#This Row],[GB-04]]*EXR -> 12639440000 | BH7: =KH_26_OPT4_KTQT_v4[[#This Row],[SL-05]]*KH_26_OPT4_KTQT_v4[[#This Row],[GB-05]]*EXR -> 12639440000 | BI7: =KH_26_OPT4_KTQT_v4[[#This Row],[SL-06]]*KH_26_OPT4_KTQT_v4[[#This Row],[GB-06]]*EXR -> 12639440000 | BJ7: =KH_26_OPT4_KTQT_v4[[#This Row],[SL-07]]*KH_26_OPT4_KTQT_v4[[#This Row],[GB-07]]*EXR -> 12639440000 | BK7: =KH_26_OPT4_KTQT_v4[[#This Row],[SL-08]]*KH_26_OPT4_KTQT_v4[[#This Row],[GB-08]]*EXR -> 12639440000 | BL7: =KH_26_OPT4_KTQT_v4[[#This Row],[SL-09]]*KH_26_OPT4_KTQT_v4[[#This Row],[GB-09]]*EXR -> 12639440000 | BM7: =KH_26_OPT4_KTQT_v4[[#This Row],[SL-10]]*KH_26_OPT4_KTQT_v4[[#This Row],[GB-10]]*EXR -> 12639440000 | BN7: =KH_26_OPT4_KTQT_v4[[#This Row],[SL-11]]*KH_26_OPT4_KTQT_v4[[#This Row],[GB-11]]*EXR -> 12639440000 | BO7: =KH_26_OPT4_KTQT_v4[[#This Row],[SL-12]]*KH_26_OPT4_KTQT_v4[[#This Row],[GB-12]]*EXR -> 12639440000 | BP7: =SUM(KH_26_OPT4_KTQT_v4[[#This Row],[DT-EXW-01]:[DT-EXW-12]]) -> 151673280000 | BQ7: =SUMIFS(DB_25[DT-DB25],DB_25[Mã khách],KH_26_OPT4_KTQT_v4[[#This Row],[Mã khách]],DB_25[Mã sản phẩm],KH_26_OPT4_KTQT_v4[[#This Row],[Mã sản phẩm]]) -> 3.6959011e+11 | BR7: =KH_26_OPT4_KTQT_v4[[#This Row],[DT-EXW-KH26]]-KH_26_OPT4_KTQT_v4[[#This Row],[DT-EXW-DB25]] -> -2.1791683e+11 | BS7: =IFERROR(KH_26_OPT4_KTQT_v4[[#This Row],[DT-EXW-+/-]]/KH_26_OPT4_KTQT_v4[[#This Row],[DT-EXW-DB25]],0) -> -0.58961759 | BT7: Dthu | BU7: 0.015 | BW7: =IF(KH_26_OPT4_KTQT_v4[[#This Row],[CPHH-%-SL]]="Dthu",KH_26_OPT4_KTQT_v4[[#This Row],[%HH]]*KH_26_OPT4_KTQT_v4[[#This Row],[DT-EXW-01]],KH_26_OPT4_KTQT_v4[[#This Row],[HH-SL]]*KH_26_OPT4_KTQT_v4[[#This Row],[SL-01]]) -> 189591600 | BX7: =IF(KH_26_OPT4_KTQT_v4[[#This Row],[CPHH-%-SL]]="Dthu",KH_26_OPT4_KTQT_v4[[#This Row],[%HH]]*KH_26_OPT4_KTQT_v4[[#This Row],[DT-EXW-02]],KH_26_OPT4_KTQT_v4[[#This Row],[HH-SL]]*KH_26_OPT4_KTQT_v4[[#This Row],[SL-02]]) -> 189591600 | BY7: =IF(KH_26_OPT4_KTQT_v4[[#This Row],[CPHH-%-SL]]="Dthu",KH_26_OPT4_KTQT_v4[[#This Row],[%HH]]*KH_26_OPT4_KTQT_v4[[#This Row],[DT-EXW-03]],KH_26_OPT4_KTQT_v4[[#This Row],[HH-SL]]*KH_26_OPT4_KTQT_v4[[#This Row],[SL-03]]) -> 189591600 | BZ7: =IF(KH_26_OPT4_KTQT_v4[[#This Row],[CPHH-%-SL]]="Dthu",KH_26_OPT4_KTQT_v4[[#This Row],[%HH]]*KH_26_OPT4_KTQT_v4[[#This Row],[DT-EXW-04]],KH_26_OPT4_KTQT_v4[[#This Row],[HH-SL]]*KH_26_OPT4_KTQT_v4[[#This Row],[SL-04]]) -> 189591600 | CA7: =IF(KH_26_OPT4_KTQT_v4[[#This Row],[CPHH-%-SL]]="Dthu",KH_26_OPT4_KTQT_v4[[#This Row],[%HH]]*KH_26_OPT4_KTQT_v4[[#This Row],[DT-EXW-05]],KH_26_OPT4_KTQT_v4[[#This Row],[HH-SL]]*KH_26_OPT4_KTQT_v4[[#This Row],[SL-05]]) -> 189591600 | CB7: =IF(KH_26_OPT4_KTQT_v4[[#This Row],[CPHH-%-SL]]="Dthu",KH_26_OPT4_KTQT_v4[[#This Row],[%HH]]*KH_26_OPT4_KTQT_v4[[#This Row],[DT-EXW-06]],KH_26_OPT4_KTQT_v4[[#This Row],[HH-SL]]*KH_26_OPT4_KTQT_v4[[#This Row],[SL-06]]) -> 189591600 | CC7: =IF(KH_26_OPT4_KTQT_v4[[#This Row],[CPHH-%-SL]]="Dthu",KH_26_OPT4_KTQT_v4[[#This Row],[%HH]]*KH_26_OPT4_KTQT_v4[[#This Row],[DT-EXW-07]],KH_26_OPT4_KTQT_v4[[#This Row],[HH-SL]]*KH_26_OPT4_KTQT_v4[[#This Row],[SL-07]]) -> 189591600 | CD7: =IF(KH_26_OPT4_KTQT_v4[[#This Row],[CPHH-%-SL]]="Dthu",KH_26_OPT4_KTQT_v4[[#This Row],[%HH]]*KH_26_OPT4_KTQT_v4[[#This Row],[DT-EXW-08]],KH_26_OPT4_KTQT_v4[[#This Row],[HH-SL]]*KH_26_OPT4_KTQT_v4[[#This Row],[SL-08]]) -> 189591600 | CE7: =IF(KH_26_OPT4_KTQT_v4[[#This Row],[CPHH-%-SL]]="Dthu",KH_26_OPT4_KTQT_v4[[#This Row],[%HH]]*KH_26_OPT4_KTQT_v4[[#This Row],[DT-EXW-09]],KH_26_OPT4_KTQT_v4[[#This Row],[HH-SL]]*KH_26_OPT4_KTQT_v4[[#This Row],[SL-09]]) -> 189591600 | CF7: =IF(KH_26_OPT4_KTQT_v4[[#This Row],[CPHH-%-SL]]="Dthu",KH_26_OPT4_KTQT_v4[[#This Row],[%HH]]*KH_26_OPT4_KTQT_v4[[#This Row],[DT-EXW-10]],KH_26_OPT4_KTQT_v4[[#This Row],[HH-SL]]*KH_26_OPT4_KTQT_v4[[#This Row],[SL-10]]) -> 189591600 | CG7: =IF(KH_26_OPT4_KTQT_v4[[#This Row],[CPHH-%-SL]]="Dthu",KH_26_OPT4_KTQT_v4[[#This Row],[%HH]]*KH_26_OPT4_KTQT_v4[[#This Row],[DT-EXW-11]],KH_26_OPT4_KTQT_v4[[#This Row],[HH-SL]]*KH_26_OPT4_KTQT_v4[[#This Row],[SL-11]]) -> 189591600 | CH7: =IF(KH_26_OPT4_KTQT_v4[[#This Row],[CPHH-%-SL]]="Dthu",KH_26_OPT4_KTQT_v4[[#This Row],[%HH]]*KH_26_OPT4_KTQT_v4[[#This Row],[DT-EXW-12]],KH_26_OPT4_KTQT_v4[[#This Row],[HH-SL]]*KH_26_OPT4_KTQT_v4[[#This Row],[SL-12]]) -> 189591600 | CI7: =SUM(KH_26_OPT4_KTQT_v4[[#This Row],[CPHH-01]:[CPHH-12]]) -> 2275099200 | CJ7: {=IFERROR(IF(KH_26_OPT4_KTQT_v4[[#This Row],[Kênh bán hàng]]="Nội địa",_xlfn.XLOOKUP(KH_26_OPT4_KTQT_v4[[#This Row],[Tên khách]]&KH_26_OPT4_KTQT_v4[[#This Row],[Kênh bán hàng]]&KH_26_OPT4_KTQT_v4[[#This Row],[Địa điểm đến]]&KH_26_OPT4_KTQT_v4[[#This Row],[Nước đến]]&KH_26_OPT4_KTQT_v4[[#This Row],[Incoterm]],ĐGVC!$A$6:$A$201&ĐGVC!$B$6:$B$201&ĐGVC!$C$6:$C$201&ĐGVC!$D$6:$D$201&ĐGVC!$E$6:$E$201,ĐGVC!$O$6:$O$201),0),0)} -> 0 | CK7: =SUM(KH_26_OPT4_KTQT_v4[[#This Row],[ĐGVCNĐ-KXK]:[ĐGVCCT-KXK]]) -> 530000 | CL7: {=IFERROR(IF(KH_26_OPT4_KTQT_v4[[#This Row],[Kênh bán hàng]]="xuất khẩu",_xlfn.XLOOKUP(KH_26_OPT4_KTQT_v4[[#This Row],[Tên khách]]&KH_26_OPT4_KTQT_v4[[#This Row],[Kênh bán hàng]]&KH_26_OPT4_KTQT_v4[[#This Row],[Địa điểm đến]]&KH_26_OPT4_KTQT_v4[[#This Row],[Nước đến]]&KH_26_OPT4_KTQT_v4[[#This Row],[Incoterm]],ĐGVC!$A$6:$A$201&ĐGVC!$B$6:$B$201&ĐGVC!$C$6:$C$201&ĐGVC!$D$6:$D$201&ĐGVC!$E$6:$E$201,ĐGVC!$O$6:$O$201),0),0)} -> 530000 | CM7: {=IFERROR(_xlfn.XLOOKUP(KH_26_OPT4_KTQT_v4[[#This Row],[Tên khách]]&KH_26_OPT4_KTQT_v4[[#This Row],[Kênh bán hàng]]&KH_26_OPT4_KTQT_v4[[#This Row],[Địa điểm đến]]&KH_26_OPT4_KTQT_v4[[#This Row],[Nước đến]]&KH_26_OPT4_KTQT_v4[[#This Row],[Incoterm]],ĐGVC!$A$6:$A$201&ĐGVC!$B$6:$B$201&ĐGVC!$C$6:$C$201&ĐGVC!$D$6:$D$201&ĐGVC!$E$6:$E$201,ĐGVC!$Y$6:$Y$201),0)} -> 0 | CN7: =(KH_26_OPT4_KTQT_v4[[#This Row],[ĐGVC-KNĐ]]+KH_26_OPT4_KTQT_v4[[#This Row],[ĐGVC-KXK]])*KH_26_OPT4_KTQT_v4[[#This Row],[SL-01]] -> 233200000 | CO7: =(KH_26_OPT4_KTQT_v4[[#This Row],[ĐGVC-KNĐ]]+KH_26_OPT4_KTQT_v4[[#This Row],[ĐGVC-KXK]])*KH_26_OPT4_KTQT_v4[[#This Row],[SL-02]] -> 233200000 | CP7: =(KH_26_OPT4_KTQT_v4[[#This Row],[ĐGVC-KNĐ]]+KH_26_OPT4_KTQT_v4[[#This Row],[ĐGVC-KXK]])*KH_26_OPT4_KTQT_v4[[#This Row],[SL-03]] -> 233200000 | CQ7: =(KH_26_OPT4_KTQT_v4[[#This Row],[ĐGVC-KNĐ]]+KH_26_OPT4_KTQT_v4[[#This Row],[ĐGVC-KXK]])*KH_26_OPT4_KTQT_v4[[#This Row],[SL-04]] -> 233200000 | CR7: =(KH_26_OPT4_KTQT_v4[[#This Row],[ĐGVC-KNĐ]]+KH_26_OPT4_KTQT_v4[[#This Row],[ĐGVC-KXK]])*KH_26_OPT4_KTQT_v4[[#This Row],[SL-05]] -> 233200000 | CS7: =(KH_26_OPT4_KTQT_v4[[#This Row],[ĐGVC-KNĐ]]+KH_26_OPT4_KTQT_v4[[#This Row],[ĐGVC-KXK]])*KH_26_OPT4_KTQT_v4[[#This Row],[SL-06]] -> 233200000 | CT7: =(KH_26_OPT4_KTQT_v4[[#This Row],[ĐGVC-KNĐ]]+KH_26_OPT4_KTQT_v4[[#This Row],[ĐGVC-KXK]])*KH_26_OPT4_KTQT_v4[[#This Row],[SL-07]] -> 233200000 | CU7: =(KH_26_OPT4_KTQT_v4[[#This Row],[ĐGVC-KNĐ]]+KH_26_OPT4_KTQT_v4[[#This Row],[ĐGVC-KXK]])*KH_26_OPT4_KTQT_v4[[#This Row],[SL-08]] -> 233200000 | CV7: =(KH_26_OPT4_KTQT_v4[[#This Row],[ĐGVC-KNĐ]]+KH_26_OPT4_KTQT_v4[[#This Row],[ĐGVC-KXK]])*KH_26_OPT4_KTQT_v4[[#This Row],[SL-09]] -> 233200000 | CW7: =(KH_26_OPT4_KTQT_v4[[#This Row],[ĐGVC-KNĐ]]+KH_26_OPT4_KTQT_v4[[#This Row],[ĐGVC-KXK]])*KH_26_OPT4_KTQT_v4[[#This Row],[SL-10]] -> 233200000 | CX7: =(KH_26_OPT4_KTQT_v4[[#This Row],[ĐGVC-KNĐ]]+KH_26_OPT4_KTQT_v4[[#This Row],[ĐGVC-KXK]])*KH_26_OPT4_KTQT_v4[[#This Row],[SL-11]] -> 233200000 | CY7: =(KH_26_OPT4_KTQT_v4[[#This Row],[ĐGVC-KNĐ]]+KH_26_OPT4_KTQT_v4[[#This Row],[ĐGVC-KXK]])*KH_26_OPT4_KTQT_v4[[#This Row],[SL-12]] -> 233200000 | CZ7: =SUM(KH_26_OPT4_KTQT_v4[[#This Row],[CPVC-01]:[CPVC-12]]) -> 2798400000 | DA7: =KH_26_OPT4_KTQT_v4[[#This Row],[DT-EXW-01]]+KH_26_OPT4_KTQT_v4[[#This Row],[CPVC-01]]+KH_26_OPT4_KTQT_v4[[#This Row],[CPHH-01]] -> 13062231600 | DB7: =KH_26_OPT4_KTQT_v4[[#This Row],[DT-EXW-02]]+KH_26_OPT4_KTQT_v4[[#This Row],[CPVC-02]]+KH_26_OPT4_KTQT_v4[[#This Row],[CPHH-02]] -> 13062231600 | DC7: =KH_26_OPT4_KTQT_v4[[#This Row],[DT-EXW-03]]+KH_26_OPT4_KTQT_v4[[#This Row],[CPVC-03]]+KH_26_OPT4_KTQT_v4[[#This Row],[CPHH-03]] -> 13062231600 | DD7: =KH_26_OPT4_KTQT_v4[[#This Row],[DT-EXW-04]]+KH_26_OPT4_KTQT_v4[[#This Row],[CPVC-04]]+KH_26_OPT4_KTQT_v4[[#This Row],[CPHH-04]] -> 13062231600 | DE7: =KH_26_OPT4_KTQT_v4[[#This Row],[DT-EXW-05]]+KH_26_OPT4_KTQT_v4[[#This Row],[CPVC-05]]+KH_26_OPT4_KTQT_v4[[#This Row],[CPHH-05]] -> 13062231600 | DF7: =KH_26_OPT4_KTQT_v4[[#This Row],[DT-EXW-06]]+KH_26_OPT4_KTQT_v4[[#This Row],[CPVC-06]]+KH_26_OPT4_KTQT_v4[[#This Row],[CPHH-06]] -> 13062231600 | DG7: =KH_26_OPT4_KTQT_v4[[#This Row],[DT-EXW-07]]+KH_26_OPT4_KTQT_v4[[#This Row],[CPVC-07]]+KH_26_OPT4_KTQT_v4[[#This Row],[CPHH-07]] -> 13062231600 | DH7: =KH_26_OPT4_KTQT_v4[[#This Row],[DT-EXW-08]]+KH_26_OPT4_KTQT_v4[[#This Row],[CPVC-08]]+KH_26_OPT4_KTQT_v4[[#This Row],[CPHH-08]] -> 13062231600 | DI7: =KH_26_OPT4_KTQT_v4[[#This Row],[DT-EXW-09]]+KH_26_OPT4_KTQT_v4[[#This Row],[CPVC-09]]+KH_26_OPT4_KTQT_v4[[#This Row],[CPHH-09]] -> 13062231600 | DJ7: =KH_26_OPT4_KTQT_v4[[#This Row],[DT-EXW-10]]+KH_26_OPT4_KTQT_v4[[#This Row],[CPVC-10]]+KH_26_OPT4_KTQT_v4[[#This Row],[CPHH-10]] -> 13062231600 | DK7: =KH_26_OPT4_KTQT_v4[[#This Row],[DT-EXW-11]]+KH_26_OPT4_KTQT_v4[[#This Row],[CPVC-11]]+KH_26_OPT4_KTQT_v4[[#This Row],[CPHH-11]] -> 13062231600 | DL7: =KH_26_OPT4_KTQT_v4[[#This Row],[DT-EXW-12]]+KH_26_OPT4_KTQT_v4[[#This Row],[CPVC-12]]+KH_26_OPT4_KTQT_v4[[#This Row],[CPHH-12]] -> 13062231600 | DM7: =SUM(KH_26_OPT4_KTQT_v4[[#This Row],[DT-01]:[DT-12]]) -> 156746779200 | DR7: =IFERROR(KH_26_OPT4_KTQT_v4[[#This Row],[DT-EXW-01]]*KH_26_OPT4_KTQT_v4[[#This Row],[%CPDP]],0) -> 0 | DS7: =IFERROR(KH_26_OPT4_KTQT_v4[[#This Row],[DT-EXW-02]]*KH_26_OPT4_KTQT_v4[[#This Row],[%CPDP]],0) -> 0 | DT7: =IFERROR(KH_26_OPT4_KTQT_v4[[#This Row],[DT-EXW-03]]*KH_26_OPT4_KTQT_v4[[#This Row],[%CPDP]],0) -> 0 | DU7: =IFERROR(KH_26_OPT4_KTQT_v4[[#This Row],[DT-EXW-04]]*KH_26_OPT4_KTQT_v4[[#This Row],[%CPDP]],0) -> 0 | DV7: =IFERROR(KH_26_OPT4_KTQT_v4[[#This Row],[DT-EXW-05]]*KH_26_OPT4_KTQT_v4[[#This Row],[%CPDP]],0) -> 0 | DW7: =IFERROR(KH_26_OPT4_KTQT_v4[[#This Row],[DT-EXW-06]]*KH_26_OPT4_KTQT_v4[[#This Row],[%CPDP]],0) -> 0 | DX7: =IFERROR(KH_26_OPT4_KTQT_v4[[#This Row],[DT-EXW-07]]*KH_26_OPT4_KTQT_v4[[#This Row],[%CPDP]],0) -> 0 | DY7: =IFERROR(KH_26_OPT4_KTQT_v4[[#This Row],[DT-EXW-08]]*KH_26_OPT4_KTQT_v4[[#This Row],[%CPDP]],0) -> 0 | DZ7: =IFERROR(KH_26_OPT4_KTQT_v4[[#This Row],[DT-EXW-09]]*KH_26_OPT4_KTQT_v4[[#This Row],[%CPDP]],0) -> 0 | EA7: =IFERROR(KH_26_OPT4_KTQT_v4[[#This Row],[DT-EXW-10]]*KH_26_OPT4_KTQT_v4[[#This Row],[%CPDP]],0) -> 0 | EB7: =IFERROR(KH_26_OPT4_KTQT_v4[[#This Row],[DT-EXW-11]]*KH_26_OPT4_KTQT_v4[[#This Row],[%CPDP]],0) -> 0 | EC7: =IFERROR(KH_26_OPT4_KTQT_v4[[#This Row],[DT-EXW-12]]*KH_26_OPT4_KTQT_v4[[#This Row],[%CPDP]],0) -> 0 | ED7: =SUM(KH_26_OPT4_KTQT_v4[[#This Row],[CPDP-01]:[CPDP-12]]) -> 0
A8: 3 | B8: Long | C8: =IFERROR(_xlfn.XLOOKUP(KH_26_OPT4_KTQT_v4[[#This Row],[Salesman]],MD_Salesman[Salesman],MD_Salesman[SalesManager]),"") -> Quốc Anh | D8: =IFERROR(INDEX(MD_Customer[Mã khách],MATCH(KH_26_OPT4_KTQT_v4[[#This Row],[Tên khách]],MD_Customer[Tên khách-rút gọn],0)),"") -> 200332 | E8: =IFERROR(INDEX(MD_Customer[Parent Account],MATCH(KH_26_OPT4_KTQT_v4[[#This Row],[Tên khách]],MD_Customer[Tên khách-rút gọn],0)),"") -> OUTEIRINHO TURISMO E INDUSTRIA SA | F8: OUTEIRINHO TURISMO E INDUSTRIA SA | G8: =IFERROR(INDEX(MD_Customer[Phân loại],MATCH(KH_26_OPT4_KTQT_v4[[#This Row],[Tên khách]],MD_Customer[Tên khách-rút gọn],0)),"") -> Hiện hữu | H8: =IFERROR(INDEX(MD_Customer[Kênh bán hàng],MATCH(KH_26_OPT4_KTQT_v4[[#This Row],[Tên khách]],MD_Customer[Tên khách-rút gọn],0)),"") -> Xuất khẩu | I8: Lisbon | J8: =IFERROR(INDEX(MD_Destination[Nước],MATCH(KH_26_OPT4_KTQT_v4[[#This Row],[Địa điểm đến]],MD_Destination[Địa điểm đến],0)),"") -> Bồ Đào Nha | K8: =IFERROR(INDEX(MD_Destination[Khu vực],MATCH(KH_26_OPT4_KTQT_v4[[#This Row],[Địa điểm đến]],MD_Destination[Địa điểm đến],0)),"") -> Châu Âu | L8: FOB | M8: =IFERROR(INDEX(MD_SKU[Mã SKU],MATCH(KH_26_OPT4_KTQT_v4[[#This Row],[Tên sản phẩm]],MD_SKU[Tên SKU-rút gọn],0)),"") -> 110000507 | N8: Vảy PET | O8: =IFERROR(INDEX(MD_SKU[Ngành hàng],MATCH(KH_26_OPT4_KTQT_v4[[#This Row],[Tên sản phẩm]],MD_SKU[Tên SKU-rút gọn],0)),"") -> rPET | P8: =IFERROR(INDEX(MD_SKU[Nhóm ngành],MATCH(KH_26_OPT4_KTQT_v4[[#This Row],[Tên sản phẩm]],MD_SKU[Tên SKU-rút gọn],0)),"") -> Vảy PET | Q8: =IFERROR( IF(INDEX(MD_SKU[IV/IM],MATCH(KH_26_OPT4_KTQT_v4[[#This Row],[Tên sản phẩm]],MD_SKU[Tên SKU-rút gọn],0))=0, "", INDEX(MD_SKU[IV/IM],MATCH(KH_26_OPT4_KTQT_v4[[#This Row],[Tên sản phẩm]],MD_SKU[Tên SKU-rút gọn],0)) ), "") | R8: =IFERROR(INDEX(MD_SKU[Application],MATCH(KH_26_OPT4_KTQT_v4[[#This Row],[Tên sản phẩm]],MD_SKU[Tên SKU-rút gọn],0)),"") -> 0 | S8: =IFERROR(INDEX(MD_SKU[Phân loại],MATCH(KH_26_OPT4_KTQT_v4[[#This Row],[Tên sản phẩm]],MD_SKU[Tên SKU-rút gọn],0)),"") -> Cũ | T8: OUTEIRINHO TURISMO E INDUSTRIA SA | U8: x | V8: 0.8 | AI8: =SUM(KH_26_OPT4_KTQT_v4[[#This Row],[SL-01]:[SL-12]]) -> 0 | AJ8: =SUMIFS(DB_25[SL-DB25],DB_25[Mã khách],KH_26_OPT4_KTQT_v4[[#This Row],[Mã khách]],DB_25[Mã sản phẩm],KH_26_OPT4_KTQT_v4[[#This Row],[Mã sản phẩm]]) -> 0 | AK8: =KH_26_OPT4_KTQT_v4[[#This Row],[SL-KH26]]-KH_26_OPT4_KTQT_v4[[#This Row],[SL-DB25]] -> 0 | AL8: =IFERROR(KH_26_OPT4_KTQT_v4[[#This Row],[SL-+/-]]/KH_26_OPT4_KTQT_v4[[#This Row],[SL-DB25]],0) -> 0 | AM8: 750 | AN8: 750 | AO8: 750 | AP8: 750 | AQ8: 750 | AR8: 750 | AS8: 750 | AT8: 750 | AU8: 750 | AV8: 750 | AW8: 750 | AX8: 750 | AY8: 750 | BA8: =KH_26_OPT4_KTQT_v4[[#This Row],[GB-DB25]]-KH_26_OPT4_KTQT_v4[[#This Row],[GB-KH25]] -> 750 | BB8: =IFERROR(KH_26_OPT4_KTQT_v4[[#This Row],[GB-+/-]]/KH_26_OPT4_KTQT_v4[[#This Row],[GB-KH25]],0) -> 0 | BD8: =KH_26_OPT4_KTQT_v4[[#This Row],[SL-01]]*KH_26_OPT4_KTQT_v4[[#This Row],[GB-01]]*EXR -> 0 | BE8: =KH_26_OPT4_KTQT_v4[[#This Row],[SL-02]]*KH_26_OPT4_KTQT_v4[[#This Row],[GB-02]]*EXR -> 0 | BF8: =KH_26_OPT4_KTQT_v4[[#This Row],[SL-03]]*KH_26_OPT4_KTQT_v4[[#This Row],[GB-03]]*EXR -> 0 | BG8: =KH_26_OPT4_KTQT_v4[[#This Row],[SL-04]]*KH_26_OPT4_KTQT_v4[[#This Row],[GB-04]]*EXR -> 0 | BH8: =KH_26_OPT4_KTQT_v4[[#This Row],[SL-05]]*KH_26_OPT4_KTQT_v4[[#This Row],[GB-05]]*EXR -> 0 | BI8: =KH_26_OPT4_KTQT_v4[[#This Row],[SL-06]]*KH_26_OPT4_KTQT_v4[[#This Row],[GB-06]]*EXR -> 0 | BJ8: =KH_26_OPT4_KTQT_v4[[#This Row],[SL-07]]*KH_26_OPT4_KTQT_v4[[#This Row],[GB-07]]*EXR -> 0 | BK8: =KH_26_OPT4_KTQT_v4[[#This Row],[SL-08]]*KH_26_OPT4_KTQT_v4[[#This Row],[GB-08]]*EXR -> 0 | BL8: =KH_26_OPT4_KTQT_v4[[#This Row],[SL-09]]*KH_26_OPT4_KTQT_v4[[#This Row],[GB-09]]*EXR -> 0 | BM8: =KH_26_OPT4_KTQT_v4[[#This Row],[SL-10]]*KH_26_OPT4_KTQT_v4[[#This Row],[GB-10]]*EXR -> 0 | BN8: =KH_26_OPT4_KTQT_v4[[#This Row],[SL-11]]*KH_26_OPT4_KTQT_v4[[#This Row],[GB-11]]*EXR -> 0 | BO8: =KH_26_OPT4_KTQT_v4[[#This Row],[SL-12]]*KH_26_OPT4_KTQT_v4[[#This Row],[GB-12]]*EXR -> 0 | BP8: =SUM(KH_26_OPT4_KTQT_v4[[#This Row],[DT-EXW-01]:[DT-EXW-12]]) -> 0 | BQ8: =SUMIFS(DB_25[DT-DB25],DB_25[Mã khách],KH_26_OPT4_KTQT_v4[[#This Row],[Mã khách]],DB_25[Mã sản phẩm],KH_26_OPT4_KTQT_v4[[#This Row],[Mã sản phẩm]]) -> 0 | BR8: =KH_26_OPT4_KTQT_v4[[#This Row],[DT-EXW-KH26]]-KH_26_OPT4_KTQT_v4[[#This Row],[DT-EXW-DB25]] -> 0 | BS8: =IFERROR(KH_26_OPT4_KTQT_v4[[#This Row],[DT-EXW-+/-]]/KH_26_OPT4_KTQT_v4[[#This Row],[DT-EXW-DB25]],0) -> 0 | BW8: =IF(KH_26_OPT4_KTQT_v4[[#This Row],[CPHH-%-SL]]="Dthu",KH_26_OPT4_KTQT_v4[[#This Row],[%HH]]*KH_26_OPT4_KTQT_v4[[#This Row],[DT-EXW-01]],KH_26_OPT4_KTQT_v4[[#This Row],[HH-SL]]*KH_26_OPT4_KTQT_v4[[#This Row],[SL-01]]) -> 0 | BX8: =IF(KH_26_OPT4_KTQT_v4[[#This Row],[CPHH-%-SL]]="Dthu",KH_26_OPT4_KTQT_v4[[#This Row],[%HH]]*KH_26_OPT4_KTQT_v4[[#This Row],[DT-EXW-02]],KH_26_OPT4_KTQT_v4[[#This Row],[HH-SL]]*KH_26_OPT4_KTQT_v4[[#This Row],[SL-02]]) -> 0 | BY8: =IF(KH_26_OPT4_KTQT_v4[[#This Row],[CPHH-%-SL]]="Dthu",KH_26_OPT4_KTQT_v4[[#This Row],[%HH]]*KH_26_OPT4_KTQT_v4[[#This Row],[DT-EXW-03]],KH_26_OPT4_KTQT_v4[[#This Row],[HH-SL]]*KH_26_OPT4_KTQT_v4[[#This Row],[SL-03]]) -> 0 | BZ8: =IF(KH_26_OPT4_KTQT_v4[[#This Row],[CPHH-%-SL]]="Dthu",KH_26_OPT4_KTQT_v4[[#This Row],[%HH]]*KH_26_OPT4_KTQT_v4[[#This Row],[DT-EXW-04]],KH_26_OPT4_KTQT_v4[[#This Row],[HH-SL]]*KH_26_OPT4_KTQT_v4[[#This Row],[SL-04]]) -> 0 | CA8: =IF(KH_26_OPT4_KTQT_v4[[#This Row],[CPHH-%-SL]]="Dthu",KH_26_OPT4_KTQT_v4[[#This Row],[%HH]]*KH_26_OPT4_KTQT_v4[[#This Row],[DT-EXW-05]],KH_26_OPT4_KTQT_v4[[#This Row],[HH-SL]]*KH_26_OPT4_KTQT_v4[[#This Row],[SL-05]]) -> 0 | CB8: =IF(KH_26_OPT4_KTQT_v4[[#This Row],[CPHH-%-SL]]="Dthu",KH_26_OPT4_KTQT_v4[[#This Row],[%HH]]*KH_26_OPT4_KTQT_v4[[#This Row],[DT-EXW-06]],KH_26_OPT4_KTQT_v4[[#This Row],[HH-SL]]*KH_26_OPT4_KTQT_v4[[#This Row],[SL-06]]) -> 0 | CC8: =IF(KH_26_OPT4_KTQT_v4[[#This Row],[CPHH-%-SL]]="Dthu",KH_26_OPT4_KTQT_v4[[#This Row],[%HH]]*KH_26_OPT4_KTQT_v4[[#This Row],[DT-EXW-07]],KH_26_OPT4_KTQT_v4[[#This Row],[HH-SL]]*KH_26_OPT4_KTQT_v4[[#This Row],[SL-07]]) -> 0 | CD8: =IF(KH_26_OPT4_KTQT_v4[[#This Row],[CPHH-%-SL]]="Dthu",KH_26_OPT4_KTQT_v4[[#This Row],[%HH]]*KH_26_OPT4_KTQT_v4[[#This Row],[DT-EXW-08]],KH_26_OPT4_KTQT_v4[[#This Row],[HH-SL]]*KH_26_OPT4_KTQT_v4[[#This Row],[SL-08]]) -> 0 | CE8: =IF(KH_26_OPT4_KTQT_v4[[#This Row],[CPHH-%-SL]]="Dthu",KH_26_OPT4_KTQT_v4[[#This Row],[%HH]]*KH_26_OPT4_KTQT_v4[[#This Row],[DT-EXW-09]],KH_26_OPT4_KTQT_v4[[#This Row],[HH-SL]]*KH_26_OPT4_KTQT_v4[[#This Row],[SL-09]]) -> 0 | CF8: =IF(KH_26_OPT4_KTQT_v4[[#This Row],[CPHH-%-SL]]="Dthu",KH_26_OPT4_KTQT_v4[[#This Row],[%HH]]*KH_26_OPT4_KTQT_v4[[#This Row],[DT-EXW-10]],KH_26_OPT4_KTQT_v4[[#This Row],[HH-SL]]*KH_26_OPT4_KTQT_v4[[#This Row],[SL-10]]) -> 0 | CG8: =IF(KH_26_OPT4_KTQT_v4[[#This Row],[CPHH-%-SL]]="Dthu",KH_26_OPT4_KTQT_v4[[#This Row],[%HH]]*KH_26_OPT4_KTQT_v4[[#This Row],[DT-EXW-11]],KH_26_OPT4_KTQT_v4[[#This Row],[HH-SL]]*KH_26_OPT4_KTQT_v4[[#This Row],[SL-11]]) -> 0 | CH8: =IF(KH_26_OPT4_KTQT_v4[[#This Row],[CPHH-%-SL]]="Dthu",KH_26_OPT4_KTQT_v4[[#This Row],[%HH]]*KH_26_OPT4_KTQT_v4[[#This Row],[DT-EXW-12]],KH_26_OPT4_KTQT_v4[[#This Row],[HH-SL]]*KH_26_OPT4_KTQT_v4[[#This Row],[SL-12]]) -> 0 | CI8: =SUM(KH_26_OPT4_KTQT_v4[[#This Row],[CPHH-01]:[CPHH-12]]) -> 0 | CJ8: {=IFERROR(IF(KH_26_OPT4_KTQT_v4[[#This Row],[Kênh bán hàng]]="Nội địa",_xlfn.XLOOKUP(KH_26_OPT4_KTQT_v4[[#This Row],[Tên khách]]&KH_26_OPT4_KTQT_v4[[#This Row],[Kênh bán hàng]]&KH_26_OPT4_KTQT_v4[[#This Row],[Địa điểm đến]]&KH_26_OPT4_KTQT_v4[[#This Row],[Nước đến]]&KH_26_OPT4_KTQT_v4[[#This Row],[Incoterm]],ĐGVC!$A$6:$A$201&ĐGVC!$B$6:$B$201&ĐGVC!$C$6:$C$201&ĐGVC!$D$6:$D$201&ĐGVC!$E$6:$E$201,ĐGVC!$O$6:$O$201),0),0)} -> 0 | CK8: =SUM(KH_26_OPT4_KTQT_v4[[#This Row],[ĐGVCNĐ-KXK]:[ĐGVCCT-KXK]]) -> 530000 | CL8: {=IFERROR(IF(KH_26_OPT4_KTQT_v4[[#This Row],[Kênh bán hàng]]="xuất khẩu",_xlfn.XLOOKUP(KH_26_OPT4_KTQT_v4[[#This Row],[Tên khách]]&KH_26_OPT4_KTQT_v4[[#This Row],[Kênh bán hàng]]&KH_26_OPT4_KTQT_v4[[#This Row],[Địa điểm đến]]&KH_26_OPT4_KTQT_v4[[#This Row],[Nước đến]]&KH_26_OPT4_KTQT_v4[[#This Row],[Incoterm]],ĐGVC!$A$6:$A$201&ĐGVC!$B$6:$B$201&ĐGVC!$C$6:$C$201&ĐGVC!$D$6:$D$201&ĐGVC!$E$6:$E$201,ĐGVC!$O$6:$O$201),0),0)} -> 530000 | CM8: {=IFERROR(_xlfn.XLOOKUP(KH_26_OPT4_KTQT_v4[[#This Row],[Tên khách]]&KH_26_OPT4_KTQT_v4[[#This Row],[Kênh bán hàng]]&KH_26_OPT4_KTQT_v4[[#This Row],[Địa điểm đến]]&KH_26_OPT4_KTQT_v4[[#This Row],[Nước đến]]&KH_26_OPT4_KTQT_v4[[#This Row],[Incoterm]],ĐGVC!$A$6:$A$201&ĐGVC!$B$6:$B$201&ĐGVC!$C$6:$C$201&ĐGVC!$D$6:$D$201&ĐGVC!$E$6:$E$201,ĐGVC!$Y$6:$Y$201),0)} -> 0 | CN8: =(KH_26_OPT4_KTQT_v4[[#This Row],[ĐGVC-KNĐ]]+KH_26_OPT4_KTQT_v4[[#This Row],[ĐGVC-KXK]])*KH_26_OPT4_KTQT_v4[[#This Row],[SL-01]] -> 0 | CO8: =(KH_26_OPT4_KTQT_v4[[#This Row],[ĐGVC-KNĐ]]+KH_26_OPT4_KTQT_v4[[#This Row],[ĐGVC-KXK]])*KH_26_OPT4_KTQT_v4[[#This Row],[SL-02]] -> 0 | CP8: =(KH_26_OPT4_KTQT_v4[[#This Row],[ĐGVC-KNĐ]]+KH_26_OPT4_KTQT_v4[[#This Row],[ĐGVC-KXK]])*KH_26_OPT4_KTQT_v4[[#This Row],[SL-03]] -> 0 | CQ8: =(KH_26_OPT4_KTQT_v4[[#This Row],[ĐGVC-KNĐ]]+KH_26_OPT4_KTQT_v4[[#This Row],[ĐGVC-KXK]])*KH_26_OPT4_KTQT_v4[[#This Row],[SL-04]] -> 0 | CR8: =(KH_26_OPT4_KTQT_v4[[#This Row],[ĐGVC-KNĐ]]+KH_26_OPT4_KTQT_v4[[#This Row],[ĐGVC-KXK]])*KH_26_OPT4_KTQT_v4[[#This Row],[SL-05]] -> 0 | CS8: =(KH_26_OPT4_KTQT_v4[[#This Row],[ĐGVC-KNĐ]]+KH_26_OPT4_KTQT_v4[[#This Row],[ĐGVC-KXK]])*KH_26_OPT4_KTQT_v4[[#This Row],[SL-06]] -> 0 | CT8: =(KH_26_OPT4_KTQT_v4[[#This Row],[ĐGVC-KNĐ]]+KH_26_OPT4_KTQT_v4[[#This Row],[ĐGVC-KXK]])*KH_26_OPT4_KTQT_v4[[#This Row],[SL-07]] -> 0 | CU8: =(KH_26_OPT4_KTQT_v4[[#This Row],[ĐGVC-KNĐ]]+KH_26_OPT4_KTQT_v4[[#This Row],[ĐGVC-KXK]])*KH_26_OPT4_KTQT_v4[[#This Row],[SL-08]] -> 0 | CV8: =(KH_26_OPT4_KTQT_v4[[#This Row],[ĐGVC-KNĐ]]+KH_26_OPT4_KTQT_v4[[#This Row],[ĐGVC-KXK]])*KH_26_OPT4_KTQT_v4[[#This Row],[SL-09]] -> 0 | CW8: =(KH_26_OPT4_KTQT_v4[[#This Row],[ĐGVC-KNĐ]]+KH_26_OPT4_KTQT_v4[[#This Row],[ĐGVC-KXK]])*KH_26_OPT4_KTQT_v4[[#This Row],[SL-10]] -> 0 | CX8: =(KH_26_OPT4_KTQT_v4[[#This Row],[ĐGVC-KNĐ]]+KH_26_OPT4_KTQT_v4[[#This Row],[ĐGVC-KXK]])*KH_26_OPT4_KTQT_v4[[#This Row],[SL-11]] -> 0 | CY8: =(KH_26_OPT4_KTQT_v4[[#This Row],[ĐGVC-KNĐ]]+KH_26_OPT4_KTQT_v4[[#This Row],[ĐGVC-KXK]])*KH_26_OPT4_KTQT_v4[[#This Row],[SL-12]] -> 0 | CZ8: =SUM(KH_26_OPT4_KTQT_v4[[#This Row],[CPVC-01]:[CPVC-12]]) -> 0 | DA8: =KH_26_OPT4_KTQT_v4[[#This Row],[DT-EXW-01]]+KH_26_OPT4_KTQT_v4[[#This Row],[CPVC-01]]+KH_26_OPT4_KTQT_v4[[#This Row],[CPHH-01]] -> 0 | DB8: =KH_26_OPT4_KTQT_v4[[#This Row],[DT-EXW-02]]+KH_26_OPT4_KTQT_v4[[#This Row],[CPVC-02]]+KH_26_OPT4_KTQT_v4[[#This Row],[CPHH-02]] -> 0 | DC8: =KH_26_OPT4_KTQT_v4[[#This Row],[DT-EXW-03]]+KH_26_OPT4_KTQT_v4[[#This Row],[CPVC-03]]+KH_26_OPT4_KTQT_v4[[#This Row],[CPHH-03]] -> 0 | DD8: =KH_26_OPT4_KTQT_v4[[#This Row],[DT-EXW-04]]+KH_26_OPT4_KTQT_v4[[#This Row],[CPVC-04]]+KH_26_OPT4_KTQT_v4[[#This Row],[CPHH-04]] -> 0 | DE8: =KH_26_OPT4_KTQT_v4[[#This Row],[DT-EXW-05]]+KH_26_OPT4_KTQT_v4[[#This Row],[CPVC-05]]+KH_26_OPT4_KTQT_v4[[#This Row],[CPHH-05]] -> 0 | DF8: =KH_26_OPT4_KTQT_v4[[#This Row],[DT-EXW-06]]+KH_26_OPT4_KTQT_v4[[#This Row],[CPVC-06]]+KH_26_OPT4_KTQT_v4[[#This Row],[CPHH-06]] -> 0 | DG8: =KH_26_OPT4_KTQT_v4[[#This Row],[DT-EXW-07]]+KH_26_OPT4_KTQT_v4[[#This Row],[CPVC-07]]+KH_26_OPT4_KTQT_v4[[#This Row],[CPHH-07]] -> 0 | DH8: =KH_26_OPT4_KTQT_v4[[#This Row],[DT-EXW-08]]+KH_26_OPT4_KTQT_v4[[#This Row],[CPVC-08]]+KH_26_OPT4_KTQT_v4[[#This Row],[CPHH-08]] -> 0 | DI8: =KH_26_OPT4_KTQT_v4[[#This Row],[DT-EXW-09]]+KH_26_OPT4_KTQT_v4[[#This Row],[CPVC-09]]+KH_26_OPT4_KTQT_v4[[#This Row],[CPHH-09]] -> 0 | DJ8: =KH_26_OPT4_KTQT_v4[[#This Row],[DT-EXW-10]]+KH_26_OPT4_KTQT_v4[[#This Row],[CPVC-10]]+KH_26_OPT4_KTQT_v4[[#This Row],[CPHH-10]] -> 0 | DK8: =KH_26_OPT4_KTQT_v4[[#This Row],[DT-EXW-11]]+KH_26_OPT4_KTQT_v4[[#This Row],[CPVC-11]]+KH_26_OPT4_KTQT_v4[[#This Row],[CPHH-11]] -> 0 | DL8: =KH_26_OPT4_KTQT_v4[[#This Row],[DT-EXW-12]]+KH_26_OPT4_KTQT_v4[[#This Row],[CPVC-12]]+KH_26_OPT4_KTQT_v4[[#This Row],[CPHH-12]] -> 0 | DM8: =SUM(KH_26_OPT4_KTQT_v4[[#This Row],[DT-01]:[DT-12]]) -> 0 | DR8: =IFERROR(KH_26_OPT4_KTQT_v4[[#This Row],[DT-EXW-01]]*KH_26_OPT4_KTQT_v4[[#This Row],[%CPDP]],0) -> 0 | DS8: =IFERROR(KH_26_OPT4_KTQT_v4[[#This Row],[DT-EXW-02]]*KH_26_OPT4_KTQT_v4[[#This Row],[%CPDP]],0) -> 0 | DT8: =IFERROR(KH_26_OPT4_KTQT_v4[[#This Row],[DT-EXW-03]]*KH_26_OPT4_KTQT_v4[[#This Row],[%CPDP]],0) -> 0 | DU8: =IFERROR(KH_26_OPT4_KTQT_v4[[#This Row],[DT-EXW-04]]*KH_26_OPT4_KTQT_v4[[#This Row],[%CPDP]],0) -> 0 | DV8: =IFERROR(KH_26_OPT4_KTQT_v4[[#This Row],[DT-EXW-05]]*KH_26_OPT4_KTQT_v4[[#This Row],[%CPDP]],0) -> 0 | DW8: =IFERROR(KH_26_OPT4_KTQT_v4[[#This Row],[DT-EXW-06]]*KH_26_OPT4_KTQT_v4[[#This Row],[%CPDP]],0) -> 0 | DX8: =IFERROR(KH_26_OPT4_KTQT_v4[[#This Row],[DT-EXW-07]]*KH_26_OPT4_KTQT_v4[[#This Row],[%CPDP]],0) -> 0 | DY8: =IFERROR(KH_26_OPT4_KTQT_v4[[#This Row],[DT-EXW-08]]*KH_26_OPT4_KTQT_v4[[#This Row],[%CPDP]],0) -> 0 | DZ8: =IFERROR(KH_26_OPT4_KTQT_v4[[#This Row],[DT-EXW-09]]*KH_26_OPT4_KTQT_v4[[#This Row],[%CPDP]],0) -> 0 | EA8: =IFERROR(KH_26_OPT4_KTQT_v4[[#This Row],[DT-EXW-10]]*KH_26_OPT4_KTQT_v4[[#This Row],[%CPDP]],0) -> 0 | EB8: =IFERROR(KH_26_OPT4_KTQT_v4[[#This Row],[DT-EXW-11]]*KH_26_OPT4_KTQT_v4[[#This Row],[%CPDP]],0) -> 0 | EC8: =IFERROR(KH_26_OPT4_KTQT_v4[[#This Row],[DT-EXW-12]]*KH_26_OPT4_KTQT_v4[[#This Row],[%CPDP]],0) -> 0 | ED8: =SUM(KH_26_OPT4_KTQT_v4[[#This Row],[CPDP-01]:[CPDP-12]]) -> 0
A9: 4 | B9: Long | C9: =IFERROR(_xlfn.XLOOKUP(KH_26_OPT4_KTQT_v4[[#This Row],[Salesman]],MD_Salesman[Salesman],MD_Salesman[SalesManager]),"") -> Quốc Anh | D9: =IFERROR(INDEX(MD_Customer[Mã khách],MATCH(KH_26_OPT4_KTQT_v4[[#This Row],[Tên khách]],MD_Customer[Tên khách-rút gọn],0)),"") -> 200332 | E9: =IFERROR(INDEX(MD_Customer[Parent Account],MATCH(KH_26_OPT4_KTQT_v4[[#This Row],[Tên khách]],MD_Customer[Tên khách-rút gọn],0)),"") -> OUTEIRINHO TURISMO E INDUSTRIA SA | F9: OUTEIRINHO TURISMO E INDUSTRIA SA | G9: =IFERROR(INDEX(MD_Customer[Phân loại],MATCH(KH_26_OPT4_KTQT_v4[[#This Row],[Tên khách]],MD_Customer[Tên khách-rút gọn],0)),"") -> Hiện hữu | H9: =IFERROR(INDEX(MD_Customer[Kênh bán hàng],MATCH(KH_26_OPT4_KTQT_v4[[#This Row],[Tên khách]],MD_Customer[Tên khách-rút gọn],0)),"") -> Xuất khẩu | I9: Lisbon | J9: =IFERROR(INDEX(MD_Destination[Nước],MATCH(KH_26_OPT4_KTQT_v4[[#This Row],[Địa điểm đến]],MD_Destination[Địa điểm đến],0)),"") -> Bồ Đào Nha | K9: =IFERROR(INDEX(MD_Destination[Khu vực],MATCH(KH_26_OPT4_KTQT_v4[[#This Row],[Địa điểm đến]],MD_Destination[Địa điểm đến],0)),"") -> Châu Âu | L9: FOB | M9: =IFERROR(INDEX(MD_SKU[Mã SKU],MATCH(KH_26_OPT4_KTQT_v4[[#This Row],[Tên sản phẩm]],MD_SKU[Tên SKU-rút gọn],0)),"") -> 110000355 | N9: iSS01G 1 | O9: =IFERROR(INDEX(MD_SKU[Ngành hàng],MATCH(KH_26_OPT4_KTQT_v4[[#This Row],[Tên sản phẩm]],MD_SKU[Tên SKU-rút gọn],0)),"") -> rPET | P9: =IFERROR(INDEX(MD_SKU[Nhóm ngành],MATCH(KH_26_OPT4_KTQT_v4[[#This Row],[Tên sản phẩm]],MD_SKU[Tên SKU-rút gọn],0)),"") -> Hạt PET | Q9: =IFERROR( IF(INDEX(MD_SKU[IV/IM],MATCH(KH_26_OPT4_KTQT_v4[[#This Row],[Tên sản phẩm]],MD_SKU[Tên SKU-rút gọn],0))=0, "", INDEX(MD_SKU[IV/IM],MATCH(KH_26_OPT4_KTQT_v4[[#This Row],[Tên sản phẩm]],MD_SKU[Tên SKU-rút gọn],0)) ), "") -> 0.80 ± 0.02 | R9: =IFERROR(INDEX(MD_SKU[Application],MATCH(KH_26_OPT4_KTQT_v4[[#This Row],[Tên sản phẩm]],MD_SKU[Tên SKU-rút gọn],0)),"") -> 0 | S9: =IFERROR(INDEX(MD_SKU[Phân loại],MATCH(KH_26_OPT4_KTQT_v4[[#This Row],[Tên sản phẩm]],MD_SKU[Tên SKU-rút gọn],0)),"") -> Cũ | T9: OUTEIRINHO TURISMO E INDUSTRIA SA | U9: x | V9: 0.8 | W9: 330 | X9: 330 | Y9: 330 | Z9: 330 | AA9: 330 | AB9: 330 | AC9: 330 | AD9: 330 | AE9: 330 | AF9: 330 | AG9: 330 | AH9: 330 | AI9: =SUM(KH_26_OPT4_KTQT_v4[[#This Row],[SL-01]:[SL-12]]) -> 3960 | AJ9: =SUMIFS(DB_25[SL-DB25],DB_25[Mã khách],KH_26_OPT4_KTQT_v4[[#This Row],[Mã khách]],DB_25[Mã sản phẩm],KH_26_OPT4_KTQT_v4[[#This Row],[Mã sản phẩm]]) -> 6160 | AK9: =KH_26_OPT4_KTQT_v4[[#This Row],[SL-KH26]]-KH_26_OPT4_KTQT_v4[[#This Row],[SL-DB25]] -> -2200 | AL9: =IFERROR(KH_26_OPT4_KTQT_v4[[#This Row],[SL-+/-]]/KH_26_OPT4_KTQT_v4[[#This Row],[SL-DB25]],0) -> -0.35714286 | AM9: 1200 | AN9: 1200 | AO9: 1200 | AP9: 1200 | AQ9: 1200 | AR9: 1200 | AS9: 1200 | AT9: 1200 | AU9: 1200 | AV9: 1200 | AW9: 1200 | AX9: 1200 | AY9: 1180 | BA9: =KH_26_OPT4_KTQT_v4[[#This Row],[GB-DB25]]-KH_26_OPT4_KTQT_v4[[#This Row],[GB-KH25]] -> 1180 | BB9: =IFERROR(KH_26_OPT4_KTQT_v4[[#This Row],[GB-+/-]]/KH_26_OPT4_KTQT_v4[[#This Row],[GB-KH25]],0) -> 0 | BC9: Đã bao gồm chi phí hỗ trợ tối đa 10% (giá sau hỗ trợ là 1060) | BD9: =KH_26_OPT4_KTQT_v4[[#This Row],[SL-01]]*KH_26_OPT4_KTQT_v4[[#This Row],[GB-01]]*EXR -> 10494000000 | BE9: =KH_26_OPT4_KTQT_v4[[#This Row],[SL-02]]*KH_26_OPT4_KTQT_v4[[#This Row],[GB-02]]*EXR -> 10494000000 | BF9: =KH_26_OPT4_KTQT_v4[[#This Row],[SL-03]]*KH_26_OPT4_KTQT_v4[[#This Row],[GB-03]]*EXR -> 10494000000 | BG9: =KH_26_OPT4_KTQT_v4[[#This Row],[SL-04]]*KH_26_OPT4_KTQT_v4[[#This Row],[GB-04]]*EXR -> 10494000000 | BH9: =KH_26_OPT4_KTQT_v4[[#This Row],[SL-05]]*KH_26_OPT4_KTQT_v4[[#This Row],[GB-05]]*EXR -> 10494000000 | BI9: =KH_26_OPT4_KTQT_v4[[#This Row],[SL-06]]*KH_26_OPT4_KTQT_v4[[#This Row],[GB-06]]*EXR -> 10494000000 | BJ9: =KH_26_OPT4_KTQT_v4[[#This Row],[SL-07]]*KH_26_OPT4_KTQT_v4[[#This Row],[GB-07]]*EXR -> 10494000000 | BK9: =KH_26_OPT4_KTQT_v4[[#This Row],[SL-08]]*KH_26_OPT4_KTQT_v4[[#This Row],[GB-08]]*EXR -> 10494000000 | BL9: =KH_26_OPT4_KTQT_v4[[#This Row],[SL-09]]*KH_26_OPT4_KTQT_v4[[#This Row],[GB-09]]*EXR -> 10494000000 | BM9: =KH_26_OPT4_KTQT_v4[[#This Row],[SL-10]]*KH_26_OPT4_KTQT_v4[[#This Row],[GB-10]]*EXR -> 10494000000 | BN9: =KH_26_OPT4_KTQT_v4[[#This Row],[SL-11]]*KH_26_OPT4_KTQT_v4[[#This Row],[GB-11]]*EXR -> 10494000000 | BO9: =KH_26_OPT4_KTQT_v4[[#This Row],[SL-12]]*KH_26_OPT4_KTQT_v4[[#This Row],[GB-12]]*EXR -> 10494000000 | BP9: =SUM(KH_26_OPT4_KTQT_v4[[#This Row],[DT-EXW-01]:[DT-EXW-12]]) -> 125928000000 | BQ9: =SUMIFS(DB_25[DT-DB25],DB_25[Mã khách],KH_26_OPT4_KTQT_v4[[#This Row],[Mã khách]],DB_25[Mã sản phẩm],KH_26_OPT4_KTQT_v4[[#This Row],[Mã sản phẩm]]) -> 1.9521565e+11 | BR9: =KH_26_OPT4_KTQT_v4[[#This Row],[DT-EXW-KH26]]-KH_26_OPT4_KTQT_v4[[#This Row],[DT-EXW-DB25]] -> -6.9287645e+10 | BS9: =IFERROR(KH_26_OPT4_KTQT_v4[[#This Row],[DT-EXW-+/-]]/KH_26_OPT4_KTQT_v4[[#This Row],[DT-EXW-DB25]],0) -> -0.35492875 | BW9: =IF(KH_26_OPT4_KTQT_v4[[#This Row],[CPHH-%-SL]]="Dthu",KH_26_OPT4_KTQT_v4[[#This Row],[%HH]]*KH_26_OPT4_KTQT_v4[[#This Row],[DT-EXW-01]],KH_26_OPT4_KTQT_v4[[#This Row],[HH-SL]]*KH_26_OPT4_KTQT_v4[[#This Row],[SL-01]]) -> 0 | BX9: =IF(KH_26_OPT4_KTQT_v4[[#This Row],[CPHH-%-SL]]="Dthu",KH_26_OPT4_KTQT_v4[[#This Row],[%HH]]*KH_26_OPT4_KTQT_v4[[#This Row],[DT-EXW-02]],KH_26_OPT4_KTQT_v4[[#This Row],[HH-SL]]*KH_26_OPT4_KTQT_v4[[#This Row],[SL-02]]) -> 0 | BY9: =IF(KH_26_OPT4_KTQT_v4[[#This Row],[CPHH-%-SL]]="Dthu",KH_26_OPT4_KTQT_v4[[#This Row],[%HH]]*KH_26_OPT4_KTQT_v4[[#This Row],[DT-EXW-03]],KH_26_OPT4_KTQT_v4[[#This Row],[HH-SL]]*KH_26_OPT4_KTQT_v4[[#This Row],[SL-03]]) -> 0 | BZ9: =IF(KH_26_OPT4_KTQT_v4[[#This Row],[CPHH-%-SL]]="Dthu",KH_26_OPT4_KTQT_v4[[#This Row],[%HH]]*KH_26_OPT4_KTQT_v4[[#This Row],[DT-EXW-04]],KH_26_OPT4_KTQT_v4[[#This Row],[HH-SL]]*KH_26_OPT4_KTQT_v4[[#This Row],[SL-04]]) -> 0 | CA9: =IF(KH_26_OPT4_KTQT_v4[[#This Row],[CPHH-%-SL]]="Dthu",KH_26_OPT4_KTQT_v4[[#This Row],[%HH]]*KH_26_OPT4_KTQT_v4[[#This Row],[DT-EXW-05]],KH_26_OPT4_KTQT_v4[[#This Row],[HH-SL]]*KH_26_OPT4_KTQT_v4[[#This Row],[SL-05]]) -> 0 | CB9: =IF(KH_26_OPT4_KTQT_v4[[#This Row],[CPHH-%-SL]]="Dthu",KH_26_OPT4_KTQT_v4[[#This Row],[%HH]]*KH_26_OPT4_KTQT_v4[[#This Row],[DT-EXW-06]],KH_26_OPT4_KTQT_v4[[#This Row],[HH-SL]]*KH_26_OPT4_KTQT_v4[[#This Row],[SL-06]]) -> 0 | CC9: =IF(KH_26_OPT4_KTQT_v4[[#This Row],[CPHH-%-SL]]="Dthu",KH_26_OPT4_KTQT_v4[[#This Row],[%HH]]*KH_26_OPT4_KTQT_v4[[#This Row],[DT-EXW-07]],KH_26_OPT4_KTQT_v4[[#This Row],[HH-SL]]*KH_26_OPT4_KTQT_v4[[#This Row],[SL-07]]) -> 0 | CD9: =IF(KH_26_OPT4_KTQT_v4[[#This Row],[CPHH-%-SL]]="Dthu",KH_26_OPT4_KTQT_v4[[#This Row],[%HH]]*KH_26_OPT4_KTQT_v4[[#This Row],[DT-EXW-08]],KH_26_OPT4_KTQT_v4[[#This Row],[HH-SL]]*KH_26_OPT4_KTQT_v4[[#This Row],[SL-08]]) -> 0 | CE9: =IF(KH_26_OPT4_KTQT_v4[[#This Row],[CPHH-%-SL]]="Dthu",KH_26_OPT4_KTQT_v4[[#This Row],[%HH]]*KH_26_OPT4_KTQT_v4[[#This Row],[DT-EXW-09]],KH_26_OPT4_KTQT_v4[[#This Row],[HH-SL]]*KH_26_OPT4_KTQT_v4[[#This Row],[SL-09]]) -> 0 | CF9: =IF(KH_26_OPT4_KTQT_v4[[#This Row],[CPHH-%-SL]]="Dthu",KH_26_OPT4_KTQT_v4[[#This Row],[%HH]]*KH_26_OPT4_KTQT_v4[[#This Row],[DT-EXW-10]],KH_26_OPT4_KTQT_v4[[#This Row],[HH-SL]]*KH_26_OPT4_KTQT_v4[[#This Row],[SL-10]]) -> 0 | CG9: =IF(KH_26_OPT4_KTQT_v4[[#This Row],[CPHH-%-SL]]="Dthu",KH_26_OPT4_KTQT_v4[[#This Row],[%HH]]*KH_26_OPT4_KTQT_v4[[#This Row],[DT-EXW-11]],KH_26_OPT4_KTQT_v4[[#This Row],[HH-SL]]*KH_26_OPT4_KTQT_v4[[#This Row],[SL-11]]) -> 0 | CH9: =IF(KH_26_OPT4_KTQT_v4[[#This Row],[CPHH-%-SL]]="Dthu",KH_26_OPT4_KTQT_v4[[#This Row],[%HH]]*KH_26_OPT4_KTQT_v4[[#This Row],[DT-EXW-12]],KH_26_OPT4_KTQT_v4[[#This Row],[HH-SL]]*KH_26_OPT4_KTQT_v4[[#This Row],[SL-12]]) -> 0 | CI9: =SUM(KH_26_OPT4_KTQT_v4[[#This Row],[CPHH-01]:[CPHH-12]]) -> 0 | CJ9: {=IFERROR(IF(KH_26_OPT4_KTQT_v4[[#This Row],[Kênh bán hàng]]="Nội địa",_xlfn.XLOOKUP(KH_26_OPT4_KTQT_v4[[#This Row],[Tên khách]]&KH_26_OPT4_KTQT_v4[[#This Row],[Kênh bán hàng]]&KH_26_OPT4_KTQT_v4[[#This Row],[Địa điểm đến]]&KH_26_OPT4_KTQT_v4[[#This Row],[Nước đến]]&KH_26_OPT4_KTQT_v4[[#This Row],[Incoterm]],ĐGVC!$A$6:$A$201&ĐGVC!$B$6:$B$201&ĐGVC!$C$6:$C$201&ĐGVC!$D$6:$D$201&ĐGVC!$E$6:$E$201,ĐGVC!$O$6:$O$201),0),0)} -> 0 | CK9: =SUM(KH_26_OPT4_KTQT_v4[[#This Row],[ĐGVCNĐ-KXK]:[ĐGVCCT-KXK]]) -> 530000 | CL9: {=IFERROR(IF(KH_26_OPT4_KTQT_v4[[#This Row],[Kênh bán hàng]]="xuất khẩu",_xlfn.XLOOKUP(KH_26_OPT4_KTQT_v4[[#This Row],[Tên khách]]&KH_26_OPT4_KTQT_v4[[#This Row],[Kênh bán hàng]]&KH_26_OPT4_KTQT_v4[[#This Row],[Địa điểm đến]]&KH_26_OPT4_KTQT_v4[[#This Row],[Nước đến]]&KH_26_OPT4_KTQT_v4[[#This Row],[Incoterm]],ĐGVC!$A$6:$A$201&ĐGVC!$B$6:$B$201&ĐGVC!$C$6:$C$201&ĐGVC!$D$6:$D$201&ĐGVC!$E$6:$E$201,ĐGVC!$O$6:$O$201),0),0)} -> 530000 | CM9: {=IFERROR(_xlfn.XLOOKUP(KH_26_OPT4_KTQT_v4[[#This Row],[Tên khách]]&KH_26_OPT4_KTQT_v4[[#This Row],[Kênh bán hàng]]&KH_26_OPT4_KTQT_v4[[#This Row],[Địa điểm đến]]&KH_26_OPT4_KTQT_v4[[#This Row],[Nước đến]]&KH_26_OPT4_KTQT_v4[[#This Row],[Incoterm]],ĐGVC!$A$6:$A$201&ĐGVC!$B$6:$B$201&ĐGVC!$C$6:$C$201&ĐGVC!$D$6:$D$201&ĐGVC!$E$6:$E$201,ĐGVC!$Y$6:$Y$201),0)} -> 0 | CN9: =(KH_26_OPT4_KTQT_v4[[#This Row],[ĐGVC-KNĐ]]+KH_26_OPT4_KTQT_v4[[#This Row],[ĐGVC-KXK]])*KH_26_OPT4_KTQT_v4[[#This Row],[SL-01]] -> 174900000 | CO9: =(KH_26_OPT4_KTQT_v4[[#This Row],[ĐGVC-KNĐ]]+KH_26_OPT4_KTQT_v4[[#This Row],[ĐGVC-KXK]])*KH_26_OPT4_KTQT_v4[[#This Row],[SL-02]] -> 174900000 | CP9: =(KH_26_OPT4_KTQT_v4[[#This Row],[ĐGVC-KNĐ]]+KH_26_OPT4_KTQT_v4[[#This Row],[ĐGVC-KXK]])*KH_26_OPT4_KTQT_v4[[#This Row],[SL-03]] -> 174900000 | CQ9: =(KH_26_OPT4_KTQT_v4[[#This Row],[ĐGVC-KNĐ]]+KH_26_OPT4_KTQT_v4[[#This Row],[ĐGVC-KXK]])*KH_26_OPT4_KTQT_v4[[#This Row],[SL-04]] -> 174900000 | CR9: =(KH_26_OPT4_KTQT_v4[[#This Row],[ĐGVC-KNĐ]]+KH_26_OPT4_KTQT_v4[[#This Row],[ĐGVC-KXK]])*KH_26_OPT4_KTQT_v4[[#This Row],[SL-05]] -> 174900000 | CS9: =(KH_26_OPT4_KTQT_v4[[#This Row],[ĐGVC-KNĐ]]+KH_26_OPT4_KTQT_v4[[#This Row],[ĐGVC-KXK]])*KH_26_OPT4_KTQT_v4[[#This Row],[SL-06]] -> 174900000 | CT9: =(KH_26_OPT4_KTQT_v4[[#This Row],[ĐGVC-KNĐ]]+KH_26_OPT4_KTQT_v4[[#This Row],[ĐGVC-KXK]])*KH_26_OPT4_KTQT_v4[[#This Row],[SL-07]] -> 174900000 | CU9: =(KH_26_OPT4_KTQT_v4[[#This Row],[ĐGVC-KNĐ]]+KH_26_OPT4_KTQT_v4[[#This Row],[ĐGVC-KXK]])*KH_26_OPT4_KTQT_v4[[#This Row],[SL-08]] -> 174900000 | CV9: =(KH_26_OPT4_KTQT_v4[[#This Row],[ĐGVC-KNĐ]]+KH_26_OPT4_KTQT_v4[[#This Row],[ĐGVC-KXK]])*KH_26_OPT4_KTQT_v4[[#This Row],[SL-09]] -> 174900000 | CW9: =(KH_26_OPT4_KTQT_v4[[#This Row],[ĐGVC-KNĐ]]+KH_26_OPT4_KTQT_v4[[#This Row],[ĐGVC-KXK]])*KH_26_OPT4_KTQT_v4[[#This Row],[SL-10]] -> 174900000 | CX9: =(KH_26_OPT4_KTQT_v4[[#This Row],[ĐGVC-KNĐ]]+KH_26_OPT4_KTQT_v4[[#This Row],[ĐGVC-KXK]])*KH_26_OPT4_KTQT_v4[[#This Row],[SL-11]] -> 174900000 | CY9: =(KH_26_OPT4_KTQT_v4[[#This Row],[ĐGVC-KNĐ]]+KH_26_OPT4_KTQT_v4[[#This Row],[ĐGVC-KXK]])*KH_26_OPT4_KTQT_v4[[#This Row],[SL-12]] -> 174900000 | CZ9: =SUM(KH_26_OPT4_KTQT_v4[[#This Row],[CPVC-01]:[CPVC-12]]) -> 2098800000 | DA9: =KH_26_OPT4_KTQT_v4[[#This Row],[DT-EXW-01]]+KH_26_OPT4_KTQT_v4[[#This Row],[CPVC-01]]+KH_26_OPT4_KTQT_v4[[#This Row],[CPHH-01]] -> 10668900000 | DB9: =KH_26_OPT4_KTQT_v4[[#This Row],[DT-EXW-02]]+KH_26_OPT4_KTQT_v4[[#This Row],[CPVC-02]]+KH_26_OPT4_KTQT_v4[[#This Row],[CPHH-02]] -> 10668900000 | DC9: =KH_26_OPT4_KTQT_v4[[#This Row],[DT-EXW-03]]+KH_26_OPT4_KTQT_v4[[#This Row],[CPVC-03]]+KH_26_OPT4_KTQT_v4[[#This Row],[CPHH-03]] -> 10668900000 | DD9: =KH_26_OPT4_KTQT_v4[[#This Row],[DT-EXW-04]]+KH_26_OPT4_KTQT_v4[[#This Row],[CPVC-04]]+KH_26_OPT4_KTQT_v4[[#This Row],[CPHH-04]] -> 10668900000 | DE9: =KH_26_OPT4_KTQT_v4[[#This Row],[DT-EXW-05]]+KH_26_OPT4_KTQT_v4[[#This Row],[CPVC-05]]+KH_26_OPT4_KTQT_v4[[#This Row],[CPHH-05]] -> 10668900000 | DF9: =KH_26_OPT4_KTQT_v4[[#This Row],[DT-EXW-06]]+KH_26_OPT4_KTQT_v4[[#This Row],[CPVC-06]]+KH_26_OPT4_KTQT_v4[[#This Row],[CPHH-06]] -> 10668900000 | DG9: =KH_26_OPT4_KTQT_v4[[#This Row],[DT-EXW-07]]+KH_26_OPT4_KTQT_v4[[#This Row],[CPVC-07]]+KH_26_OPT4_KTQT_v4[[#This Row],[CPHH-07]] -> 10668900000 | DH9: =KH_26_OPT4_KTQT_v4[[#This Row],[DT-EXW-08]]+KH_26_OPT4_KTQT_v4[[#This Row],[CPVC-08]]+KH_26_OPT4_KTQT_v4[[#This Row],[CPHH-08]] -> 10668900000 | DI9: =KH_26_OPT4_KTQT_v4[[#This Row],[DT-EXW-09]]+KH_26_OPT4_KTQT_v4[[#This Row],[CPVC-09]]+KH_26_OPT4_KTQT_v4[[#This Row],[CPHH-09]] -> 10668900000 | DJ9: =KH_26_OPT4_KTQT_v4[[#This Row],[DT-EXW-10]]+KH_26_OPT4_KTQT_v4[[#This Row],[CPVC-10]]+KH_26_OPT4_KTQT_v4[[#This Row],[CPHH-10]] -> 10668900000 | DK9: =KH_26_OPT4_KTQT_v4[[#This Row],[DT-EXW-11]]+KH_26_OPT4_KTQT_v4[[#This Row],[CPVC-11]]+KH_26_OPT4_KTQT_v4[[#This Row],[CPHH-11]] -> 10668900000 | DL9: =KH_26_OPT4_KTQT_v4[[#This Row],[DT-EXW-12]]+KH_26_OPT4_KTQT_v4[[#This Row],[CPVC-12]]+KH_26_OPT4_KTQT_v4[[#This Row],[CPHH-12]] -> 10668900000 | DM9: =SUM(KH_26_OPT4_KTQT_v4[[#This Row],[DT-01]:[DT-12]]) -> 128026800000 | DQ9: 0.1 | DR9: =IFERROR(KH_26_OPT4_KTQT_v4[[#This Row],[DT-EXW-01]]*KH_26_OPT4_KTQT_v4[[#This Row],[%CPDP]],0) -> 1049400000 | DS9: =IFERROR(KH_26_OPT4_KTQT_v4[[#This Row],[DT-EXW-02]]*KH_26_OPT4_KTQT_v4[[#This Row],[%CPDP]],0) -> 1049400000 | DT9: =IFERROR(KH_26_OPT4_KTQT_v4[[#This Row],[DT-EXW-03]]*KH_26_OPT4_KTQT_v4[[#This Row],[%CPDP]],0) -> 1049400000 | DU9: =IFERROR(KH_26_OPT4_KTQT_v4[[#This Row],[DT-EXW-04]]*KH_26_OPT4_KTQT_v4[[#This Row],[%CPDP]],0) -> 1049400000 | DV9: =IFERROR(KH_26_OPT4_KTQT_v4[[#This Row],[DT-EXW-05]]*KH_26_OPT4_KTQT_v4[[#This Row],[%CPDP]],0) -> 1049400000 | DW9: =IFERROR(KH_26_OPT4_KTQT_v4[[#This Row],[DT-EXW-06]]*KH_26_OPT4_KTQT_v4[[#This Row],[%CPDP]],0) -> 1049400000 | DX9: =IFERROR(KH_26_OPT4_KTQT_v4[[#This Row],[DT-EXW-07]]*KH_26_OPT4_KTQT_v4[[#This Row],[%CPDP]],0) -> 1049400000 | DY9: =IFERROR(KH_26_OPT4_KTQT_v4[[#This Row],[DT-EXW-08]]*KH_26_OPT4_KTQT_v4[[#This Row],[%CPDP]],0) -> 1049400000 | DZ9: =IFERROR(KH_26_OPT4_KTQT_v4[[#This Row],[DT-EXW-09]]*KH_26_OPT4_KTQT_v4[[#This Row],[%CPDP]],0) -> 1049400000 | EA9: =IFERROR(KH_26_OPT4_KTQT_v4[[#This Row],[DT-EXW-10]]*KH_26_OPT4_KTQT_v4[[#This Row],[%CPDP]],0) -> 1049400000 | EB9: =IFERROR(KH_26_OPT4_KTQT_v4[[#This Row],[DT-EXW-11]]*KH_26_OPT4_KTQT_v4[[#This Row],[%CPDP]],0) -> 1049400000 | EC9: =IFERROR(KH_26_OPT4_KTQT_v4[[#This Row],[DT-EXW-12]]*KH_26_OPT4_KTQT_v4[[#This Row],[%CPDP]],0) -> 1049400000 | ED9: =SUM(KH_26_OPT4_KTQT_v4[[#This Row],[CPDP-01]:[CPDP-12]]) -> 12592800000
A10: 5 | B10: Nghĩa | C10: =IFERROR(_xlfn.XLOOKUP(KH_26_OPT4_KTQT_v4[[#This Row],[Salesman]],MD_Salesman[Salesman],MD_Salesman[SalesManager]),"") -> Cường | D10: =IFERROR(INDEX(MD_Customer[Mã khách],MATCH(KH_26_OPT4_KTQT_v4[[#This Row],[Tên khách]],MD_Customer[Tên khách-rút gọn],0)),"") -> 104894 | E10: =IFERROR(INDEX(MD_Customer[Parent Account],MATCH(KH_26_OPT4_KTQT_v4[[#This Row],[Tên khách]],MD_Customer[Tên khách-rút gọn],0)),"") -> Unilever | F10: UNILEVER-NGỌC NGHĨA | G10: =IFERROR(INDEX(MD_Customer[Phân loại],MATCH(KH_26_OPT4_KTQT_v4[[#This Row],[Tên khách]],MD_Customer[Tên khách-rút gọn],0)),"") -> Hiện hữu | H10: =IFERROR(INDEX(MD_Customer[Kênh bán hàng],MATCH(KH_26_OPT4_KTQT_v4[[#This Row],[Tên khách]],MD_Customer[Tên khách-rút gọn],0)),"") -> Nội địa | I10: Hồ Chí Minh | J10: =IFERROR(INDEX(MD_Destination[Nước],MATCH(KH_26_OPT4_KTQT_v4[[#This Row],[Địa điểm đến]],MD_Destination[Địa điểm đến],0)),"") -> Việt Nam | K10: =IFERROR(INDEX(MD_Destination[Khu vực],MATCH(KH_26_OPT4_KTQT_v4[[#This Row],[Địa điểm đến]],MD_Destination[Địa điểm đến],0)),"") -> Châu Á | L10: DDP | M10: =IFERROR(INDEX(MD_SKU[Mã SKU],MATCH(KH_26_OPT4_KTQT_v4[[#This Row],[Tên sản phẩm]],MD_SKU[Tên SKU-rút gọn],0)),"") -> 110000354 | N10: WSS01G 1 | O10: =IFERROR(INDEX(MD_SKU[Ngành hàng],MATCH(KH_26_OPT4_KTQT_v4[[#This Row],[Tên sản phẩm]],MD_SKU[Tên SKU-rút gọn],0)),"") -> rPET | P10: =IFERROR(INDEX(MD_SKU[Nhóm ngành],MATCH(KH_26_OPT4_KTQT_v4[[#This Row],[Tên sản phẩm]],MD_SKU[Tên SKU-rút gọn],0)),"") -> Hạt PET | Q10: =IFERROR( IF(INDEX(MD_SKU[IV/IM],MATCH(KH_26_OPT4_KTQT_v4[[#This Row],[Tên sản phẩm]],MD_SKU[Tên SKU-rút gọn],0))=0, "", INDEX(MD_SKU[IV/IM],MATCH(KH_26_OPT4_KTQT_v4[[#This Row],[Tên sản phẩm]],MD_SKU[Tên SKU-rút gọn],0)) ), "") -> 0.78 ± 0.02 | R10: =IFERROR(INDEX(MD_SKU[Application],MATCH(KH_26_OPT4_KTQT_v4[[#This Row],[Tên sản phẩm]],MD_SKU[Tên SKU-rút gọn],0)),"") -> 0 | S10: =IFERROR(INDEX(MD_SKU[Phân loại],MATCH(KH_26_OPT4_KTQT_v4[[#This Row],[Tên sản phẩm]],MD_SKU[Tên SKU-rút gọn],0)),"") -> Cũ | T10: Unilever | U10: x | V10: 0.8 | W10: 220 | X10: 220 | Y10: 220 | Z10: 220 | AA10: 220 | AB10: 220 | AC10: 220 | AD10: 220 | AE10: 220 | AF10: 220 | AG10: 220 | AH10: 220 | AI10: =SUM(KH_26_OPT4_KTQT_v4[[#This Row],[SL-01]:[SL-12]]) -> 2640 | AJ10: =SUMIFS(DB_25[SL-DB25],DB_25[Mã khách],KH_26_OPT4_KTQT_v4[[#This Row],[Mã khách]],DB_25[Mã sản phẩm],KH_26_OPT4_KTQT_v4[[#This Row],[Mã sản phẩm]]) -> 3265.7 | AK10: =KH_26_OPT4_KTQT_v4[[#This Row],[SL-KH26]]-KH_26_OPT4_KTQT_v4[[#This Row],[SL-DB25]] -> -625.7 | AL10: =IFERROR(KH_26_OPT4_KTQT_v4[[#This Row],[SL-+/-]]/KH_26_OPT4_KTQT_v4[[#This Row],[SL-DB25]],0) -> -0.19159751 | AM10: =1217+33 -> 1250 | AN10: =1217+33 -> 1250 | AO10: =1217+33 -> 1250 | AP10: =1217+33 -> 1250 | AQ10: =1217+33 -> 1250 | AR10: =1217+33 -> 1250 | AS10: =1217+33 -> 1250 | AT10: =1217+33 -> 1250 | ... AX10: =1217+33 -> 1250 | AY10: 1183 | BA10: =KH_26_OPT4_KTQT_v4[[#This Row],[GB-DB25]]-KH_26_OPT4_KTQT_v4[[#This Row],[GB-KH25]] -> 1183 | BB10: =IFERROR(KH_26_OPT4_KTQT_v4[[#This Row],[GB-+/-]]/KH_26_OPT4_KTQT_v4[[#This Row],[GB-KH25]],0) -> 0 | BD10: =KH_26_OPT4_KTQT_v4[[#This Row],[SL-01]]*KH_26_OPT4_KTQT_v4[[#This Row],[GB-01]]*EXR -> 7287500000 | BE10: =KH_26_OPT4_KTQT_v4[[#This Row],[SL-02]]*KH_26_OPT4_KTQT_v4[[#This Row],[GB-02]]*EXR -> 7287500000 | BF10: =KH_26_OPT4_KTQT_v4[[#This Row],[SL-03]]*KH_26_OPT4_KTQT_v4[[#This Row],[GB-03]]*EXR -> 7287500000 | BG10: =KH_26_OPT4_KTQT_v4[[#This Row],[SL-04]]*KH_26_OPT4_KTQT_v4[[#This Row],[GB-04]]*EXR -> 7287500000 | BH10: =KH_26_OPT4_KTQT_v4[[#This Row],[SL-05]]*KH_26_OPT4_KTQT_v4[[#This Row],[GB-05]]*EXR -> 7287500000 | BI10: =KH_26_OPT4_KTQT_v4[[#This Row],[SL-06]]*KH_26_OPT4_KTQT_v4[[#This Row],[GB-06]]*EXR -> 7287500000 | BJ10: =KH_26_OPT4_KTQT_v4[[#This Row],[SL-07]]*KH_26_OPT4_KTQT_v4[[#This Row],[GB-07]]*EXR -> 7287500000 | BK10: =KH_26_OPT4_KTQT_v4[[#This Row],[SL-08]]*KH_26_OPT4_KTQT_v4[[#This Row],[GB-08]]*EXR -> 7287500000 | BL10: =KH_26_OPT4_KTQT_v4[[#This Row],[SL-09]]*KH_26_OPT4_KTQT_v4[[#This Row],[GB-09]]*EXR -> 7287500000 | BM10: =KH_26_OPT4_KTQT_v4[[#This Row],[SL-10]]*KH_26_OPT4_KTQT_v4[[#This Row],[GB-10]]*EXR -> 7287500000 | BN10: =KH_26_OPT4_KTQT_v4[[#This Row],[SL-11]]*KH_26_OPT4_KTQT_v4[[#This Row],[GB-11]]*EXR -> 7287500000 | BO10: =KH_26_OPT4_KTQT_v4[[#This Row],[SL-12]]*KH_26_OPT4_KTQT_v4[[#This Row],[GB-12]]*EXR -> 7287500000 | BP10: =SUM(KH_26_OPT4_KTQT_v4[[#This Row],[DT-EXW-01]:[DT-EXW-12]]) -> 87450000000 | BQ10: =SUMIFS(DB_25[DT-DB25],DB_25[Mã khách],KH_26_OPT4_KTQT_v4[[#This Row],[Mã khách]],DB_25[Mã sản phẩm],KH_26_OPT4_KTQT_v4[[#This Row],[Mã sản phẩm]]) -> 7.584905e+10 | BR10: =KH_26_OPT4_KTQT_v4[[#This Row],[DT-EXW-KH26]]-KH_26_OPT4_KTQT_v4[[#This Row],[DT-EXW-DB25]] -> 1.160095e+10 | BS10: =IFERROR(KH_26_OPT4_KTQT_v4[[#This Row],[DT-EXW-+/-]]/KH_26_OPT4_KTQT_v4[[#This Row],[DT-EXW-DB25]],0) -> 0.15294786 | BW10: =IF(KH_26_OPT4_KTQT_v4[[#This Row],[CPHH-%-SL]]="Dthu",KH_26_OPT4_KTQT_v4[[#This Row],[%HH]]*KH_26_OPT4_KTQT_v4[[#This Row],[DT-EXW-01]],KH_26_OPT4_KTQT_v4[[#This Row],[HH-SL]]*KH_26_OPT4_KTQT_v4[[#This Row],[SL-01]]) -> 0 | BX10: =IF(KH_26_OPT4_KTQT_v4[[#This Row],[CPHH-%-SL]]="Dthu",KH_26_OPT4_KTQT_v4[[#This Row],[%HH]]*KH_26_OPT4_KTQT_v4[[#This Row],[DT-EXW-02]],KH_26_OPT4_KTQT_v4[[#This Row],[HH-SL]]*KH_26_OPT4_KTQT_v4[[#This Row],[SL-02]]) -> 0 | BY10: =IF(KH_26_OPT4_KTQT_v4[[#This Row],[CPHH-%-SL]]="Dthu",KH_26_OPT4_KTQT_v4[[#This Row],[%HH]]*KH_26_OPT4_KTQT_v4[[#This Row],[DT-EXW-03]],KH_26_OPT4_KTQT_v4[[#This Row],[HH-SL]]*KH_26_OPT4_KTQT_v4[[#This Row],[SL-03]]) -> 0 | BZ10: =IF(KH_26_OPT4_KTQT_v4[[#This Row],[CPHH-%-SL]]="Dthu",KH_26_OPT4_KTQT_v4[[#This Row],[%HH]]*KH_26_OPT4_KTQT_v4[[#This Row],[DT-EXW-04]],KH_26_OPT4_KTQT_v4[[#This Row],[HH-SL]]*KH_26_OPT4_KTQT_v4[[#This Row],[SL-04]]) -> 0 | CA10: =IF(KH_26_OPT4_KTQT_v4[[#This Row],[CPHH-%-SL]]="Dthu",KH_26_OPT4_KTQT_v4[[#This Row],[%HH]]*KH_26_OPT4_KTQT_v4[[#This Row],[DT-EXW-05]],KH_26_OPT4_KTQT_v4[[#This Row],[HH-SL]]*KH_26_OPT4_KTQT_v4[[#This Row],[SL-05]]) -> 0 | CB10: =IF(KH_26_OPT4_KTQT_v4[[#This Row],[CPHH-%-SL]]="Dthu",KH_26_OPT4_KTQT_v4[[#This Row],[%HH]]*KH_26_OPT4_KTQT_v4[[#This Row],[DT-EXW-06]],KH_26_OPT4_KTQT_v4[[#This Row],[HH-SL]]*KH_26_OPT4_KTQT_v4[[#This Row],[SL-06]]) -> 0 | CC10: =IF(KH_26_OPT4_KTQT_v4[[#This Row],[CPHH-%-SL]]="Dthu",KH_26_OPT4_KTQT_v4[[#This Row],[%HH]]*KH_26_OPT4_KTQT_v4[[#This Row],[DT-EXW-07]],KH_26_OPT4_KTQT_v4[[#This Row],[HH-SL]]*KH_26_OPT4_KTQT_v4[[#This Row],[SL-07]]) -> 0 | CD10: =IF(KH_26_OPT4_KTQT_v4[[#This Row],[CPHH-%-SL]]="Dthu",KH_26_OPT4_KTQT_v4[[#This Row],[%HH]]*KH_26_OPT4_KTQT_v4[[#This Row],[DT-EXW-08]],KH_26_OPT4_KTQT_v4[[#This Row],[HH-SL]]*KH_26_OPT4_KTQT_v4[[#This Row],[SL-08]]) -> 0 | CE10: =IF(KH_26_OPT4_KTQT_v4[[#This Row],[CPHH-%-SL]]="Dthu",KH_26_OPT4_KTQT_v4[[#This Row],[%HH]]*KH_26_OPT4_KTQT_v4[[#This Row],[DT-EXW-09]],KH_26_OPT4_KTQT_v4[[#This Row],[HH-SL]]*KH_26_OPT4_KTQT_v4[[#This Row],[SL-09]]) -> 0 | CF10: =IF(KH_26_OPT4_KTQT_v4[[#This Row],[CPHH-%-SL]]="Dthu",KH_26_OPT4_KTQT_v4[[#This Row],[%HH]]*KH_26_OPT4_KTQT_v4[[#This Row],[DT-EXW-10]],KH_26_OPT4_KTQT_v4[[#This Row],[HH-SL]]*KH_26_OPT4_KTQT_v4[[#This Row],[SL-10]]) -> 0 | CG10: =IF(KH_26_OPT4_KTQT_v4[[#This Row],[CPHH-%-SL]]="Dthu",KH_26_OPT4_KTQT_v4[[#This Row],[%HH]]*KH_26_OPT4_KTQT_v4[[#This Row],[DT-EXW-11]],KH_26_OPT4_KTQT_v4[[#This Row],[HH-SL]]*KH_26_OPT4_KTQT_v4[[#This Row],[SL-11]]) -> 0 | CH10: =IF(KH_26_OPT4_KTQT_v4[[#This Row],[CPHH-%-SL]]="Dthu",KH_26_OPT4_KTQT_v4[[#This Row],[%HH]]*KH_26_OPT4_KTQT_v4[[#This Row],[DT-EXW-12]],KH_26_OPT4_KTQT_v4[[#This Row],[HH-SL]]*KH_26_OPT4_KTQT_v4[[#This Row],[SL-12]]) -> 0 | CI10: =SUM(KH_26_OPT4_KTQT_v4[[#This Row],[CPHH-01]:[CPHH-12]]) -> 0 | CJ10: {=IFERROR(IF(KH_26_OPT4_KTQT_v4[[#This Row],[Kênh bán hàng]]="Nội địa",_xlfn.XLOOKUP(KH_26_OPT4_KTQT_v4[[#This Row],[Tên khách]]&KH_26_OPT4_KTQT_v4[[#This Row],[Kênh bán hàng]]&KH_26_OPT4_KTQT_v4[[#This Row],[Địa điểm đến]]&KH_26_OPT4_KTQT_v4[[#This Row],[Nước đến]]&KH_26_OPT4_KTQT_v4[[#This Row],[Incoterm]],ĐGVC!$A$6:$A$201&ĐGVC!$B$6:$B$201&ĐGVC!$C$6:$C$201&ĐGVC!$D$6:$D$201&ĐGVC!$E$6:$E$201,ĐGVC!$O$6:$O$201),0),0)} -> 140000 | CK10: =SUM(KH_26_OPT4_KTQT_v4[[#This Row],[ĐGVCNĐ-KXK]:[ĐGVCCT-KXK]]) -> 0 | CL10: {=IFERROR(IF(KH_26_OPT4_KTQT_v4[[#This Row],[Kênh bán hàng]]="xuất khẩu",_xlfn.XLOOKUP(KH_26_OPT4_KTQT_v4[[#This Row],[Tên khách]]&KH_26_OPT4_KTQT_v4[[#This Row],[Kênh bán hàng]]&KH_26_OPT4_KTQT_v4[[#This Row],[Địa điểm đến]]&KH_26_OPT4_KTQT_v4[[#This Row],[Nước đến]]&KH_26_OPT4_KTQT_v4[[#This Row],[Incoterm]],ĐGVC!$A$6:$A$201&ĐGVC!$B$6:$B$201&ĐGVC!$C$6:$C$201&ĐGVC!$D$6:$D$201&ĐGVC!$E$6:$E$201,ĐGVC!$O$6:$O$201),0),0)} -> 0 | CM10: {=IFERROR(_xlfn.XLOOKUP(KH_26_OPT4_KTQT_v4[[#This Row],[Tên khách]]&KH_26_OPT4_KTQT_v4[[#This Row],[Kênh bán hàng]]&KH_26_OPT4_KTQT_v4[[#This Row],[Địa điểm đến]]&KH_26_OPT4_KTQT_v4[[#This Row],[Nước đến]]&KH_26_OPT4_KTQT_v4[[#This Row],[Incoterm]],ĐGVC!$A$6:$A$201&ĐGVC!$B$6:$B$201&ĐGVC!$C$6:$C$201&ĐGVC!$D$6:$D$201&ĐGVC!$E$6:$E$201,ĐGVC!$Y$6:$Y$201),0)} -> 0 | CN10: =(KH_26_OPT4_KTQT_v4[[#This Row],[ĐGVC-KNĐ]]+KH_26_OPT4_KTQT_v4[[#This Row],[ĐGVC-KXK]])*KH_26_OPT4_KTQT_v4[[#This Row],[SL-01]] -> 30800000 | CO10: =(KH_26_OPT4_KTQT_v4[[#This Row],[ĐGVC-KNĐ]]+KH_26_OPT4_KTQT_v4[[#This Row],[ĐGVC-KXK]])*KH_26_OPT4_KTQT_v4[[#This Row],[SL-02]] -> 30800000 | CP10: =(KH_26_OPT4_KTQT_v4[[#This Row],[ĐGVC-KNĐ]]+KH_26_OPT4_KTQT_v4[[#This Row],[ĐGVC-KXK]])*KH_26_OPT4_KTQT_v4[[#This Row],[SL-03]] -> 30800000 | CQ10: =(KH_26_OPT4_KTQT_v4[[#This Row],[ĐGVC-KNĐ]]+KH_26_OPT4_KTQT_v4[[#This Row],[ĐGVC-KXK]])*KH_26_OPT4_KTQT_v4[[#This Row],[SL-04]] -> 30800000 | CR10: =(KH_26_OPT4_KTQT_v4[[#This Row],[ĐGVC-KNĐ]]+KH_26_OPT4_KTQT_v4[[#This Row],[ĐGVC-KXK]])*KH_26_OPT4_KTQT_v4[[#This Row],[SL-05]] -> 30800000 | CS10: =(KH_26_OPT4_KTQT_v4[[#This Row],[ĐGVC-KNĐ]]+KH_26_OPT4_KTQT_v4[[#This Row],[ĐGVC-KXK]])*KH_26_OPT4_KTQT_v4[[#This Row],[SL-06]] -> 30800000 | CT10: =(KH_26_OPT4_KTQT_v4[[#This Row],[ĐGVC-KNĐ]]+KH_26_OPT4_KTQT_v4[[#This Row],[ĐGVC-KXK]])*KH_26_OPT4_KTQT_v4[[#This Row],[SL-07]] -> 30800000 | CU10: =(KH_26_OPT4_KTQT_v4[[#This Row],[ĐGVC-KNĐ]]+KH_26_OPT4_KTQT_v4[[#This Row],[ĐGVC-KXK]])*KH_26_OPT4_KTQT_v4[[#This Row],[SL-08]] -> 30800000 | CV10: =(KH_26_OPT4_KTQT_v4[[#This Row],[ĐGVC-KNĐ]]+KH_26_OPT4_KTQT_v4[[#This Row],[ĐGVC-KXK]])*KH_26_OPT4_KTQT_v4[[#This Row],[SL-09]] -> 30800000 | CW10: =(KH_26_OPT4_KTQT_v4[[#This Row],[ĐGVC-KNĐ]]+KH_26_OPT4_KTQT_v4[[#This Row],[ĐGVC-KXK]])*KH_26_OPT4_KTQT_v4[[#This Row],[SL-10]] -> 30800000 | CX10: =(KH_26_OPT4_KTQT_v4[[#This Row],[ĐGVC-KNĐ]]+KH_26_OPT4_KTQT_v4[[#This Row],[ĐGVC-KXK]])*KH_26_OPT4_KTQT_v4[[#This Row],[SL-11]] -> 30800000 | CY10: =(KH_26_OPT4_KTQT_v4[[#This Row],[ĐGVC-KNĐ]]+KH_26_OPT4_KTQT_v4[[#This Row],[ĐGVC-KXK]])*KH_26_OPT4_KTQT_v4[[#This Row],[SL-12]] -> 30800000 | CZ10: =SUM(KH_26_OPT4_KTQT_v4[[#This Row],[CPVC-01]:[CPVC-12]]) -> 369600000 | DA10: =KH_26_OPT4_KTQT_v4[[#This Row],[DT-EXW-01]]+KH_26_OPT4_KTQT_v4[[#This Row],[CPVC-01]]+KH_26_OPT4_KTQT_v4[[#This Row],[CPHH-01]] -> 7318300000 | DB10: =KH_26_OPT4_KTQT_v4[[#This Row],[DT-EXW-02]]+KH_26_OPT4_KTQT_v4[[#This Row],[CPVC-02]]+KH_26_OPT4_KTQT_v4[[#This Row],[CPHH-02]] -> 7318300000 | DC10: =KH_26_OPT4_KTQT_v4[[#This Row],[DT-EXW-03]]+KH_26_OPT4_KTQT_v4[[#This Row],[CPVC-03]]+KH_26_OPT4_KTQT_v4[[#This Row],[CPHH-03]] -> 7318300000 | DD10: =KH_26_OPT4_KTQT_v4[[#This Row],[DT-EXW-04]]+KH_26_OPT4_KTQT_v4[[#This Row],[CPVC-04]]+KH_26_OPT4_KTQT_v4[[#This Row],[CPHH-04]] -> 7318300000 | DE10: =KH_26_OPT4_KTQT_v4[[#This Row],[DT-EXW-05]]+KH_26_OPT4_KTQT_v4[[#This Row],[CPVC-05]]+KH_26_OPT4_KTQT_v4[[#This Row],[CPHH-05]] -> 7318300000 | DF10: =KH_26_OPT4_KTQT_v4[[#This Row],[DT-EXW-06]]+KH_26_OPT4_KTQT_v4[[#This Row],[CPVC-06]]+KH_26_OPT4_KTQT_v4[[#This Row],[CPHH-06]] -> 7318300000 | DG10: =KH_26_OPT4_KTQT_v4[[#This Row],[DT-EXW-07]]+KH_26_OPT4_KTQT_v4[[#This Row],[CPVC-07]]+KH_26_OPT4_KTQT_v4[[#This Row],[CPHH-07]] -> 7318300000 | DH10: =KH_26_OPT4_KTQT_v4[[#This Row],[DT-EXW-08]]+KH_26_OPT4_KTQT_v4[[#This Row],[CPVC-08]]+KH_26_OPT4_KTQT_v4[[#This Row],[CPHH-08]] -> 7318300000 | DI10: =KH_26_OPT4_KTQT_v4[[#This Row],[DT-EXW-09]]+KH_26_OPT4_KTQT_v4[[#This Row],[CPVC-09]]+KH_26_OPT4_KTQT_v4[[#This Row],[CPHH-09]] -> 7318300000 | DJ10: =KH_26_OPT4_KTQT_v4[[#This Row],[DT-EXW-10]]+KH_26_OPT4_KTQT_v4[[#This Row],[CPVC-10]]+KH_26_OPT4_KTQT_v4[[#This Row],[CPHH-10]] -> 7318300000 | DK10: =KH_26_OPT4_KTQT_v4[[#This Row],[DT-EXW-11]]+KH_26_OPT4_KTQT_v4[[#This Row],[CPVC-11]]+KH_26_OPT4_KTQT_v4[[#This Row],[CPHH-11]] -> 7318300000 | DL10: =KH_26_OPT4_KTQT_v4[[#This Row],[DT-EXW-12]]+KH_26_OPT4_KTQT_v4[[#This Row],[CPVC-12]]+KH_26_OPT4_KTQT_v4[[#This Row],[CPHH-12]] -> 7318300000 | DM10: =SUM(KH_26_OPT4_KTQT_v4[[#This Row],[DT-01]:[DT-12]]) -> 87819600000 | DR10: =IFERROR(KH_26_OPT4_KTQT_v4[[#This Row],[DT-EXW-01]]*KH_26_OPT4_KTQT_v4[[#This Row],[%CPDP]],0) -> 0 | DS10: =IFERROR(KH_26_OPT4_KTQT_v4[[#This Row],[DT-EXW-02]]*KH_26_OPT4_KTQT_v4[[#This Row],[%CPDP]],0) -> 0 | DT10: =IFERROR(KH_26_OPT4_KTQT_v4[[#This Row],[DT-EXW-03]]*KH_26_OPT4_KTQT_v4[[#This Row],[%CPDP]],0) -> 0 | DU10: =IFERROR(KH_26_OPT4_KTQT_v4[[#This Row],[DT-EXW-04]]*KH_26_OPT4_KTQT_v4[[#This Row],[%CPDP]],0) -> 0 | DV10: =IFERROR(KH_26_OPT4_KTQT_v4[[#This Row],[DT-EXW-05]]*KH_26_OPT4_KTQT_v4[[#This Row],[%CPDP]],0) -> 0 | DW10: =IFERROR(KH_26_OPT4_KTQT_v4[[#This Row],[DT-EXW-06]]*KH_26_OPT4_KTQT_v4[[#This Row],[%CPDP]],0) -> 0 | DX10: =IFERROR(KH_26_OPT4_KTQT_v4[[#This Row],[DT-EXW-07]]*KH_26_OPT4_KTQT_v4[[#This Row],[%CPDP]],0) -> 0 | DY10: =IFERROR(KH_26_OPT4_KTQT_v4[[#This Row],[DT-EXW-08]]*KH_26_OPT4_KTQT_v4[[#This Row],[%CPDP]],0) -> 0 | DZ10: =IFERROR(KH_26_OPT4_KTQT_v4[[#This Row],[DT-EXW-09]]*KH_26_OPT4_KTQT_v4[[#This Row],[%CPDP]],0) -> 0 | EA10: =IFERROR(KH_26_OPT4_KTQT_v4[[#This Row],[DT-EXW-10]]*KH_26_OPT4_KTQT_v4[[#This Row],[%CPDP]],0) -> 0 | EB10: =IFERROR(KH_26_OPT4_KTQT_v4[[#This Row],[DT-EXW-11]]*KH_26_OPT4_KTQT_v4[[#This Row],[%CPDP]],0) -> 0 | EC10: =IFERROR(KH_26_OPT4_KTQT_v4[[#This Row],[DT-EXW-12]]*KH_26_OPT4_KTQT_v4[[#This Row],[%CPDP]],0) -> 0 | ED10: =SUM(KH_26_OPT4_KTQT_v4[[#This Row],[CPDP-01]:[CPDP-12]]) -> 0
A11: 6 | B11: Cường | C11: =IFERROR(_xlfn.XLOOKUP(KH_26_OPT4_KTQT_v4[[#This Row],[Salesman]],MD_Salesman[Salesman],MD_Salesman[SalesManager]),"") -> Cường | D11: =IFERROR(INDEX(MD_Customer[Mã khách],MATCH(KH_26_OPT4_KTQT_v4[[#This Row],[Tên khách]],MD_Customer[Tên khách-rút gọn],0)),"") -> 105207 | E11: =IFERROR(INDEX(MD_Customer[Parent Account],MATCH(KH_26_OPT4_KTQT_v4[[#This Row],[Tên khách]],MD_Customer[Tên khách-rút gọn],0)),"") -> Suntory | F11: Suntory Sri Thái Bình Dương | G11: =IFERROR(INDEX(MD_Customer[Phân loại],MATCH(KH_26_OPT4_KTQT_v4[[#This Row],[Tên khách]],MD_Customer[Tên khách-rút gọn],0)),"") -> Hiện hữu | H11: =IFERROR(INDEX(MD_Customer[Kênh bán hàng],MATCH(KH_26_OPT4_KTQT_v4[[#This Row],[Tên khách]],MD_Customer[Tên khách-rút gọn],0)),"") -> Nội địa | I11: Bình Dương | J11: =IFERROR(INDEX(MD_Destination[Nước],MATCH(KH_26_OPT4_KTQT_v4[[#This Row],[Địa điểm đến]],MD_Destination[Địa điểm đến],0)),"") -> Việt Nam | K11: =IFERROR(INDEX(MD_Destination[Khu vực],MATCH(KH_26_OPT4_KTQT_v4[[#This Row],[Địa điểm đến]],MD_Destination[Địa điểm đến],0)),"") -> Châu Á | L11: DDP | M11: =IFERROR(INDEX(MD_SKU[Mã SKU],MATCH(KH_26_OPT4_KTQT_v4[[#This Row],[Tên sản phẩm]],MD_SKU[Tên SKU-rút gọn],0)),"") -> 110000332 | N11: iSS1084G | O11: =IFERROR(INDEX(MD_SKU[Ngành hàng],MATCH(KH_26_OPT4_KTQT_v4[[#This Row],[Tên sản phẩm]],MD_SKU[Tên SKU-rút gọn],0)),"") -> rPET | P11: =IFERROR(INDEX(MD_SKU[Nhóm ngành],MATCH(KH_26_OPT4_KTQT_v4[[#This Row],[Tên sản phẩm]],MD_SKU[Tên SKU-rút gọn],0)),"") -> Hạt PET | Q11: =IFERROR( IF(INDEX(MD_SKU[IV/IM],MATCH(KH_26_OPT4_KTQT_v4[[#This Row],[Tên sản phẩm]],MD_SKU[Tên SKU-rút gọn],0))=0, "", INDEX(MD_SKU[IV/IM],MATCH(KH_26_OPT4_KTQT_v4[[#This Row],[Tên sản phẩm]],MD_SKU[Tên SKU-rút gọn],0)) ), "") -> 0.84 ± 0.03 | R11: =IFERROR(INDEX(MD_SKU[Application],MATCH(KH_26_OPT4_KTQT_v4[[#This Row],[Tên sản phẩm]],MD_SKU[Tên SKU-rút gọn],0)),"") -> 0 | S11: =IFERROR(INDEX(MD_SKU[Phân loại],MATCH(KH_26_OPT4_KTQT_v4[[#This Row],[Tên sản phẩm]],MD_SKU[Tên SKU-rút gọn],0)),"") -> Cũ | T11: SUNTORY | U11: x | V11: 0.8 | W11: 33 | X11: 33 | Y11: 33 | Z11: 55 | AA11: 55 | AB11: 55 | AC11: 55 | AD11: 55 | AE11: 55 | AF11: 55 | AG11: 61 | AH11: 66 | AI11: =SUM(KH_26_OPT4_KTQT_v4[[#This Row],[SL-01]:[SL-12]]) -> 611 | AJ11: =SUMIFS(DB_25[SL-DB25],DB_25[Mã khách],KH_26_OPT4_KTQT_v4[[#This Row],[Mã khách]],DB_25[Mã sản phẩm],KH_26_OPT4_KTQT_v4[[#This Row],[Mã sản phẩm]]) -> 194.4717 | AK11: =KH_26_OPT4_KTQT_v4[[#This Row],[SL-KH26]]-KH_26_OPT4_KTQT_v4[[#This Row],[SL-DB25]] -> 416.5283 | AL11: =IFERROR(KH_26_OPT4_KTQT_v4[[#This Row],[SL-+/-]]/KH_26_OPT4_KTQT_v4[[#This Row],[SL-DB25]],0) -> 2.1418453 | AM11: 1260 | AN11: 1260 | AO11: 1260 | AP11: 1260 | AQ11: 1260 | AR11: 1260 | AS11: 1260 | AT11: 1260 | AU11: 1260 | AV11: 1260 | AW11: 1260 | AX11: 1260 | AY11: 1260 | BA11: =KH_26_OPT4_KTQT_v4[[#This Row],[GB-DB25]]-KH_26_OPT4_KTQT_v4[[#This Row],[GB-KH25]] -> 1260 | BB11: =IFERROR(KH_26_OPT4_KTQT_v4[[#This Row],[GB-+/-]]/KH_26_OPT4_KTQT_v4[[#This Row],[GB-KH25]],0) -> 0 | BD11: =KH_26_OPT4_KTQT_v4[[#This Row],[SL-01]]*KH_26_OPT4_KTQT_v4[[#This Row],[GB-01]]*EXR -> 1101870000 | BE11: =KH_26_OPT4_KTQT_v4[[#This Row],[SL-02]]*KH_26_OPT4_KTQT_v4[[#This Row],[GB-02]]*EXR -> 1101870000 | BF11: =KH_26_OPT4_KTQT_v4[[#This Row],[SL-03]]*KH_26_OPT4_KTQT_v4[[#This Row],[GB-03]]*EXR -> 1101870000 | BG11: =KH_26_OPT4_KTQT_v4[[#This Row],[SL-04]]*KH_26_OPT4_KTQT_v4[[#This Row],[GB-04]]*EXR -> 1836450000 | BH11: =KH_26_OPT4_KTQT_v4[[#This Row],[SL-05]]*KH_26_OPT4_KTQT_v4[[#This Row],[GB-05]]*EXR -> 1836450000 | BI11: =KH_26_OPT4_KTQT_v4[[#This Row],[SL-06]]*KH_26_OPT4_KTQT_v4[[#This Row],[GB-06]]*EXR -> 1836450000 | BJ11: =KH_26_OPT4_KTQT_v4[[#This Row],[SL-07]]*KH_26_OPT4_KTQT_v4[[#This Row],[GB-07]]*EXR -> 1836450000 | BK11: =KH_26_OPT4_KTQT_v4[[#This Row],[SL-08]]*KH_26_OPT4_KTQT_v4[[#This Row],[GB-08]]*EXR -> 1836450000 | BL11: =KH_26_OPT4_KTQT_v4[[#This Row],[SL-09]]*KH_26_OPT4_KTQT_v4[[#This Row],[GB-09]]*EXR -> 1836450000 | BM11: =KH_26_OPT4_KTQT_v4[[#This Row],[SL-10]]*KH_26_OPT4_KTQT_v4[[#This Row],[GB-10]]*EXR -> 1836450000 | BN11: =KH_26_OPT4_KTQT_v4[[#This Row],[SL-11]]*KH_26_OPT4_KTQT_v4[[#This Row],[GB-11]]*EXR -> 2036790000 | BO11: =KH_26_OPT4_KTQT_v4[[#This Row],[SL-12]]*KH_26_OPT4_KTQT_v4[[#This Row],[GB-12]]*EXR -> 2203740000 | BP11: =SUM(KH_26_OPT4_KTQT_v4[[#This Row],[DT-EXW-01]:[DT-EXW-12]]) -> 20401290000 | BQ11: =SUMIFS(DB_25[DT-DB25],DB_25[Mã khách],KH_26_OPT4_KTQT_v4[[#This Row],[Mã khách]],DB_25[Mã sản phẩm],KH_26_OPT4_KTQT_v4[[#This Row],[Mã sản phẩm]]) -> 6.774815e+09 | BR11: =KH_26_OPT4_KTQT_v4[[#This Row],[DT-EXW-KH26]]-KH_26_OPT4_KTQT_v4[[#This Row],[DT-EXW-DB25]] -> 1.3626475e+10 | BS11: =IFERROR(KH_26_OPT4_KTQT_v4[[#This Row],[DT-EXW-+/-]]/KH_26_OPT4_KTQT_v4[[#This Row],[DT-EXW-DB25]],0) -> 2.0113428 | BT11: Dthu | BU11: 0.005 | BW11: =IF(KH_26_OPT4_KTQT_v4[[#This Row],[CPHH-%-SL]]="Dthu",KH_26_OPT4_KTQT_v4[[#This Row],[%HH]]*KH_26_OPT4_KTQT_v4[[#This Row],[DT-EXW-01]],KH_26_OPT4_KTQT_v4[[#This Row],[HH-SL]]*KH_26_OPT4_KTQT_v4[[#This Row],[SL-01]]) -> 5509350 | BX11: =IF(KH_26_OPT4_KTQT_v4[[#This Row],[CPHH-%-SL]]="Dthu",KH_26_OPT4_KTQT_v4[[#This Row],[%HH]]*KH_26_OPT4_KTQT_v4[[#This Row],[DT-EXW-02]],KH_26_OPT4_KTQT_v4[[#This Row],[HH-SL]]*KH_26_OPT4_KTQT_v4[[#This Row],[SL-02]]) -> 5509350 | BY11: =IF(KH_26_OPT4_KTQT_v4[[#This Row],[CPHH-%-SL]]="Dthu",KH_26_OPT4_KTQT_v4[[#This Row],[%HH]]*KH_26_OPT4_KTQT_v4[[#This Row],[DT-EXW-03]],KH_26_OPT4_KTQT_v4[[#This Row],[HH-SL]]*KH_26_OPT4_KTQT_v4[[#This Row],[SL-03]]) -> 5509350 | BZ11: =IF(KH_26_OPT4_KTQT_v4[[#This Row],[CPHH-%-SL]]="Dthu",KH_26_OPT4_KTQT_v4[[#This Row],[%HH]]*KH_26_OPT4_KTQT_v4[[#This Row],[DT-EXW-04]],KH_26_OPT4_KTQT_v4[[#This Row],[HH-SL]]*KH_26_OPT4_KTQT_v4[[#This Row],[SL-04]]) -> 9182250 | CA11: =IF(KH_26_OPT4_KTQT_v4[[#This Row],[CPHH-%-SL]]="Dthu",KH_26_OPT4_KTQT_v4[[#This Row],[%HH]]*KH_26_OPT4_KTQT_v4[[#This Row],[DT-EXW-05]],KH_26_OPT4_KTQT_v4[[#This Row],[HH-SL]]*KH_26_OPT4_KTQT_v4[[#This Row],[SL-05]]) -> 9182250 | CB11: =IF(KH_26_OPT4_KTQT_v4[[#This Row],[CPHH-%-SL]]="Dthu",KH_26_OPT4_KTQT_v4[[#This Row],[%HH]]*KH_26_OPT4_KTQT_v4[[#This Row],[DT-EXW-06]],KH_26_OPT4_KTQT_v4[[#This Row],[HH-SL]]*KH_26_OPT4_KTQT_v4[[#This Row],[SL-06]]) -> 9182250 | CC11: =IF(KH_26_OPT4_KTQT_v4[[#This Row],[CPHH-%-SL]]="Dthu",KH_26_OPT4_KTQT_v4[[#This Row],[%HH]]*KH_26_OPT4_KTQT_v4[[#This Row],[DT-EXW-07]],KH_26_OPT4_KTQT_v4[[#This Row],[HH-SL]]*KH_26_OPT4_KTQT_v4[[#This Row],[SL-07]]) -> 9182250 | CD11: =IF(KH_26_OPT4_KTQT_v4[[#This Row],[CPHH-%-SL]]="Dthu",KH_26_OPT4_KTQT_v4[[#This Row],[%HH]]*KH_26_OPT4_KTQT_v4[[#This Row],[DT-EXW-08]],KH_26_OPT4_KTQT_v4[[#This Row],[HH-SL]]*KH_26_OPT4_KTQT_v4[[#This Row],[SL-08]]) -> 9182250 | CE11: =IF(KH_26_OPT4_KTQT_v4[[#This Row],[CPHH-%-SL]]="Dthu",KH_26_OPT4_KTQT_v4[[#This Row],[%HH]]*KH_26_OPT4_KTQT_v4[[#This Row],[DT-EXW-09]],KH_26_OPT4_KTQT_v4[[#This Row],[HH-SL]]*KH_26_OPT4_KTQT_v4[[#This Row],[SL-09]]) -> 9182250 | CF11: =IF(KH_26_OPT4_KTQT_v4[[#This Row],[CPHH-%-SL]]="Dthu",KH_26_OPT4_KTQT_v4[[#This Row],[%HH]]*KH_26_OPT4_KTQT_v4[[#This Row],[DT-EXW-10]],KH_26_OPT4_KTQT_v4[[#This Row],[HH-SL]]*KH_26_OPT4_KTQT_v4[[#This Row],[SL-10]]) -> 9182250 | CG11: =IF(KH_26_OPT4_KTQT_v4[[#This Row],[CPHH-%-SL]]="Dthu",KH_26_OPT4_KTQT_v4[[#This Row],[%HH]]*KH_26_OPT4_KTQT_v4[[#This Row],[DT-EXW-11]],KH_26_OPT4_KTQT_v4[[#This Row],[HH-SL]]*KH_26_OPT4_KTQT_v4[[#This Row],[SL-11]]) -> 10183950 | CH11: =IF(KH_26_OPT4_KTQT_v4[[#This Row],[CPHH-%-SL]]="Dthu",KH_26_OPT4_KTQT_v4[[#This Row],[%HH]]*KH_26_OPT4_KTQT_v4[[#This Row],[DT-EXW-12]],KH_26_OPT4_KTQT_v4[[#This Row],[HH-SL]]*KH_26_OPT4_KTQT_v4[[#This Row],[SL-12]]) -> 11018700 | CI11: =SUM(KH_26_OPT4_KTQT_v4[[#This Row],[CPHH-01]:[CPHH-12]]) -> 102006450 | CJ11: {=IFERROR(IF(KH_26_OPT4_KTQT_v4[[#This Row],[Kênh bán hàng]]="Nội địa",_xlfn.XLOOKUP(KH_26_OPT4_KTQT_v4[[#This Row],[Tên khách]]&KH_26_OPT4_KTQT_v4[[#This Row],[Kênh bán hàng]]&KH_26_OPT4_KTQT_v4[[#This Row],[Địa điểm đến]]&KH_26_OPT4_KTQT_v4[[#This Row],[Nước đến]]&KH_26_OPT4_KTQT_v4[[#This Row],[Incoterm]],ĐGVC!$A$6:$A$201&ĐGVC!$B$6:$B$201&ĐGVC!$C$6:$C$201&ĐGVC!$D$6:$D$201&ĐGVC!$E$6:$E$201,ĐGVC!$O$6:$O$201),0),0)} -> 160000 | CK11: =SUM(KH_26_OPT4_KTQT_v4[[#This Row],[ĐGVCNĐ-KXK]:[ĐGVCCT-KXK]]) -> 0 | CL11: {=IFERROR(IF(KH_26_OPT4_KTQT_v4[[#This Row],[Kênh bán hàng]]="xuất khẩu",_xlfn.XLOOKUP(KH_26_OPT4_KTQT_v4[[#This Row],[Tên khách]]&KH_26_OPT4_KTQT_v4[[#This Row],[Kênh bán hàng]]&KH_26_OPT4_KTQT_v4[[#This Row],[Địa điểm đến]]&KH_26_OPT4_KTQT_v4[[#This Row],[Nước đến]]&KH_26_OPT4_KTQT_v4[[#This Row],[Incoterm]],ĐGVC!$A$6:$A$201&ĐGVC!$B$6:$B$201&ĐGVC!$C$6:$C$201&ĐGVC!$D$6:$D$201&ĐGVC!$E$6:$E$201,ĐGVC!$O$6:$O$201),0),0)} -> 0 | CM11: {=IFERROR(_xlfn.XLOOKUP(KH_26_OPT4_KTQT_v4[[#This Row],[Tên khách]]&KH_26_OPT4_KTQT_v4[[#This Row],[Kênh bán hàng]]&KH_26_OPT4_KTQT_v4[[#This Row],[Địa điểm đến]]&KH_26_OPT4_KTQT_v4[[#This Row],[Nước đến]]&KH_26_OPT4_KTQT_v4[[#This Row],[Incoterm]],ĐGVC!$A$6:$A$201&ĐGVC!$B$6:$B$201&ĐGVC!$C$6:$C$201&ĐGVC!$D$6:$D$201&ĐGVC!$E$6:$E$201,ĐGVC!$Y$6:$Y$201),0)} -> 0 | CN11: =(KH_26_OPT4_KTQT_v4[[#This Row],[ĐGVC-KNĐ]]+KH_26_OPT4_KTQT_v4[[#This Row],[ĐGVC-KXK]])*KH_26_OPT4_KTQT_v4[[#This Row],[SL-01]] -> 5280000 | CO11: =(KH_26_OPT4_KTQT_v4[[#This Row],[ĐGVC-KNĐ]]+KH_26_OPT4_KTQT_v4[[#This Row],[ĐGVC-KXK]])*KH_26_OPT4_KTQT_v4[[#This Row],[SL-02]] -> 5280000 | CP11: =(KH_26_OPT4_KTQT_v4[[#This Row],[ĐGVC-KNĐ]]+KH_26_OPT4_KTQT_v4[[#This Row],[ĐGVC-KXK]])*KH_26_OPT4_KTQT_v4[[#This Row],[SL-03]] -> 5280000 | CQ11: =(KH_26_OPT4_KTQT_v4[[#This Row],[ĐGVC-KNĐ]]+KH_26_OPT4_KTQT_v4[[#This Row],[ĐGVC-KXK]])*KH_26_OPT4_KTQT_v4[[#This Row],[SL-04]] -> 8800000 | CR11: =(KH_26_OPT4_KTQT_v4[[#This Row],[ĐGVC-KNĐ]]+KH_26_OPT4_KTQT_v4[[#This Row],[ĐGVC-KXK]])*KH_26_OPT4_KTQT_v4[[#This Row],[SL-05]] -> 8800000 | CS11: =(KH_26_OPT4_KTQT_v4[[#This Row],[ĐGVC-KNĐ]]+KH_26_OPT4_KTQT_v4[[#This Row],[ĐGVC-KXK]])*KH_26_OPT4_KTQT_v4[[#This Row],[SL-06]] -> 8800000 | CT11: =(KH_26_OPT4_KTQT_v4[[#This Row],[ĐGVC-KNĐ]]+KH_26_OPT4_KTQT_v4[[#This Row],[ĐGVC-KXK]])*KH_26_OPT4_KTQT_v4[[#This Row],[SL-07]] -> 8800000 | CU11: =(KH_26_OPT4_KTQT_v4[[#This Row],[ĐGVC-KNĐ]]+KH_26_OPT4_KTQT_v4[[#This Row],[ĐGVC-KXK]])*KH_26_OPT4_KTQT_v4[[#This Row],[SL-08]] -> 8800000 | CV11: =(KH_26_OPT4_KTQT_v4[[#This Row],[ĐGVC-KNĐ]]+KH_26_OPT4_KTQT_v4[[#This Row],[ĐGVC-KXK]])*KH_26_OPT4_KTQT_v4[[#This Row],[SL-09]] -> 8800000 | CW11: =(KH_26_OPT4_KTQT_v4[[#This Row],[ĐGVC-KNĐ]]+KH_26_OPT4_KTQT_v4[[#This Row],[ĐGVC-KXK]])*KH_26_OPT4_KTQT_v4[[#This Row],[SL-10]] -> 8800000 | CX11: =(KH_26_OPT4_KTQT_v4[[#This Row],[ĐGVC-KNĐ]]+KH_26_OPT4_KTQT_v4[[#This Row],[ĐGVC-KXK]])*KH_26_OPT4_KTQT_v4[[#This Row],[SL-11]] -> 9760000 | CY11: =(KH_26_OPT4_KTQT_v4[[#This Row],[ĐGVC-KNĐ]]+KH_26_OPT4_KTQT_v4[[#This Row],[ĐGVC-KXK]])*KH_26_OPT4_KTQT_v4[[#This Row],[SL-12]] -> 10560000 | CZ11: =SUM(KH_26_OPT4_KTQT_v4[[#This Row],[CPVC-01]:[CPVC-12]]) -> 97760000 | DA11: =KH_26_OPT4_KTQT_v4[[#This Row],[DT-EXW-01]]+KH_26_OPT4_KTQT_v4[[#This Row],[CPVC-01]]+KH_26_OPT4_KTQT_v4[[#This Row],[CPHH-01]] -> 1112659350 | DB11: =KH_26_OPT4_KTQT_v4[[#This Row],[DT-EXW-02]]+KH_26_OPT4_KTQT_v4[[#This Row],[CPVC-02]]+KH_26_OPT4_KTQT_v4[[#This Row],[CPHH-02]] -> 1112659350 | DC11: =KH_26_OPT4_KTQT_v4[[#This Row],[DT-EXW-03]]+KH_26_OPT4_KTQT_v4[[#This Row],[CPVC-03]]+KH_26_OPT4_KTQT_v4[[#This Row],[CPHH-03]] -> 1112659350 | DD11: =KH_26_OPT4_KTQT_v4[[#This Row],[DT-EXW-04]]+KH_26_OPT4_KTQT_v4[[#This Row],[CPVC-04]]+KH_26_OPT4_KTQT_v4[[#This Row],[CPHH-04]] -> 1854432250 | DE11: =KH_26_OPT4_KTQT_v4[[#This Row],[DT-EXW-05]]+KH_26_OPT4_KTQT_v4[[#This Row],[CPVC-05]]+KH_26_OPT4_KTQT_v4[[#This Row],[CPHH-05]] -> 1854432250 | DF11: =KH_26_OPT4_KTQT_v4[[#This Row],[DT-EXW-06]]+KH_26_OPT4_KTQT_v4[[#This Row],[CPVC-06]]+KH_26_OPT4_KTQT_v4[[#This Row],[CPHH-06]] -> 1854432250 | DG11: =KH_26_OPT4_KTQT_v4[[#This Row],[DT-EXW-07]]+KH_26_OPT4_KTQT_v4[[#This Row],[CPVC-07]]+KH_26_OPT4_KTQT_v4[[#This Row],[CPHH-07]] -> 1854432250 | DH11: =KH_26_OPT4_KTQT_v4[[#This Row],[DT-EXW-08]]+KH_26_OPT4_KTQT_v4[[#This Row],[CPVC-08]]+KH_26_OPT4_KTQT_v4[[#This Row],[CPHH-08]] -> 1854432250 | DI11: =KH_26_OPT4_KTQT_v4[[#This Row],[DT-EXW-09]]+KH_26_OPT4_KTQT_v4[[#This Row],[CPVC-09]]+KH_26_OPT4_KTQT_v4[[#This Row],[CPHH-09]] -> 1854432250 | DJ11: =KH_26_OPT4_KTQT_v4[[#This Row],[DT-EXW-10]]+KH_26_OPT4_KTQT_v4[[#This Row],[CPVC-10]]+KH_26_OPT4_KTQT_v4[[#This Row],[CPHH-10]] -> 1854432250 | DK11: =KH_26_OPT4_KTQT_v4[[#This Row],[DT-EXW-11]]+KH_26_OPT4_KTQT_v4[[#This Row],[CPVC-11]]+KH_26_OPT4_KTQT_v4[[#This Row],[CPHH-11]] -> 2056733950 | DL11: =KH_26_OPT4_KTQT_v4[[#This Row],[DT-EXW-12]]+KH_26_OPT4_KTQT_v4[[#This Row],[CPVC-12]]+KH_26_OPT4_KTQT_v4[[#This Row],[CPHH-12]] -> 2225318700 | DM11: =SUM(KH_26_OPT4_KTQT_v4[[#This Row],[DT-01]:[DT-12]]) -> 20601056450 | DR11: =IFERROR(KH_26_OPT4_KTQT_v4[[#This Row],[DT-EXW-01]]*KH_26_OPT4_KTQT_v4[[#This Row],[%CPDP]],0) -> 0 | DS11: =IFERROR(KH_26_OPT4_KTQT_v4[[#This Row],[DT-EXW-02]]*KH_26_OPT4_KTQT_v4[[#This Row],[%CPDP]],0) -> 0 | DT11: =IFERROR(KH_26_OPT4_KTQT_v4[[#This Row],[DT-EXW-03]]*KH_26_OPT4_KTQT_v4[[#This Row],[%CPDP]],0) -> 0 | DU11: =IFERROR(KH_26_OPT4_KTQT_v4[[#This Row],[DT-EXW-04]]*KH_26_OPT4_KTQT_v4[[#This Row],[%CPDP]],0) -> 0 | DV11: =IFERROR(KH_26_OPT4_KTQT_v4[[#This Row],[DT-EXW-05]]*KH_26_OPT4_KTQT_v4[[#This Row],[%CPDP]],0) -> 0 | DW11: =IFERROR(KH_26_OPT4_KTQT_v4[[#This Row],[DT-EXW-06]]*KH_26_OPT4_KTQT_v4[[#This Row],[%CPDP]],0) -> 0 | DX11: =IFERROR(KH_26_OPT4_KTQT_v4[[#This Row],[DT-EXW-07]]*KH_26_OPT4_KTQT_v4[[#This Row],[%CPDP]],0) -> 0 | DY11: =IFERROR(KH_26_OPT4_KTQT_v4[[#This Row],[DT-EXW-08]]*KH_26_OPT4_KTQT_v4[[#This Row],[%CPDP]],0) -> 0 | DZ11: =IFERROR(KH_26_OPT4_KTQT_v4[[#This Row],[DT-EXW-09]]*KH_26_OPT4_KTQT_v4[[#This Row],[%CPDP]],0) -> 0 | EA11: =IFERROR(KH_26_OPT4_KTQT_v4[[#This Row],[DT-EXW-10]]*KH_26_OPT4_KTQT_v4[[#This Row],[%CPDP]],0) -> 0 | EB11: =IFERROR(KH_26_OPT4_KTQT_v4[[#This Row],[DT-EXW-11]]*KH_26_OPT4_KTQT_v4[[#This Row],[%CPDP]],0) -> 0 | EC11: =IFERROR(KH_26_OPT4_KTQT_v4[[#This Row],[DT-EXW-12]]*KH_26_OPT4_KTQT_v4[[#This Row],[%CPDP]],0) -> 0 | ED11: =SUM(KH_26_OPT4_KTQT_v4[[#This Row],[CPDP-01]:[CPDP-12]]) -> 0
A12: 7 | B12: Cường | C12: =IFERROR(_xlfn.XLOOKUP(KH_26_OPT4_KTQT_v4[[#This Row],[Salesman]],MD_Salesman[Salesman],MD_Salesman[SalesManager]),"") -> Cường | D12: =IFERROR(INDEX(MD_Customer[Mã khách],MATCH(KH_26_OPT4_KTQT_v4[[#This Row],[Tên khách]],MD_Customer[Tên khách-rút gọn],0)),"") -> 105271 | E12: =IFERROR(INDEX(MD_Customer[Parent Account],MATCH(KH_26_OPT4_KTQT_v4[[#This Row],[Tên khách]],MD_Customer[Tên khách-rút gọn],0)),"") -> Suntory | F12: Suntory- Ngọc Nghĩa Tây Ninh | G12: =IFERROR(INDEX(MD_Customer[Phân loại],MATCH(KH_26_OPT4_KTQT_v4[[#This Row],[Tên khách]],MD_Customer[Tên khách-rút gọn],0)),"") -> Hiện hữu | H12: =IFERROR(INDEX(MD_Customer[Kênh bán hàng],MATCH(KH_26_OPT4_KTQT_v4[[#This Row],[Tên khách]],MD_Customer[Tên khách-rút gọn],0)),"") -> Nội địa | I12: Tây Ninh | J12: =IFERROR(INDEX(MD_Destination[Nước],MATCH(KH_26_OPT4_KTQT_v4[[#This Row],[Địa điểm đến]],MD_Destination[Địa điểm đến],0)),"") -> Việt Nam | K12: =IFERROR(INDEX(MD_Destination[Khu vực],MATCH(KH_26_OPT4_KTQT_v4[[#This Row],[Địa điểm đến]],MD_Destination[Địa điểm đến],0)),"") -> Châu Á | L12: DDP | M12: =IFERROR(INDEX(MD_SKU[Mã SKU],MATCH(KH_26_OPT4_KTQT_v4[[#This Row],[Tên sản phẩm]],MD_SKU[Tên SKU-rút gọn],0)),"") -> 110000332 | N12: iSS1084G | O12: =IFERROR(INDEX(MD_SKU[Ngành hàng],MATCH(KH_26_OPT4_KTQT_v4[[#This Row],[Tên sản phẩm]],MD_SKU[Tên SKU-rút gọn],0)),"") -> rPET | P12: =IFERROR(INDEX(MD_SKU[Nhóm ngành],MATCH(KH_26_OPT4_KTQT_v4[[#This Row],[Tên sản phẩm]],MD_SKU[Tên SKU-rút gọn],0)),"") -> Hạt PET | Q12: =IFERROR( IF(INDEX(MD_SKU[IV/IM],MATCH(KH_26_OPT4_KTQT_v4[[#This Row],[Tên sản phẩm]],MD_SKU[Tên SKU-rút gọn],0))=0, "", INDEX(MD_SKU[IV/IM],MATCH(KH_26_OPT4_KTQT_v4[[#This Row],[Tên sản phẩm]],MD_SKU[Tên SKU-rút gọn],0)) ), "") -> 0.84 ± 0.03 | R12: =IFERROR(INDEX(MD_SKU[Application],MATCH(KH_26_OPT4_KTQT_v4[[#This Row],[Tên sản phẩm]],MD_SKU[Tên SKU-rút gọn],0)),"") -> 0 | S12: =IFERROR(INDEX(MD_SKU[Phân loại],MATCH(KH_26_OPT4_KTQT_v4[[#This Row],[Tên sản phẩm]],MD_SKU[Tên SKU-rút gọn],0)),"") -> Cũ | T12: SUNTORY | U12: x | V12: 0.8 | W12: 33 | X12: 33 | Y12: 33 | Z12: 55 | AA12: 55 | AB12: 55 | AC12: 55 | AD12: 55 | AE12: 55 | AF12: 55 | AG12: 55 | AH12: 66 | AI12: =SUM(KH_26_OPT4_KTQT_v4[[#This Row],[SL-01]:[SL-12]]) -> 605 | AJ12: =SUMIFS(DB_25[SL-DB25],DB_25[Mã khách],KH_26_OPT4_KTQT_v4[[#This Row],[Mã khách]],DB_25[Mã sản phẩm],KH_26_OPT4_KTQT_v4[[#This Row],[Mã sản phẩm]]) -> 374 | AK12: =KH_26_OPT4_KTQT_v4[[#This Row],[SL-KH26]]-KH_26_OPT4_KTQT_v4[[#This Row],[SL-DB25]] -> 231 | AL12: =IFERROR(KH_26_OPT4_KTQT_v4[[#This Row],[SL-+/-]]/KH_26_OPT4_KTQT_v4[[#This Row],[SL-DB25]],0) -> 0.61764706 | AM12: 1260 | AN12: 1260 | AO12: 1260 | AP12: 1260 | AQ12: 1260 | AR12: 1260 | AS12: 1260 | AT12: 1260 | AU12: 1260 | AV12: 1260 | AW12: 1260 | AX12: 1260 | AY12: 1260 | BA12: =KH_26_OPT4_KTQT_v4[[#This Row],[GB-DB25]]-KH_26_OPT4_KTQT_v4[[#This Row],[GB-KH25]] -> 1260 | BB12: =IFERROR(KH_26_OPT4_KTQT_v4[[#This Row],[GB-+/-]]/KH_26_OPT4_KTQT_v4[[#This Row],[GB-KH25]],0) -> 0 | BD12: =KH_26_OPT4_KTQT_v4[[#This Row],[SL-01]]*KH_26_OPT4_KTQT_v4[[#This Row],[GB-01]]*EXR -> 1101870000 | BE12: =KH_26_OPT4_KTQT_v4[[#This Row],[SL-02]]*KH_26_OPT4_KTQT_v4[[#This Row],[GB-02]]*EXR -> 1101870000 | BF12: =KH_26_OPT4_KTQT_v4[[#This Row],[SL-03]]*KH_26_OPT4_KTQT_v4[[#This Row],[GB-03]]*EXR -> 1101870000 | BG12: =KH_26_OPT4_KTQT_v4[[#This Row],[SL-04]]*KH_26_OPT4_KTQT_v4[[#This Row],[GB-04]]*EXR -> 1836450000 | BH12: =KH_26_OPT4_KTQT_v4[[#This Row],[SL-05]]*KH_26_OPT4_KTQT_v4[[#This Row],[GB-05]]*EXR -> 1836450000 | BI12: =KH_26_OPT4_KTQT_v4[[#This Row],[SL-06]]*KH_26_OPT4_KTQT_v4[[#This Row],[GB-06]]*EXR -> 1836450000 | BJ12: =KH_26_OPT4_KTQT_v4[[#This Row],[SL-07]]*KH_26_OPT4_KTQT_v4[[#This Row],[GB-07]]*EXR -> 1836450000 | BK12: =KH_26_OPT4_KTQT_v4[[#This Row],[SL-08]]*KH_26_OPT4_KTQT_v4[[#This Row],[GB-08]]*EXR -> 1836450000 | BL12: =KH_26_OPT4_KTQT_v4[[#This Row],[SL-09]]*KH_26_OPT4_KTQT_v4[[#This Row],[GB-09]]*EXR -> 1836450000 | BM12: =KH_26_OPT4_KTQT_v4[[#This Row],[SL-10]]*KH_26_OPT4_KTQT_v4[[#This Row],[GB-10]]*EXR -> 1836450000 | BN12: =KH_26_OPT4_KTQT_v4[[#This Row],[SL-11]]*KH_26_OPT4_KTQT_v4[[#This Row],[GB-11]]*EXR -> 1836450000 | BO12: =KH_26_OPT4_KTQT_v4[[#This Row],[SL-12]]*KH_26_OPT4_KTQT_v4[[#This Row],[GB-12]]*EXR -> 2203740000 | BP12: =SUM(KH_26_OPT4_KTQT_v4[[#This Row],[DT-EXW-01]:[DT-EXW-12]]) -> 20200950000 | BQ12: =SUMIFS(DB_25[DT-DB25],DB_25[Mã khách],KH_26_OPT4_KTQT_v4[[#This Row],[Mã khách]],DB_25[Mã sản phẩm],KH_26_OPT4_KTQT_v4[[#This Row],[Mã sản phẩm]]) -> 1.3142063e+10 | BR12: =KH_26_OPT4_KTQT_v4[[#This Row],[DT-EXW-KH26]]-KH_26_OPT4_KTQT_v4[[#This Row],[DT-EXW-DB25]] -> 7.0588867e+09 | BS12: =IFERROR(KH_26_OPT4_KTQT_v4[[#This Row],[DT-EXW-+/-]]/KH_26_OPT4_KTQT_v4[[#This Row],[DT-EXW-DB25]],0) -> 0.53712165 | BT12: Dthu | BU12: 0.005 | BW12: =IF(KH_26_OPT4_KTQT_v4[[#This Row],[CPHH-%-SL]]="Dthu",KH_26_OPT4_KTQT_v4[[#This Row],[%HH]]*KH_26_OPT4_KTQT_v4[[#This Row],[DT-EXW-01]],KH_26_OPT4_KTQT_v4[[#This Row],[HH-SL]]*KH_26_OPT4_KTQT_v4[[#This Row],[SL-01]]) -> 5509350 | BX12: =IF(KH_26_OPT4_KTQT_v4[[#This Row],[CPHH-%-SL]]="Dthu",KH_26_OPT4_KTQT_v4[[#This Row],[%HH]]*KH_26_OPT4_KTQT_v4[[#This Row],[DT-EXW-02]],KH_26_OPT4_KTQT_v4[[#This Row],[HH-SL]]*KH_26_OPT4_KTQT_v4[[#This Row],[SL-02]]) -> 5509350 | BY12: =IF(KH_26_OPT4_KTQT_v4[[#This Row],[CPHH-%-SL]]="Dthu",KH_26_OPT4_KTQT_v4[[#This Row],[%HH]]*KH_26_OPT4_KTQT_v4[[#This Row],[DT-EXW-03]],KH_26_OPT4_KTQT_v4[[#This Row],[HH-SL]]*KH_26_OPT4_KTQT_v4[[#This Row],[SL-03]]) -> 5509350 | BZ12: =IF(KH_26_OPT4_KTQT_v4[[#This Row],[CPHH-%-SL]]="Dthu",KH_26_OPT4_KTQT_v4[[#This Row],[%HH]]*KH_26_OPT4_KTQT_v4[[#This Row],[DT-EXW-04]],KH_26_OPT4_KTQT_v4[[#This Row],[HH-SL]]*KH_26_OPT4_KTQT_v4[[#This Row],[SL-04]]) -> 9182250 | CA12: =IF(KH_26_OPT4_KTQT_v4[[#This Row],[CPHH-%-SL]]="Dthu",KH_26_OPT4_KTQT_v4[[#This Row],[%HH]]*KH_26_OPT4_KTQT_v4[[#This Row],[DT-EXW-05]],KH_26_OPT4_KTQT_v4[[#This Row],[HH-SL]]*KH_26_OPT4_KTQT_v4[[#This Row],[SL-05]]) -> 9182250 | CB12: =IF(KH_26_OPT4_KTQT_v4[[#This Row],[CPHH-%-SL]]="Dthu",KH_26_OPT4_KTQT_v4[[#This Row],[%HH]]*KH_26_OPT4_KTQT_v4[[#This Row],[DT-EXW-06]],KH_26_OPT4_KTQT_v4[[#This Row],[HH-SL]]*KH_26_OPT4_KTQT_v4[[#This Row],[SL-06]]) -> 9182250 | CC12: =IF(KH_26_OPT4_KTQT_v4[[#This Row],[CPHH-%-SL]]="Dthu",KH_26_OPT4_KTQT_v4[[#This Row],[%HH]]*KH_26_OPT4_KTQT_v4[[#This Row],[DT-EXW-07]],KH_26_OPT4_KTQT_v4[[#This Row],[HH-SL]]*KH_26_OPT4_KTQT_v4[[#This Row],[SL-07]]) -> 9182250 | CD12: =IF(KH_26_OPT4_KTQT_v4[[#This Row],[CPHH-%-SL]]="Dthu",KH_26_OPT4_KTQT_v4[[#This Row],[%HH]]*KH_26_OPT4_KTQT_v4[[#This Row],[DT-EXW-08]],KH_26_OPT4_KTQT_v4[[#This Row],[HH-SL]]*KH_26_OPT4_KTQT_v4[[#This Row],[SL-08]]) -> 9182250 | CE12: =IF(KH_26_OPT4_KTQT_v4[[#This Row],[CPHH-%-SL]]="Dthu",KH_26_OPT4_KTQT_v4[[#This Row],[%HH]]*KH_26_OPT4_KTQT_v4[[#This Row],[DT-EXW-09]],KH_26_OPT4_KTQT_v4[[#This Row],[HH-SL]]*KH_26_OPT4_KTQT_v4[[#This Row],[SL-09]]) -> 9182250 | CF12: =IF(KH_26_OPT4_KTQT_v4[[#This Row],[CPHH-%-SL]]="Dthu",KH_26_OPT4_KTQT_v4[[#This Row],[%HH]]*KH_26_OPT4_KTQT_v4[[#This Row],[DT-EXW-10]],KH_26_OPT4_KTQT_v4[[#This Row],[HH-SL]]*KH_26_OPT4_KTQT_v4[[#This Row],[SL-10]]) -> 9182250 | CG12: =IF(KH_26_OPT4_KTQT_v4[[#This Row],[CPHH-%-SL]]="Dthu",KH_26_OPT4_KTQT_v4[[#This Row],[%HH]]*KH_26_OPT4_KTQT_v4[[#This Row],[DT-EXW-11]],KH_26_OPT4_KTQT_v4[[#This Row],[HH-SL]]*KH_26_OPT4_KTQT_v4[[#This Row],[SL-11]]) -> 9182250 | CH12: =IF(KH_26_OPT4_KTQT_v4[[#This Row],[CPHH-%-SL]]="Dthu",KH_26_OPT4_KTQT_v4[[#This Row],[%HH]]*KH_26_OPT4_KTQT_v4[[#This Row],[DT-EXW-12]],KH_26_OPT4_KTQT_v4[[#This Row],[HH-SL]]*KH_26_OPT4_KTQT_v4[[#This Row],[SL-12]]) -> 11018700 | CI12: =SUM(KH_26_OPT4_KTQT_v4[[#This Row],[CPHH-01]:[CPHH-12]]) -> 101004750 | CJ12: {=IFERROR(IF(KH_26_OPT4_KTQT_v4[[#This Row],[Kênh bán hàng]]="Nội địa",_xlfn.XLOOKUP(KH_26_OPT4_KTQT_v4[[#This Row],[Tên khách]]&KH_26_OPT4_KTQT_v4[[#This Row],[Kênh bán hàng]]&KH_26_OPT4_KTQT_v4[[#This Row],[Địa điểm đến]]&KH_26_OPT4_KTQT_v4[[#This Row],[Nước đến]]&KH_26_OPT4_KTQT_v4[[#This Row],[Incoterm]],ĐGVC!$A$6:$A$201&ĐGVC!$B$6:$B$201&ĐGVC!$C$6:$C$201&ĐGVC!$D$6:$D$201&ĐGVC!$E$6:$E$201,ĐGVC!$O$6:$O$201),0),0)} -> 140000 | CK12: =SUM(KH_26_OPT4_KTQT_v4[[#This Row],[ĐGVCNĐ-KXK]:[ĐGVCCT-KXK]]) -> 0 | CL12: {=IFERROR(IF(KH_26_OPT4_KTQT_v4[[#This Row],[Kênh bán hàng]]="xuất khẩu",_xlfn.XLOOKUP(KH_26_OPT4_KTQT_v4[[#This Row],[Tên khách]]&KH_26_OPT4_KTQT_v4[[#This Row],[Kênh bán hàng]]&KH_26_OPT4_KTQT_v4[[#This Row],[Địa điểm đến]]&KH_26_OPT4_KTQT_v4[[#This Row],[Nước đến]]&KH_26_OPT4_KTQT_v4[[#This Row],[Incoterm]],ĐGVC!$A$6:$A$201&ĐGVC!$B$6:$B$201&ĐGVC!$C$6:$C$201&ĐGVC!$D$6:$D$201&ĐGVC!$E$6:$E$201,ĐGVC!$O$6:$O$201),0),0)} -> 0 | CM12: {=IFERROR(_xlfn.XLOOKUP(KH_26_OPT4_KTQT_v4[[#This Row],[Tên khách]]&KH_26_OPT4_KTQT_v4[[#This Row],[Kênh bán hàng]]&KH_26_OPT4_KTQT_v4[[#This Row],[Địa điểm đến]]&KH_26_OPT4_KTQT_v4[[#This Row],[Nước đến]]&KH_26_OPT4_KTQT_v4[[#This Row],[Incoterm]],ĐGVC!$A$6:$A$201&ĐGVC!$B$6:$B$201&ĐGVC!$C$6:$C$201&ĐGVC!$D$6:$D$201&ĐGVC!$E$6:$E$201,ĐGVC!$Y$6:$Y$201),0)} -> 0 | CN12: =(KH_26_OPT4_KTQT_v4[[#This Row],[ĐGVC-KNĐ]]+KH_26_OPT4_KTQT_v4[[#This Row],[ĐGVC-KXK]])*KH_26_OPT4_KTQT_v4[[#This Row],[SL-01]] -> 4620000 | CO12: =(KH_26_OPT4_KTQT_v4[[#This Row],[ĐGVC-KNĐ]]+KH_26_OPT4_KTQT_v4[[#This Row],[ĐGVC-KXK]])*KH_26_OPT4_KTQT_v4[[#This Row],[SL-02]] -> 4620000 | CP12: =(KH_26_OPT4_KTQT_v4[[#This Row],[ĐGVC-KNĐ]]+KH_26_OPT4_KTQT_v4[[#This Row],[ĐGVC-KXK]])*KH_26_OPT4_KTQT_v4[[#This Row],[SL-03]] -> 4620000 | CQ12: =(KH_26_OPT4_KTQT_v4[[#This Row],[ĐGVC-KNĐ]]+KH_26_OPT4_KTQT_v4[[#This Row],[ĐGVC-KXK]])*KH_26_OPT4_KTQT_v4[[#This Row],[SL-04]] -> 7700000 | CR12: =(KH_26_OPT4_KTQT_v4[[#This Row],[ĐGVC-KNĐ]]+KH_26_OPT4_KTQT_v4[[#This Row],[ĐGVC-KXK]])*KH_26_OPT4_KTQT_v4[[#This Row],[SL-05]] -> 7700000 | CS12: =(KH_26_OPT4_KTQT_v4[[#This Row],[ĐGVC-KNĐ]]+KH_26_OPT4_KTQT_v4[[#This Row],[ĐGVC-KXK]])*KH_26_OPT4_KTQT_v4[[#This Row],[SL-06]] -> 7700000 | CT12: =(KH_26_OPT4_KTQT_v4[[#This Row],[ĐGVC-KNĐ]]+KH_26_OPT4_KTQT_v4[[#This Row],[ĐGVC-KXK]])*KH_26_OPT4_KTQT_v4[[#This Row],[SL-07]] -> 7700000 | CU12: =(KH_26_OPT4_KTQT_v4[[#This Row],[ĐGVC-KNĐ]]+KH_26_OPT4_KTQT_v4[[#This Row],[ĐGVC-KXK]])*KH_26_OPT4_KTQT_v4[[#This Row],[SL-08]] -> 7700000 | CV12: =(KH_26_OPT4_KTQT_v4[[#This Row],[ĐGVC-KNĐ]]+KH_26_OPT4_KTQT_v4[[#This Row],[ĐGVC-KXK]])*KH_26_OPT4_KTQT_v4[[#This Row],[SL-09]] -> 7700000 | CW12: =(KH_26_OPT4_KTQT_v4[[#This Row],[ĐGVC-KNĐ]]+KH_26_OPT4_KTQT_v4[[#This Row],[ĐGVC-KXK]])*KH_26_OPT4_KTQT_v4[[#This Row],[SL-10]] -> 7700000 | CX12: =(KH_26_OPT4_KTQT_v4[[#This Row],[ĐGVC-KNĐ]]+KH_26_OPT4_KTQT_v4[[#This Row],[ĐGVC-KXK]])*KH_26_OPT4_KTQT_v4[[#This Row],[SL-11]] -> 7700000 | CY12: =(KH_26_OPT4_KTQT_v4[[#This Row],[ĐGVC-KNĐ]]+KH_26_OPT4_KTQT_v4[[#This Row],[ĐGVC-KXK]])*KH_26_OPT4_KTQT_v4[[#This Row],[SL-12]] -> 9240000 | CZ12: =SUM(KH_26_OPT4_KTQT_v4[[#This Row],[CPVC-01]:[CPVC-12]]) -> 84700000 | DA12: =KH_26_OPT4_KTQT_v4[[#This Row],[DT-EXW-01]]+KH_26_OPT4_KTQT_v4[[#This Row],[CPVC-01]]+KH_26_OPT4_KTQT_v4[[#This Row],[CPHH-01]] -> 1111999350 | DB12: =KH_26_OPT4_KTQT_v4[[#This Row],[DT-EXW-02]]+KH_26_OPT4_KTQT_v4[[#This Row],[CPVC-02]]+KH_26_OPT4_KTQT_v4[[#This Row],[CPHH-02]] -> 1111999350 | DC12: =KH_26_OPT4_KTQT_v4[[#This Row],[DT-EXW-03]]+KH_26_OPT4_KTQT_v4[[#This Row],[CPVC-03]]+KH_26_OPT4_KTQT_v4[[#This Row],[CPHH-03]] -> 1111999350 | DD12: =KH_26_OPT4_KTQT_v4[[#This Row],[DT-EXW-04]]+KH_26_OPT4_KTQT_v4[[#This Row],[CPVC-04]]+KH_26_OPT4_KTQT_v4[[#This Row],[CPHH-04]] -> 1853332250 | DE12: =KH_26_OPT4_KTQT_v4[[#This Row],[DT-EXW-05]]+KH_26_OPT4_KTQT_v4[[#This Row],[CPVC-05]]+KH_26_OPT4_KTQT_v4[[#This Row],[CPHH-05]] -> 1853332250 | DF12: =KH_26_OPT4_KTQT_v4[[#This Row],[DT-EXW-06]]+KH_26_OPT4_KTQT_v4[[#This Row],[CPVC-06]]+KH_26_OPT4_KTQT_v4[[#This Row],[CPHH-06]] -> 1853332250 | DG12: =KH_26_OPT4_KTQT_v4[[#This Row],[DT-EXW-07]]+KH_26_OPT4_KTQT_v4[[#This Row],[CPVC-07]]+KH_26_OPT4_KTQT_v4[[#This Row],[CPHH-07]] -> 1853332250 | DH12: =KH_26_OPT4_KTQT_v4[[#This Row],[DT-EXW-08]]+KH_26_OPT4_KTQT_v4[[#This Row],[CPVC-08]]+KH_26_OPT4_KTQT_v4[[#This Row],[CPHH-08]] -> 1853332250 | DI12: =KH_26_OPT4_KTQT_v4[[#This Row],[DT-EXW-09]]+KH_26_OPT4_KTQT_v4[[#This Row],[CPVC-09]]+KH_26_OPT4_KTQT_v4[[#This Row],[CPHH-09]] -> 1853332250 | DJ12: =KH_26_OPT4_KTQT_v4[[#This Row],[DT-EXW-10]]+KH_26_OPT4_KTQT_v4[[#This Row],[CPVC-10]]+KH_26_OPT4_KTQT_v4[[#This Row],[CPHH-10]] -> 1853332250 | DK12: =KH_26_OPT4_KTQT_v4[[#This Row],[DT-EXW-11]]+KH_26_OPT4_KTQT_v4[[#This Row],[CPVC-11]]+KH_26_OPT4_KTQT_v4[[#This Row],[CPHH-11]] -> 1853332250 | DL12: =KH_26_OPT4_KTQT_v4[[#This Row],[DT-EXW-12]]+KH_26_OPT4_KTQT_v4[[#This Row],[CPVC-12]]+KH_26_OPT4_KTQT_v4[[#This Row],[CPHH-12]] -> 2223998700 | DM12: =SUM(KH_26_OPT4_KTQT_v4[[#This Row],[DT-01]:[DT-12]]) -> 20386654750 | DR12: =IFERROR(KH_26_OPT4_KTQT_v4[[#This Row],[DT-EXW-01]]*KH_26_OPT4_KTQT_v4[[#This Row],[%CPDP]],0) -> 0 | DS12: =IFERROR(KH_26_OPT4_KTQT_v4[[#This Row],[DT-EXW-02]]*KH_26_OPT4_KTQT_v4[[#This Row],[%CPDP]],0) -> 0 | DT12: =IFERROR(KH_26_OPT4_KTQT_v4[[#This Row],[DT-EXW-03]]*KH_26_OPT4_KTQT_v4[[#This Row],[%CPDP]],0) -> 0 | DU12: =IFERROR(KH_26_OPT4_KTQT_v4[[#This Row],[DT-EXW-04]]*KH_26_OPT4_KTQT_v4[[#This Row],[%CPDP]],0) -> 0 | DV12: =IFERROR(KH_26_OPT4_KTQT_v4[[#This Row],[DT-EXW-05]]*KH_26_OPT4_KTQT_v4[[#This Row],[%CPDP]],0) -> 0 | DW12: =IFERROR(KH_26_OPT4_KTQT_v4[[#This Row],[DT-EXW-06]]*KH_26_OPT4_KTQT_v4[[#This Row],[%CPDP]],0) -> 0 | DX12: =IFERROR(KH_26_OPT4_KTQT_v4[[#This Row],[DT-EXW-07]]*KH_26_OPT4_KTQT_v4[[#This Row],[%CPDP]],0) -> 0 | DY12: =IFERROR(KH_26_OPT4_KTQT_v4[[#This Row],[DT-EXW-08]]*KH_26_OPT4_KTQT_v4[[#This Row],[%CPDP]],0) -> 0 | DZ12: =IFERROR(KH_26_OPT4_KTQT_v4[[#This Row],[DT-EXW-09]]*KH_26_OPT4_KTQT_v4[[#This Row],[%CPDP]],0) -> 0 | EA12: =IFERROR(KH_26_OPT4_KTQT_v4[[#This Row],[DT-EXW-10]]*KH_26_OPT4_KTQT_v4[[#This Row],[%CPDP]],0) -> 0 | EB12: =IFERROR(KH_26_OPT4_KTQT_v4[[#This Row],[DT-EXW-11]]*KH_26_OPT4_KTQT_v4[[#This Row],[%CPDP]],0) -> 0 | EC12: =IFERROR(KH_26_OPT4_KTQT_v4[[#This Row],[DT-EXW-12]]*KH_26_OPT4_KTQT_v4[[#This Row],[%CPDP]],0) -> 0 | ED12: =SUM(KH_26_OPT4_KTQT_v4[[#This Row],[CPDP-01]:[CPDP-12]]) -> 0
A13: 8 | B13: Cường | C13: =IFERROR(_xlfn.XLOOKUP(KH_26_OPT4_KTQT_v4[[#This Row],[Salesman]],MD_Salesman[Salesman],MD_Salesman[SalesManager]),"") -> Cường | D13: =IFERROR(INDEX(MD_Customer[Mã khách],MATCH(KH_26_OPT4_KTQT_v4[[#This Row],[Tên khách]],MD_Customer[Tên khách-rút gọn],0)),"") -> 105271-Thêm | E13: =IFERROR(INDEX(MD_Customer[Parent Account],MATCH(KH_26_OPT4_KTQT_v4[[#This Row],[Tên khách]],MD_Customer[Tên khách-rút gọn],0)),"") -> Suntory | F13: Suntory- Ngọc Nghĩa Tây Ninh (thêm) | G13: =IFERROR(INDEX(MD_Customer[Phân loại],MATCH(KH_26_OPT4_KTQT_v4[[#This Row],[Tên khách]],MD_Customer[Tên khách-rút gọn],0)),"") -> Hiện hữu | H13: =IFERROR(INDEX(MD_Customer[Kênh bán hàng],MATCH(KH_26_OPT4_KTQT_v4[[#This Row],[Tên khách]],MD_Customer[Tên khách-rút gọn],0)),"") -> Nội địa | I13: Tây Ninh | J13: =IFERROR(INDEX(MD_Destination[Nước],MATCH(KH_26_OPT4_KTQT_v4[[#This Row],[Địa điểm đến]],MD_Destination[Địa điểm đến],0)),"") -> Việt Nam | K13: =IFERROR(INDEX(MD_Destination[Khu vực],MATCH(KH_26_OPT4_KTQT_v4[[#This Row],[Địa điểm đến]],MD_Destination[Địa điểm đến],0)),"") -> Châu Á | L13: DDP | M13: =IFERROR(INDEX(MD_SKU[Mã SKU],MATCH(KH_26_OPT4_KTQT_v4[[#This Row],[Tên sản phẩm]],MD_SKU[Tên SKU-rút gọn],0)),"") -> 110000332 | N13: iSS1084G | O13: =IFERROR(INDEX(MD_SKU[Ngành hàng],MATCH(KH_26_OPT4_KTQT_v4[[#This Row],[Tên sản phẩm]],MD_SKU[Tên SKU-rút gọn],0)),"") -> rPET | P13: =IFERROR(INDEX(MD_SKU[Nhóm ngành],MATCH(KH_26_OPT4_KTQT_v4[[#This Row],[Tên sản phẩm]],MD_SKU[Tên SKU-rút gọn],0)),"") -> Hạt PET | Q13: =IFERROR( IF(INDEX(MD_SKU[IV/IM],MATCH(KH_26_OPT4_KTQT_v4[[#This Row],[Tên sản phẩm]],MD_SKU[Tên SKU-rút gọn],0))=0, "", INDEX(MD_SKU[IV/IM],MATCH(KH_26_OPT4_KTQT_v4[[#This Row],[Tên sản phẩm]],MD_SKU[Tên SKU-rút gọn],0)) ), "") -> 0.84 ± 0.03 | R13: =IFERROR(INDEX(MD_SKU[Application],MATCH(KH_26_OPT4_KTQT_v4[[#This Row],[Tên sản phẩm]],MD_SKU[Tên SKU-rút gọn],0)),"") -> 0 | S13: =IFERROR(INDEX(MD_SKU[Phân loại],MATCH(KH_26_OPT4_KTQT_v4[[#This Row],[Tên sản phẩm]],MD_SKU[Tên SKU-rút gọn],0)),"") -> Cũ | T13: SUNTORY | U13: x | V13: 0.8 | W13: 220 | X13: 220 | Y13: 220 | Z13: 220 | AA13: 220 | AB13: 220 | AC13: 220 | AD13: 220 | AE13: 220 | AF13: 220 | AG13: 220 | AH13: 220 | AI13: =SUM(KH_26_OPT4_KTQT_v4[[#This Row],[SL-01]:[SL-12]]) -> 2640 | AJ13: =SUMIFS(DB_25[SL-DB25],DB_25[Mã khách],KH_26_OPT4_KTQT_v4[[#This Row],[Mã khách]],DB_25[Mã sản phẩm],KH_26_OPT4_KTQT_v4[[#This Row],[Mã sản phẩm]]) -> 0 | AK13: =KH_26_OPT4_KTQT_v4[[#This Row],[SL-KH26]]-KH_26_OPT4_KTQT_v4[[#This Row],[SL-DB25]] -> 2640 | AL13: =IFERROR(KH_26_OPT4_KTQT_v4[[#This Row],[SL-+/-]]/KH_26_OPT4_KTQT_v4[[#This Row],[SL-DB25]],0) -> 0 | AM13: 1260 | AN13: 1260 | AO13: 1260 | AP13: 1260 | AQ13: 1260 | AR13: 1260 | AS13: 1260 | AT13: 1260 | AU13: 1260 | AV13: 1260 | AW13: 1260 | AX13: 1260 | AY13: 1260 | BA13: =KH_26_OPT4_KTQT_v4[[#This Row],[GB-DB25]]-KH_26_OPT4_KTQT_v4[[#This Row],[GB-KH25]] -> 1260 | BB13: =IFERROR(KH_26_OPT4_KTQT_v4[[#This Row],[GB-+/-]]/KH_26_OPT4_KTQT_v4[[#This Row],[GB-KH25]],0) -> 0 | BD13: =KH_26_OPT4_KTQT_v4[[#This Row],[SL-01]]*KH_26_OPT4_KTQT_v4[[#This Row],[GB-01]]*EXR -> 7345800000 | BE13: =KH_26_OPT4_KTQT_v4[[#This Row],[SL-02]]*KH_26_OPT4_KTQT_v4[[#This Row],[GB-02]]*EXR -> 7345800000 | BF13: =KH_26_OPT4_KTQT_v4[[#This Row],[SL-03]]*KH_26_OPT4_KTQT_v4[[#This Row],[GB-03]]*EXR -> 7345800000 | BG13: =KH_26_OPT4_KTQT_v4[[#This Row],[SL-04]]*KH_26_OPT4_KTQT_v4[[#This Row],[GB-04]]*EXR -> 7345800000 | BH13: =KH_26_OPT4_KTQT_v4[[#This Row],[SL-05]]*KH_26_OPT4_KTQT_v4[[#This Row],[GB-05]]*EXR -> 7345800000 | BI13: =KH_26_OPT4_KTQT_v4[[#This Row],[SL-06]]*KH_26_OPT4_KTQT_v4[[#This Row],[GB-06]]*EXR -> 7345800000 | BJ13: =KH_26_OPT4_KTQT_v4[[#This Row],[SL-07]]*KH_26_OPT4_KTQT_v4[[#This Row],[GB-07]]*EXR -> 7345800000 | BK13: =KH_26_OPT4_KTQT_v4[[#This Row],[SL-08]]*KH_26_OPT4_KTQT_v4[[#This Row],[GB-08]]*EXR -> 7345800000 | BL13: =KH_26_OPT4_KTQT_v4[[#This Row],[SL-09]]*KH_26_OPT4_KTQT_v4[[#This Row],[GB-09]]*EXR -> 7345800000 | BM13: =KH_26_OPT4_KTQT_v4[[#This Row],[SL-10]]*KH_26_OPT4_KTQT_v4[[#This Row],[GB-10]]*EXR -> 7345800000 | BN13: =KH_26_OPT4_KTQT_v4[[#This Row],[SL-11]]*KH_26_OPT4_KTQT_v4[[#This Row],[GB-11]]*EXR -> 7345800000 | BO13: =KH_26_OPT4_KTQT_v4[[#This Row],[SL-12]]*KH_26_OPT4_KTQT_v4[[#This Row],[GB-12]]*EXR -> 7345800000 | BP13: =SUM(KH_26_OPT4_KTQT_v4[[#This Row],[DT-EXW-01]:[DT-EXW-12]]) -> 88149600000 | BQ13: =SUMIFS(DB_25[DT-DB25],DB_25[Mã khách],KH_26_OPT4_KTQT_v4[[#This Row],[Mã khách]],DB_25[Mã sản phẩm],KH_26_OPT4_KTQT_v4[[#This Row],[Mã sản phẩm]]) -> 0 | BR13: =KH_26_OPT4_KTQT_v4[[#This Row],[DT-EXW-KH26]]-KH_26_OPT4_KTQT_v4[[#This Row],[DT-EXW-DB25]] -> 88149600000 | BS13: =IFERROR(KH_26_OPT4_KTQT_v4[[#This Row],[DT-EXW-+/-]]/KH_26_OPT4_KTQT_v4[[#This Row],[DT-EXW-DB25]],0) -> 0 | BT13: Dthu | BU13: 0.005 | BW13: =IF(KH_26_OPT4_KTQT_v4[[#This Row],[CPHH-%-SL]]="Dthu",KH_26_OPT4_KTQT_v4[[#This Row],[%HH]]*KH_26_OPT4_KTQT_v4[[#This Row],[DT-EXW-01]],KH_26_OPT4_KTQT_v4[[#This Row],[HH-SL]]*KH_26_OPT4_KTQT_v4[[#This Row],[SL-01]]) -> 36729000 | BX13: =IF(KH_26_OPT4_KTQT_v4[[#This Row],[CPHH-%-SL]]="Dthu",KH_26_OPT4_KTQT_v4[[#This Row],[%HH]]*KH_26_OPT4_KTQT_v4[[#This Row],[DT-EXW-02]],KH_26_OPT4_KTQT_v4[[#This Row],[HH-SL]]*KH_26_OPT4_KTQT_v4[[#This Row],[SL-02]]) -> 36729000 | BY13: =IF(KH_26_OPT4_KTQT_v4[[#This Row],[CPHH-%-SL]]="Dthu",KH_26_OPT4_KTQT_v4[[#This Row],[%HH]]*KH_26_OPT4_KTQT_v4[[#This Row],[DT-EXW-03]],KH_26_OPT4_KTQT_v4[[#This Row],[HH-SL]]*KH_26_OPT4_KTQT_v4[[#This Row],[SL-03]]) -> 36729000 | BZ13: =IF(KH_26_OPT4_KTQT_v4[[#This Row],[CPHH-%-SL]]="Dthu",KH_26_OPT4_KTQT_v4[[#This Row],[%HH]]*KH_26_OPT4_KTQT_v4[[#This Row],[DT-EXW-04]],KH_26_OPT4_KTQT_v4[[#This Row],[HH-SL]]*KH_26_OPT4_KTQT_v4[[#This Row],[SL-04]]) -> 36729000 | CA13: =IF(KH_26_OPT4_KTQT_v4[[#This Row],[CPHH-%-SL]]="Dthu",KH_26_OPT4_KTQT_v4[[#This Row],[%HH]]*KH_26_OPT4_KTQT_v4[[#This Row],[DT-EXW-05]],KH_26_OPT4_KTQT_v4[[#This Row],[HH-SL]]*KH_26_OPT4_KTQT_v4[[#This Row],[SL-05]]) -> 36729000 | CB13: =IF(KH_26_OPT4_KTQT_v4[[#This Row],[CPHH-%-SL]]="Dthu",KH_26_OPT4_KTQT_v4[[#This Row],[%HH]]*KH_26_OPT4_KTQT_v4[[#This Row],[DT-EXW-06]],KH_26_OPT4_KTQT_v4[[#This Row],[HH-SL]]*KH_26_OPT4_KTQT_v4[[#This Row],[SL-06]]) -> 36729000 | CC13: =IF(KH_26_OPT4_KTQT_v4[[#This Row],[CPHH-%-SL]]="Dthu",KH_26_OPT4_KTQT_v4[[#This Row],[%HH]]*KH_26_OPT4_KTQT_v4[[#This Row],[DT-EXW-07]],KH_26_OPT4_KTQT_v4[[#This Row],[HH-SL]]*KH_26_OPT4_KTQT_v4[[#This Row],[SL-07]]) -> 36729000 | CD13: =IF(KH_26_OPT4_KTQT_v4[[#This Row],[CPHH-%-SL]]="Dthu",KH_26_OPT4_KTQT_v4[[#This Row],[%HH]]*KH_26_OPT4_KTQT_v4[[#This Row],[DT-EXW-08]],KH_26_OPT4_KTQT_v4[[#This Row],[HH-SL]]*KH_26_OPT4_KTQT_v4[[#This Row],[SL-08]]) -> 36729000 | CE13: =IF(KH_26_OPT4_KTQT_v4[[#This Row],[CPHH-%-SL]]="Dthu",KH_26_OPT4_KTQT_v4[[#This Row],[%HH]]*KH_26_OPT4_KTQT_v4[[#This Row],[DT-EXW-09]],KH_26_OPT4_KTQT_v4[[#This Row],[HH-SL]]*KH_26_OPT4_KTQT_v4[[#This Row],[SL-09]]) -> 36729000 | CF13: =IF(KH_26_OPT4_KTQT_v4[[#This Row],[CPHH-%-SL]]="Dthu",KH_26_OPT4_KTQT_v4[[#This Row],[%HH]]*KH_26_OPT4_KTQT_v4[[#This Row],[DT-EXW-10]],KH_26_OPT4_KTQT_v4[[#This Row],[HH-SL]]*KH_26_OPT4_KTQT_v4[[#This Row],[SL-10]]) -> 36729000 | CG13: =IF(KH_26_OPT4_KTQT_v4[[#This Row],[CPHH-%-SL]]="Dthu",KH_26_OPT4_KTQT_v4[[#This Row],[%HH]]*KH_26_OPT4_KTQT_v4[[#This Row],[DT-EXW-11]],KH_26_OPT4_KTQT_v4[[#This Row],[HH-SL]]*KH_26_OPT4_KTQT_v4[[#This Row],[SL-11]]) -> 36729000 | CH13: =IF(KH_26_OPT4_KTQT_v4[[#This Row],[CPHH-%-SL]]="Dthu",KH_26_OPT4_KTQT_v4[[#This Row],[%HH]]*KH_26_OPT4_KTQT_v4[[#This Row],[DT-EXW-12]],KH_26_OPT4_KTQT_v4[[#This Row],[HH-SL]]*KH_26_OPT4_KTQT_v4[[#This Row],[SL-12]]) -> 36729000 | CI13: =SUM(KH_26_OPT4_KTQT_v4[[#This Row],[CPHH-01]:[CPHH-12]]) -> 440748000 | CJ13: {=IFERROR(IF(KH_26_OPT4_KTQT_v4[[#This Row],[Kênh bán hàng]]="Nội địa",_xlfn.XLOOKUP(KH_26_OPT4_KTQT_v4[[#This Row],[Tên khách]]&KH_26_OPT4_KTQT_v4[[#This Row],[Kênh bán hàng]]&KH_26_OPT4_KTQT_v4[[#This Row],[Địa điểm đến]]&KH_26_OPT4_KTQT_v4[[#This Row],[Nước đến]]&KH_26_OPT4_KTQT_v4[[#This Row],[Incoterm]],ĐGVC!$A$6:$A$201&ĐGVC!$B$6:$B$201&ĐGVC!$C$6:$C$201&ĐGVC!$D$6:$D$201&ĐGVC!$E$6:$E$201,ĐGVC!$O$6:$O$201),0),0)} -> 140000 | CK13: =SUM(KH_26_OPT4_KTQT_v4[[#This Row],[ĐGVCNĐ-KXK]:[ĐGVCCT-KXK]]) -> 0 | CL13: {=IFERROR(IF(KH_26_OPT4_KTQT_v4[[#This Row],[Kênh bán hàng]]="xuất khẩu",_xlfn.XLOOKUP(KH_26_OPT4_KTQT_v4[[#This Row],[Tên khách]]&KH_26_OPT4_KTQT_v4[[#This Row],[Kênh bán hàng]]&KH_26_OPT4_KTQT_v4[[#This Row],[Địa điểm đến]]&KH_26_OPT4_KTQT_v4[[#This Row],[Nước đến]]&KH_26_OPT4_KTQT_v4[[#This Row],[Incoterm]],ĐGVC!$A$6:$A$201&ĐGVC!$B$6:$B$201&ĐGVC!$C$6:$C$201&ĐGVC!$D$6:$D$201&ĐGVC!$E$6:$E$201,ĐGVC!$O$6:$O$201),0),0)} -> 0 | CM13: {=IFERROR(_xlfn.XLOOKUP(KH_26_OPT4_KTQT_v4[[#This Row],[Tên khách]]&KH_26_OPT4_KTQT_v4[[#This Row],[Kênh bán hàng]]&KH_26_OPT4_KTQT_v4[[#This Row],[Địa điểm đến]]&KH_26_OPT4_KTQT_v4[[#This Row],[Nước đến]]&KH_26_OPT4_KTQT_v4[[#This Row],[Incoterm]],ĐGVC!$A$6:$A$201&ĐGVC!$B$6:$B$201&ĐGVC!$C$6:$C$201&ĐGVC!$D$6:$D$201&ĐGVC!$E$6:$E$201,ĐGVC!$Y$6:$Y$201),0)} -> 0 | CN13: =(KH_26_OPT4_KTQT_v4[[#This Row],[ĐGVC-KNĐ]]+KH_26_OPT4_KTQT_v4[[#This Row],[ĐGVC-KXK]])*KH_26_OPT4_KTQT_v4[[#This Row],[SL-01]] -> 30800000 | CO13: =(KH_26_OPT4_KTQT_v4[[#This Row],[ĐGVC-KNĐ]]+KH_26_OPT4_KTQT_v4[[#This Row],[ĐGVC-KXK]])*KH_26_OPT4_KTQT_v4[[#This Row],[SL-02]] -> 30800000 | CP13: =(KH_26_OPT4_KTQT_v4[[#This Row],[ĐGVC-KNĐ]]+KH_26_OPT4_KTQT_v4[[#This Row],[ĐGVC-KXK]])*KH_26_OPT4_KTQT_v4[[#This Row],[SL-03]] -> 30800000 | CQ13: =(KH_26_OPT4_KTQT_v4[[#This Row],[ĐGVC-KNĐ]]+KH_26_OPT4_KTQT_v4[[#This Row],[ĐGVC-KXK]])*KH_26_OPT4_KTQT_v4[[#This Row],[SL-04]] -> 30800000 | CR13: =(KH_26_OPT4_KTQT_v4[[#This Row],[ĐGVC-KNĐ]]+KH_26_OPT4_KTQT_v4[[#This Row],[ĐGVC-KXK]])*KH_26_OPT4_KTQT_v4[[#This Row],[SL-05]] -> 30800000 | CS13: =(KH_26_OPT4_KTQT_v4[[#This Row],[ĐGVC-KNĐ]]+KH_26_OPT4_KTQT_v4[[#This Row],[ĐGVC-KXK]])*KH_26_OPT4_KTQT_v4[[#This Row],[SL-06]] -> 30800000 | CT13: =(KH_26_OPT4_KTQT_v4[[#This Row],[ĐGVC-KNĐ]]+KH_26_OPT4_KTQT_v4[[#This Row],[ĐGVC-KXK]])*KH_26_OPT4_KTQT_v4[[#This Row],[SL-07]] -> 30800000 | CU13: =(KH_26_OPT4_KTQT_v4[[#This Row],[ĐGVC-KNĐ]]+KH_26_OPT4_KTQT_v4[[#This Row],[ĐGVC-KXK]])*KH_26_OPT4_KTQT_v4[[#This Row],[SL-08]] -> 30800000 | CV13: =(KH_26_OPT4_KTQT_v4[[#This Row],[ĐGVC-KNĐ]]+KH_26_OPT4_KTQT_v4[[#This Row],[ĐGVC-KXK]])*KH_26_OPT4_KTQT_v4[[#This Row],[SL-09]] -> 30800000 | CW13: =(KH_26_OPT4_KTQT_v4[[#This Row],[ĐGVC-KNĐ]]+KH_26_OPT4_KTQT_v4[[#This Row],[ĐGVC-KXK]])*KH_26_OPT4_KTQT_v4[[#This Row],[SL-10]] -> 30800000 | CX13: =(KH_26_OPT4_KTQT_v4[[#This Row],[ĐGVC-KNĐ]]+KH_26_OPT4_KTQT_v4[[#This Row],[ĐGVC-KXK]])*KH_26_OPT4_KTQT_v4[[#This Row],[SL-11]] -> 30800000 | CY13: =(KH_26_OPT4_KTQT_v4[[#This Row],[ĐGVC-KNĐ]]+KH_26_OPT4_KTQT_v4[[#This Row],[ĐGVC-KXK]])*KH_26_OPT4_KTQT_v4[[#This Row],[SL-12]] -> 30800000 | CZ13: =SUM(KH_26_OPT4_KTQT_v4[[#This Row],[CPVC-01]:[CPVC-12]]) -> 369600000 | DA13: =KH_26_OPT4_KTQT_v4[[#This Row],[DT-EXW-01]]+KH_26_OPT4_KTQT_v4[[#This Row],[CPVC-01]]+KH_26_OPT4_KTQT_v4[[#This Row],[CPHH-01]] -> 7413329000 | DB13: =KH_26_OPT4_KTQT_v4[[#This Row],[DT-EXW-02]]+KH_26_OPT4_KTQT_v4[[#This Row],[CPVC-02]]+KH_26_OPT4_KTQT_v4[[#This Row],[CPHH-02]] -> 7413329000 | DC13: =KH_26_OPT4_KTQT_v4[[#This Row],[DT-EXW-03]]+KH_26_OPT4_KTQT_v4[[#This Row],[CPVC-03]]+KH_26_OPT4_KTQT_v4[[#This Row],[CPHH-03]] -> 7413329000 | DD13: =KH_26_OPT4_KTQT_v4[[#This Row],[DT-EXW-04]]+KH_26_OPT4_KTQT_v4[[#This Row],[CPVC-04]]+KH_26_OPT4_KTQT_v4[[#This Row],[CPHH-04]] -> 7413329000 | DE13: =KH_26_OPT4_KTQT_v4[[#This Row],[DT-EXW-05]]+KH_26_OPT4_KTQT_v4[[#This Row],[CPVC-05]]+KH_26_OPT4_KTQT_v4[[#This Row],[CPHH-05]] -> 7413329000 | DF13: =KH_26_OPT4_KTQT_v4[[#This Row],[DT-EXW-06]]+KH_26_OPT4_KTQT_v4[[#This Row],[CPVC-06]]+KH_26_OPT4_KTQT_v4[[#This Row],[CPHH-06]] -> 7413329000 | DG13: =KH_26_OPT4_KTQT_v4[[#This Row],[DT-EXW-07]]+KH_26_OPT4_KTQT_v4[[#This Row],[CPVC-07]]+KH_26_OPT4_KTQT_v4[[#This Row],[CPHH-07]] -> 7413329000 | DH13: =KH_26_OPT4_KTQT_v4[[#This Row],[DT-EXW-08]]+KH_26_OPT4_KTQT_v4[[#This Row],[CPVC-08]]+KH_26_OPT4_KTQT_v4[[#This Row],[CPHH-08]] -> 7413329000 | DI13: =KH_26_OPT4_KTQT_v4[[#This Row],[DT-EXW-09]]+KH_26_OPT4_KTQT_v4[[#This Row],[CPVC-09]]+KH_26_OPT4_KTQT_v4[[#This Row],[CPHH-09]] -> 7413329000 | DJ13: =KH_26_OPT4_KTQT_v4[[#This Row],[DT-EXW-10]]+KH_26_OPT4_KTQT_v4[[#This Row],[CPVC-10]]+KH_26_OPT4_KTQT_v4[[#This Row],[CPHH-10]] -> 7413329000 | DK13: =KH_26_OPT4_KTQT_v4[[#This Row],[DT-EXW-11]]+KH_26_OPT4_KTQT_v4[[#This Row],[CPVC-11]]+KH_26_OPT4_KTQT_v4[[#This Row],[CPHH-11]] -> 7413329000 | DL13: =KH_26_OPT4_KTQT_v4[[#This Row],[DT-EXW-12]]+KH_26_OPT4_KTQT_v4[[#This Row],[CPVC-12]]+KH_26_OPT4_KTQT_v4[[#This Row],[CPHH-12]] -> 7413329000 | DM13: =SUM(KH_26_OPT4_KTQT_v4[[#This Row],[DT-01]:[DT-12]]) -> 88959948000 | DR13: =IFERROR(KH_26_OPT4_KTQT_v4[[#This Row],[DT-EXW-01]]*KH_26_OPT4_KTQT_v4[[#This Row],[%CPDP]],0) -> 0 | DS13: =IFERROR(KH_26_OPT4_KTQT_v4[[#This Row],[DT-EXW-02]]*KH_26_OPT4_KTQT_v4[[#This Row],[%CPDP]],0) -> 0 | DT13: =IFERROR(KH_26_OPT4_KTQT_v4[[#This Row],[DT-EXW-03]]*KH_26_OPT4_KTQT_v4[[#This Row],[%CPDP]],0) -> 0 | DU13: =IFERROR(KH_26_OPT4_KTQT_v4[[#This Row],[DT-EXW-04]]*KH_26_OPT4_KTQT_v4[[#This Row],[%CPDP]],0) -> 0 | DV13: =IFERROR(KH_26_OPT4_KTQT_v4[[#This Row],[DT-EXW-05]]*KH_26_OPT4_KTQT_v4[[#This Row],[%CPDP]],0) -> 0 | DW13: =IFERROR(KH_26_OPT4_KTQT_v4[[#This Row],[DT-EXW-06]]*KH_26_OPT4_KTQT_v4[[#This Row],[%CPDP]],0) -> 0 | DX13: =IFERROR(KH_26_OPT4_KTQT_v4[[#This Row],[DT-EXW-07]]*KH_26_OPT4_KTQT_v4[[#This Row],[%CPDP]],0) -> 0 | DY13: =IFERROR(KH_26_OPT4_KTQT_v4[[#This Row],[DT-EXW-08]]*KH_26_OPT4_KTQT_v4[[#This Row],[%CPDP]],0) -> 0 | DZ13: =IFERROR(KH_26_OPT4_KTQT_v4[[#This Row],[DT-EXW-09]]*KH_26_OPT4_KTQT_v4[[#This Row],[%CPDP]],0) -> 0 | EA13: =IFERROR(KH_26_OPT4_KTQT_v4[[#This Row],[DT-EXW-10]]*KH_26_OPT4_KTQT_v4[[#This Row],[%CPDP]],0) -> 0 | EB13: =IFERROR(KH_26_OPT4_KTQT_v4[[#This Row],[DT-EXW-11]]*KH_26_OPT4_KTQT_v4[[#This Row],[%CPDP]],0) -> 0 | EC13: =IFERROR(KH_26_OPT4_KTQT_v4[[#This Row],[DT-EXW-12]]*KH_26_OPT4_KTQT_v4[[#This Row],[%CPDP]],0) -> 0 | ED13: =SUM(KH_26_OPT4_KTQT_v4[[#This Row],[CPDP-01]:[CPDP-12]]) -> 0
A14: 9 | B14: Cường | C14: =IFERROR(_xlfn.XLOOKUP(KH_26_OPT4_KTQT_v4[[#This Row],[Salesman]],MD_Salesman[Salesman],MD_Salesman[SalesManager]),"") -> Cường | D14: =IFERROR(INDEX(MD_Customer[Mã khách],MATCH(KH_26_OPT4_KTQT_v4[[#This Row],[Tên khách]],MD_Customer[Tên khách-rút gọn],0)),"") -> 105350 | E14: =IFERROR(INDEX(MD_Customer[Parent Account],MATCH(KH_26_OPT4_KTQT_v4[[#This Row],[Tên khách]],MD_Customer[Tên khách-rút gọn],0)),"") -> Suntory | F14: Suntory - Ngọc Nghĩa Hưng Yên | G14: =IFERROR(INDEX(MD_Customer[Phân loại],MATCH(KH_26_OPT4_KTQT_v4[[#This Row],[Tên khách]],MD_Customer[Tên khách-rút gọn],0)),"") -> Hiện hữu | H14: =IFERROR(INDEX(MD_Customer[Kênh bán hàng],MATCH(KH_26_OPT4_KTQT_v4[[#This Row],[Tên khách]],MD_Customer[Tên khách-rút gọn],0)),"") -> Nội địa | I14: Hưng Yên | J14: =IFERROR(INDEX(MD_Destination[Nước],MATCH(KH_26_OPT4_KTQT_v4[[#This Row],[Địa điểm đến]],MD_Destination[Địa điểm đến],0)),"") -> Việt Nam | K14: =IFERROR(INDEX(MD_Destination[Khu vực],MATCH(KH_26_OPT4_KTQT_v4[[#This Row],[Địa điểm đến]],MD_Destination[Địa điểm đến],0)),"") -> Châu Á | L14: DDP | M14: =IFERROR(INDEX(MD_SKU[Mã SKU],MATCH(KH_26_OPT4_KTQT_v4[[#This Row],[Tên sản phẩm]],MD_SKU[Tên SKU-rút gọn],0)),"") -> 110000332 | N14: iSS1084G | O14: =IFERROR(INDEX(MD_SKU[Ngành hàng],MATCH(KH_26_OPT4_KTQT_v4[[#This Row],[Tên sản phẩm]],MD_SKU[Tên SKU-rút gọn],0)),"") -> rPET | P14: =IFERROR(INDEX(MD_SKU[Nhóm ngành],MATCH(KH_26_OPT4_KTQT_v4[[#This Row],[Tên sản phẩm]],MD_SKU[Tên SKU-rút gọn],0)),"") -> Hạt PET | Q14: =IFERROR( IF(INDEX(MD_SKU[IV/IM],MATCH(KH_26_OPT4_KTQT_v4[[#This Row],[Tên sản phẩm]],MD_SKU[Tên SKU-rút gọn],0))=0, "", INDEX(MD_SKU[IV/IM],MATCH(KH_26_OPT4_KTQT_v4[[#This Row],[Tên sản phẩm]],MD_SKU[Tên SKU-rút gọn],0)) ), "") -> 0.84 ± 0.03 | R14: =IFERROR(INDEX(MD_SKU[Application],MATCH(KH_26_OPT4_KTQT_v4[[#This Row],[Tên sản phẩm]],MD_SKU[Tên SKU-rút gọn],0)),"") -> 0 | S14: =IFERROR(INDEX(MD_SKU[Phân loại],MATCH(KH_26_OPT4_KTQT_v4[[#This Row],[Tên sản phẩm]],MD_SKU[Tên SKU-rút gọn],0)),"") -> Cũ | T14: SUNTORY | U14: x | V14: 0.8 | W14: 44 | X14: 44 | Y14: 44 | Z14: 44 | AA14: 66 | AB14: 66 | AC14: 66 | AD14: 66 | AE14: 66 | AF14: 66 | AG14: 66 | AH14: 66 | AI14: =SUM(KH_26_OPT4_KTQT_v4[[#This Row],[SL-01]:[SL-12]]) -> 704 | AJ14: =SUMIFS(DB_25[SL-DB25],DB_25[Mã khách],KH_26_OPT4_KTQT_v4[[#This Row],[Mã khách]],DB_25[Mã sản phẩm],KH_26_OPT4_KTQT_v4[[#This Row],[Mã sản phẩm]]) -> 3.3 | AK14: =KH_26_OPT4_KTQT_v4[[#This Row],[SL-KH26]]-KH_26_OPT4_KTQT_v4[[#This Row],[SL-DB25]] -> 700.7 | AL14: =IFERROR(KH_26_OPT4_KTQT_v4[[#This Row],[SL-+/-]]/KH_26_OPT4_KTQT_v4[[#This Row],[SL-DB25]],0) -> 212.33333 | AM14: 1260 | AN14: 1260 | AO14: 1260 | AP14: 1260 | AQ14: 1260 | AR14: 1260 | AS14: 1260 | AT14: 1260 | AU14: 1260 | AV14: 1260 | AW14: 1260 | AX14: 1260 | AY14: 1260 | BA14: =KH_26_OPT4_KTQT_v4[[#This Row],[GB-DB25]]-KH_26_OPT4_KTQT_v4[[#This Row],[GB-KH25]] -> 1260 | BB14: =IFERROR(KH_26_OPT4_KTQT_v4[[#This Row],[GB-+/-]]/KH_26_OPT4_KTQT_v4[[#This Row],[GB-KH25]],0) -> 0 | BD14: =KH_26_OPT4_KTQT_v4[[#This Row],[SL-01]]*KH_26_OPT4_KTQT_v4[[#This Row],[GB-01]]*EXR -> 1469160000 | BE14: =KH_26_OPT4_KTQT_v4[[#This Row],[SL-02]]*KH_26_OPT4_KTQT_v4[[#This Row],[GB-02]]*EXR -> 1469160000 | BF14: =KH_26_OPT4_KTQT_v4[[#This Row],[SL-03]]*KH_26_OPT4_KTQT_v4[[#This Row],[GB-03]]*EXR -> 1469160000 | BG14: =KH_26_OPT4_KTQT_v4[[#This Row],[SL-04]]*KH_26_OPT4_KTQT_v4[[#This Row],[GB-04]]*EXR -> 1469160000 | BH14: =KH_26_OPT4_KTQT_v4[[#This Row],[SL-05]]*KH_26_OPT4_KTQT_v4[[#This Row],[GB-05]]*EXR -> 2203740000 | BI14: =KH_26_OPT4_KTQT_v4[[#This Row],[SL-06]]*KH_26_OPT4_KTQT_v4[[#This Row],[GB-06]]*EXR -> 2203740000 | BJ14: =KH_26_OPT4_KTQT_v4[[#This Row],[SL-07]]*KH_26_OPT4_KTQT_v4[[#This Row],[GB-07]]*EXR -> 2203740000 | BK14: =KH_26_OPT4_KTQT_v4[[#This Row],[SL-08]]*KH_26_OPT4_KTQT_v4[[#This Row],[GB-08]]*EXR -> 2203740000 | BL14: =KH_26_OPT4_KTQT_v4[[#This Row],[SL-09]]*KH_26_OPT4_KTQT_v4[[#This Row],[GB-09]]*EXR -> 2203740000 | BM14: =KH_26_OPT4_KTQT_v4[[#This Row],[SL-10]]*KH_26_OPT4_KTQT_v4[[#This Row],[GB-10]]*EXR -> 2203740000 | BN14: =KH_26_OPT4_KTQT_v4[[#This Row],[SL-11]]*KH_26_OPT4_KTQT_v4[[#This Row],[GB-11]]*EXR -> 2203740000 | BO14: =KH_26_OPT4_KTQT_v4[[#This Row],[SL-12]]*KH_26_OPT4_KTQT_v4[[#This Row],[GB-12]]*EXR -> 2203740000 | BP14: =SUM(KH_26_OPT4_KTQT_v4[[#This Row],[DT-EXW-01]:[DT-EXW-12]]) -> 23506560000 | BQ14: =SUMIFS(DB_25[DT-DB25],DB_25[Mã khách],KH_26_OPT4_KTQT_v4[[#This Row],[Mã khách]],DB_25[Mã sản phẩm],KH_26_OPT4_KTQT_v4[[#This Row],[Mã sản phẩm]]) -> 1.3395895e+08 | BR14: =KH_26_OPT4_KTQT_v4[[#This Row],[DT-EXW-KH26]]-KH_26_OPT4_KTQT_v4[[#This Row],[DT-EXW-DB25]] -> 2.3372601e+10 | BS14: =IFERROR(KH_26_OPT4_KTQT_v4[[#This Row],[DT-EXW-+/-]]/KH_26_OPT4_KTQT_v4[[#This Row],[DT-EXW-DB25]],0) -> 174.47585 | BT14: Dthu | BU14: 0.005 | BW14: =IF(KH_26_OPT4_KTQT_v4[[#This Row],[CPHH-%-SL]]="Dthu",KH_26_OPT4_KTQT_v4[[#This Row],[%HH]]*KH_26_OPT4_KTQT_v4[[#This Row],[DT-EXW-01]],KH_26_OPT4_KTQT_v4[[#This Row],[HH-SL]]*KH_26_OPT4_KTQT_v4[[#This Row],[SL-01]]) -> 7345800 | BX14: =IF(KH_26_OPT4_KTQT_v4[[#This Row],[CPHH-%-SL]]="Dthu",KH_26_OPT4_KTQT_v4[[#This Row],[%HH]]*KH_26_OPT4_KTQT_v4[[#This Row],[DT-EXW-02]],KH_26_OPT4_KTQT_v4[[#This Row],[HH-SL]]*KH_26_OPT4_KTQT_v4[[#This Row],[SL-02]]) -> 7345800 | BY14: =IF(KH_26_OPT4_KTQT_v4[[#This Row],[CPHH-%-SL]]="Dthu",KH_26_OPT4_KTQT_v4[[#This Row],[%HH]]*KH_26_OPT4_KTQT_v4[[#This Row],[DT-EXW-03]],KH_26_OPT4_KTQT_v4[[#This Row],[HH-SL]]*KH_26_OPT4_KTQT_v4[[#This Row],[SL-03]]) -> 7345800 | BZ14: =IF(KH_26_OPT4_KTQT_v4[[#This Row],[CPHH-%-SL]]="Dthu",KH_26_OPT4_KTQT_v4[[#This Row],[%HH]]*KH_26_OPT4_KTQT_v4[[#This Row],[DT-EXW-04]],KH_26_OPT4_KTQT_v4[[#This Row],[HH-SL]]*KH_26_OPT4_KTQT_v4[[#This Row],[SL-04]]) -> 7345800 | CA14: =IF(KH_26_OPT4_KTQT_v4[[#This Row],[CPHH-%-SL]]="Dthu",KH_26_OPT4_KTQT_v4[[#This Row],[%HH]]*KH_26_OPT4_KTQT_v4[[#This Row],[DT-EXW-05]],KH_26_OPT4_KTQT_v4[[#This Row],[HH-SL]]*KH_26_OPT4_KTQT_v4[[#This Row],[SL-05]]) -> 11018700 | CB14: =IF(KH_26_OPT4_KTQT_v4[[#This Row],[CPHH-%-SL]]="Dthu",KH_26_OPT4_KTQT_v4[[#This Row],[%HH]]*KH_26_OPT4_KTQT_v4[[#This Row],[DT-EXW-06]],KH_26_OPT4_KTQT_v4[[#This Row],[HH-SL]]*KH_26_OPT4_KTQT_v4[[#This Row],[SL-06]]) -> 11018700 | CC14: =IF(KH_26_OPT4_KTQT_v4[[#This Row],[CPHH-%-SL]]="Dthu",KH_26_OPT4_KTQT_v4[[#This Row],[%HH]]*KH_26_OPT4_KTQT_v4[[#This Row],[DT-EXW-07]],KH_26_OPT4_KTQT_v4[[#This Row],[HH-SL]]*KH_26_OPT4_KTQT_v4[[#This Row],[SL-07]]) -> 11018700 | CD14: =IF(KH_26_OPT4_KTQT_v4[[#This Row],[CPHH-%-SL]]="Dthu",KH_26_OPT4_KTQT_v4[[#This Row],[%HH]]*KH_26_OPT4_KTQT_v4[[#This Row],[DT-EXW-08]],KH_26_OPT4_KTQT_v4[[#This Row],[HH-SL]]*KH_26_OPT4_KTQT_v4[[#This Row],[SL-08]]) -> 11018700 | CE14: =IF(KH_26_OPT4_KTQT_v4[[#This Row],[CPHH-%-SL]]="Dthu",KH_26_OPT4_KTQT_v4[[#This Row],[%HH]]*KH_26_OPT4_KTQT_v4[[#This Row],[DT-EXW-09]],KH_26_OPT4_KTQT_v4[[#This Row],[HH-SL]]*KH_26_OPT4_KTQT_v4[[#This Row],[SL-09]]) -> 11018700 | CF14: =IF(KH_26_OPT4_KTQT_v4[[#This Row],[CPHH-%-SL]]="Dthu",KH_26_OPT4_KTQT_v4[[#This Row],[%HH]]*KH_26_OPT4_KTQT_v4[[#This Row],[DT-EXW-10]],KH_26_OPT4_KTQT_v4[[#This Row],[HH-SL]]*KH_26_OPT4_KTQT_v4[[#This Row],[SL-10]]) -> 11018700 | CG14: =IF(KH_26_OPT4_KTQT_v4[[#This Row],[CPHH-%-SL]]="Dthu",KH_26_OPT4_KTQT_v4[[#This Row],[%HH]]*KH_26_OPT4_KTQT_v4[[#This Row],[DT-EXW-11]],KH_26_OPT4_KTQT_v4[[#This Row],[HH-SL]]*KH_26_OPT4_KTQT_v4[[#This Row],[SL-11]]) -> 11018700 | CH14: =IF(KH_26_OPT4_KTQT_v4[[#This Row],[CPHH-%-SL]]="Dthu",KH_26_OPT4_KTQT_v4[[#This Row],[%HH]]*KH_26_OPT4_KTQT_v4[[#This Row],[DT-EXW-12]],KH_26_OPT4_KTQT_v4[[#This Row],[HH-SL]]*KH_26_OPT4_KTQT_v4[[#This Row],[SL-12]]) -> 11018700 | CI14: =SUM(KH_26_OPT4_KTQT_v4[[#This Row],[CPHH-01]:[CPHH-12]]) -> 117532800 | CJ14: {=IFERROR(IF(KH_26_OPT4_KTQT_v4[[#This Row],[Kênh bán hàng]]="Nội địa",_xlfn.XLOOKUP(KH_26_OPT4_KTQT_v4[[#This Row],[Tên khách]]&KH_26_OPT4_KTQT_v4[[#This Row],[Kênh bán hàng]]&KH_26_OPT4_KTQT_v4[[#This Row],[Địa điểm đến]]&KH_26_OPT4_KTQT_v4[[#This Row],[Nước đến]]&KH_26_OPT4_KTQT_v4[[#This Row],[Incoterm]],ĐGVC!$A$6:$A$201&ĐGVC!$B$6:$B$201&ĐGVC!$C$6:$C$201&ĐGVC!$D$6:$D$201&ĐGVC!$E$6:$E$201,ĐGVC!$O$6:$O$201),0),0)} -> 610269.32 | CK14: =SUM(KH_26_OPT4_KTQT_v4[[#This Row],[ĐGVCNĐ-KXK]:[ĐGVCCT-KXK]]) -> 0 | CL14: {=IFERROR(IF(KH_26_OPT4_KTQT_v4[[#This Row],[Kênh bán hàng]]="xuất khẩu",_xlfn.XLOOKUP(KH_26_OPT4_KTQT_v4[[#This Row],[Tên khách]]&KH_26_OPT4_KTQT_v4[[#This Row],[Kênh bán hàng]]&KH_26_OPT4_KTQT_v4[[#This Row],[Địa điểm đến]]&KH_26_OPT4_KTQT_v4[[#This Row],[Nước đến]]&KH_26_OPT4_KTQT_v4[[#This Row],[Incoterm]],ĐGVC!$A$6:$A$201&ĐGVC!$B$6:$B$201&ĐGVC!$C$6:$C$201&ĐGVC!$D$6:$D$201&ĐGVC!$E$6:$E$201,ĐGVC!$O$6:$O$201),0),0)} -> 0 | CM14: {=IFERROR(_xlfn.XLOOKUP(KH_26_OPT4_KTQT_v4[[#This Row],[Tên khách]]&KH_26_OPT4_KTQT_v4[[#This Row],[Kênh bán hàng]]&KH_26_OPT4_KTQT_v4[[#This Row],[Địa điểm đến]]&KH_26_OPT4_KTQT_v4[[#This Row],[Nước đến]]&KH_26_OPT4_KTQT_v4[[#This Row],[Incoterm]],ĐGVC!$A$6:$A$201&ĐGVC!$B$6:$B$201&ĐGVC!$C$6:$C$201&ĐGVC!$D$6:$D$201&ĐGVC!$E$6:$E$201,ĐGVC!$Y$6:$Y$201),0)} -> 0 | CN14: =(KH_26_OPT4_KTQT_v4[[#This Row],[ĐGVC-KNĐ]]+KH_26_OPT4_KTQT_v4[[#This Row],[ĐGVC-KXK]])*KH_26_OPT4_KTQT_v4[[#This Row],[SL-01]] -> 26851850 | CO14: =(KH_26_OPT4_KTQT_v4[[#This Row],[ĐGVC-KNĐ]]+KH_26_OPT4_KTQT_v4[[#This Row],[ĐGVC-KXK]])*KH_26_OPT4_KTQT_v4[[#This Row],[SL-02]] -> 26851850 | CP14: =(KH_26_OPT4_KTQT_v4[[#This Row],[ĐGVC-KNĐ]]+KH_26_OPT4_KTQT_v4[[#This Row],[ĐGVC-KXK]])*KH_26_OPT4_KTQT_v4[[#This Row],[SL-03]] -> 26851850 | CQ14: =(KH_26_OPT4_KTQT_v4[[#This Row],[ĐGVC-KNĐ]]+KH_26_OPT4_KTQT_v4[[#This Row],[ĐGVC-KXK]])*KH_26_OPT4_KTQT_v4[[#This Row],[SL-04]] -> 26851850 | CR14: =(KH_26_OPT4_KTQT_v4[[#This Row],[ĐGVC-KNĐ]]+KH_26_OPT4_KTQT_v4[[#This Row],[ĐGVC-KXK]])*KH_26_OPT4_KTQT_v4[[#This Row],[SL-05]] -> 40277775 | CS14: =(KH_26_OPT4_KTQT_v4[[#This Row],[ĐGVC-KNĐ]]+KH_26_OPT4_KTQT_v4[[#This Row],[ĐGVC-KXK]])*KH_26_OPT4_KTQT_v4[[#This Row],[SL-06]] -> 40277775 | CT14: =(KH_26_OPT4_KTQT_v4[[#This Row],[ĐGVC-KNĐ]]+KH_26_OPT4_KTQT_v4[[#This Row],[ĐGVC-KXK]])*KH_26_OPT4_KTQT_v4[[#This Row],[SL-07]] -> 40277775 | CU14: =(KH_26_OPT4_KTQT_v4[[#This Row],[ĐGVC-KNĐ]]+KH_26_OPT4_KTQT_v4[[#This Row],[ĐGVC-KXK]])*KH_26_OPT4_KTQT_v4[[#This Row],[SL-08]] -> 40277775 | CV14: =(KH_26_OPT4_KTQT_v4[[#This Row],[ĐGVC-KNĐ]]+KH_26_OPT4_KTQT_v4[[#This Row],[ĐGVC-KXK]])*KH_26_OPT4_KTQT_v4[[#This Row],[SL-09]] -> 40277775 | CW14: =(KH_26_OPT4_KTQT_v4[[#This Row],[ĐGVC-KNĐ]]+KH_26_OPT4_KTQT_v4[[#This Row],[ĐGVC-KXK]])*KH_26_OPT4_KTQT_v4[[#This Row],[SL-10]] -> 40277775 | CX14: =(KH_26_OPT4_KTQT_v4[[#This Row],[ĐGVC-KNĐ]]+KH_26_OPT4_KTQT_v4[[#This Row],[ĐGVC-KXK]])*KH_26_OPT4_KTQT_v4[[#This Row],[SL-11]] -> 40277775 | CY14: =(KH_26_OPT4_KTQT_v4[[#This Row],[ĐGVC-KNĐ]]+KH_26_OPT4_KTQT_v4[[#This Row],[ĐGVC-KXK]])*KH_26_OPT4_KTQT_v4[[#This Row],[SL-12]] -> 40277775 | CZ14: =SUM(KH_26_OPT4_KTQT_v4[[#This Row],[CPVC-01]:[CPVC-12]]) -> 429629600 | DA14: =KH_26_OPT4_KTQT_v4[[#This Row],[DT-EXW-01]]+KH_26_OPT4_KTQT_v4[[#This Row],[CPVC-01]]+KH_26_OPT4_KTQT_v4[[#This Row],[CPHH-01]] -> 1503357650 | DB14: =KH_26_OPT4_KTQT_v4[[#This Row],[DT-EXW-02]]+KH_26_OPT4_KTQT_v4[[#This Row],[CPVC-02]]+KH_26_OPT4_KTQT_v4[[#This Row],[CPHH-02]] -> 1503357650 | DC14: =KH_26_OPT4_KTQT_v4[[#This Row],[DT-EXW-03]]+KH_26_OPT4_KTQT_v4[[#This Row],[CPVC-03]]+KH_26_OPT4_KTQT_v4[[#This Row],[CPHH-03]] -> 1503357650 | DD14: =KH_26_OPT4_KTQT_v4[[#This Row],[DT-EXW-04]]+KH_26_OPT4_KTQT_v4[[#This Row],[CPVC-04]]+KH_26_OPT4_KTQT_v4[[#This Row],[CPHH-04]] -> 1503357650 | DE14: =KH_26_OPT4_KTQT_v4[[#This Row],[DT-EXW-05]]+KH_26_OPT4_KTQT_v4[[#This Row],[CPVC-05]]+KH_26_OPT4_KTQT_v4[[#This Row],[CPHH-05]] -> 2255036475 | DF14: =KH_26_OPT4_KTQT_v4[[#This Row],[DT-EXW-06]]+KH_26_OPT4_KTQT_v4[[#This Row],[CPVC-06]]+KH_26_OPT4_KTQT_v4[[#This Row],[CPHH-06]] -> 2255036475 | DG14: =KH_26_OPT4_KTQT_v4[[#This Row],[DT-EXW-07]]+KH_26_OPT4_KTQT_v4[[#This Row],[CPVC-07]]+KH_26_OPT4_KTQT_v4[[#This Row],[CPHH-07]] -> 2255036475 | DH14: =KH_26_OPT4_KTQT_v4[[#This Row],[DT-EXW-08]]+KH_26_OPT4_KTQT_v4[[#This Row],[CPVC-08]]+KH_26_OPT4_KTQT_v4[[#This Row],[CPHH-08]] -> 2255036475 | DI14: =KH_26_OPT4_KTQT_v4[[#This Row],[DT-EXW-09]]+KH_26_OPT4_KTQT_v4[[#This Row],[CPVC-09]]+KH_26_OPT4_KTQT_v4[[#This Row],[CPHH-09]] -> 2255036475 | DJ14: =KH_26_OPT4_KTQT_v4[[#This Row],[DT-EXW-10]]+KH_26_OPT4_KTQT_v4[[#This Row],[CPVC-10]]+KH_26_OPT4_KTQT_v4[[#This Row],[CPHH-10]] -> 2255036475 | DK14: =KH_26_OPT4_KTQT_v4[[#This Row],[DT-EXW-11]]+KH_26_OPT4_KTQT_v4[[#This Row],[CPVC-11]]+KH_26_OPT4_KTQT_v4[[#This Row],[CPHH-11]] -> 2255036475 | DL14: =KH_26_OPT4_KTQT_v4[[#This Row],[DT-EXW-12]]+KH_26_OPT4_KTQT_v4[[#This Row],[CPVC-12]]+KH_26_OPT4_KTQT_v4[[#This Row],[CPHH-12]] -> 2255036475 | DM14: =SUM(KH_26_OPT4_KTQT_v4[[#This Row],[DT-01]:[DT-12]]) -> 24053722400 | DR14: =IFERROR(KH_26_OPT4_KTQT_v4[[#This Row],[DT-EXW-01]]*KH_26_OPT4_KTQT_v4[[#This Row],[%CPDP]],0) -> 0 | DS14: =IFERROR(KH_26_OPT4_KTQT_v4[[#This Row],[DT-EXW-02]]*KH_26_OPT4_KTQT_v4[[#This Row],[%CPDP]],0) -> 0 | DT14: =IFERROR(KH_26_OPT4_KTQT_v4[[#This Row],[DT-EXW-03]]*KH_26_OPT4_KTQT_v4[[#This Row],[%CPDP]],0) -> 0 | DU14: =IFERROR(KH_26_OPT4_KTQT_v4[[#This Row],[DT-EXW-04]]*KH_26_OPT4_KTQT_v4[[#This Row],[%CPDP]],0) -> 0 | DV14: =IFERROR(KH_26_OPT4_KTQT_v4[[#This Row],[DT-EXW-05]]*KH_26_OPT4_KTQT_v4[[#This Row],[%CPDP]],0) -> 0 | DW14: =IFERROR(KH_26_OPT4_KTQT_v4[[#This Row],[DT-EXW-06]]*KH_26_OPT4_KTQT_v4[[#This Row],[%CPDP]],0) -> 0 | DX14: =IFERROR(KH_26_OPT4_KTQT_v4[[#This Row],[DT-EXW-07]]*KH_26_OPT4_KTQT_v4[[#This Row],[%CPDP]],0) -> 0 | DY14: =IFERROR(KH_26_OPT4_KTQT_v4[[#This Row],[DT-EXW-08]]*KH_26_OPT4_KTQT_v4[[#This Row],[%CPDP]],0) -> 0 | DZ14: =IFERROR(KH_26_OPT4_KTQT_v4[[#This Row],[DT-EXW-09]]*KH_26_OPT4_KTQT_v4[[#This Row],[%CPDP]],0) -> 0 | EA14: =IFERROR(KH_26_OPT4_KTQT_v4[[#This Row],[DT-EXW-10]]*KH_26_OPT4_KTQT_v4[[#This Row],[%CPDP]],0) -> 0 | EB14: =IFERROR(KH_26_OPT4_KTQT_v4[[#This Row],[DT-EXW-11]]*KH_26_OPT4_KTQT_v4[[#This Row],[%CPDP]],0) -> 0 | EC14: =IFERROR(KH_26_OPT4_KTQT_v4[[#This Row],[DT-EXW-12]]*KH_26_OPT4_KTQT_v4[[#This Row],[%CPDP]],0) -> 0 | ED14: =SUM(KH_26_OPT4_KTQT_v4[[#This Row],[CPDP-01]:[CPDP-12]]) -> 0
A15: 10 | B15: Duy | C15: =IFERROR(_xlfn.XLOOKUP(KH_26_OPT4_KTQT_v4[[#This Row],[Salesman]],MD_Salesman[Salesman],MD_Salesman[SalesManager]),"") -> Cường | D15: =IFERROR(INDEX(MD_Customer[Mã khách],MATCH(KH_26_OPT4_KTQT_v4[[#This Row],[Tên khách]],MD_Customer[Tên khách-rút gọn],0)),"") -> 104909 | E15: =IFERROR(INDEX(MD_Customer[Parent Account],MATCH(KH_26_OPT4_KTQT_v4[[#This Row],[Tên khách]],MD_Customer[Tên khách-rút gọn],0)),"") -> Lavie | F15: Công ty TNHH La Vie | G15: =IFERROR(INDEX(MD_Customer[Phân loại],MATCH(KH_26_OPT4_KTQT_v4[[#This Row],[Tên khách]],MD_Customer[Tên khách-rút gọn],0)),"") -> Hiện hữu | H15: =IFERROR(INDEX(MD_Customer[Kênh bán hàng],MATCH(KH_26_OPT4_KTQT_v4[[#This Row],[Tên khách]],MD_Customer[Tên khách-rút gọn],0)),"") -> Nội địa | I15: Tây Ninh | J15: =IFERROR(INDEX(MD_Destination[Nước],MATCH(KH_26_OPT4_KTQT_v4[[#This Row],[Địa điểm đến]],MD_Destination[Địa điểm đến],0)),"") -> Việt Nam | K15: =IFERROR(INDEX(MD_Destination[Khu vực],MATCH(KH_26_OPT4_KTQT_v4[[#This Row],[Địa điểm đến]],MD_Destination[Địa điểm đến],0)),"") -> Châu Á | L15: EXW | M15: =IFERROR(INDEX(MD_SKU[Mã SKU],MATCH(KH_26_OPT4_KTQT_v4[[#This Row],[Tên sản phẩm]],MD_SKU[Tên SKU-rút gọn],0)),"") -> 110000329 | N15: WSS01 | O15: =IFERROR(INDEX(MD_SKU[Ngành hàng],MATCH(KH_26_OPT4_KTQT_v4[[#This Row],[Tên sản phẩm]],MD_SKU[Tên SKU-rút gọn],0)),"") -> rPET | P15: =IFERROR(INDEX(MD_SKU[Nhóm ngành],MATCH(KH_26_OPT4_KTQT_v4[[#This Row],[Tên sản phẩm]],MD_SKU[Tên SKU-rút gọn],0)),"") -> Hạt PET | Q15: =IFERROR( IF(INDEX(MD_SKU[IV/IM],MATCH(KH_26_OPT4_KTQT_v4[[#This Row],[Tên sản phẩm]],MD_SKU[Tên SKU-rút gọn],0))=0, "", INDEX(MD_SKU[IV/IM],MATCH(KH_26_OPT4_KTQT_v4[[#This Row],[Tên sản phẩm]],MD_SKU[Tên SKU-rút gọn],0)) ), "") -> 0.78 ± 0.02 | R15: =IFERROR(INDEX(MD_SKU[Application],MATCH(KH_26_OPT4_KTQT_v4[[#This Row],[Tên sản phẩm]],MD_SKU[Tên SKU-rút gọn],0)),"") -> 0 | S15: =IFERROR(INDEX(MD_SKU[Phân loại],MATCH(KH_26_OPT4_KTQT_v4[[#This Row],[Tên sản phẩm]],MD_SKU[Tên SKU-rút gọn],0)),"") -> Cũ | T15: Lavie | U15: x | V15: 0.8 | W15: 110 | X15: 110 | Y15: 110 | Z15: 110 | AA15: 110 | AB15: 110 | AC15: 110 | AD15: 110 | AE15: 110 | AF15: 110 | AG15: 110 | AH15: 110 | AI15: =SUM(KH_26_OPT4_KTQT_v4[[#This Row],[SL-01]:[SL-12]]) -> 1320 | AJ15: =SUMIFS(DB_25[SL-DB25],DB_25[Mã khách],KH_26_OPT4_KTQT_v4[[#This Row],[Mã khách]],DB_25[Mã sản phẩm],KH_26_OPT4_KTQT_v4[[#This Row],[Mã sản phẩm]]) -> 0 | AK15: =KH_26_OPT4_KTQT_v4[[#This Row],[SL-KH26]]-KH_26_OPT4_KTQT_v4[[#This Row],[SL-DB25]] -> 1320 | AL15: =IFERROR(KH_26_OPT4_KTQT_v4[[#This Row],[SL-+/-]]/KH_26_OPT4_KTQT_v4[[#This Row],[SL-DB25]],0) -> 0 | AM15: 1250 | AN15: 1250 | AO15: 1250 | AP15: 1250 | AQ15: 1250 | AR15: 1250 | AS15: 1250 | AT15: 1250 | AU15: 1250 | AV15: 1250 | AW15: 1250 | AX15: 1250 | AY15: 1250 | BA15: =KH_26_OPT4_KTQT_v4[[#This Row],[GB-DB25]]-KH_26_OPT4_KTQT_v4[[#This Row],[GB-KH25]] -> 1250 | BB15: =IFERROR(KH_26_OPT4_KTQT_v4[[#This Row],[GB-+/-]]/KH_26_OPT4_KTQT_v4[[#This Row],[GB-KH25]],0) -> 0 | BD15: =KH_26_OPT4_KTQT_v4[[#This Row],[SL-01]]*KH_26_OPT4_KTQT_v4[[#This Row],[GB-01]]*EXR -> 3643750000 | BE15: =KH_26_OPT4_KTQT_v4[[#This Row],[SL-02]]*KH_26_OPT4_KTQT_v4[[#This Row],[GB-02]]*EXR -> 3643750000 | BF15: =KH_26_OPT4_KTQT_v4[[#This Row],[SL-03]]*KH_26_OPT4_KTQT_v4[[#This Row],[GB-03]]*EXR -> 3643750000 | BG15: =KH_26_OPT4_KTQT_v4[[#This Row],[SL-04]]*KH_26_OPT4_KTQT_v4[[#This Row],[GB-04]]*EXR -> 3643750000 | BH15: =KH_26_OPT4_KTQT_v4[[#This Row],[SL-05]]*KH_26_OPT4_KTQT_v4[[#This Row],[GB-05]]*EXR -> 3643750000 | BI15: =KH_26_OPT4_KTQT_v4[[#This Row],[SL-06]]*KH_26_OPT4_KTQT_v4[[#This Row],[GB-06]]*EXR -> 3643750000 | BJ15: =KH_26_OPT4_KTQT_v4[[#This Row],[SL-07]]*KH_26_OPT4_KTQT_v4[[#This Row],[GB-07]]*EXR -> 3643750000 | BK15: =KH_26_OPT4_KTQT_v4[[#This Row],[SL-08]]*KH_26_OPT4_KTQT_v4[[#This Row],[GB-08]]*EXR -> 3643750000 | BL15: =KH_26_OPT4_KTQT_v4[[#This Row],[SL-09]]*KH_26_OPT4_KTQT_v4[[#This Row],[GB-09]]*EXR -> 3643750000 | BM15: =KH_26_OPT4_KTQT_v4[[#This Row],[SL-10]]*KH_26_OPT4_KTQT_v4[[#This Row],[GB-10]]*EXR -> 3643750000 | BN15: =KH_26_OPT4_KTQT_v4[[#This Row],[SL-11]]*KH_26_OPT4_KTQT_v4[[#This Row],[GB-11]]*EXR -> 3643750000 | BO15: =KH_26_OPT4_KTQT_v4[[#This Row],[SL-12]]*KH_26_OPT4_KTQT_v4[[#This Row],[GB-12]]*EXR -> 3643750000 | BP15: =SUM(KH_26_OPT4_KTQT_v4[[#This Row],[DT-EXW-01]:[DT-EXW-12]]) -> 43725000000 | BQ15: =SUMIFS(DB_25[DT-DB25],DB_25[Mã khách],KH_26_OPT4_KTQT_v4[[#This Row],[Mã khách]],DB_25[Mã sản phẩm],KH_26_OPT4_KTQT_v4[[#This Row],[Mã sản phẩm]]) -> 0 | BR15: =KH_26_OPT4_KTQT_v4[[#This Row],[DT-EXW-KH26]]-KH_26_OPT4_KTQT_v4[[#This Row],[DT-EXW-DB25]] -> 43725000000 | BS15: =IFERROR(KH_26_OPT4_KTQT_v4[[#This Row],[DT-EXW-+/-]]/KH_26_OPT4_KTQT_v4[[#This Row],[DT-EXW-DB25]],0) -> 0 | BW15: =IF(KH_26_OPT4_KTQT_v4[[#This Row],[CPHH-%-SL]]="Dthu",KH_26_OPT4_KTQT_v4[[#This Row],[%HH]]*KH_26_OPT4_KTQT_v4[[#This Row],[DT-EXW-01]],KH_26_OPT4_KTQT_v4[[#This Row],[HH-SL]]*KH_26_OPT4_KTQT_v4[[#This Row],[SL-01]]) -> 0 | BX15: =IF(KH_26_OPT4_KTQT_v4[[#This Row],[CPHH-%-SL]]="Dthu",KH_26_OPT4_KTQT_v4[[#This Row],[%HH]]*KH_26_OPT4_KTQT_v4[[#This Row],[DT-EXW-02]],KH_26_OPT4_KTQT_v4[[#This Row],[HH-SL]]*KH_26_OPT4_KTQT_v4[[#This Row],[SL-02]]) -> 0 | BY15: =IF(KH_26_OPT4_KTQT_v4[[#This Row],[CPHH-%-SL]]="Dthu",KH_26_OPT4_KTQT_v4[[#This Row],[%HH]]*KH_26_OPT4_KTQT_v4[[#This Row],[DT-EXW-03]],KH_26_OPT4_KTQT_v4[[#This Row],[HH-SL]]*KH_26_OPT4_KTQT_v4[[#This Row],[SL-03]]) -> 0 | BZ15: =IF(KH_26_OPT4_KTQT_v4[[#This Row],[CPHH-%-SL]]="Dthu",KH_26_OPT4_KTQT_v4[[#This Row],[%HH]]*KH_26_OPT4_KTQT_v4[[#This Row],[DT-EXW-04]],KH_26_OPT4_KTQT_v4[[#This Row],[HH-SL]]*KH_26_OPT4_KTQT_v4[[#This Row],[SL-04]]) -> 0 | CA15: =IF(KH_26_OPT4_KTQT_v4[[#This Row],[CPHH-%-SL]]="Dthu",KH_26_OPT4_KTQT_v4[[#This Row],[%HH]]*KH_26_OPT4_KTQT_v4[[#This Row],[DT-EXW-05]],KH_26_OPT4_KTQT_v4[[#This Row],[HH-SL]]*KH_26_OPT4_KTQT_v4[[#This Row],[SL-05]]) -> 0 | CB15: =IF(KH_26_OPT4_KTQT_v4[[#This Row],[CPHH-%-SL]]="Dthu",KH_26_OPT4_KTQT_v4[[#This Row],[%HH]]*KH_26_OPT4_KTQT_v4[[#This Row],[DT-EXW-06]],KH_26_OPT4_KTQT_v4[[#This Row],[HH-SL]]*KH_26_OPT4_KTQT_v4[[#This Row],[SL-06]]) -> 0 | CC15: =IF(KH_26_OPT4_KTQT_v4[[#This Row],[CPHH-%-SL]]="Dthu",KH_26_OPT4_KTQT_v4[[#This Row],[%HH]]*KH_26_OPT4_KTQT_v4[[#This Row],[DT-EXW-07]],KH_26_OPT4_KTQT_v4[[#This Row],[HH-SL]]*KH_26_OPT4_KTQT_v4[[#This Row],[SL-07]]) -> 0 | CD15: =IF(KH_26_OPT4_KTQT_v4[[#This Row],[CPHH-%-SL]]="Dthu",KH_26_OPT4_KTQT_v4[[#This Row],[%HH]]*KH_26_OPT4_KTQT_v4[[#This Row],[DT-EXW-08]],KH_26_OPT4_KTQT_v4[[#This Row],[HH-SL]]*KH_26_OPT4_KTQT_v4[[#This Row],[SL-08]]) -> 0 | CE15: =IF(KH_26_OPT4_KTQT_v4[[#This Row],[CPHH-%-SL]]="Dthu",KH_26_OPT4_KTQT_v4[[#This Row],[%HH]]*KH_26_OPT4_KTQT_v4[[#This Row],[DT-EXW-09]],KH_26_OPT4_KTQT_v4[[#This Row],[HH-SL]]*KH_26_OPT4_KTQT_v4[[#This Row],[SL-09]]) -> 0 | CF15: =IF(KH_26_OPT4_KTQT_v4[[#This Row],[CPHH-%-SL]]="Dthu",KH_26_OPT4_KTQT_v4[[#This Row],[%HH]]*KH_26_OPT4_KTQT_v4[[#This Row],[DT-EXW-10]],KH_26_OPT4_KTQT_v4[[#This Row],[HH-SL]]*KH_26_OPT4_KTQT_v4[[#This Row],[SL-10]]) -> 0 | CG15: =IF(KH_26_OPT4_KTQT_v4[[#This Row],[CPHH-%-SL]]="Dthu",KH_26_OPT4_KTQT_v4[[#This Row],[%HH]]*KH_26_OPT4_KTQT_v4[[#This Row],[DT-EXW-11]],KH_26_OPT4_KTQT_v4[[#This Row],[HH-SL]]*KH_26_OPT4_KTQT_v4[[#This Row],[SL-11]]) -> 0 | CH15: =IF(KH_26_OPT4_KTQT_v4[[#This Row],[CPHH-%-SL]]="Dthu",KH_26_OPT4_KTQT_v4[[#This Row],[%HH]]*KH_26_OPT4_KTQT_v4[[#This Row],[DT-EXW-12]],KH_26_OPT4_KTQT_v4[[#This Row],[HH-SL]]*KH_26_OPT4_KTQT_v4[[#This Row],[SL-12]]) -> 0 | CI15: =SUM(KH_26_OPT4_KTQT_v4[[#This Row],[CPHH-01]:[CPHH-12]]) -> 0 | CJ15: {=IFERROR(IF(KH_26_OPT4_KTQT_v4[[#This Row],[Kênh bán hàng]]="Nội địa",_xlfn.XLOOKUP(KH_26_OPT4_KTQT_v4[[#This Row],[Tên khách]]&KH_26_OPT4_KTQT_v4[[#This Row],[Kênh bán hàng]]&KH_26_OPT4_KTQT_v4[[#This Row],[Địa điểm đến]]&KH_26_OPT4_KTQT_v4[[#This Row],[Nước đến]]&KH_26_OPT4_KTQT_v4[[#This Row],[Incoterm]],ĐGVC!$A$6:$A$201&ĐGVC!$B$6:$B$201&ĐGVC!$C$6:$C$201&ĐGVC!$D$6:$D$201&ĐGVC!$E$6:$E$201,ĐGVC!$O$6:$O$201),0),0)} -> 0 | CK15: =SUM(KH_26_OPT4_KTQT_v4[[#This Row],[ĐGVCNĐ-KXK]:[ĐGVCCT-KXK]]) -> 0 | CL15: {=IFERROR(IF(KH_26_OPT4_KTQT_v4[[#This Row],[Kênh bán hàng]]="xuất khẩu",_xlfn.XLOOKUP(KH_26_OPT4_KTQT_v4[[#This Row],[Tên khách]]&KH_26_OPT4_KTQT_v4[[#This Row],[Kênh bán hàng]]&KH_26_OPT4_KTQT_v4[[#This Row],[Địa điểm đến]]&KH_26_OPT4_KTQT_v4[[#This Row],[Nước đến]]&KH_26_OPT4_KTQT_v4[[#This Row],[Incoterm]],ĐGVC!$A$6:$A$201&ĐGVC!$B$6:$B$201&ĐGVC!$C$6:$C$201&ĐGVC!$D$6:$D$201&ĐGVC!$E$6:$E$201,ĐGVC!$O$6:$O$201),0),0)} -> 0 | CM15: {=IFERROR(_xlfn.XLOOKUP(KH_26_OPT4_KTQT_v4[[#This Row],[Tên khách]]&KH_26_OPT4_KTQT_v4[[#This Row],[Kênh bán hàng]]&KH_26_OPT4_KTQT_v4[[#This Row],[Địa điểm đến]]&KH_26_OPT4_KTQT_v4[[#This Row],[Nước đến]]&KH_26_OPT4_KTQT_v4[[#This Row],[Incoterm]],ĐGVC!$A$6:$A$201&ĐGVC!$B$6:$B$201&ĐGVC!$C$6:$C$201&ĐGVC!$D$6:$D$201&ĐGVC!$E$6:$E$201,ĐGVC!$Y$6:$Y$201),0)} -> 0 | CN15: =(KH_26_OPT4_KTQT_v4[[#This Row],[ĐGVC-KNĐ]]+KH_26_OPT4_KTQT_v4[[#This Row],[ĐGVC-KXK]])*KH_26_OPT4_KTQT_v4[[#This Row],[SL-01]] -> 0 | CO15: =(KH_26_OPT4_KTQT_v4[[#This Row],[ĐGVC-KNĐ]]+KH_26_OPT4_KTQT_v4[[#This Row],[ĐGVC-KXK]])*KH_26_OPT4_KTQT_v4[[#This Row],[SL-02]] -> 0 | CP15: =(KH_26_OPT4_KTQT_v4[[#This Row],[ĐGVC-KNĐ]]+KH_26_OPT4_KTQT_v4[[#This Row],[ĐGVC-KXK]])*KH_26_OPT4_KTQT_v4[[#This Row],[SL-03]] -> 0 | CQ15: =(KH_26_OPT4_KTQT_v4[[#This Row],[ĐGVC-KNĐ]]+KH_26_OPT4_KTQT_v4[[#This Row],[ĐGVC-KXK]])*KH_26_OPT4_KTQT_v4[[#This Row],[SL-04]] -> 0 | CR15: =(KH_26_OPT4_KTQT_v4[[#This Row],[ĐGVC-KNĐ]]+KH_26_OPT4_KTQT_v4[[#This Row],[ĐGVC-KXK]])*KH_26_OPT4_KTQT_v4[[#This Row],[SL-05]] -> 0 | CS15: =(KH_26_OPT4_KTQT_v4[[#This Row],[ĐGVC-KNĐ]]+KH_26_OPT4_KTQT_v4[[#This Row],[ĐGVC-KXK]])*KH_26_OPT4_KTQT_v4[[#This Row],[SL-06]] -> 0 | CT15: =(KH_26_OPT4_KTQT_v4[[#This Row],[ĐGVC-KNĐ]]+KH_26_OPT4_KTQT_v4[[#This Row],[ĐGVC-KXK]])*KH_26_OPT4_KTQT_v4[[#This Row],[SL-07]] -> 0 | CU15: =(KH_26_OPT4_KTQT_v4[[#This Row],[ĐGVC-KNĐ]]+KH_26_OPT4_KTQT_v4[[#This Row],[ĐGVC-KXK]])*KH_26_OPT4_KTQT_v4[[#This Row],[SL-08]] -> 0 | CV15: =(KH_26_OPT4_KTQT_v4[[#This Row],[ĐGVC-KNĐ]]+KH_26_OPT4_KTQT_v4[[#This Row],[ĐGVC-KXK]])*KH_26_OPT4_KTQT_v4[[#This Row],[SL-09]] -> 0 | CW15: =(KH_26_OPT4_KTQT_v4[[#This Row],[ĐGVC-KNĐ]]+KH_26_OPT4_KTQT_v4[[#This Row],[ĐGVC-KXK]])*KH_26_OPT4_KTQT_v4[[#This Row],[SL-10]] -> 0 | CX15: =(KH_26_OPT4_KTQT_v4[[#This Row],[ĐGVC-KNĐ]]+KH_26_OPT4_KTQT_v4[[#This Row],[ĐGVC-KXK]])*KH_26_OPT4_KTQT_v4[[#This Row],[SL-11]] -> 0 | CY15: =(KH_26_OPT4_KTQT_v4[[#This Row],[ĐGVC-KNĐ]]+KH_26_OPT4_KTQT_v4[[#This Row],[ĐGVC-KXK]])*KH_26_OPT4_KTQT_v4[[#This Row],[SL-12]] -> 0 | CZ15: =SUM(KH_26_OPT4_KTQT_v4[[#This Row],[CPVC-01]:[CPVC-12]]) -> 0 | DA15: =KH_26_OPT4_KTQT_v4[[#This Row],[DT-EXW-01]]+KH_26_OPT4_KTQT_v4[[#This Row],[CPVC-01]]+KH_26_OPT4_KTQT_v4[[#This Row],[CPHH-01]] -> 3643750000 | DB15: =KH_26_OPT4_KTQT_v4[[#This Row],[DT-EXW-02]]+KH_26_OPT4_KTQT_v4[[#This Row],[CPVC-02]]+KH_26_OPT4_KTQT_v4[[#This Row],[CPHH-02]] -> 3643750000 | DC15: =KH_26_OPT4_KTQT_v4[[#This Row],[DT-EXW-03]]+KH_26_OPT4_KTQT_v4[[#This Row],[CPVC-03]]+KH_26_OPT4_KTQT_v4[[#This Row],[CPHH-03]] -> 3643750000 | DD15: =KH_26_OPT4_KTQT_v4[[#This Row],[DT-EXW-04]]+KH_26_OPT4_KTQT_v4[[#This Row],[CPVC-04]]+KH_26_OPT4_KTQT_v4[[#This Row],[CPHH-04]] -> 3643750000 | DE15: =KH_26_OPT4_KTQT_v4[[#This Row],[DT-EXW-05]]+KH_26_OPT4_KTQT_v4[[#This Row],[CPVC-05]]+KH_26_OPT4_KTQT_v4[[#This Row],[CPHH-05]] -> 3643750000 | DF15: =KH_26_OPT4_KTQT_v4[[#This Row],[DT-EXW-06]]+KH_26_OPT4_KTQT_v4[[#This Row],[CPVC-06]]+KH_26_OPT4_KTQT_v4[[#This Row],[CPHH-06]] -> 3643750000 | DG15: =KH_26_OPT4_KTQT_v4[[#This Row],[DT-EXW-07]]+KH_26_OPT4_KTQT_v4[[#This Row],[CPVC-07]]+KH_26_OPT4_KTQT_v4[[#This Row],[CPHH-07]] -> 3643750000 | DH15: =KH_26_OPT4_KTQT_v4[[#This Row],[DT-EXW-08]]+KH_26_OPT4_KTQT_v4[[#This Row],[CPVC-08]]+KH_26_OPT4_KTQT_v4[[#This Row],[CPHH-08]] -> 3643750000 | DI15: =KH_26_OPT4_KTQT_v4[[#This Row],[DT-EXW-09]]+KH_26_OPT4_KTQT_v4[[#This Row],[CPVC-09]]+KH_26_OPT4_KTQT_v4[[#This Row],[CPHH-09]] -> 3643750000 | DJ15: =KH_26_OPT4_KTQT_v4[[#This Row],[DT-EXW-10]]+KH_26_OPT4_KTQT_v4[[#This Row],[CPVC-10]]+KH_26_OPT4_KTQT_v4[[#This Row],[CPHH-10]] -> 3643750000 | DK15: =KH_26_OPT4_KTQT_v4[[#This Row],[DT-EXW-11]]+KH_26_OPT4_KTQT_v4[[#This Row],[CPVC-11]]+KH_26_OPT4_KTQT_v4[[#This Row],[CPHH-11]] -> 3643750000 | DL15: =KH_26_OPT4_KTQT_v4[[#This Row],[DT-EXW-12]]+KH_26_OPT4_KTQT_v4[[#This Row],[CPVC-12]]+KH_26_OPT4_KTQT_v4[[#This Row],[CPHH-12]] -> 3643750000 | DM15: =SUM(KH_26_OPT4_KTQT_v4[[#This Row],[DT-01]:[DT-12]]) -> 43725000000 | DR15: =IFERROR(KH_26_OPT4_KTQT_v4[[#This Row],[DT-EXW-01]]*KH_26_OPT4_KTQT_v4[[#This Row],[%CPDP]],0) -> 0 | DS15: =IFERROR(KH_26_OPT4_KTQT_v4[[#This Row],[DT-EXW-02]]*KH_26_OPT4_KTQT_v4[[#This Row],[%CPDP]],0) -> 0 | DT15: =IFERROR(KH_26_OPT4_KTQT_v4[[#This Row],[DT-EXW-03]]*KH_26_OPT4_KTQT_v4[[#This Row],[%CPDP]],0) -> 0 | DU15: =IFERROR(KH_26_OPT4_KTQT_v4[[#This Row],[DT-EXW-04]]*KH_26_OPT4_KTQT_v4[[#This Row],[%CPDP]],0) -> 0 | DV15: =IFERROR(KH_26_OPT4_KTQT_v4[[#This Row],[DT-EXW-05]]*KH_26_OPT4_KTQT_v4[[#This Row],[%CPDP]],0) -> 0 | DW15: =IFERROR(KH_26_OPT4_KTQT_v4[[#This Row],[DT-EXW-06]]*KH_26_OPT4_KTQT_v4[[#This Row],[%CPDP]],0) -> 0 | DX15: =IFERROR(KH_26_OPT4_KTQT_v4[[#This Row],[DT-EXW-07]]*KH_26_OPT4_KTQT_v4[[#This Row],[%CPDP]],0) -> 0 | DY15: =IFERROR(KH_26_OPT4_KTQT_v4[[#This Row],[DT-EXW-08]]*KH_26_OPT4_KTQT_v4[[#This Row],[%CPDP]],0) -> 0 | DZ15: =IFERROR(KH_26_OPT4_KTQT_v4[[#This Row],[DT-EXW-09]]*KH_26_OPT4_KTQT_v4[[#This Row],[%CPDP]],0) -> 0 | EA15: =IFERROR(KH_26_OPT4_KTQT_v4[[#This Row],[DT-EXW-10]]*KH_26_OPT4_KTQT_v4[[#This Row],[%CPDP]],0) -> 0 | EB15: =IFERROR(KH_26_OPT4_KTQT_v4[[#This Row],[DT-EXW-11]]*KH_26_OPT4_KTQT_v4[[#This Row],[%CPDP]],0) -> 0 | EC15: =IFERROR(KH_26_OPT4_KTQT_v4[[#This Row],[DT-EXW-12]]*KH_26_OPT4_KTQT_v4[[#This Row],[%CPDP]],0) -> 0 | ED15: =SUM(KH_26_OPT4_KTQT_v4[[#This Row],[CPDP-01]:[CPDP-12]]) -> 0
A16: 11 | B16: Cường | C16: =IFERROR(_xlfn.XLOOKUP(KH_26_OPT4_KTQT_v4[[#This Row],[Salesman]],MD_Salesman[Salesman],MD_Salesman[SalesManager]),"") -> Cường | D16: =IFERROR(INDEX(MD_Customer[Mã khách],MATCH(KH_26_OPT4_KTQT_v4[[#This Row],[Tên khách]],MD_Customer[Tên khách-rút gọn],0)),"") -> 200391 | E16: =IFERROR(INDEX(MD_Customer[Parent Account],MATCH(KH_26_OPT4_KTQT_v4[[#This Row],[Tên khách]],MD_Customer[Tên khách-rút gọn],0)),"") -> SHARPAK AYLESHAM LTD | F16: SHARPAK AYLESHAM LTD | G16: =IFERROR(INDEX(MD_Customer[Phân loại],MATCH(KH_26_OPT4_KTQT_v4[[#This Row],[Tên khách]],MD_Customer[Tên khách-rút gọn],0)),"") -> Mới | H16: =IFERROR(INDEX(MD_Customer[Kênh bán hàng],MATCH(KH_26_OPT4_KTQT_v4[[#This Row],[Tên khách]],MD_Customer[Tên khách-rút gọn],0)),"") -> Xuất khẩu | I16: Felixstowe | J16: =IFERROR(INDEX(MD_Destination[Nước],MATCH(KH_26_OPT4_KTQT_v4[[#This Row],[Địa điểm đến]],MD_Destination[Địa điểm đến],0)),"") -> UK | K16: =IFERROR(INDEX(MD_Destination[Khu vực],MATCH(KH_26_OPT4_KTQT_v4[[#This Row],[Địa điểm đến]],MD_Destination[Địa điểm đến],0)),"") -> Châu Âu | L16: CIF | M16: =IFERROR(INDEX(MD_SKU[Mã SKU],MATCH(KH_26_OPT4_KTQT_v4[[#This Row],[Tên sản phẩm]],MD_SKU[Tên SKU-rút gọn],0)),"") -> 110000507 | N16: Vảy PET | O16: =IFERROR(INDEX(MD_SKU[Ngành hàng],MATCH(KH_26_OPT4_KTQT_v4[[#This Row],[Tên sản phẩm]],MD_SKU[Tên SKU-rút gọn],0)),"") -> rPET | P16: =IFERROR(INDEX(MD_SKU[Nhóm ngành],MATCH(KH_26_OPT4_KTQT_v4[[#This Row],[Tên sản phẩm]],MD_SKU[Tên SKU-rút gọn],0)),"") -> Vảy PET | Q16: =IFERROR( IF(INDEX(MD_SKU[IV/IM],MATCH(KH_26_OPT4_KTQT_v4[[#This Row],[Tên sản phẩm]],MD_SKU[Tên SKU-rút gọn],0))=0, "", INDEX(MD_SKU[IV/IM],MATCH(KH_26_OPT4_KTQT_v4[[#This Row],[Tên sản phẩm]],MD_SKU[Tên SKU-rút gọn],0)) ), "") | R16: =IFERROR(INDEX(MD_SKU[Application],MATCH(KH_26_OPT4_KTQT_v4[[#This Row],[Tên sản phẩm]],MD_SKU[Tên SKU-rút gọn],0)),"") -> 0 | S16: =IFERROR(INDEX(MD_SKU[Phân loại],MATCH(KH_26_OPT4_KTQT_v4[[#This Row],[Tên sản phẩm]],MD_SKU[Tên SKU-rút gọn],0)),"") -> Cũ | T16: SHARPAK AYLESHAM LTD | U16: x | V16: 0.8 | AI16: =SUM(KH_26_OPT4_KTQT_v4[[#This Row],[SL-01]:[SL-12]]) -> 0 | AJ16: =SUMIFS(DB_25[SL-DB25],DB_25[Mã khách],KH_26_OPT4_KTQT_v4[[#This Row],[Mã khách]],DB_25[Mã sản phẩm],KH_26_OPT4_KTQT_v4[[#This Row],[Mã sản phẩm]]) -> 0 | AK16: =KH_26_OPT4_KTQT_v4[[#This Row],[SL-KH26]]-KH_26_OPT4_KTQT_v4[[#This Row],[SL-DB25]] -> 0 | AL16: =IFERROR(KH_26_OPT4_KTQT_v4[[#This Row],[SL-+/-]]/KH_26_OPT4_KTQT_v4[[#This Row],[SL-DB25]],0) -> 0 | AM16: 750 | AN16: 750 | AO16: 750 | AP16: 750 | AQ16: 750 | AR16: 750 | AS16: 750 | AT16: 750 | AU16: 750 | AV16: 750 | AW16: 750 | AX16: 750 | AY16: 750 | BA16: =KH_26_OPT4_KTQT_v4[[#This Row],[GB-DB25]]-KH_26_OPT4_KTQT_v4[[#This Row],[GB-KH25]] -> 750 | BB16: =IFERROR(KH_26_OPT4_KTQT_v4[[#This Row],[GB-+/-]]/KH_26_OPT4_KTQT_v4[[#This Row],[GB-KH25]],0) -> 0 | BD16: =KH_26_OPT4_KTQT_v4[[#This Row],[SL-01]]*KH_26_OPT4_KTQT_v4[[#This Row],[GB-01]]*EXR -> 0 | BE16: =KH_26_OPT4_KTQT_v4[[#This Row],[SL-02]]*KH_26_OPT4_KTQT_v4[[#This Row],[GB-02]]*EXR -> 0 | BF16: =KH_26_OPT4_KTQT_v4[[#This Row],[SL-03]]*KH_26_OPT4_KTQT_v4[[#This Row],[GB-03]]*EXR -> 0 | BG16: =KH_26_OPT4_KTQT_v4[[#This Row],[SL-04]]*KH_26_OPT4_KTQT_v4[[#This Row],[GB-04]]*EXR -> 0 | BH16: =KH_26_OPT4_KTQT_v4[[#This Row],[SL-05]]*KH_26_OPT4_KTQT_v4[[#This Row],[GB-05]]*EXR -> 0 | BI16: =KH_26_OPT4_KTQT_v4[[#This Row],[SL-06]]*KH_26_OPT4_KTQT_v4[[#This Row],[GB-06]]*EXR -> 0 | BJ16: =KH_26_OPT4_KTQT_v4[[#This Row],[SL-07]]*KH_26_OPT4_KTQT_v4[[#This Row],[GB-07]]*EXR -> 0 | BK16: =KH_26_OPT4_KTQT_v4[[#This Row],[SL-08]]*KH_26_OPT4_KTQT_v4[[#This Row],[GB-08]]*EXR -> 0 | BL16: =KH_26_OPT4_KTQT_v4[[#This Row],[SL-09]]*KH_26_OPT4_KTQT_v4[[#This Row],[GB-09]]*EXR -> 0 | BM16: =KH_26_OPT4_KTQT_v4[[#This Row],[SL-10]]*KH_26_OPT4_KTQT_v4[[#This Row],[GB-10]]*EXR -> 0 | BN16: =KH_26_OPT4_KTQT_v4[[#This Row],[SL-11]]*KH_26_OPT4_KTQT_v4[[#This Row],[GB-11]]*EXR -> 0 | BO16: =KH_26_OPT4_KTQT_v4[[#This Row],[SL-12]]*KH_26_OPT4_KTQT_v4[[#This Row],[GB-12]]*EXR -> 0 | BP16: =SUM(KH_26_OPT4_KTQT_v4[[#This Row],[DT-EXW-01]:[DT-EXW-12]]) -> 0 | BQ16: =SUMIFS(DB_25[DT-DB25],DB_25[Mã khách],KH_26_OPT4_KTQT_v4[[#This Row],[Mã khách]],DB_25[Mã sản phẩm],KH_26_OPT4_KTQT_v4[[#This Row],[Mã sản phẩm]]) -> 0 | BR16: =KH_26_OPT4_KTQT_v4[[#This Row],[DT-EXW-KH26]]-KH_26_OPT4_KTQT_v4[[#This Row],[DT-EXW-DB25]] -> 0 | BS16: =IFERROR(KH_26_OPT4_KTQT_v4[[#This Row],[DT-EXW-+/-]]/KH_26_OPT4_KTQT_v4[[#This Row],[DT-EXW-DB25]],0) -> 0 | BW16: =IF(KH_26_OPT4_KTQT_v4[[#This Row],[CPHH-%-SL]]="Dthu",KH_26_OPT4_KTQT_v4[[#This Row],[%HH]]*KH_26_OPT4_KTQT_v4[[#This Row],[DT-EXW-01]],KH_26_OPT4_KTQT_v4[[#This Row],[HH-SL]]*KH_26_OPT4_KTQT_v4[[#This Row],[SL-01]]) -> 0 | BX16: =IF(KH_26_OPT4_KTQT_v4[[#This Row],[CPHH-%-SL]]="Dthu",KH_26_OPT4_KTQT_v4[[#This Row],[%HH]]*KH_26_OPT4_KTQT_v4[[#This Row],[DT-EXW-02]],KH_26_OPT4_KTQT_v4[[#This Row],[HH-SL]]*KH_26_OPT4_KTQT_v4[[#This Row],[SL-02]]) -> 0 | BY16: =IF(KH_26_OPT4_KTQT_v4[[#This Row],[CPHH-%-SL]]="Dthu",KH_26_OPT4_KTQT_v4[[#This Row],[%HH]]*KH_26_OPT4_KTQT_v4[[#This Row],[DT-EXW-03]],KH_26_OPT4_KTQT_v4[[#This Row],[HH-SL]]*KH_26_OPT4_KTQT_v4[[#This Row],[SL-03]]) -> 0 | BZ16: =IF(KH_26_OPT4_KTQT_v4[[#This Row],[CPHH-%-SL]]="Dthu",KH_26_OPT4_KTQT_v4[[#This Row],[%HH]]*KH_26_OPT4_KTQT_v4[[#This Row],[DT-EXW-04]],KH_26_OPT4_KTQT_v4[[#This Row],[HH-SL]]*KH_26_OPT4_KTQT_v4[[#This Row],[SL-04]]) -> 0 | CA16: =IF(KH_26_OPT4_KTQT_v4[[#This Row],[CPHH-%-SL]]="Dthu",KH_26_OPT4_KTQT_v4[[#This Row],[%HH]]*KH_26_OPT4_KTQT_v4[[#This Row],[DT-EXW-05]],KH_26_OPT4_KTQT_v4[[#This Row],[HH-SL]]*KH_26_OPT4_KTQT_v4[[#This Row],[SL-05]]) -> 0 | CB16: =IF(KH_26_OPT4_KTQT_v4[[#This Row],[CPHH-%-SL]]="Dthu",KH_26_OPT4_KTQT_v4[[#This Row],[%HH]]*KH_26_OPT4_KTQT_v4[[#This Row],[DT-EXW-06]],KH_26_OPT4_KTQT_v4[[#This Row],[HH-SL]]*KH_26_OPT4_KTQT_v4[[#This Row],[SL-06]]) -> 0 | CC16: =IF(KH_26_OPT4_KTQT_v4[[#This Row],[CPHH-%-SL]]="Dthu",KH_26_OPT4_KTQT_v4[[#This Row],[%HH]]*KH_26_OPT4_KTQT_v4[[#This Row],[DT-EXW-07]],KH_26_OPT4_KTQT_v4[[#This Row],[HH-SL]]*KH_26_OPT4_KTQT_v4[[#This Row],[SL-07]]) -> 0 | CD16: =IF(KH_26_OPT4_KTQT_v4[[#This Row],[CPHH-%-SL]]="Dthu",KH_26_OPT4_KTQT_v4[[#This Row],[%HH]]*KH_26_OPT4_KTQT_v4[[#This Row],[DT-EXW-08]],KH_26_OPT4_KTQT_v4[[#This Row],[HH-SL]]*KH_26_OPT4_KTQT_v4[[#This Row],[SL-08]]) -> 0 | CE16: =IF(KH_26_OPT4_KTQT_v4[[#This Row],[CPHH-%-SL]]="Dthu",KH_26_OPT4_KTQT_v4[[#This Row],[%HH]]*KH_26_OPT4_KTQT_v4[[#This Row],[DT-EXW-09]],KH_26_OPT4_KTQT_v4[[#This Row],[HH-SL]]*KH_26_OPT4_KTQT_v4[[#This Row],[SL-09]]) -> 0 | CF16: =IF(KH_26_OPT4_KTQT_v4[[#This Row],[CPHH-%-SL]]="Dthu",KH_26_OPT4_KTQT_v4[[#This Row],[%HH]]*KH_26_OPT4_KTQT_v4[[#This Row],[DT-EXW-10]],KH_26_OPT4_KTQT_v4[[#This Row],[HH-SL]]*KH_26_OPT4_KTQT_v4[[#This Row],[SL-10]]) -> 0 | CG16: =IF(KH_26_OPT4_KTQT_v4[[#This Row],[CPHH-%-SL]]="Dthu",KH_26_OPT4_KTQT_v4[[#This Row],[%HH]]*KH_26_OPT4_KTQT_v4[[#This Row],[DT-EXW-11]],KH_26_OPT4_KTQT_v4[[#This Row],[HH-SL]]*KH_26_OPT4_KTQT_v4[[#This Row],[SL-11]]) -> 0 | CH16: =IF(KH_26_OPT4_KTQT_v4[[#This Row],[CPHH-%-SL]]="Dthu",KH_26_OPT4_KTQT_v4[[#This Row],[%HH]]*KH_26_OPT4_KTQT_v4[[#This Row],[DT-EXW-12]],KH_26_OPT4_KTQT_v4[[#This Row],[HH-SL]]*KH_26_OPT4_KTQT_v4[[#This Row],[SL-12]]) -> 0 | CI16: =SUM(KH_26_OPT4_KTQT_v4[[#This Row],[CPHH-01]:[CPHH-12]]) -> 0 | CJ16: {=IFERROR(IF(KH_26_OPT4_KTQT_v4[[#This Row],[Kênh bán hàng]]="Nội địa",_xlfn.XLOOKUP(KH_26_OPT4_KTQT_v4[[#This Row],[Tên khách]]&KH_26_OPT4_KTQT_v4[[#This Row],[Kênh bán hàng]]&KH_26_OPT4_KTQT_v4[[#This Row],[Địa điểm đến]]&KH_26_OPT4_KTQT_v4[[#This Row],[Nước đến]]&KH_26_OPT4_KTQT_v4[[#This Row],[Incoterm]],ĐGVC!$A$6:$A$201&ĐGVC!$B$6:$B$201&ĐGVC!$C$6:$C$201&ĐGVC!$D$6:$D$201&ĐGVC!$E$6:$E$201,ĐGVC!$O$6:$O$201),0),0)} -> 0 | CK16: =SUM(KH_26_OPT4_KTQT_v4[[#This Row],[ĐGVCNĐ-KXK]:[ĐGVCCT-KXK]]) -> 2698181.8 | CL16: {=IFERROR(IF(KH_26_OPT4_KTQT_v4[[#This Row],[Kênh bán hàng]]="xuất khẩu",_xlfn.XLOOKUP(KH_26_OPT4_KTQT_v4[[#This Row],[Tên khách]]&KH_26_OPT4_KTQT_v4[[#This Row],[Kênh bán hàng]]&KH_26_OPT4_KTQT_v4[[#This Row],[Địa điểm đến]]&KH_26_OPT4_KTQT_v4[[#This Row],[Nước đến]]&KH_26_OPT4_KTQT_v4[[#This Row],[Incoterm]],ĐGVC!$A$6:$A$201&ĐGVC!$B$6:$B$201&ĐGVC!$C$6:$C$201&ĐGVC!$D$6:$D$201&ĐGVC!$E$6:$E$201,ĐGVC!$O$6:$O$201),0),0)} -> 530000 | CM16: {=IFERROR(_xlfn.XLOOKUP(KH_26_OPT4_KTQT_v4[[#This Row],[Tên khách]]&KH_26_OPT4_KTQT_v4[[#This Row],[Kênh bán hàng]]&KH_26_OPT4_KTQT_v4[[#This Row],[Địa điểm đến]]&KH_26_OPT4_KTQT_v4[[#This Row],[Nước đến]]&KH_26_OPT4_KTQT_v4[[#This Row],[Incoterm]],ĐGVC!$A$6:$A$201&ĐGVC!$B$6:$B$201&ĐGVC!$C$6:$C$201&ĐGVC!$D$6:$D$201&ĐGVC!$E$6:$E$201,ĐGVC!$Y$6:$Y$201),0)} -> 2168181.8 | CN16: =(KH_26_OPT4_KTQT_v4[[#This Row],[ĐGVC-KNĐ]]+KH_26_OPT4_KTQT_v4[[#This Row],[ĐGVC-KXK]])*KH_26_OPT4_KTQT_v4[[#This Row],[SL-01]] -> 0 | CO16: =(KH_26_OPT4_KTQT_v4[[#This Row],[ĐGVC-KNĐ]]+KH_26_OPT4_KTQT_v4[[#This Row],[ĐGVC-KXK]])*KH_26_OPT4_KTQT_v4[[#This Row],[SL-02]] -> 0 | CP16: =(KH_26_OPT4_KTQT_v4[[#This Row],[ĐGVC-KNĐ]]+KH_26_OPT4_KTQT_v4[[#This Row],[ĐGVC-KXK]])*KH_26_OPT4_KTQT_v4[[#This Row],[SL-03]] -> 0 | CQ16: =(KH_26_OPT4_KTQT_v4[[#This Row],[ĐGVC-KNĐ]]+KH_26_OPT4_KTQT_v4[[#This Row],[ĐGVC-KXK]])*KH_26_OPT4_KTQT_v4[[#This Row],[SL-04]] -> 0 | CR16: =(KH_26_OPT4_KTQT_v4[[#This Row],[ĐGVC-KNĐ]]+KH_26_OPT4_KTQT_v4[[#This Row],[ĐGVC-KXK]])*KH_26_OPT4_KTQT_v4[[#This Row],[SL-05]] -> 0 | CS16: =(KH_26_OPT4_KTQT_v4[[#This Row],[ĐGVC-KNĐ]]+KH_26_OPT4_KTQT_v4[[#This Row],[ĐGVC-KXK]])*KH_26_OPT4_KTQT_v4[[#This Row],[SL-06]] -> 0 | CT16: =(KH_26_OPT4_KTQT_v4[[#This Row],[ĐGVC-KNĐ]]+KH_26_OPT4_KTQT_v4[[#This Row],[ĐGVC-KXK]])*KH_26_OPT4_KTQT_v4[[#This Row],[SL-07]] -> 0 | CU16: =(KH_26_OPT4_KTQT_v4[[#This Row],[ĐGVC-KNĐ]]+KH_26_OPT4_KTQT_v4[[#This Row],[ĐGVC-KXK]])*KH_26_OPT4_KTQT_v4[[#This Row],[SL-08]] -> 0 | CV16: =(KH_26_OPT4_KTQT_v4[[#This Row],[ĐGVC-KNĐ]]+KH_26_OPT4_KTQT_v4[[#This Row],[ĐGVC-KXK]])*KH_26_OPT4_KTQT_v4[[#This Row],[SL-09]] -> 0 | CW16: =(KH_26_OPT4_KTQT_v4[[#This Row],[ĐGVC-KNĐ]]+KH_26_OPT4_KTQT_v4[[#This Row],[ĐGVC-KXK]])*KH_26_OPT4_KTQT_v4[[#This Row],[SL-10]] -> 0 | CX16: =(KH_26_OPT4_KTQT_v4[[#This Row],[ĐGVC-KNĐ]]+KH_26_OPT4_KTQT_v4[[#This Row],[ĐGVC-KXK]])*KH_26_OPT4_KTQT_v4[[#This Row],[SL-11]] -> 0 | CY16: =(KH_26_OPT4_KTQT_v4[[#This Row],[ĐGVC-KNĐ]]+KH_26_OPT4_KTQT_v4[[#This Row],[ĐGVC-KXK]])*KH_26_OPT4_KTQT_v4[[#This Row],[SL-12]] -> 0 | CZ16: =SUM(KH_26_OPT4_KTQT_v4[[#This Row],[CPVC-01]:[CPVC-12]]) -> 0 | DA16: =KH_26_OPT4_KTQT_v4[[#This Row],[DT-EXW-01]]+KH_26_OPT4_KTQT_v4[[#This Row],[CPVC-01]]+KH_26_OPT4_KTQT_v4[[#This Row],[CPHH-01]] -> 0 | DB16: =KH_26_OPT4_KTQT_v4[[#This Row],[DT-EXW-02]]+KH_26_OPT4_KTQT_v4[[#This Row],[CPVC-02]]+KH_26_OPT4_KTQT_v4[[#This Row],[CPHH-02]] -> 0 | DC16: =KH_26_OPT4_KTQT_v4[[#This Row],[DT-EXW-03]]+KH_26_OPT4_KTQT_v4[[#This Row],[CPVC-03]]+KH_26_OPT4_KTQT_v4[[#This Row],[CPHH-03]] -> 0 | DD16: =KH_26_OPT4_KTQT_v4[[#This Row],[DT-EXW-04]]+KH_26_OPT4_KTQT_v4[[#This Row],[CPVC-04]]+KH_26_OPT4_KTQT_v4[[#This Row],[CPHH-04]] -> 0 | DE16: =KH_26_OPT4_KTQT_v4[[#This Row],[DT-EXW-05]]+KH_26_OPT4_KTQT_v4[[#This Row],[CPVC-05]]+KH_26_OPT4_KTQT_v4[[#This Row],[CPHH-05]] -> 0 | DF16: =KH_26_OPT4_KTQT_v4[[#This Row],[DT-EXW-06]]+KH_26_OPT4_KTQT_v4[[#This Row],[CPVC-06]]+KH_26_OPT4_KTQT_v4[[#This Row],[CPHH-06]] -> 0 | DG16: =KH_26_OPT4_KTQT_v4[[#This Row],[DT-EXW-07]]+KH_26_OPT4_KTQT_v4[[#This Row],[CPVC-07]]+KH_26_OPT4_KTQT_v4[[#This Row],[CPHH-07]] -> 0 | DH16: =KH_26_OPT4_KTQT_v4[[#This Row],[DT-EXW-08]]+KH_26_OPT4_KTQT_v4[[#This Row],[CPVC-08]]+KH_26_OPT4_KTQT_v4[[#This Row],[CPHH-08]] -> 0 | DI16: =KH_26_OPT4_KTQT_v4[[#This Row],[DT-EXW-09]]+KH_26_OPT4_KTQT_v4[[#This Row],[CPVC-09]]+KH_26_OPT4_KTQT_v4[[#This Row],[CPHH-09]] -> 0 | DJ16: =KH_26_OPT4_KTQT_v4[[#This Row],[DT-EXW-10]]+KH_26_OPT4_KTQT_v4[[#This Row],[CPVC-10]]+KH_26_OPT4_KTQT_v4[[#This Row],[CPHH-10]] -> 0 | DK16: =KH_26_OPT4_KTQT_v4[[#This Row],[DT-EXW-11]]+KH_26_OPT4_KTQT_v4[[#This Row],[CPVC-11]]+KH_26_OPT4_KTQT_v4[[#This Row],[CPHH-11]] -> 0 | DL16: =KH_26_OPT4_KTQT_v4[[#This Row],[DT-EXW-12]]+KH_26_OPT4_KTQT_v4[[#This Row],[CPVC-12]]+KH_26_OPT4_KTQT_v4[[#This Row],[CPHH-12]] -> 0 | DM16: =SUM(KH_26_OPT4_KTQT_v4[[#This Row],[DT-01]:[DT-12]]) -> 0 | DR16: =IFERROR(KH_26_OPT4_KTQT_v4[[#This Row],[DT-EXW-01]]*KH_26_OPT4_KTQT_v4[[#This Row],[%CPDP]],0) -> 0 | DS16: =IFERROR(KH_26_OPT4_KTQT_v4[[#This Row],[DT-EXW-02]]*KH_26_OPT4_KTQT_v4[[#This Row],[%CPDP]],0) -> 0 | DT16: =IFERROR(KH_26_OPT4_KTQT_v4[[#This Row],[DT-EXW-03]]*KH_26_OPT4_KTQT_v4[[#This Row],[%CPDP]],0) -> 0 | DU16: =IFERROR(KH_26_OPT4_KTQT_v4[[#This Row],[DT-EXW-04]]*KH_26_OPT4_KTQT_v4[[#This Row],[%CPDP]],0) -> 0 | DV16: =IFERROR(KH_26_OPT4_KTQT_v4[[#This Row],[DT-EXW-05]]*KH_26_OPT4_KTQT_v4[[#This Row],[%CPDP]],0) -> 0 | DW16: =IFERROR(KH_26_OPT4_KTQT_v4[[#This Row],[DT-EXW-06]]*KH_26_OPT4_KTQT_v4[[#This Row],[%CPDP]],0) -> 0 | DX16: =IFERROR(KH_26_OPT4_KTQT_v4[[#This Row],[DT-EXW-07]]*KH_26_OPT4_KTQT_v4[[#This Row],[%CPDP]],0) -> 0 | DY16: =IFERROR(KH_26_OPT4_KTQT_v4[[#This Row],[DT-EXW-08]]*KH_26_OPT4_KTQT_v4[[#This Row],[%CPDP]],0) -> 0 | DZ16: =IFERROR(KH_26_OPT4_KTQT_v4[[#This Row],[DT-EXW-09]]*KH_26_OPT4_KTQT_v4[[#This Row],[%CPDP]],0) -> 0 | EA16: =IFERROR(KH_26_OPT4_KTQT_v4[[#This Row],[DT-EXW-10]]*KH_26_OPT4_KTQT_v4[[#This Row],[%CPDP]],0) -> 0 | EB16: =IFERROR(KH_26_OPT4_KTQT_v4[[#This Row],[DT-EXW-11]]*KH_26_OPT4_KTQT_v4[[#This Row],[%CPDP]],0) -> 0 | EC16: =IFERROR(KH_26_OPT4_KTQT_v4[[#This Row],[DT-EXW-12]]*KH_26_OPT4_KTQT_v4[[#This Row],[%CPDP]],0) -> 0 | ED16: =SUM(KH_26_OPT4_KTQT_v4[[#This Row],[CPDP-01]:[CPDP-12]]) -> 0
