Workbook

Sheet BOM
B2: BẢNG TÍNH SETTLEMENT RULE BOM - ROUTING (co-product)
M3: Hide
B4: I. | C4: CÔNG ĐOẠN PHÂN LOẠI CHAI | D4: BOM - KẾ HOẠCH | F4: Sản lượng thành phẩm thực tế | G4: Hệ số quy đổi | H4: Sản lượng thành phẩm quy đổi | I4: Giá trị nguyên liệu phân bổ cho thành phẩm quy đổi | J4: Settlement rule - BOM | K4: Settlement rule - ROUTING | L4: Ghi chú | M4: Giá bán hiện tại | N4: Hệ số quy đổi giá bán | P4: GT NVL | Q4: CFSX | R4: GT SP Trạm | S4: LG | T4: %
D5: Số lượng | E5: Tỷ lệ | F5: (1) | G5: (2) | H5: (3)= (1)*(2) | I5: (4) | J5: Tỷ lệ | K5: Tỷ lệ
B6: 150000001 | C6: Chai PET xá | D6: 1000 | E6: =SUM(E7:E20) -> 1 | I6: =D6*10000 -> 10000000 | J6: =SUM(J7:J19) -> 1 | K6: =SUM(K7:K19) -> 1 | Q6: 3000
B7: 160000001 | C7: Chai PET B1.1 | D7: 540 | E7: 0.54 | F7: =D7 -> 540 | G7: 1.25 | H7: =F7*G7 -> 675 | I7: =$I$6/$H$21*H7 -> 6422454.8 | J7: =I7/$I$6 -> 0.64224548 | K7: =J7 -> 0.64224548 | L7: (4) = Tổng giá trị NVL /(Tổng số lượng TP quy đổi) * Sl Tp quy đổi. (5) = Giá trị nguyên liệu phân bổ cho thành phẩm quy đổi / Tổng giá trị nguyên liệu phân bổ cho thành phẩm quy đổi | M7: =ROUND(11000+11000*14%+4000,-2) -> 16500 | N7: =M7/$M$21 -> 1.2222222 | P7: =I7/F7 -> 11893.435 | Q7: =$Q$6*K7 -> 1926.7364 | R7: =P7+Q7 -> 13820.171 | S7: =M7-R7 -> 2679.8287 | T7: =S7/M7 -> 0.16241386
B8: 160000081 | C8: Chai PET B1.3 | F8: =D8 -> 0 | H8: =F8*G8 -> 0 | I8: =$I$6/$H$21*H8 -> 0 | J8: =I8/$I$6 -> 0 | K8: =J8 -> 0 | N8: =M8/$M$21 -> 0 | P8: =I8/F8 -> #DIV/0! | Q8: =$Q$6*K8 -> 0 | R8: =P8+Q8 -> #DIV/0! | S8: =M8-R8 -> #DIV/0! | T8: =S8/M8 -> #DIV/0!
B9: 160000002 | C9: Chai PET B2.2 | D9: 30 | E9: 0.03 | F9: =D9 -> 30 | G9: 1.1 | H9: =F9*G9 -> 33 | I9: =$I$6/$H$21*H9 -> 313986.68 | J9: =I9/$I$6 -> 0.031398668 | K9: =J9 -> 0.031398668 | M9: =ROUND(11000+11000*14%+2500,-2) -> 15000 | N9: =M9/$M$21 -> 1.1111111 | P9: =I9/F9 -> 10466.223 | Q9: =$Q$6*K9 -> 94.196004 | R9: =P9+Q9 -> 10560.419 | S9: =M9-R9 -> 4439.5814 | T9: =S9/M9 -> 0.29597209
B10: 160000063 | C10: Chai PET B4 | D10: 20 | E10: 0.02 | F10: =D10 -> 20 | G10: 1 | H10: =F10*G10 -> 20 | I10: =$I$6/$H$21*H10 -> 190294.96 | J10: =I10/$I$6 -> 0.019029496 | K10: =J10 -> 0.019029496 | M10: =ROUND(11000+11000*14%+1000,-2) -> 13500 | N10: =M10/$M$21 -> 1 | P10: =I10/F10 -> 9514.7479 | Q10: =$Q$6*K10 -> 57.088487 | R10: =P10+Q10 -> 9571.8363 | S10: =M10-R10 -> 3928.1637 | T10: =S10/M10 -> 0.29097509
B11: 160000004 | C11: Chai PET B5 | D11: 20 | E11: 0.02 | F11: =D11 -> 20 | G11: 1 | H11: =F11*G11 -> 20 | I11: =$I$6/$H$21*H11 -> 190294.96 | J11: =I11/$I$6 -> 0.019029496 | K11: =J11 -> 0.019029496 | M11: =ROUND(11000+11000*14%+1000,-2) -> 13500 | N11: =M11/$M$21 -> 1 | P11: =I11/F11 -> 9514.7479 | Q11: =$Q$6*K11 -> 57.088487 | R11: =P11+Q11 -> 9571.8363 | S11: =M11-R11 -> 3928.1637 | T11: =S11/M11 -> 0.29097509
C12: Chai PET B6.1 | F12: =D12 -> 0 | H12: =F12*G12 -> 0 | I12: =$I$6/$H$21*H12 -> 0 | J12: =I12/$I$6 -> 0 | K12: =J12 -> 0 | N12: =M12/$M$21 -> 0 | P12: =I12/F12 -> #DIV/0! | Q12: =$Q$6*K12 -> 0 | R12: =P12+Q12 -> #DIV/0! | S12: =M12-R12 -> #DIV/0! | T12: =S12/M12 -> #DIV/0!
B13: 160000005 | C13: Chai PET B6.2 | D13: 270 | E13: 0.27 | F13: =D13 -> 270 | G13: 1.1 | H13: =F13*G13 -> 297 | I13: =$I$6/$H$21*H13 -> 2825880.1 | J13: =I13/$I$6 -> 0.28258801 | K13: =J13 -> 0.28258801 | M13: =ROUND(11000+11000*14%+2500,-2) -> 15000 | N13: =M13/$M$21 -> 1.1111111 | P13: =I13/F13 -> 10466.223 | Q13: =$Q$6*K13 -> 847.76403 | R13: =P13+Q13 -> 11313.987 | S13: =M13-R13 -> 3686.0133 | T13: =S13/M13 -> 0.24573422
B14: 160000007 | C14: Nắp HD Ép Các Màu HDE-06 | D14: 10 | E14: 0.01 | F14: =D14 -> 10 | G14: 0.6 | H14: =F14*G14 -> 6 | I14: =$I$6/$H$21*H14 -> 57088.487 | J14: =I14/$I$6 -> 0.0057088487 | K14: =J14 -> 0.0057088487 | M14: =ROUND(11000+11000*14%-5000,-2) -> 7500 | N14: =M14/$M$21 -> 0.55555556 | P14: =I14/F14 -> 5708.8487 | Q14: =$Q$6*K14 -> 17.126546 | R14: =P14+Q14 -> 5725.9753 | S14: =M14-R14 -> 1774.0247 | T14: =S14/M14 -> 0.23653663
C15: Chai PET B7.1 | E15: 0 | N15: =M15/$M$21 -> 0 | P15: =I15/F15 -> #DIV/0! | Q15: =$Q$6*K15 -> 0 | R15: =P15+Q15 -> #DIV/0! | S15: =M15-R15 -> #DIV/0! | T15: =S15/M15 -> #DIV/0!
B16: 160000084 | C16: Chai PET B7.2 | E16: 0 | N16: =M16/$M$21 -> 0 | P16: =I16/F16 -> #DIV/0! | Q16: =$Q$6*K16 -> 0 | R16: =P16+Q16 -> #DIV/0! | S16: =M16-R16 -> #DIV/0! | T16: =S16/M16 -> #DIV/0!
B17: 160000062 | C17: Cổ Chai PET | E17: 0 | N17: =M17/$M$21 -> 0 | P17: =I17/F17 -> #DIV/0! | Q17: =$Q$6*K17 -> 0 | R17: =P17+Q17 -> #DIV/0! | S17: =M17-R17 -> #DIV/0! | T17: =S17/M17 -> #DIV/0!
B18: 160000006 | C18: Hao Hụt - Tạp chất | D18: 10 | E18: 0.01 | P18: =I18/F18 -> #DIV/0! | Q18: =$Q$6*K18 -> 0 | R18: =P18+Q18 -> #DIV/0! | S18: =M18-R18 -> #DIV/0! | T18: =S18/M18 -> #DIV/0!
B19: 800000006 | C19: Hao hụt - nhãn chai PET | D19: 60 | E19: 0.06 | P19: =I19/F19 -> #DIV/0! | Q19: =$Q$6*K19 -> 0 | R19: =P19+Q19 -> #DIV/0! | S19: =M19-R19 -> #DIV/0! | T19: =S19/M19 -> #DIV/0!
C20: Hao hụt vô hình | D20: =D6-SUM(D7:D19) -> 40 | E20: 0.04 | P20: =I20/F20 -> #DIV/0! | Q20: =$Q$6*K20 -> 0 | R20: =P20+Q20 -> #DIV/0! | S20: =M20-R20 -> #DIV/0! | T20: =S20/M20 -> #DIV/0!
C21: TỔNG | D21: =SUM(D7:D20) -> 1000 | E21: =SUM(E7:E20) -> 1 | F21: =SUM(F7:F20) -> 890 | G21: =SUM(G7:G20) -> 6.05 | H21: =SUM(H7:H20) -> 1051 | I21: =SUM(I7:I20) -> 10000000 | M21: =AVERAGE(M7:M19) -> 13500 | P21: =I21/F21 -> 11235.955 | T21: =S21/M21 -> 0
P22: =10000/(F21/1000)-P21 -> 0
B24: II. | C24: CÔNG ĐOẠN BĂM CHAI B6.2 | D24: BOM - KẾ HOẠCH | F24: Sản lượng thành phẩm thực tế | G24: Hệ số quy đổi | H24: Sản lượng thành phẩm quy đổi | I24: Giá trị nguyên liệu phân bổ cho thành phẩm quy đổi | J24: Settlement rule - BOM | K24: Settlement rule - ROUTING | L24: Ghi chú | M24: Giá bán hiện tại | N24: Hệ số quy đổi giá bán
D25: Số lượng | E25: Tỷ lệ | F25: (1) | G25: (2) | H25: (3)= (1)*(2) | I25: (4) | J25: Tỷ lệ | K25: Tỷ lệ
B26: 160000005 | C26: Chai PET B6.2 | D26: 600 | F26: =SUM(F27:F31) -> 1080 | G26: =SUM(G27:G31) -> 4.1 | I26: =I13/F13*D26 -> 6279733.6
B27: 160000027 | C27: Vảy PET B6.2_A6 | D27: =D26*E27 -> 510 | E27: 0.85 | F27: =D27 -> 510 | G27: 1.35 | H27: =F27*G27 -> 688.5 | I27: =$I$26/$H$31*H27 -> 6093864.1 | J27: =I27/$I$26 -> 0.97040169 | K27: =J27 -> 0.97040169 | L27: (4) = Tổng giá trị NVL /(Tổng số lượng TP quy đổi) * Sl Tp quy đổi. (5) = Giá trị nguyên liệu phân bổ cho thành phẩm quy đổi / Tổng giá trị nguyên liệu phân bổ cho thành phẩm quy đổi | M27: 18500 | N27: =M27/$M$31 -> 1.3214286
B28: 160000059 | C28: Vảy nắp hỗn hợp B6.2 | D28: =D26*E28 -> 30 | E28: 0.05 | F28: =D28 -> 30 | G28: 0.7 | H28: =F28*G28 -> 21 | I28: =$I$26/$H$31*H28 -> 185869.49 | J28: =I28/$I$26 -> 0.029598309 | K28: =J28 -> 0.029598309 | M28: 9500 | N28: =M28/$M$31 -> 0.67857143
C29: Phó sản bụi cám | D29: =D26*5% -> 30
C30: Hao hụt vô hình | D30: =D26*5% -> 30
C31: TỔNG | D31: =SUM(D27:D30) -> 600 | F31: =SUM(F27:F30) -> 540 | G31: =SUM(G27:G30) -> 2.05 | H31: =SUM(H27:H30) -> 709.5 | M31: =AVERAGE(M27:M30) -> 14000

Sheet ROUTING
G2: 1H sx
E3: ROUTING HIỆN TẠI | G3: SOÁT XÉT LẠI BOM SAU 3 THÁNG CHẠY THỬ | I3: Settlement rule - BOM | J3: Settlement rule - ROUTING
B4: 1000445 | C4: Tròn | D4: Đvt | E4: Số lượng | F4: Tỷ lệ | G4: Số lượng | H4: Tỷ lệ | I4: Tỷ lệ | J4: Tỷ lệ
B5: 150000001 | C5: Chai PET B0 | E5: 1000 | G5: 1400 | I5: =SUM(I6:I13) -> 1 | J5: 0.98
B6: LAB01 | C6: Nhân công trực tiếp | D6: h | F6: =E6/$E$5 -> 0 | G6: 15 | I6: 0.95 | J6: 0.97
B7: LAB03 | C7: Nhân công gián tiếp | D7: h | F7: =E7/$E$5 -> 0 | G7: 1 | I7: 0 | J7: 0
B8: ELE01 | C8: Điện | D8: Kw/h | F8: =E8/$E$5 -> 0 | G8: 35 | I8: 0.02 | J8: 0.01
B9: DEP01 | C9: Khấu hao | D9: h | F9: =E9/$E$5 -> 0 | G9: 1 | I9: 0 | J9: 0
B10: OTHE01 | C10: Sản xuất chung | D10: h | F10: =E10/$E$5 -> 0 | G10: 1 | I10: 0.02 | J10: 0.01
F11: =E11/$E$5 -> 0 | I11: 0.01 | J11: 0
F12: =E12/$E$5 -> 0 | I12: 0 | J12: 0.01
F13: =E13/$E$5 -> 0 | I13: 0 | J13: 0
B14: 1000446 | C14: Ép kiện | D14: TB | E14: Số lượng | F14: Tỷ lệ | G14: Số lượng | H14: Tỷ lệ | I14: Tỷ lệ | J14: Tỷ lệ
B15: 150000003 | C15: Chai PET (ép kiện) | D15: =#REF!/#REF! -> #REF! | E15: 1000 | G15: 1300 | I15: =SUM(I16:I24) -> 1 | J15: =SUM(J16:J24) -> 1
B16: LAB01 | C16: Nhân công trực tiếp | E16: 700 | F16: =E16/$E$15 -> 0.7 | G16: 14 | I16: 0.8 | J16: 0.97
B17: LAB03 | C17: Nhân công gián tiếp | E17: 10 | F17: =E17/$E$15 -> 0.01 | G17: 1 | I17: 0 | J17: 0
B18: ELE01 | C18: Điện | E18: 80 | F18: =E18/$E$15 -> 0.08 | G18: 40 | I18: 0.15 | J18: 0
B19: DEP01 | C19: Khấu hao | F19: =E19/$E$15 -> 0 | G19: 1 | I19: 0 | J19: 0
B20: OTHE01 | C20: Sản xuất chung | E20: 15 | F20: =E20/$E$15 -> 0.015 | G20: 1 | I20: 0.02 | J20: 0.01
E21: 25 | F21: =E21/$E$15 -> 0.025 | I21: 0.02 | J21: 0.01
E22: 20 | F22: =E22/$E$15 -> 0.02 | I22: 0.01 | J22: 0
E23: 40 | F23: =E23/$E$15 -> 0.04 | I23: 0 | J23: 0.01
E24: 70 | F24: =E24/$E$15 -> 0.07 | I24: 0 | J24: 0
B25: 1000448 | C25: Tuyển | D25: TB | E25: Số lượng | F25: Tỷ lệ | G25: Số lượng | H25: Tỷ lệ | I25: Tỷ lệ | J25: Tỷ lệ
B26: 152000009 | C26: Chai PET B1 Không Phân Loại | D26: =#REF!/#REF! -> #REF! | E26: 1000 | G26: 2000 | I26: =SUM(I27:I32) -> 1.12 | J26: =SUM(J27:J32) -> 1
B27: LAB01 | C27: Nhân công trực tiếp | F27: =E27/E$26 -> 0 | G27: 9 | I27: 0.92 | J27: 1
B28: LAB03 | C28: Nhân công gián tiếp | F28: =E28/E$26 -> 0 | G28: 1 | I28: 0.06 | J28: 0
B29: ELE01 | C29: Điện | F29: =E29/E$26 -> 0 | G29: 30 | I29: 0.06 | J29: 0
B30: DEP01 | C30: Khấu hao | F30: =E30/E$26 -> 0 | G30: 1 | I30: 0.06 | J30: 0
B31: OTHE01 | C31: Sản xuất chung | F31: =E31/E$26 -> 0 | G31: 1 | J31: 0
F32: =E32/E$26 -> 0 | I32: 0.02 | J32: 0

Sheet BOM (2)
B2: BẢNG TÍNH SETTLEMENT RULE BOM - ROUTING (co-product)
M3: Hide
B4: I. | C4: CÔNG ĐOẠN PHÂN LOẠI CHAI | D4: BOM - KẾ HOẠCH | F4: Sản lượng thành phẩm thực tế | G4: Hệ số quy đổi | H4: Sản lượng thành phẩm quy đổi | I4: Giá trị nguyên liệu phân bổ cho thành phẩm quy đổi | J4: Settlement rule - BOM | K4: Settlement rule - ROUTING | L4: Ghi chú | M4: Giá bán hiện tại | N4: Hệ số quy đổi giá bán | O4: Gap (đảm bảo chi phí và lợi nhuận) | P4: GT NVL | Q4: CFSX | R4: GT SP Trạm | S4: LG | T4: % | V4: Đlộc | X4: KN | Z4: ĐLâm | AB4: Giá thị trường
D5: Số lượng | E5: Tỷ lệ | F5: (1) | G5: (2) | H5: (3)= (1)*(2) | I5: (4) | J5: Tỷ lệ | K5: Tỷ lệ | M5: =MAX(V5,X5,Z5) -> 0.10667325 | U5: Hao hụt | V5: ='[1]1. Đại Lộc'!$O$334 -> 0.10096034 | X5: ='[1]2. Khánh Nga'!$O$39 -> 0.097733527 | Z5: ='[1]3. Đồng Lâm'!$O$344 -> 0.10667325
B6: 150000001 | C6: Chai PET xá | D6: 1000 | E6: =SUM(E7:E20) -> 1 | I6: =D6*10000 -> 10000000 | J6: =SUM(J7:J19) -> 1 | K6: =SUM(K7:K19) -> 1 | Q6: 3000 | V6: ='[3]3.CP_TAN'!$Q$78 -> 3684.4011 | X6: ='[3]3.CP_TAN'!$R$78 -> 2894.8843 | Z6: ='[3]3.CP_TAN'!$S$78 -> 2609.6553 | AB6: 10000
B7: 160000001 | C7: Chai PET B1.1 | D7: 540 | E7: 0.54 | F7: =D7 -> 540 | G7: 1.25 | H7: =F7*G7 -> 675 | I7: =$I$6/$H$21*H7 -> 6422454.8 | J7: =I7/$I$6 -> 0.64224548 | K7: =J7 -> 0.64224548 | L7: (4) = Tổng giá trị NVL /(Tổng số lượng TP quy đổi) * Sl Tp quy đổi. (5) = Giá trị nguyên liệu phân bổ cho thành phẩm quy đổi / Tổng giá trị nguyên liệu phân bổ cho thành phẩm quy đổi | M7: =ROUND(10000+10000*$M$5+O7,-2) -> 14600 | N7: =M7/$M$21 -> 1.2604317 | O7: 3500 | P7: =I7/F7 -> 11893.435 | Q7: =$Q$6*K7 -> 1926.7364 | R7: =P7+Q7 -> 13820.171 | S7: =M7-R7 -> 779.82873 | T7: =S7/M7 -> 0.053412927 | U7: ='[1]1. Đại Lộc'!B327 -> % Chai B1 | V7: ='[1]1. Đại Lộc'!O327 -> 0.65050165 | W7: ='[1]2. Khánh Nga'!B32 -> % Chai B1 | X7: ='[1]2. Khánh Nga'!O32 -> 0.5258354 | Y7: ='[1]3. Đồng Lâm'!B337 -> % Chai B1 | Z7: ='[1]3. Đồng Lâm'!O337 -> 0.50053443 | AB7: 14500 | AC7: 11200 | AE7: =T7*V7 -> 0.034745197
B8: 160000081 | C8: Chai PET B1.3 | F8: =D8 -> 0 | H8: =F8*G8 -> 0 | I8: =$I$6/$H$21*H8 -> 0 | J8: =I8/$I$6 -> 0 | K8: =J8 -> 0 | N8: =M8/$M$21 -> 0 | O8: =O7 -> 3500 | P8: =I8/F8 -> #DIV/0! | Q8: =$Q$6*K8 -> 0 | R8: =P8+Q8 -> #DIV/0! | S8: =M8-R8 -> #DIV/0! | T8: =S8/M8 -> #DIV/0! | AE8: =T8*V8 -> #DIV/0!
B9: 160000002 | C9: Chai PET B2.2 | D9: 30 | E9: 0.03 | F9: =D9 -> 30 | G9: 1.1 | H9: =F9*G9 -> 33 | I9: =$I$6/$H$21*H9 -> 313986.68 | J9: =I9/$I$6 -> 0.031398668 | K9: =J9 -> 0.031398668 | M9: =ROUND(10000+10000*$M$5%+2000,-2) -> 12000 | N9: =M9/$M$21 -> 1.0359712 | O9: 2000 | P9: =I9/F9 -> 10466.223 | Q9: =$Q$6*K9 -> 94.196004 | R9: =P9+Q9 -> 10560.419 | S9: =M9-R9 -> 1439.5814 | T9: =S9/M9 -> 0.11996511 | U9: ='[1]1. Đại Lộc'!B328 -> % Chai B2.2 | V9: ='[1]1. Đại Lộc'!O328 -> 0.0053561787 | W9: ='[1]2. Khánh Nga'!B33 -> % Chai B2.2 | X9: ='[1]2. Khánh Nga'!O33 -> 0.078724377 | Y9: ='[1]3. Đồng Lâm'!B338 -> % Chai B2.2 | Z9: ='[1]3. Đồng Lâm'!O338 -> 0.08356034 | AE9: =T9*V9 -> 0.00064255458
B10: 160000063 | C10: Chai PET B4 | D10: 20 | E10: 0.02 | F10: =D10 -> 20 | G10: 1 | H10: =F10*G10 -> 20 | I10: =$I$6/$H$21*H10 -> 190294.96 | J10: =I10/$I$6 -> 0.019029496 | K10: =J10 -> 0.019029496 | M10: =ROUND(10000+10000*$M$5+500,-2) -> 11600 | N10: =M10/$M$21 -> 1.0014388 | O10: 500 | P10: =I10/F10 -> 9514.7479 | Q10: =$Q$6*K10 -> 57.088487 | R10: =P10+Q10 -> 9571.8363 | S10: =M10-R10 -> 2028.1637 | T10: =S10/M10 -> 0.17484169 | U10: ='[1]2. Khánh Nga'!B35 -> % Chai B4 | V10: ='[1]2. Khánh Nga'!O35 -> 0.014912634 | W10: ='[1]2. Khánh Nga'!B35 -> % Chai B4 | X10: ='[1]2. Khánh Nga'!O35 -> 0.014912634 | Y10: ='[1]3. Đồng Lâm'!B340 -> % Chai B4 | Z10: ='[1]3. Đồng Lâm'!O340 -> 0.019139602 | AE10: =T10*V10 -> 0.0026073502
B11: 160000004 | C11: Chai PET B5 | D11: 20 | E11: 0.02 | F11: =D11 -> 20 | G11: 1 | H11: =F11*G11 -> 20 | I11: =$I$6/$H$21*H11 -> 190294.96 | J11: =I11/$I$6 -> 0.019029496 | K11: =J11 -> 0.019029496 | M11: =ROUND(10000+10000*$M$5+500,-2) -> 11600 | N11: =M11/$M$21 -> 1.0014388 | O11: =O10 -> 500 | P11: =I11/F11 -> 9514.7479 | Q11: =$Q$6*K11 -> 57.088487 | R11: =P11+Q11 -> 9571.8363 | S11: =M11-R11 -> 2028.1637 | T11: =S11/M11 -> 0.17484169 | U11: ='[1]2. Khánh Nga'!B36 -> % Chai B5 | V11: ='[1]2. Khánh Nga'!O36 -> 0.019802359 | W11: ='[1]2. Khánh Nga'!B36 -> % Chai B5 | X11: ='[1]2. Khánh Nga'!O36 -> 0.019802359 | Y11: ='[1]3. Đồng Lâm'!B341 -> % Chai B5 | Z11: ='[1]3. Đồng Lâm'!O341 -> 0.010656982 | AE11: =T11*V11 -> 0.0034622779
C12: Chai PET B6.1 | F12: =D12 -> 0 | H12: =F12*G12 -> 0 | I12: =$I$6/$H$21*H12 -> 0 | J12: =I12/$I$6 -> 0 | K12: =J12 -> 0 | N12: =M12/$M$21 -> 0 | O12: =O8 -> 3500 | P12: =I12/F12 -> #DIV/0! | Q12: =$Q$6*K12 -> 0 | R12: =P12+Q12 -> #DIV/0! | S12: =M12-R12 -> #DIV/0! | T12: =S12/M12 -> #DIV/0! | AE12: =T12*V12 -> #DIV/0!
B13: 160000005 | C13: Chai PET B6.2 | D13: 270 | E13: 0.27 | F13: =D13 -> 270 | G13: 1.1 | H13: =F13*G13 -> 297 | I13: =$I$6/$H$21*H13 -> 2825880.1 | J13: =I13/$I$6 -> 0.28258801 | K13: =J13 -> 0.28258801 | M13: =ROUND(10000+10000*$M$5+2500,-2) -> 13600 | N13: =M13/$M$21 -> 1.1741007 | O13: =O9 -> 2000 | P13: =I13/F13 -> 10466.223 | Q13: =$Q$6*K13 -> 847.76403 | R13: =P13+Q13 -> 11313.987 | S13: =M13-R13 -> 2286.0133 | T13: =S13/M13 -> 0.16808921 | U13: ='[1]1. Đại Lộc'!B329 -> % Chai B6.2 | V13: ='[1]1. Đại Lộc'!O329 -> 0.19170632 | W13: ='[1]2. Khánh Nga'!B34 -> % Chai B6.2 | X13: ='[1]2. Khánh Nga'!O34 -> 0.23118717 | Y13: ='[1]3. Đồng Lâm'!B339 -> % Chai B6.2 | Z13: ='[1]3. Đồng Lâm'!O339 -> 0.26757253 | AE13: =T13*V13 -> 0.032223765
B14: 160000007 | C14: Nắp HD Ép Các Màu HDE-06 | D14: 10 | E14: 0.01 | F14: =D14 -> 10 | G14: 0.6 | H14: =F14*G14 -> 6 | I14: =$I$6/$H$21*H14 -> 57088.487 | J14: =I14/$I$6 -> 0.0057088487 | K14: =J14 -> 0.0057088487 | M14: =ROUND(10000+10000*$M$5-5000,-2) -> 6100 | N14: =M14/$M$21 -> 0.52661871 | O14: -5000 | P14: =I14/F14 -> 5708.8487 | Q14: =$Q$6*K14 -> 17.126546 | R14: =P14+Q14 -> 5725.9753 | S14: =M14-R14 -> 374.02474 | T14: =S14/M14 -> 0.061315531 | U14: ='[1]2. Khánh Nga'!B37 -> % Nắp | V14: ='[1]2. Khánh Nga'!O37 -> 0.031786115 | W14: ='[1]2. Khánh Nga'!B37 -> % Nắp | X14: ='[1]2. Khánh Nga'!O37 -> 0.031786115 | Y14: ='[1]3. Đồng Lâm'!B342 -> % Nắp | Z14: ='[1]3. Đồng Lâm'!O342 -> 0.0029470813 | AE14: =T14*V14 -> 0.0019489825
C15: Chai PET B7.1 | E15: 0 | N15: =M15/$M$21 -> 0 | P15: =I15/F15 -> #DIV/0! | Q15: =$Q$6*K15 -> 0 | R15: =P15+Q15 -> #DIV/0! | S15: =M15-R15 -> #DIV/0! | T15: =S15/M15 -> #DIV/0! | AE15: =T15*V15 -> #DIV/0!
B16: 160000084 | C16: Chai PET B7.2 | E16: 0 | N16: =M16/$M$21 -> 0 | O16: -1000 | P16: =I16/F16 -> #DIV/0! | Q16: =$Q$6*K16 -> 0 | R16: =P16+Q16 -> #DIV/0! | S16: =M16-R16 -> #DIV/0! | T16: =S16/M16 -> #DIV/0! | U16: ='[1]2. Khánh Nga'!B38 -> % Chai B7.2 | V16: ='[1]2. Khánh Nga'!O38 -> 1.842727e-05 | W16: ='[1]2. Khánh Nga'!B38 -> % Chai B7.2 | X16: ='[1]2. Khánh Nga'!O38 -> 1.842727e-05 | Y16: ='[1]3. Đồng Lâm'!B343 -> % Phó sản | Z16: ='[1]3. Đồng Lâm'!O343 -> 0.0089157794
B17: 160000062 | C17: Cổ Chai PET | E17: 0 | N17: =M17/$M$21 -> 0 | O17: 2000 | P17: =I17/F17 -> #DIV/0! | Q17: =$Q$6*K17 -> 0 | R17: =P17+Q17 -> #DIV/0! | S17: =M17-R17 -> #DIV/0! | T17: =S17/M17 -> #DIV/0!
B18: 160000006 | C18: Hao Hụt - Tạp chất | D18: 10 | E18: 0.01 | P18: =I18/F18 -> #DIV/0! | Q18: =$Q$6*K18 -> 0 | R18: =P18+Q18 -> #DIV/0! | S18: =M18-R18 -> #DIV/0! | T18: =S18/M18 -> #DIV/0!
B19: 800000006 | C19: Hao hụt - nhãn chai PET | D19: 60 | E19: 0.06 | P19: =I19/F19 -> #DIV/0! | Q19: =$Q$6*K19 -> 0 | R19: =P19+Q19 -> #DIV/0! | S19: =M19-R19 -> #DIV/0! | T19: =S19/M19 -> #DIV/0!
C20: Hao hụt vô hình | D20: =D6-SUM(D7:D19) -> 40 | E20: 0.04 | P20: =I20/F20 -> #DIV/0! | Q20: =$Q$6*K20 -> 0 | R20: =P20+Q20 -> #DIV/0! | S20: =M20-R20 -> #DIV/0! | T20: =S20/M20 -> #DIV/0!
C21: TỔNG | D21: =SUM(D7:D20) -> 1000 | E21: =SUM(E7:E20) -> 1 | F21: =SUM(F7:F20) -> 890 | G21: =SUM(G7:G20) -> 6.05 | H21: =SUM(H7:H20) -> 1051 | I21: =SUM(I7:I20) -> 10000000 | M21: =AVERAGE(M7:M19) -> 11583.333 | P21: =I21/F21 -> 11235.955 | T21: =S21/M21 -> 0
P22: =10000/(F21/1000)-P21 -> 0
B24: II. | C24: CÔNG ĐOẠN BĂM CHAI B6.2 | D24: BOM - KẾ HOẠCH | F24: Sản lượng thành phẩm thực tế | G24: Hệ số quy đổi | H24: Sản lượng thành phẩm quy đổi | I24: Giá trị nguyên liệu phân bổ cho thành phẩm quy đổi | J24: Settlement rule - BOM | K24: Settlement rule - ROUTING | L24: Ghi chú | M24: Giá bán hiện tại | N24: Hệ số quy đổi giá bán
D25: Số lượng | E25: Tỷ lệ | F25: (1) | G25: (2) | H25: (3)= (1)*(2) | I25: (4) | J25: Tỷ lệ | K25: Tỷ lệ
B26: 160000005 | C26: Chai PET B6.2 | D26: 600 | F26: =SUM(F27:F31) -> 1080 | G26: =SUM(G27:G31) -> 4.1 | I26: =I13/F13*D26 -> 6279733.6
B27: 160000027 | C27: Vảy PET B6.2_A6 | D27: =D26*E27 -> 510 | E27: 0.85 | F27: =D27 -> 510 | G27: 1.35 | H27: =F27*G27 -> 688.5 | I27: =$I$26/$H$31*H27 -> 6093864.1 | J27: =I27/$I$26 -> 0.97040169 | K27: =J27 -> 0.97040169 | L27: (4) = Tổng giá trị NVL /(Tổng số lượng TP quy đổi) * Sl Tp quy đổi. (5) = Giá trị nguyên liệu phân bổ cho thành phẩm quy đổi / Tổng giá trị nguyên liệu phân bổ cho thành phẩm quy đổi | M27: 18500 | N27: =M27/$M$31 -> 1.3214286 | O27: =O9 -> 2000
B28: 160000059 | C28: Vảy nắp hỗn hợp B6.2 | D28: =D26*E28 -> 30 | E28: 0.05 | F28: =D28 -> 30 | G28: 0.7 | H28: =F28*G28 -> 21 | I28: =$I$26/$H$31*H28 -> 185869.49 | J28: =I28/$I$26 -> 0.029598309 | K28: =J28 -> 0.029598309 | M28: 9500 | N28: =M28/$M$31 -> 0.67857143
C29: Phó sản bụi cám | D29: =D26*5% -> 30
C30: Hao hụt vô hình | D30: =D26*5% -> 30
C31: TỔNG | D31: =SUM(D27:D30) -> 600 | F31: =SUM(F27:F30) -> 540 | G31: =SUM(G27:G30) -> 2.05 | H31: =SUM(H27:H30) -> 709.5 | M31: =AVERAGE(M27:M30) -> 14000
C33: Vảy PET_A5.1 mua ngoài | AB33: 16300

Sheet BOM (Long)
B2: BẢNG TÍNH SETTLEMENT RULE BOM - ROUTING (co-product)
M3: Hide | P3: Giá BO sau Phân loại
B4: I. | C4: CÔNG ĐOẠN PHÂN LOẠI CHAI | D4: BOM - KẾ HOẠCH | F4: Sản lượng thành phẩm thực tế | G4: Hệ số quy đổi | H4: Sản lượng thành phẩm quy đổi | I4: Giá trị nguyên liệu phân bổ cho thành phẩm quy đổi | J4: Settlement rule - BOM | K4: Settlement rule - ROUTING | L4: Ghi chú | M4: Giá bán hiện tại | N4: Hệ số quy đổi giá bán | O4: Gap (đảm bảo chi phí và lợi nhuận) | P4: GT NVL | Q4: CFSX | R4: GT SP Trạm | S4: LG | T4: % | V4: Đlộc | X4: KN | Z4: ĐLâm | AB4: Giá thị trường
D5: Số lượng | E5: Tỷ lệ | F5: (1) | G5: (2) | H5: (3)= (1)*(2) | I5: (4) | J5: Tỷ lệ | K5: Tỷ lệ | M5: =MAX(V5,X5,Z5) -> 0.10667325 | U5: Hao hụt | V5: ='[1]1. Đại Lộc'!$O$334 -> 0.10096034 | X5: ='[1]2. Khánh Nga'!$O$39 -> 0.097733527 | Z5: ='[1]3. Đồng Lâm'!$O$344 -> 0.10667325
B6: 150000001 | C6: Chai PET xá | D6: 1000 | E6: =SUM(E7:E20) -> 1 | I6: =D6*$M$6 -> 9700000 | J6: =SUM(J7:J19) -> 1 | K6: =SUM(K7:K19) -> 1 | M6: 9700 | Q6: 3000 | V6: ='[3]3.CP_TAN'!$Q$78 -> 3684.4011 | X6: ='[3]3.CP_TAN'!$R$78 -> 2894.8843 | Z6: ='[3]3.CP_TAN'!$S$78 -> 2609.6553 | AB6: 10000
B7: 160000001 | C7: Chai PET B1.1 | D7: 540 | E7: 0.54 | F7: =D7 -> 540 | G7: 1.25 | H7: =F7*G7 -> 675 | I7: =$I$6/$H$21*H7 -> 6229781.2 | J7: =I7/$I$6 -> 0.64224548 | K7: =J7 -> 0.64224548 | L7: (4) = Tổng giá trị NVL /(Tổng số lượng TP quy đổi) * Sl Tp quy đổi. (5) = Giá trị nguyên liệu phân bổ cho thành phẩm quy đổi / Tổng giá trị nguyên liệu phân bổ cho thành phẩm quy đổi | M7: =ROUND($M$6+$M$6*$M$5+O7,-2) -> 14600 | N7: =M7/$M$21 -> 1.2863436 | O7: 3900 | P7: =I7/F7 -> 11536.632 | Q7: =$Q$6*K7 -> 1926.7364 | R7: =P7+Q7 -> 13463.368 | S7: =M7-R7 -> 1136.6318 | T7: =S7/M7 -> 0.077851492 | U7: ='[1]1. Đại Lộc'!B327 -> % Chai B1 | V7: ='[1]1. Đại Lộc'!O327 -> 0.65050165 | W7: ='[1]2. Khánh Nga'!B32 -> % Chai B1 | X7: ='[1]2. Khánh Nga'!O32 -> 0.5258354 | Y7: ='[1]3. Đồng Lâm'!B337 -> % Chai B1 | Z7: ='[1]3. Đồng Lâm'!O337 -> 0.50053443 | AB7: 14500 | AC7: 11200 | AE7: =T7*V7 -> 0.050642524 | AF7: =ROUND($M$6+$M$6*$M$5,-2) -> 10700
B8: 160000081 | C8: Chai PET B1.3 | F8: =D8 -> 0 | H8: =F8*G8 -> 0 | I8: =$I$6/$H$21*H8 -> 0 | J8: =I8/$I$6 -> 0 | K8: =J8 -> 0 | N8: =M8/$M$21 -> 0 | O8: =O7 -> 3900 | P8: =I8/F8 -> #DIV/0! | Q8: =$Q$6*K8 -> 0 | R8: =P8+Q8 -> #DIV/0! | S8: =M8-R8 -> #DIV/0! | T8: =S8/M8 -> #DIV/0! | AE8: =T8*V8 -> #DIV/0!
B9: 160000002 | C9: Chai PET B2.2 | D9: 30 | E9: 0.03 | F9: =D9 -> 30 | G9: 1.1 | H9: =F9*G9 -> 33 | I9: =$I$6/$H$21*H9 -> 304567.08 | J9: =I9/$I$6 -> 0.031398668 | K9: =J9 -> 0.031398668 | M9: =ROUND($M$6+$M$6*$M$5+O9,-2) -> 12700 | N9: =M9/$M$21 -> 1.1189427 | O9: 2000 | P9: =I9/F9 -> 10152.236 | Q9: =$Q$6*K9 -> 94.196004 | R9: =P9+Q9 -> 10246.432 | S9: =M9-R9 -> 2453.568 | T9: =S9/M9 -> 0.19319433 | U9: ='[1]1. Đại Lộc'!B328 -> % Chai B2.2 | V9: ='[1]1. Đại Lộc'!O328 -> 0.0053561787 | W9: ='[1]2. Khánh Nga'!B33 -> % Chai B2.2 | X9: ='[1]2. Khánh Nga'!O33 -> 0.078724377 | Y9: ='[1]3. Đồng Lâm'!B338 -> % Chai B2.2 | Z9: ='[1]3. Đồng Lâm'!O338 -> 0.08356034 | AE9: =T9*V9 -> 0.0010347834
B10: 160000063 | C10: Chai PET B4 | D10: 20 | E10: 0.02 | F10: =D10 -> 20 | G10: 1 | H10: =F10*G10 -> 20 | I10: =$I$6/$H$21*H10 -> 184586.11 | J10: =I10/$I$6 -> 0.019029496 | K10: =J10 -> 0.019029496 | M10: =ROUND($M$6+$M$6*$M$5+O10,-2) -> 11200 | N10: =M10/$M$21 -> 0.98678414 | O10: 500 | P10: =I10/F10 -> 9229.3054 | Q10: =$Q$6*K10 -> 57.088487 | R10: =P10+Q10 -> 9286.3939 | S10: =M10-R10 -> 1913.6061 | T10: =S10/M10 -> 0.17085769 | U10: ='[1]2. Khánh Nga'!B35 -> % Chai B4 | V10: ='[1]2. Khánh Nga'!O35 -> 0.014912634 | W10: ='[1]2. Khánh Nga'!B35 -> % Chai B4 | X10: ='[1]2. Khánh Nga'!O35 -> 0.014912634 | Y10: ='[1]3. Đồng Lâm'!B340 -> % Chai B4 | Z10: ='[1]3. Đồng Lâm'!O340 -> 0.019139602 | AE10: =T10*V10 -> 0.0025479381
B11: 160000004 | C11: Chai PET B5 | D11: 20 | E11: 0.02 | F11: =D11 -> 20 | G11: 1 | H11: =F11*G11 -> 20 | I11: =$I$6/$H$21*H11 -> 184586.11 | J11: =I11/$I$6 -> 0.019029496 | K11: =J11 -> 0.019029496 | M11: =ROUND($M$6+$M$6*$M$5+O11,-2) -> 11200 | N11: =M11/$M$21 -> 0.98678414 | O11: =O10 -> 500 | P11: =I11/F11 -> 9229.3054 | Q11: =$Q$6*K11 -> 57.088487 | R11: =P11+Q11 -> 9286.3939 | S11: =M11-R11 -> 1913.6061 | T11: =S11/M11 -> 0.17085769 | U11: ='[1]2. Khánh Nga'!B36 -> % Chai B5 | V11: ='[1]2. Khánh Nga'!O36 -> 0.019802359 | W11: ='[1]2. Khánh Nga'!B36 -> % Chai B5 | X11: ='[1]2. Khánh Nga'!O36 -> 0.019802359 | Y11: ='[1]3. Đồng Lâm'!B341 -> % Chai B5 | Z11: ='[1]3. Đồng Lâm'!O341 -> 0.010656982 | AE11: =T11*V11 -> 0.0033833852
C12: Chai PET B6.1 | F12: =D12 -> 0 | H12: =F12*G12 -> 0 | I12: =$I$6/$H$21*H12 -> 0 | J12: =I12/$I$6 -> 0 | K12: =J12 -> 0 | N12: =M12/$M$21 -> 0 | O12: =O8 -> 3900 | P12: =I12/F12 -> #DIV/0! | Q12: =$Q$6*K12 -> 0 | R12: =P12+Q12 -> #DIV/0! | S12: =M12-R12 -> #DIV/0! | T12: =S12/M12 -> #DIV/0! | AE12: =T12*V12 -> #DIV/0!
B13: 160000005 | C13: Chai PET B6.2 | D13: 270 | E13: 0.27 | F13: =D13 -> 270 | G13: 1.1 | H13: =F13*G13 -> 297 | I13: =$I$6/$H$21*H13 -> 2741103.7 | J13: =I13/$I$6 -> 0.28258801 | K13: =J13 -> 0.28258801 | M13: =ROUND($M$6+$M$6*$M$5+O13,-2) -> 12700 | N13: =M13/$M$21 -> 1.1189427 | O13: =O9 -> 2000 | P13: =I13/F13 -> 10152.236 | Q13: =$Q$6*K13 -> 847.76403 | R13: =P13+Q13 -> 11000 | S13: =M13-R13 -> 1700 | T13: =S13/M13 -> 0.13385827 | U13: ='[1]1. Đại Lộc'!B329 -> % Chai B6.2 | V13: ='[1]1. Đại Lộc'!O329 -> 0.19170632 | W13: ='[1]2. Khánh Nga'!B34 -> % Chai B6.2 | X13: ='[1]2. Khánh Nga'!O34 -> 0.23118717 | Y13: ='[1]3. Đồng Lâm'!B339 -> % Chai B6.2 | Z13: ='[1]3. Đồng Lâm'!O339 -> 0.26757253 | AE13: =T13*V13 -> 0.025661476
B14: 160000007 | C14: Nắp HD Ép Các Màu HDE-06 | D14: 10 | E14: 0.01 | F14: =D14 -> 10 | G14: 0.6 | H14: =F14*G14 -> 6 | I14: =$I$6/$H$21*H14 -> 55375.833 | J14: =I14/$I$6 -> 0.0057088487 | K14: =J14 -> 0.0057088487 | M14: =ROUND($M$6+$M$6*$M$5+O14,-2) -> 5700 | N14: =M14/$M$21 -> 0.50220264 | O14: -5000 | P14: =I14/F14 -> 5537.5833 | Q14: =$Q$6*K14 -> 17.126546 | R14: =P14+Q14 -> 5554.7098 | S14: =M14-R14 -> 145.2902 | T14: =S14/M14 -> 0.025489509 | U14: ='[1]2. Khánh Nga'!B37 -> % Nắp | V14: ='[1]2. Khánh Nga'!O37 -> 0.031786115 | W14: ='[1]2. Khánh Nga'!B37 -> % Nắp | X14: ='[1]2. Khánh Nga'!O37 -> 0.031786115 | Y14: ='[1]3. Đồng Lâm'!B342 -> % Nắp | Z14: ='[1]3. Đồng Lâm'!O342 -> 0.0029470813 | AE14: =T14*V14 -> 0.00081021245
C15: Chai PET B7.1 | E15: 0 | N15: =M15/$M$21 -> 0 | P15: =I15/F15 -> #DIV/0! | Q15: =$Q$6*K15 -> 0 | R15: =P15+Q15 -> #DIV/0! | S15: =M15-R15 -> #DIV/0! | T15: =S15/M15 -> #DIV/0! | AE15: =T15*V15 -> #DIV/0!
B16: 160000084 | C16: Chai PET B7.2 | E16: 0 | N16: =M16/$M$21 -> 0 | O16: -1000 | P16: =I16/F16 -> #DIV/0! | Q16: =$Q$6*K16 -> 0 | R16: =P16+Q16 -> #DIV/0! | S16: =M16-R16 -> #DIV/0! | T16: =S16/M16 -> #DIV/0! | U16: ='[1]2. Khánh Nga'!B38 -> % Chai B7.2 | V16: ='[1]2. Khánh Nga'!O38 -> 1.842727e-05 | W16: ='[1]2. Khánh Nga'!B38 -> % Chai B7.2 | X16: ='[1]2. Khánh Nga'!O38 -> 1.842727e-05 | Y16: ='[1]3. Đồng Lâm'!B343 -> % Phó sản | Z16: ='[1]3. Đồng Lâm'!O343 -> 0.0089157794
B17: 160000062 | C17: Cổ Chai PET | E17: 0 | N17: =M17/$M$21 -> 0 | O17: 2000 | P17: =I17/F17 -> #DIV/0! | Q17: =$Q$6*K17 -> 0 | R17: =P17+Q17 -> #DIV/0! | S17: =M17-R17 -> #DIV/0! | T17: =S17/M17 -> #DIV/0!
B18: 160000006 | C18: Hao Hụt - Tạp chất | D18: 10 | E18: 0.01 | P18: =I18/F18 -> #DIV/0! | Q18: =$Q$6*K18 -> 0 | R18: =P18+Q18 -> #DIV/0! | S18: =M18-R18 -> #DIV/0! | T18: =S18/M18 -> #DIV/0!
B19: 800000006 | C19: Hao hụt - nhãn chai PET | D19: 60 | E19: 0.06 | P19: =I19/F19 -> #DIV/0! | Q19: =$Q$6*K19 -> 0 | R19: =P19+Q19 -> #DIV/0! | S19: =M19-R19 -> #DIV/0! | T19: =S19/M19 -> #DIV/0!
C20: Hao hụt vô hình | D20: =D6-SUM(D7:D19) -> 40 | E20: 0.04 | P20: =I20/F20 -> #DIV/0! | Q20: =$Q$6*K20 -> 0 | R20: =P20+Q20 -> #DIV/0! | S20: =M20-R20 -> #DIV/0! | T20: =S20/M20 -> #DIV/0!
C21: TỔNG | D21: =SUM(D7:D20) -> 1000 | E21: =SUM(E7:E20) -> 1 | F21: =SUM(F7:F20) -> 890 | G21: =SUM(G7:G20) -> 6.05 | H21: =SUM(H7:H20) -> 1051 | I21: =SUM(I7:I20) -> 9700000 | M21: =AVERAGE(M7:M19) -> 11350 | P21: =I21/F21 -> 10898.876 | T21: =S21/M21 -> 0
P22: =10000/(F21/1000)-P21 -> 337.07865
B24: II. | C24: CÔNG ĐOẠN BĂM CHAI B6.2 | D24: BOM - KẾ HOẠCH | F24: Sản lượng thành phẩm thực tế | G24: Hệ số quy đổi | H24: Sản lượng thành phẩm quy đổi | I24: Giá trị nguyên liệu phân bổ cho thành phẩm quy đổi | J24: Settlement rule - BOM | K24: Settlement rule - ROUTING | L24: Ghi chú | M24: Giá bán hiện tại | N24: Hệ số quy đổi giá bán
D25: Số lượng | E25: Tỷ lệ | F25: (1) | G25: (2) | H25: (3)= (1)*(2) | I25: (4) | J25: Tỷ lệ | K25: Tỷ lệ
B26: 160000005 | C26: Chai PET B6.2 | D26: 600 | F26: =SUM(F27:F31) -> 1080 | G26: =SUM(G27:G31) -> 4.1 | I26: =I13/F13*D26 -> 6091341.6
B27: 160000027 | C27: Vảy PET B6.2_A6 | D27: =D26*E27 -> 510 | E27: 0.85 | F27: =D27 -> 510 | G27: 1.35 | H27: =F27*G27 -> 688.5 | I27: =$I$26/$H$31*H27 -> 5911048.2 | J27: =I27/$I$26 -> 0.97040169 | K27: =J27 -> 0.97040169 | L27: (4) = Tổng giá trị NVL /(Tổng số lượng TP quy đổi) * Sl Tp quy đổi. (5) = Giá trị nguyên liệu phân bổ cho thành phẩm quy đổi / Tổng giá trị nguyên liệu phân bổ cho thành phẩm quy đổi | M27: =ROUND($M$13+O27,-2) -> 15200 | N27: =M27/$M$31 -> 1.2991453 | O27: =O9+500 -> 2500
B28: 160000059 | C28: Vảy nắp hỗn hợp B6.2 | D28: =D26*E28 -> 30 | E28: 0.05 | F28: =D28 -> 30 | G28: 0.7 | H28: =F28*G28 -> 21 | I28: =$I$26/$H$31*H28 -> 180293.41 | J28: =I28/$I$26 -> 0.029598309 | K28: =J28 -> 0.029598309 | M28: =ROUND($M$14+O28,-2) -> 8200 | N28: =M28/$M$31 -> 0.7008547 | O28: =O27 -> 2500
C29: Phó sản bụi cám | D29: =D26*5% -> 30
C30: Hao hụt vô hình | D30: =D26*5% -> 30
C31: TỔNG | D31: =SUM(D27:D30) -> 600 | F31: =SUM(F27:F30) -> 540 | G31: =SUM(G27:G30) -> 2.05 | H31: =SUM(H27:H30) -> 709.5 | M31: =AVERAGE(M27:M30) -> 11700
C33: Vảy PET_A5.1 mua ngoài | AB33: 16300

Sheet BOM (3NS26)
B2: BẢNG TÍNH SETTLEMENT RULE BOM - ROUTING (co-product)
M3: Hide
B4: I. | C4: CÔNG ĐOẠN PHÂN LOẠI CHAI | D4: BOM - KẾ HOẠCH | F4: Sản lượng thành phẩm thực tế | G4: Hệ số quy đổi | H4: Sản lượng thành phẩm quy đổi | I4: Giá trị nguyên liệu phân bổ cho thành phẩm quy đổi | J4: Settlement rule - BOM | K4: Settlement rule - ROUTING | L4: Ghi chú | M4: Giá bán hiện tại | N4: Hệ số quy đổi giá bán | O4: Gap (đảm bảo chi phí và lợi nhuận) | P4: GT NVL | Q4: CFSX | R4: GT SP Trạm | S4: LG | T4: % | V4: Đlộc | X4: KN | Z4: ĐLâm | AB4: Giá thị trường
D5: Số lượng | E5: Tỷ lệ | F5: (1) | G5: (2) | H5: (3)= (1)*(2) | I5: (4) | J5: Tỷ lệ | K5: Tỷ lệ | M5: =MAX(V5,X5,Z5) -> 0.10667325 | U5: Hao hụt | V5: ='[1]1. Đại Lộc'!$O$334 -> 0.10096034 | X5: ='[1]2. Khánh Nga'!$O$39 -> 0.097733527 | Z5: ='[1]3. Đồng Lâm'!$O$344 -> 0.10667325
B6: 150000001 | C6: Chai PET xá | D6: 1000 | E6: =SUM(E7:E20) -> 1 | I6: =D6*10000 -> 10000000 | J6: =SUM(J7:J19) -> 1 | K6: =SUM(K7:K19) -> 1 | Q6: 3000 | V6: ='[2]3.CP_TAN'!$Q$78*1000 -> 3684.4011 | X6: ='[2]3.CP_TAN'!$R$78*1000 -> 2894.8843 | Z6: ='[2]3.CP_TAN'!$S$78*1000 -> 2609.6553 | AB6: 10000
B7: 160000001 | C7: Chai PET B1.1 | D7: 540 | E7: 0.54 | F7: =D7 -> 540 | G7: 1.25 | H7: =F7*G7 -> 675 | I7: =$I$6/$H$21*H7 -> 6422454.8 | J7: =I7/$I$6 -> 0.64224548 | K7: =J7 -> 0.64224548 | L7: (4) = Tổng giá trị NVL /(Tổng số lượng TP quy đổi) * Sl Tp quy đổi. (5) = Giá trị nguyên liệu phân bổ cho thành phẩm quy đổi / Tổng giá trị nguyên liệu phân bổ cho thành phẩm quy đổi | M7: =ROUND(10000+10000*$M$5+O7,-2) -> 15000 | N7: =M7/$M$21 -> 1.2875536 | O7: 3900 | P7: =I7/F7 -> 11893.435 | Q7: =$Q$6*K7 -> 1926.7364 | R7: =P7+Q7 -> 13820.171 | S7: =M7-R7 -> 1179.8287 | T7: =S7/M7 -> 0.078655249 | U7: ='[1]1. Đại Lộc'!B327 -> % Chai B1 | V7: ='[1]1. Đại Lộc'!O327 -> 0.65050165 | W7: ='[1]2. Khánh Nga'!B32 -> % Chai B1 | X7: ='[1]2. Khánh Nga'!O32 -> 0.5258354 | Y7: ='[1]3. Đồng Lâm'!B337 -> % Chai B1 | Z7: ='[1]3. Đồng Lâm'!O337 -> 0.50053443 | AB7: 14500 | AC7: 11200 | AE7: =T7*V7 -> 0.051165369
B8: 160000081 | C8: Chai PET B1.3 | F8: =D8 -> 0 | H8: =F8*G8 -> 0 | I8: =$I$6/$H$21*H8 -> 0 | J8: =I8/$I$6 -> 0 | K8: =J8 -> 0 | N8: =M8/$M$21 -> 0 | O8: =O7 -> 3900 | P8: =I8/F8 -> #DIV/0! | Q8: =$Q$6*K8 -> 0 | R8: =P8+Q8 -> #DIV/0! | S8: =M8-R8 -> #DIV/0! | T8: =S8/M8 -> #DIV/0! | AE8: =T8*V8 -> #DIV/0!
B9: 160000002 | C9: Chai PET B2.2 | D9: 30 | E9: 0.03 | F9: =D9 -> 30 | G9: 1.1 | H9: =F9*G9 -> 33 | I9: =$I$6/$H$21*H9 -> 313986.68 | J9: =I9/$I$6 -> 0.031398668 | K9: =J9 -> 0.031398668 | M9: =ROUND(10000+10000*$M$5%+2000,-2) -> 12000 | N9: =M9/$M$21 -> 1.0300429 | O9: 2000 | P9: =I9/F9 -> 10466.223 | Q9: =$Q$6*K9 -> 94.196004 | R9: =P9+Q9 -> 10560.419 | S9: =M9-R9 -> 1439.5814 | T9: =S9/M9 -> 0.11996511 | U9: ='[1]1. Đại Lộc'!B328 -> % Chai B2.2 | V9: ='[1]1. Đại Lộc'!O328 -> 0.0053561787 | W9: ='[1]2. Khánh Nga'!B33 -> % Chai B2.2 | X9: ='[1]2. Khánh Nga'!O33 -> 0.078724377 | Y9: ='[1]3. Đồng Lâm'!B338 -> % Chai B2.2 | Z9: ='[1]3. Đồng Lâm'!O338 -> 0.08356034 | AE9: =T9*V9 -> 0.00064255458
B10: 160000063 | C10: Chai PET B4 | D10: 20 | E10: 0.02 | F10: =D10 -> 20 | G10: 1 | H10: =F10*G10 -> 20 | I10: =$I$6/$H$21*H10 -> 190294.96 | J10: =I10/$I$6 -> 0.019029496 | K10: =J10 -> 0.019029496 | M10: =ROUND(10000+10000*$M$5+500,-2) -> 11600 | N10: =M10/$M$21 -> 0.99570815 | O10: 500 | P10: =I10/F10 -> 9514.7479 | Q10: =$Q$6*K10 -> 57.088487 | R10: =P10+Q10 -> 9571.8363 | S10: =M10-R10 -> 2028.1637 | T10: =S10/M10 -> 0.17484169 | U10: ='[1]2. Khánh Nga'!B35 -> % Chai B4 | V10: ='[1]2. Khánh Nga'!O35 -> 0.014912634 | W10: ='[1]2. Khánh Nga'!B35 -> % Chai B4 | X10: ='[1]2. Khánh Nga'!O35 -> 0.014912634 | Y10: ='[1]3. Đồng Lâm'!B340 -> % Chai B4 | Z10: ='[1]3. Đồng Lâm'!O340 -> 0.019139602 | AE10: =T10*V10 -> 0.0026073502
B11: 160000004 | C11: Chai PET B5 | D11: 20 | E11: 0.02 | F11: =D11 -> 20 | G11: 1 | H11: =F11*G11 -> 20 | I11: =$I$6/$H$21*H11 -> 190294.96 | J11: =I11/$I$6 -> 0.019029496 | K11: =J11 -> 0.019029496 | M11: =ROUND(10000+10000*$M$5+500,-2) -> 11600 | N11: =M11/$M$21 -> 0.99570815 | O11: =O10 -> 500 | P11: =I11/F11 -> 9514.7479 | Q11: =$Q$6*K11 -> 57.088487 | R11: =P11+Q11 -> 9571.8363 | S11: =M11-R11 -> 2028.1637 | T11: =S11/M11 -> 0.17484169 | U11: ='[1]2. Khánh Nga'!B36 -> % Chai B5 | V11: ='[1]2. Khánh Nga'!O36 -> 0.019802359 | W11: ='[1]2. Khánh Nga'!B36 -> % Chai B5 | X11: ='[1]2. Khánh Nga'!O36 -> 0.019802359 | Y11: ='[1]3. Đồng Lâm'!B341 -> % Chai B5 | Z11: ='[1]3. Đồng Lâm'!O341 -> 0.010656982 | AE11: =T11*V11 -> 0.0034622779
C12: Chai PET B6.1 | F12: =D12 -> 0 | H12: =F12*G12 -> 0 | I12: =$I$6/$H$21*H12 -> 0 | J12: =I12/$I$6 -> 0 | K12: =J12 -> 0 | N12: =M12/$M$21 -> 0 | O12: =O8 -> 3900 | P12: =I12/F12 -> #DIV/0! | Q12: =$Q$6*K12 -> 0 | R12: =P12+Q12 -> #DIV/0! | S12: =M12-R12 -> #DIV/0! | T12: =S12/M12 -> #DIV/0! | AE12: =T12*V12 -> #DIV/0!
B13: 160000005 | C13: Chai PET B6.2 | D13: 270 | E13: 0.27 | F13: =D13 -> 270 | G13: 1.1 | H13: =F13*G13 -> 297 | I13: =$I$6/$H$21*H13 -> 2825880.1 | J13: =I13/$I$6 -> 0.28258801 | K13: =J13 -> 0.28258801 | M13: =ROUND(10000+10000*$M$5+2500,-2) -> 13600 | N13: =M13/$M$21 -> 1.167382 | O13: =O9 -> 2000 | P13: =I13/F13 -> 10466.223 | Q13: =$Q$6*K13 -> 847.76403 | R13: =P13+Q13 -> 11313.987 | S13: =M13-R13 -> 2286.0133 | T13: =S13/M13 -> 0.16808921 | U13: ='[1]1. Đại Lộc'!B329 -> % Chai B6.2 | V13: ='[1]1. Đại Lộc'!O329 -> 0.19170632 | W13: ='[1]2. Khánh Nga'!B34 -> % Chai B6.2 | X13: ='[1]2. Khánh Nga'!O34 -> 0.23118717 | Y13: ='[1]3. Đồng Lâm'!B339 -> % Chai B6.2 | Z13: ='[1]3. Đồng Lâm'!O339 -> 0.26757253 | AE13: =T13*V13 -> 0.032223765
B14: 160000007 | C14: Nắp HD Ép Các Màu HDE-06 | D14: 10 | E14: 0.01 | F14: =D14 -> 10 | G14: 0.6 | H14: =F14*G14 -> 6 | I14: =$I$6/$H$21*H14 -> 57088.487 | J14: =I14/$I$6 -> 0.0057088487 | K14: =J14 -> 0.0057088487 | M14: =ROUND(10000+10000*$M$5-5000,-2) -> 6100 | N14: =M14/$M$21 -> 0.52360515 | O14: -5000 | P14: =I14/F14 -> 5708.8487 | Q14: =$Q$6*K14 -> 17.126546 | R14: =P14+Q14 -> 5725.9753 | S14: =M14-R14 -> 374.02474 | T14: =S14/M14 -> 0.061315531 | U14: ='[1]2. Khánh Nga'!B37 -> % Nắp | V14: ='[1]2. Khánh Nga'!O37 -> 0.031786115 | W14: ='[1]2. Khánh Nga'!B37 -> % Nắp | X14: ='[1]2. Khánh Nga'!O37 -> 0.031786115 | Y14: ='[1]3. Đồng Lâm'!B342 -> % Nắp | Z14: ='[1]3. Đồng Lâm'!O342 -> 0.0029470813 | AE14: =T14*V14 -> 0.0019489825
C15: Chai PET B7.1 | E15: 0 | N15: =M15/$M$21 -> 0 | P15: =I15/F15 -> #DIV/0! | Q15: =$Q$6*K15 -> 0 | R15: =P15+Q15 -> #DIV/0! | S15: =M15-R15 -> #DIV/0! | T15: =S15/M15 -> #DIV/0! | AE15: =T15*V15 -> #DIV/0!
B16: 160000084 | C16: Chai PET B7.2 | E16: 0 | N16: =M16/$M$21 -> 0 | O16: -1000 | P16: =I16/F16 -> #DIV/0! | Q16: =$Q$6*K16 -> 0 | R16: =P16+Q16 -> #DIV/0! | S16: =M16-R16 -> #DIV/0! | T16: =S16/M16 -> #DIV/0! | U16: ='[1]2. Khánh Nga'!B38 -> % Chai B7.2 | V16: ='[1]2. Khánh Nga'!O38 -> 1.842727e-05 | W16: ='[1]2. Khánh Nga'!B38 -> % Chai B7.2 | X16: ='[1]2. Khánh Nga'!O38 -> 1.842727e-05 | Y16: ='[1]3. Đồng Lâm'!B343 -> % Phó sản | Z16: ='[1]3. Đồng Lâm'!O343 -> 0.0089157794
B17: 160000062 | C17: Cổ Chai PET | E17: 0 | N17: =M17/$M$21 -> 0 | O17: 2000 | P17: =I17/F17 -> #DIV/0! | Q17: =$Q$6*K17 -> 0 | R17: =P17+Q17 -> #DIV/0! | S17: =M17-R17 -> #DIV/0! | T17: =S17/M17 -> #DIV/0!
B18: 160000006 | C18: Hao Hụt - Tạp chất | D18: 10 | E18: 0.01 | P18: =I18/F18 -> #DIV/0! | Q18: =$Q$6*K18 -> 0 | R18: =P18+Q18 -> #DIV/0! | S18: =M18-R18 -> #DIV/0! | T18: =S18/M18 -> #DIV/0!
B19: 800000006 | C19: Hao hụt - nhãn chai PET | D19: 60 | E19: 0.06 | P19: =I19/F19 -> #DIV/0! | Q19: =$Q$6*K19 -> 0 | R19: =P19+Q19 -> #DIV/0! | S19: =M19-R19 -> #DIV/0! | T19: =S19/M19 -> #DIV/0!
C20: Hao hụt vô hình | D20: =D6-SUM(D7:D19) -> 40 | E20: 0.04 | P20: =I20/F20 -> #DIV/0! | Q20: =$Q$6*K20 -> 0 | R20: =P20+Q20 -> #DIV/0! | S20: =M20-R20 -> #DIV/0! | T20: =S20/M20 -> #DIV/0!
C21: TỔNG | D21: =SUM(D7:D20) -> 1000 | E21: =SUM(E7:E20) -> 1 | F21: =SUM(F7:F20) -> 890 | G21: =SUM(G7:G20) -> 6.05 | H21: =SUM(H7:H20) -> 1051 | I21: =SUM(I7:I20) -> 10000000 | M21: =AVERAGE(M7:M19) -> 11650 | P21: =I21/F21 -> 11235.955 | T21: =S21/M21 -> 0
P22: =10000/(F21/1000)-P21 -> 0
B24: II. | C24: CÔNG ĐOẠN BĂM CHAI B6.2 | D24: BOM - KẾ HOẠCH | F24: Sản lượng thành phẩm thực tế | G24: Hệ số quy đổi | H24: Sản lượng thành phẩm quy đổi | I24: Giá trị nguyên liệu phân bổ cho thành phẩm quy đổi | J24: Settlement rule - BOM | K24: Settlement rule - ROUTING | L24: Ghi chú | M24: Giá bán hiện tại | N24: Hệ số quy đổi giá bán
D25: Số lượng | E25: Tỷ lệ | F25: (1) | G25: (2) | H25: (3)= (1)*(2) | I25: (4) | J25: Tỷ lệ | K25: Tỷ lệ
B26: 160000005 | C26: Chai PET B6.2 | D26: 600 | F26: =SUM(F27:F31) -> 1080 | G26: =SUM(G27:G31) -> 4.1 | I26: =I13/F13*D26 -> 6279733.6
B27: 160000027 | C27: Vảy PET B6.2_A6 | D27: =D26*E27 -> 510 | E27: 0.85 | F27: =D27 -> 510 | G27: 1.35 | H27: =F27*G27 -> 688.5 | I27: =$I$26/$H$31*H27 -> 6093864.1 | J27: =I27/$I$26 -> 0.97040169 | K27: =J27 -> 0.97040169 | L27: (4) = Tổng giá trị NVL /(Tổng số lượng TP quy đổi) * Sl Tp quy đổi. (5) = Giá trị nguyên liệu phân bổ cho thành phẩm quy đổi / Tổng giá trị nguyên liệu phân bổ cho thành phẩm quy đổi | M27: =ROUND($M$13+O27,-2) -> 16100 | N27: =M27/$M$31 -> 1.3036437 | O27: =O9+500 -> 2500
B28: 160000059 | C28: Vảy nắp hỗn hợp B6.2 | D28: =D26*E28 -> 30 | E28: 0.05 | F28: =D28 -> 30 | G28: 0.7 | H28: =F28*G28 -> 21 | I28: =$I$26/$H$31*H28 -> 185869.49 | J28: =I28/$I$26 -> 0.029598309 | K28: =J28 -> 0.029598309 | M28: =ROUND($M$14+O28,-2) -> 8600 | N28: =M28/$M$31 -> 0.69635628 | O28: =O27 -> 2500
C29: Phó sản bụi cám | D29: =D26*5% -> 30
C30: Hao hụt vô hình | D30: =D26*5% -> 30
C31: TỔNG | D31: =SUM(D27:D30) -> 600 | F31: =SUM(F27:F30) -> 540 | G31: =SUM(G27:G30) -> 2.05 | H31: =SUM(H27:H30) -> 709.5 | M31: =AVERAGE(M27:M30) -> 12350
C33: Vảy PET_A5.1 mua ngoài | AB33: 16300

Sheet BOM (DLoc)
B2: BẢNG TÍNH SETTLEMENT RULE BOM - ROUTING (co-product)
M3: Hide
B4: I. | C4: CÔNG ĐOẠN PHÂN LOẠI CHAI | D4: BOM - KẾ HOẠCH | F4: Sản lượng thành phẩm thực tế | G4: Hệ số quy đổi | H4: Sản lượng thành phẩm quy đổi | I4: Giá trị nguyên liệu phân bổ cho thành phẩm quy đổi | J4: Settlement rule - BOM | K4: Settlement rule - ROUTING | L4: Ghi chú | M4: Giá bán hiện tại | N4: Hệ số quy đổi giá bán | O4: Gap (đảm bảo chi phí và lợi nhuận) | P4: GT NVL | Q4: CFSX | R4: GT SP Trạm | S4: LG | T4: % | V4: Đlộc | X4: KN | Z4: ĐLâm | AB4: Giá thị trường
D5: Số lượng | E5: Tỷ lệ | F5: (1) | G5: (2) | H5: (3)= (1)*(2) | I5: (4) | J5: Tỷ lệ | K5: Tỷ lệ | M5: =V5 -> 0.10096034 | U5: Hao hụt | V5: ='[1]1. Đại Lộc'!$O$334 -> 0.10096034 | X5: ='[1]2. Khánh Nga'!$O$39 -> 0.097733527 | Z5: ='[1]3. Đồng Lâm'!$O$344 -> 0.10667325
B6: 150000001 | C6: Chai PET xá | D6: 1000 | E6: =SUM(E7:E20) -> 1 | I6: =D6*9500 -> 9500000 | J6: =SUM(J7:J19) -> 1 | K6: =SUM(K7:K19) -> 1 | Q6: =V6 -> 3684.4011 | V6: ='[2]3.CP_TAN'!$Q$78*1000 -> 3684.4011 | X6: ='[2]3.CP_TAN'!$R$78*1000 -> 2894.8843 | Z6: ='[2]3.CP_TAN'!$S$78*1000 -> 2609.6553 | AB6: 10000
B7: 160000001 | C7: Chai PET B1.1 | D7: 540 | E7: 0.54 | F7: =D7 -> 540 | G7: 1.25 | H7: =F7*G7 -> 675 | I7: =$I$6/$H$21*H7 -> 6101332.1 | J7: =I7/$I$6 -> 0.64224548 | K7: =J7 -> 0.64224548 | L7: (4) = Tổng giá trị NVL /(Tổng số lượng TP quy đổi) * Sl Tp quy đổi. (5) = Giá trị nguyên liệu phân bổ cho thành phẩm quy đổi / Tổng giá trị nguyên liệu phân bổ cho thành phẩm quy đổi | M7: =ROUND(10000+10000*$M$5+O7,-2) -> 14500 | N7: =M7/$M$21 -> 1.2608696 | O7: 3500 | P7: =I7/F7 -> 11298.763 | Q7: =$Q$6*K7 -> 2366.2899 | R7: =P7+Q7 -> 13665.053 | S7: =M7-R7 -> 834.94697 | T7: =S7/M7 -> 0.05758255 | U7: ='[1]1. Đại Lộc'!B327 -> % Chai B1 | V7: ='[1]1. Đại Lộc'!O327 -> 0.65050165 | W7: ='[1]2. Khánh Nga'!B32 -> % Chai B1 | X7: ='[1]2. Khánh Nga'!O32 -> 0.5258354 | Y7: ='[1]3. Đồng Lâm'!B337 -> % Chai B1 | Z7: ='[1]3. Đồng Lâm'!O337 -> 0.50053443 | AB7: 14500 | AC7: 11200 | AE7: =T7*V7 -> 0.037457544
B8: 160000081 | C8: Chai PET B1.3 | F8: =D8 -> 0 | H8: =F8*G8 -> 0 | I8: =$I$6/$H$21*H8 -> 0 | J8: =I8/$I$6 -> 0 | K8: =J8 -> 0 | N8: =M8/$M$21 -> 0 | O8: =O7 -> 3500 | P8: =I8/F8 -> #DIV/0! | Q8: =$Q$6*K8 -> 0 | R8: =P8+Q8 -> #DIV/0! | S8: =M8-R8 -> #DIV/0! | T8: =S8/M8 -> #DIV/0! | AE8: =T8*V8 -> #DIV/0!
B9: 160000002 | C9: Chai PET B2.2 | D9: 30 | E9: 0.03 | F9: =D9 -> 30 | G9: 1.1 | H9: =F9*G9 -> 33 | I9: =$I$6/$H$21*H9 -> 298287.35 | J9: =I9/$I$6 -> 0.031398668 | K9: =J9 -> 0.031398668 | M9: =ROUND(10000+10000*$M$5%+2000,-2) -> 12000 | N9: =M9/$M$21 -> 1.0434783 | O9: 2000 | P9: =I9/F9 -> 9942.9115 | Q9: =$Q$6*K9 -> 115.68529 | R9: =P9+Q9 -> 10058.597 | S9: =M9-R9 -> 1941.4032 | T9: =S9/M9 -> 0.1617836 | U9: ='[1]1. Đại Lộc'!B328 -> % Chai B2.2 | V9: ='[1]1. Đại Lộc'!O328 -> 0.0053561787 | W9: ='[1]2. Khánh Nga'!B33 -> % Chai B2.2 | X9: ='[1]2. Khánh Nga'!O33 -> 0.078724377 | Y9: ='[1]3. Đồng Lâm'!B338 -> % Chai B2.2 | Z9: ='[1]3. Đồng Lâm'!O338 -> 0.08356034 | AE9: =T9*V9 -> 0.00086654187
B10: 160000063 | C10: Chai PET B4 | D10: 20 | E10: 0.02 | F10: =D10 -> 20 | G10: 1 | H10: =F10*G10 -> 20 | I10: =$I$6/$H$21*H10 -> 180780.21 | J10: =I10/$I$6 -> 0.019029496 | K10: =J10 -> 0.019029496 | M10: =ROUND(10000+10000*$M$5+500,-2) -> 11500 | N10: =M10/$M$21 -> 1 | O10: 500 | P10: =I10/F10 -> 9039.0105 | Q10: =$Q$6*K10 -> 70.112295 | R10: =P10+Q10 -> 9109.1228 | S10: =M10-R10 -> 2390.8772 | T10: =S10/M10 -> 0.20790237 | U10: ='[1]2. Khánh Nga'!B35 -> % Chai B4 | V10: ='[1]2. Khánh Nga'!O35 -> 0.014912634 | W10: ='[1]2. Khánh Nga'!B35 -> % Chai B4 | X10: ='[1]2. Khánh Nga'!O35 -> 0.014912634 | Y10: ='[1]3. Đồng Lâm'!B340 -> % Chai B4 | Z10: ='[1]3. Đồng Lâm'!O340 -> 0.019139602 | AE10: =T10*V10 -> 0.0031003719
B11: 160000004 | C11: Chai PET B5 | D11: 20 | E11: 0.02 | F11: =D11 -> 20 | G11: 1 | H11: =F11*G11 -> 20 | I11: =$I$6/$H$21*H11 -> 180780.21 | J11: =I11/$I$6 -> 0.019029496 | K11: =J11 -> 0.019029496 | M11: =ROUND(10000+10000*$M$5+500,-2) -> 11500 | N11: =M11/$M$21 -> 1 | O11: =O10 -> 500 | P11: =I11/F11 -> 9039.0105 | Q11: =$Q$6*K11 -> 70.112295 | R11: =P11+Q11 -> 9109.1228 | S11: =M11-R11 -> 2390.8772 | T11: =S11/M11 -> 0.20790237 | U11: ='[1]2. Khánh Nga'!B36 -> % Chai B5 | V11: ='[1]2. Khánh Nga'!O36 -> 0.019802359 | W11: ='[1]2. Khánh Nga'!B36 -> % Chai B5 | X11: ='[1]2. Khánh Nga'!O36 -> 0.019802359 | Y11: ='[1]3. Đồng Lâm'!B341 -> % Chai B5 | Z11: ='[1]3. Đồng Lâm'!O341 -> 0.010656982 | AE11: =T11*V11 -> 0.0041169573
C12: Chai PET B6.1 | F12: =D12 -> 0 | H12: =F12*G12 -> 0 | I12: =$I$6/$H$21*H12 -> 0 | J12: =I12/$I$6 -> 0 | K12: =J12 -> 0 | N12: =M12/$M$21 -> 0 | O12: =O8 -> 3500 | P12: =I12/F12 -> #DIV/0! | Q12: =$Q$6*K12 -> 0 | R12: =P12+Q12 -> #DIV/0! | S12: =M12-R12 -> #DIV/0! | T12: =S12/M12 -> #DIV/0! | AE12: =T12*V12 -> #DIV/0!
B13: 160000005 | C13: Chai PET B6.2 | D13: 270 | E13: 0.27 | F13: =D13 -> 270 | G13: 1.1 | H13: =F13*G13 -> 297 | I13: =$I$6/$H$21*H13 -> 2684586.1 | J13: =I13/$I$6 -> 0.28258801 | K13: =J13 -> 0.28258801 | M13: =ROUND(10000+10000*$M$5+2500,-2) -> 13500 | N13: =M13/$M$21 -> 1.173913 | O13: =O9 -> 2000 | P13: =I13/F13 -> 9942.9115 | Q13: =$Q$6*K13 -> 1041.1676 | R13: =P13+Q13 -> 10984.079 | S13: =M13-R13 -> 2515.9209 | T13: =S13/M13 -> 0.18636451 | U13: ='[1]1. Đại Lộc'!B329 -> % Chai B6.2 | V13: ='[1]1. Đại Lộc'!O329 -> 0.19170632 | W13: ='[1]2. Khánh Nga'!B34 -> % Chai B6.2 | X13: ='[1]2. Khánh Nga'!O34 -> 0.23118717 | Y13: ='[1]3. Đồng Lâm'!B339 -> % Chai B6.2 | Z13: ='[1]3. Đồng Lâm'!O339 -> 0.26757253 | AE13: =T13*V13 -> 0.035727255
B14: 160000007 | C14: Nắp HD Ép Các Màu HDE-06 | D14: 10 | E14: 0.01 | F14: =D14 -> 10 | G14: 0.6 | H14: =F14*G14 -> 6 | I14: =$I$6/$H$21*H14 -> 54234.063 | J14: =I14/$I$6 -> 0.0057088487 | K14: =J14 -> 0.0057088487 | M14: =ROUND(10000+10000*$M$5-5000,-2) -> 6000 | N14: =M14/$M$21 -> 0.52173913 | O14: -5000 | P14: =I14/F14 -> 5423.4063 | Q14: =$Q$6*K14 -> 21.033688 | R14: =P14+Q14 -> 5444.44 | S14: =M14-R14 -> 555.56003 | T14: =S14/M14 -> 0.092593339 | U14: ='[1]2. Khánh Nga'!B37 -> % Nắp | V14: ='[1]2. Khánh Nga'!O37 -> 0.031786115 | W14: ='[1]2. Khánh Nga'!B37 -> % Nắp | X14: ='[1]2. Khánh Nga'!O37 -> 0.031786115 | Y14: ='[1]3. Đồng Lâm'!B342 -> % Nắp | Z14: ='[1]3. Đồng Lâm'!O342 -> 0.0029470813 | AE14: =T14*V14 -> 0.0029431825
C15: Chai PET B7.1 | E15: 0 | N15: =M15/$M$21 -> 0 | P15: =I15/F15 -> #DIV/0! | Q15: =$Q$6*K15 -> 0 | R15: =P15+Q15 -> #DIV/0! | S15: =M15-R15 -> #DIV/0! | T15: =S15/M15 -> #DIV/0! | AE15: =T15*V15 -> #DIV/0!
B16: 160000084 | C16: Chai PET B7.2 | E16: 0 | N16: =M16/$M$21 -> 0 | O16: -1000 | P16: =I16/F16 -> #DIV/0! | Q16: =$Q$6*K16 -> 0 | R16: =P16+Q16 -> #DIV/0! | S16: =M16-R16 -> #DIV/0! | T16: =S16/M16 -> #DIV/0! | U16: ='[1]2. Khánh Nga'!B38 -> % Chai B7.2 | V16: ='[1]2. Khánh Nga'!O38 -> 1.842727e-05 | W16: ='[1]2. Khánh Nga'!B38 -> % Chai B7.2 | X16: ='[1]2. Khánh Nga'!O38 -> 1.842727e-05 | Y16: ='[1]3. Đồng Lâm'!B343 -> % Phó sản | Z16: ='[1]3. Đồng Lâm'!O343 -> 0.0089157794
B17: 160000062 | C17: Cổ Chai PET | E17: 0 | N17: =M17/$M$21 -> 0 | O17: 2000 | P17: =I17/F17 -> #DIV/0! | Q17: =$Q$6*K17 -> 0 | R17: =P17+Q17 -> #DIV/0! | S17: =M17-R17 -> #DIV/0! | T17: =S17/M17 -> #DIV/0!
B18: 160000006 | C18: Hao Hụt - Tạp chất | D18: 10 | E18: 0.01 | P18: =I18/F18 -> #DIV/0! | Q18: =$Q$6*K18 -> 0 | R18: =P18+Q18 -> #DIV/0! | S18: =M18-R18 -> #DIV/0! | T18: =S18/M18 -> #DIV/0!
B19: 800000006 | C19: Hao hụt - nhãn chai PET | D19: 60 | E19: 0.06 | P19: =I19/F19 -> #DIV/0! | Q19: =$Q$6*K19 -> 0 | R19: =P19+Q19 -> #DIV/0! | S19: =M19-R19 -> #DIV/0! | T19: =S19/M19 -> #DIV/0!
C20: Hao hụt vô hình | D20: =D6-SUM(D7:D19) -> 40 | E20: 0.04 | P20: =I20/F20 -> #DIV/0! | Q20: =$Q$6*K20 -> 0 | R20: =P20+Q20 -> #DIV/0! | S20: =M20-R20 -> #DIV/0! | T20: =S20/M20 -> #DIV/0!
C21: TỔNG | D21: =SUM(D7:D20) -> 1000 | E21: =SUM(E7:E20) -> 1 | F21: =SUM(F7:F20) -> 890 | G21: =SUM(G7:G20) -> 6.05 | H21: =SUM(H7:H20) -> 1051 | I21: =SUM(I7:I20) -> 9500000 | M21: =AVERAGE(M7:M19) -> 11500 | P21: =I21/F21 -> 10674.157 | T21: =S21/M21 -> 0
P22: =10000/(F21/1000)-P21 -> 561.79775
B24: II. | C24: CÔNG ĐOẠN BĂM CHAI B6.2 | D24: BOM - KẾ HOẠCH | F24: Sản lượng thành phẩm thực tế | G24: Hệ số quy đổi | H24: Sản lượng thành phẩm quy đổi | I24: Giá trị nguyên liệu phân bổ cho thành phẩm quy đổi | J24: Settlement rule - BOM | K24: Settlement rule - ROUTING | L24: Ghi chú | M24: Giá bán hiện tại | N24: Hệ số quy đổi giá bán
D25: Số lượng | E25: Tỷ lệ | F25: (1) | G25: (2) | H25: (3)= (1)*(2) | I25: (4) | J25: Tỷ lệ | K25: Tỷ lệ
B26: 160000005 | C26: Chai PET B6.2 | D26: 600 | F26: =SUM(F27:F31) -> 1080 | G26: =SUM(G27:G31) -> 4.1 | I26: =I13/F13*D26 -> 5965746.9
B27: 160000027 | C27: Vảy PET B6.2_A6 | D27: =D26*E27 -> 510 | E27: 0.85 | F27: =D27 -> 510 | G27: 1.35 | H27: =F27*G27 -> 688.5 | I27: =$I$26/$H$31*H27 -> 5789170.9 | J27: =I27/$I$26 -> 0.97040169 | K27: =J27 -> 0.97040169 | L27: (4) = Tổng giá trị NVL /(Tổng số lượng TP quy đổi) * Sl Tp quy đổi. (5) = Giá trị nguyên liệu phân bổ cho thành phẩm quy đổi / Tổng giá trị nguyên liệu phân bổ cho thành phẩm quy đổi | M27: =ROUND($M$13+O27,-2) -> 16000 | N27: =M27/$M$31 -> 1.3061224 | O27: =O9+500 -> 2500
B28: 160000059 | C28: Vảy nắp hỗn hợp B6.2 | D28: =D26*E28 -> 30 | E28: 0.05 | F28: =D28 -> 30 | G28: 0.7 | H28: =F28*G28 -> 21 | I28: =$I$26/$H$31*H28 -> 176576.02 | J28: =I28/$I$26 -> 0.029598309 | K28: =J28 -> 0.029598309 | M28: =ROUND($M$14+O28,-2) -> 8500 | N28: =M28/$M$31 -> 0.69387755 | O28: =O27 -> 2500
C29: Phó sản bụi cám | D29: =D26*5% -> 30
C30: Hao hụt vô hình | D30: =D26*5% -> 30
C31: TỔNG | D31: =SUM(D27:D30) -> 600 | F31: =SUM(F27:F30) -> 540 | G31: =SUM(G27:G30) -> 2.05 | H31: =SUM(H27:H30) -> 709.5 | M31: =AVERAGE(M27:M30) -> 12250
C33: Vảy PET_A5.1 mua ngoài | AB33: 16300

Sheet BOM (KN)
B2: BẢNG TÍNH SETTLEMENT RULE BOM - ROUTING (co-product)
M3: Hide
B4: I. | C4: CÔNG ĐOẠN PHÂN LOẠI CHAI | D4: BOM - KẾ HOẠCH | F4: Sản lượng thành phẩm thực tế | G4: Hệ số quy đổi | H4: Sản lượng thành phẩm quy đổi | I4: Giá trị nguyên liệu phân bổ cho thành phẩm quy đổi | J4: Settlement rule - BOM | K4: Settlement rule - ROUTING | L4: Ghi chú | M4: Giá bán hiện tại | N4: Hệ số quy đổi giá bán | O4: Gap (đảm bảo chi phí và lợi nhuận) | P4: GT NVL | Q4: CFSX | R4: GT SP Trạm | S4: LG | T4: % | V4: Đlộc | X4: KN | Z4: ĐLâm | AB4: Giá thị trường
D5: Số lượng | E5: Tỷ lệ | F5: (1) | G5: (2) | H5: (3)= (1)*(2) | I5: (4) | J5: Tỷ lệ | K5: Tỷ lệ | M5: =X5 -> 0.097733527 | U5: Hao hụt | V5: ='[1]1. Đại Lộc'!$O$334 -> 0.10096034 | X5: ='[1]2. Khánh Nga'!$O$39 -> 0.097733527 | Z5: ='[1]3. Đồng Lâm'!$O$344 -> 0.10667325
B6: 150000001 | C6: Chai PET xá | D6: 1000 | E6: =SUM(E7:E20) -> 1 | I6: =D6*9500 -> 9500000 | J6: =SUM(J7:J19) -> 1 | K6: =SUM(K7:K19) -> 1 | Q6: =X6 -> 2894.8843 | V6: ='[2]3.CP_TAN'!$Q$78*1000 -> 3684.4011 | X6: ='[2]3.CP_TAN'!$R$78*1000 -> 2894.8843 | Z6: ='[2]3.CP_TAN'!$S$78*1000 -> 2609.6553 | AB6: 10000
B7: 160000001 | C7: Chai PET B1.1 | D7: 540 | E7: 0.54 | F7: =D7 -> 540 | G7: 1.25 | H7: =F7*G7 -> 675 | I7: =$I$6/$H$21*H7 -> 6101332.1 | J7: =I7/$I$6 -> 0.64224548 | K7: =J7 -> 0.64224548 | L7: (4) = Tổng giá trị NVL /(Tổng số lượng TP quy đổi) * Sl Tp quy đổi. (5) = Giá trị nguyên liệu phân bổ cho thành phẩm quy đổi / Tổng giá trị nguyên liệu phân bổ cho thành phẩm quy đổi | M7: =ROUND(10000+10000*$M$5+O7,-2) -> 14500 | N7: =M7/$M$21 -> 1.2608696 | O7: 3500 | P7: =I7/F7 -> 11298.763 | Q7: =$Q$6*K7 -> 1859.2263 | R7: =P7+Q7 -> 13157.989 | S7: =M7-R7 -> 1342.0106 | T7: =S7/M7 -> 0.092552455 | U7: ='[1]1. Đại Lộc'!B327 -> % Chai B1 | V7: ='[1]1. Đại Lộc'!O327 -> 0.65050165 | W7: ='[1]2. Khánh Nga'!B32 -> % Chai B1 | X7: ='[1]2. Khánh Nga'!O32 -> 0.5258354 | Y7: ='[1]3. Đồng Lâm'!B337 -> % Chai B1 | Z7: ='[1]3. Đồng Lâm'!O337 -> 0.50053443 | AB7: 14500 | AC7: 11200 | AE7: =T7*V7 -> 0.060205525
B8: 160000081 | C8: Chai PET B1.3 | F8: =D8 -> 0 | H8: =F8*G8 -> 0 | I8: =$I$6/$H$21*H8 -> 0 | J8: =I8/$I$6 -> 0 | K8: =J8 -> 0 | N8: =M8/$M$21 -> 0 | O8: =O7 -> 3500 | P8: =I8/F8 -> #DIV/0! | Q8: =$Q$6*K8 -> 0 | R8: =P8+Q8 -> #DIV/0! | S8: =M8-R8 -> #DIV/0! | T8: =S8/M8 -> #DIV/0! | AE8: =T8*V8 -> #DIV/0!
B9: 160000002 | C9: Chai PET B2.2 | D9: 30 | E9: 0.03 | F9: =D9 -> 30 | G9: 1.1 | H9: =F9*G9 -> 33 | I9: =$I$6/$H$21*H9 -> 298287.35 | J9: =I9/$I$6 -> 0.031398668 | K9: =J9 -> 0.031398668 | M9: =ROUND(10000+10000*$M$5%+2000,-2) -> 12000 | N9: =M9/$M$21 -> 1.0434783 | O9: 2000 | P9: =I9/F9 -> 9942.9115 | Q9: =$Q$6*K9 -> 90.895509 | R9: =P9+Q9 -> 10033.807 | S9: =M9-R9 -> 1966.193 | T9: =S9/M9 -> 0.16384941 | U9: ='[1]1. Đại Lộc'!B328 -> % Chai B2.2 | V9: ='[1]1. Đại Lộc'!O328 -> 0.0053561787 | W9: ='[1]2. Khánh Nga'!B33 -> % Chai B2.2 | X9: ='[1]2. Khánh Nga'!O33 -> 0.078724377 | Y9: ='[1]3. Đồng Lâm'!B338 -> % Chai B2.2 | Z9: ='[1]3. Đồng Lâm'!O338 -> 0.08356034 | AE9: =T9*V9 -> 0.00087760675
B10: 160000063 | C10: Chai PET B4 | D10: 20 | E10: 0.02 | F10: =D10 -> 20 | G10: 1 | H10: =F10*G10 -> 20 | I10: =$I$6/$H$21*H10 -> 180780.21 | J10: =I10/$I$6 -> 0.019029496 | K10: =J10 -> 0.019029496 | M10: =ROUND(10000+10000*$M$5+500,-2) -> 11500 | N10: =M10/$M$21 -> 1 | O10: 500 | P10: =I10/F10 -> 9039.0105 | Q10: =$Q$6*K10 -> 55.088187 | R10: =P10+Q10 -> 9094.0987 | S10: =M10-R10 -> 2405.9013 | T10: =S10/M10 -> 0.20920881 | U10: ='[1]2. Khánh Nga'!B35 -> % Chai B4 | V10: ='[1]2. Khánh Nga'!O35 -> 0.014912634 | W10: ='[1]2. Khánh Nga'!B35 -> % Chai B4 | X10: ='[1]2. Khánh Nga'!O35 -> 0.014912634 | Y10: ='[1]3. Đồng Lâm'!B340 -> % Chai B4 | Z10: ='[1]3. Đồng Lâm'!O340 -> 0.019139602 | AE10: =T10*V10 -> 0.0031198544
B11: 160000004 | C11: Chai PET B5 | D11: 20 | E11: 0.02 | F11: =D11 -> 20 | G11: 1 | H11: =F11*G11 -> 20 | I11: =$I$6/$H$21*H11 -> 180780.21 | J11: =I11/$I$6 -> 0.019029496 | K11: =J11 -> 0.019029496 | M11: =ROUND(10000+10000*$M$5+500,-2) -> 11500 | N11: =M11/$M$21 -> 1 | O11: =O10 -> 500 | P11: =I11/F11 -> 9039.0105 | Q11: =$Q$6*K11 -> 55.088187 | R11: =P11+Q11 -> 9094.0987 | S11: =M11-R11 -> 2405.9013 | T11: =S11/M11 -> 0.20920881 | U11: ='[1]2. Khánh Nga'!B36 -> % Chai B5 | V11: ='[1]2. Khánh Nga'!O36 -> 0.019802359 | W11: ='[1]2. Khánh Nga'!B36 -> % Chai B5 | X11: ='[1]2. Khánh Nga'!O36 -> 0.019802359 | Y11: ='[1]3. Đồng Lâm'!B341 -> % Chai B5 | Z11: ='[1]3. Đồng Lâm'!O341 -> 0.010656982 | AE11: =T11*V11 -> 0.0041428279
C12: Chai PET B6.1 | F12: =D12 -> 0 | H12: =F12*G12 -> 0 | I12: =$I$6/$H$21*H12 -> 0 | J12: =I12/$I$6 -> 0 | K12: =J12 -> 0 | N12: =M12/$M$21 -> 0 | O12: =O8 -> 3500 | P12: =I12/F12 -> #DIV/0! | Q12: =$Q$6*K12 -> 0 | R12: =P12+Q12 -> #DIV/0! | S12: =M12-R12 -> #DIV/0! | T12: =S12/M12 -> #DIV/0! | AE12: =T12*V12 -> #DIV/0!
B13: 160000005 | C13: Chai PET B6.2 | D13: 270 | E13: 0.27 | F13: =D13 -> 270 | G13: 1.1 | H13: =F13*G13 -> 297 | I13: =$I$6/$H$21*H13 -> 2684586.1 | J13: =I13/$I$6 -> 0.28258801 | K13: =J13 -> 0.28258801 | M13: =ROUND(10000+10000*$M$5+2500,-2) -> 13500 | N13: =M13/$M$21 -> 1.173913 | O13: =O9 -> 2000 | P13: =I13/F13 -> 9942.9115 | Q13: =$Q$6*K13 -> 818.05958 | R13: =P13+Q13 -> 10760.971 | S13: =M13-R13 -> 2739.0289 | T13: =S13/M13 -> 0.20289103 | U13: ='[1]1. Đại Lộc'!B329 -> % Chai B6.2 | V13: ='[1]1. Đại Lộc'!O329 -> 0.19170632 | W13: ='[1]2. Khánh Nga'!B34 -> % Chai B6.2 | X13: ='[1]2. Khánh Nga'!O34 -> 0.23118717 | Y13: ='[1]3. Đồng Lâm'!B339 -> % Chai B6.2 | Z13: ='[1]3. Đồng Lâm'!O339 -> 0.26757253 | AE13: =T13*V13 -> 0.038895493
B14: 160000007 | C14: Nắp HD Ép Các Màu HDE-06 | D14: 10 | E14: 0.01 | F14: =D14 -> 10 | G14: 0.6 | H14: =F14*G14 -> 6 | I14: =$I$6/$H$21*H14 -> 54234.063 | J14: =I14/$I$6 -> 0.0057088487 | K14: =J14 -> 0.0057088487 | M14: =ROUND(10000+10000*$M$5-5000,-2) -> 6000 | N14: =M14/$M$21 -> 0.52173913 | O14: -5000 | P14: =I14/F14 -> 5423.4063 | Q14: =$Q$6*K14 -> 16.526456 | R14: =P14+Q14 -> 5439.9327 | S14: =M14-R14 -> 560.06726 | T14: =S14/M14 -> 0.093344544 | U14: ='[1]2. Khánh Nga'!B37 -> % Nắp | V14: ='[1]2. Khánh Nga'!O37 -> 0.031786115 | W14: ='[1]2. Khánh Nga'!B37 -> % Nắp | X14: ='[1]2. Khánh Nga'!O37 -> 0.031786115 | Y14: ='[1]3. Đồng Lâm'!B342 -> % Nắp | Z14: ='[1]3. Đồng Lâm'!O342 -> 0.0029470813 | AE14: =T14*V14 -> 0.0029670604
C15: Chai PET B7.1 | E15: 0 | N15: =M15/$M$21 -> 0 | P15: =I15/F15 -> #DIV/0! | Q15: =$Q$6*K15 -> 0 | R15: =P15+Q15 -> #DIV/0! | S15: =M15-R15 -> #DIV/0! | T15: =S15/M15 -> #DIV/0! | AE15: =T15*V15 -> #DIV/0!
B16: 160000084 | C16: Chai PET B7.2 | E16: 0 | N16: =M16/$M$21 -> 0 | O16: -1000 | P16: =I16/F16 -> #DIV/0! | Q16: =$Q$6*K16 -> 0 | R16: =P16+Q16 -> #DIV/0! | S16: =M16-R16 -> #DIV/0! | T16: =S16/M16 -> #DIV/0! | U16: ='[1]2. Khánh Nga'!B38 -> % Chai B7.2 | V16: ='[1]2. Khánh Nga'!O38 -> 1.842727e-05 | W16: ='[1]2. Khánh Nga'!B38 -> % Chai B7.2 | X16: ='[1]2. Khánh Nga'!O38 -> 1.842727e-05 | Y16: ='[1]3. Đồng Lâm'!B343 -> % Phó sản | Z16: ='[1]3. Đồng Lâm'!O343 -> 0.0089157794
B17: 160000062 | C17: Cổ Chai PET | E17: 0 | N17: =M17/$M$21 -> 0 | O17: 2000 | P17: =I17/F17 -> #DIV/0! | Q17: =$Q$6*K17 -> 0 | R17: =P17+Q17 -> #DIV/0! | S17: =M17-R17 -> #DIV/0! | T17: =S17/M17 -> #DIV/0!
B18: 160000006 | C18: Hao Hụt - Tạp chất | D18: 10 | E18: 0.01 | P18: =I18/F18 -> #DIV/0! | Q18: =$Q$6*K18 -> 0 | R18: =P18+Q18 -> #DIV/0! | S18: =M18-R18 -> #DIV/0! | T18: =S18/M18 -> #DIV/0!
B19: 800000006 | C19: Hao hụt - nhãn chai PET | D19: 60 | E19: 0.06 | P19: =I19/F19 -> #DIV/0! | Q19: =$Q$6*K19 -> 0 | R19: =P19+Q19 -> #DIV/0! | S19: =M19-R19 -> #DIV/0! | T19: =S19/M19 -> #DIV/0!
C20: Hao hụt vô hình | D20: =D6-SUM(D7:D19) -> 40 | E20: 0.04 | P20: =I20/F20 -> #DIV/0! | Q20: =$Q$6*K20 -> 0 | R20: =P20+Q20 -> #DIV/0! | S20: =M20-R20 -> #DIV/0! | T20: =S20/M20 -> #DIV/0!
C21: TỔNG | D21: =SUM(D7:D20) -> 1000 | E21: =SUM(E7:E20) -> 1 | F21: =SUM(F7:F20) -> 890 | G21: =SUM(G7:G20) -> 6.05 | H21: =SUM(H7:H20) -> 1051 | I21: =SUM(I7:I20) -> 9500000 | M21: =AVERAGE(M7:M19) -> 11500 | P21: =I21/F21 -> 10674.157 | T21: =S21/M21 -> 0
P22: =10000/(F21/1000)-P21 -> 561.79775
B24: II. | C24: CÔNG ĐOẠN BĂM CHAI B6.2 | D24: BOM - KẾ HOẠCH | F24: Sản lượng thành phẩm thực tế | G24: Hệ số quy đổi | H24: Sản lượng thành phẩm quy đổi | I24: Giá trị nguyên liệu phân bổ cho thành phẩm quy đổi | J24: Settlement rule - BOM | K24: Settlement rule - ROUTING | L24: Ghi chú | M24: Giá bán hiện tại | N24: Hệ số quy đổi giá bán
D25: Số lượng | E25: Tỷ lệ | F25: (1) | G25: (2) | H25: (3)= (1)*(2) | I25: (4) | J25: Tỷ lệ | K25: Tỷ lệ
B26: 160000005 | C26: Chai PET B6.2 | D26: 600 | F26: =SUM(F27:F31) -> 1080 | G26: =SUM(G27:G31) -> 4.1 | I26: =I13/F13*D26 -> 5965746.9
B27: 160000027 | C27: Vảy PET B6.2_A6 | D27: =D26*E27 -> 510 | E27: 0.85 | F27: =D27 -> 510 | G27: 1.35 | H27: =F27*G27 -> 688.5 | I27: =$I$26/$H$31*H27 -> 5789170.9 | J27: =I27/$I$26 -> 0.97040169 | K27: =J27 -> 0.97040169 | L27: (4) = Tổng giá trị NVL /(Tổng số lượng TP quy đổi) * Sl Tp quy đổi. (5) = Giá trị nguyên liệu phân bổ cho thành phẩm quy đổi / Tổng giá trị nguyên liệu phân bổ cho thành phẩm quy đổi | M27: =ROUND($M$13+O27,-2) -> 16000 | N27: =M27/$M$31 -> 1.3061224 | O27: =O9+500 -> 2500
B28: 160000059 | C28: Vảy nắp hỗn hợp B6.2 | D28: =D26*E28 -> 30 | E28: 0.05 | F28: =D28 -> 30 | G28: 0.7 | H28: =F28*G28 -> 21 | I28: =$I$26/$H$31*H28 -> 176576.02 | J28: =I28/$I$26 -> 0.029598309 | K28: =J28 -> 0.029598309 | M28: =ROUND($M$14+O28,-2) -> 8500 | N28: =M28/$M$31 -> 0.69387755 | O28: =O27 -> 2500
C29: Phó sản bụi cám | D29: =D26*5% -> 30
C30: Hao hụt vô hình | D30: =D26*5% -> 30
C31: TỔNG | D31: =SUM(D27:D30) -> 600 | F31: =SUM(F27:F30) -> 540 | G31: =SUM(G27:G30) -> 2.05 | H31: =SUM(H27:H30) -> 709.5 | M31: =AVERAGE(M27:M30) -> 12250
C33: Vảy PET_A5.1 mua ngoài | AB33: 16300

Sheet BOM (Dlam)
B2: BẢNG TÍNH SETTLEMENT RULE BOM - ROUTING (co-product)
M3: Hide
B4: I. | C4: CÔNG ĐOẠN PHÂN LOẠI CHAI | D4: BOM - KẾ HOẠCH | F4: Sản lượng thành phẩm thực tế | G4: Hệ số quy đổi | H4: Sản lượng thành phẩm quy đổi | I4: Giá trị nguyên liệu phân bổ cho thành phẩm quy đổi | J4: Settlement rule - BOM | K4: Settlement rule - ROUTING | L4: Ghi chú | M4: Giá bán hiện tại | N4: Hệ số quy đổi giá bán | O4: Gap (đảm bảo chi phí và lợi nhuận) | P4: GT NVL | Q4: CFSX | R4: GT SP Trạm | S4: LG | T4: % | V4: Đlộc | X4: KN | Z4: ĐLâm | AB4: Giá thị trường
D5: Số lượng | E5: Tỷ lệ | F5: (1) | G5: (2) | H5: (3)= (1)*(2) | I5: (4) | J5: Tỷ lệ | K5: Tỷ lệ | L5: Giá mua BO | M5: =Z5 -> 0.10667325 | U5: Hao hụt | V5: ='[1]1. Đại Lộc'!$O$334 -> 0.10096034 | X5: ='[1]2. Khánh Nga'!$O$39 -> 0.097733527 | Z5: ='[1]3. Đồng Lâm'!$O$344 -> 0.10667325
B6: 150000001 | C6: Chai PET xá | D6: 1000 | E6: =SUM(E7:E20) -> 1 | I6: =D6*$L$6 -> 9500000 | J6: =SUM(J7:J19) -> 1 | K6: =SUM(K7:K19) -> 1 | L6: 9500 | Q6: =Z6 -> 2609.6553 | V6: ='[2]3.CP_TAN'!$Q$78*1000 -> 3684.4011 | X6: ='[2]3.CP_TAN'!$R$78*1000 -> 2894.8843 | Z6: ='[2]3.CP_TAN'!$S$78*1000 -> 2609.6553 | AB6: 10000
B7: 160000001 | C7: Chai PET B1.1 | D7: 540 | E7: 0.54 | F7: =D7 -> 540 | G7: 1.25 | H7: =F7*G7 -> 675 | I7: =$I$6/$H$21*H7 -> 6101332.1 | J7: =I7/$I$6 -> 0.64224548 | K7: =J7 -> 0.64224548 | L7: (4) = Tổng giá trị NVL /(Tổng số lượng TP quy đổi) * Sl Tp quy đổi. (5) = Giá trị nguyên liệu phân bổ cho thành phẩm quy đổi / Tổng giá trị nguyên liệu phân bổ cho thành phẩm quy đổi | M7: =ROUND(10000+10000*$M$5+O7,-2) -> 14600 | N7: =M7/$M$21 -> 1.2604317 | O7: 3500 | P7: =I7/F7 -> 11298.763 | Q7: =$Q$6*K7 -> 1676.0393 | R7: =P7+Q7 -> 12974.802 | S7: =M7-R7 -> 1625.1976 | T7: =S7/M7 -> 0.1113149 | U7: ='[1]1. Đại Lộc'!B327 -> % Chai B1 | V7: ='[1]1. Đại Lộc'!O327 -> 0.65050165 | W7: ='[1]2. Khánh Nga'!B32 -> % Chai B1 | X7: ='[1]2. Khánh Nga'!O32 -> 0.5258354 | Y7: ='[1]3. Đồng Lâm'!B337 -> % Chai B1 | Z7: ='[1]3. Đồng Lâm'!O337 -> 0.50053443 | AB7: 14500 | AC7: 11200 | AE7: =T7*V7 -> 0.072410528
B8: 160000081 | C8: Chai PET B1.3 | F8: =D8 -> 0 | H8: =F8*G8 -> 0 | I8: =$I$6/$H$21*H8 -> 0 | J8: =I8/$I$6 -> 0 | K8: =J8 -> 0 | N8: =M8/$M$21 -> 0 | O8: =O7 -> 3500 | P8: =I8/F8 -> #DIV/0! | Q8: =$Q$6*K8 -> 0 | R8: =P8+Q8 -> #DIV/0! | S8: =M8-R8 -> #DIV/0! | T8: =S8/M8 -> #DIV/0! | AE8: =T8*V8 -> #DIV/0!
B9: 160000002 | C9: Chai PET B2.2 | D9: 30 | E9: 0.03 | F9: =D9 -> 30 | G9: 1.1 | H9: =F9*G9 -> 33 | I9: =$I$6/$H$21*H9 -> 298287.35 | J9: =I9/$I$6 -> 0.031398668 | K9: =J9 -> 0.031398668 | M9: =ROUND(10000+10000*$M$5%+2000,-2) -> 12000 | N9: =M9/$M$21 -> 1.0359712 | O9: 2000 | P9: =I9/F9 -> 9942.9115 | Q9: =$Q$6*K9 -> 81.939701 | R9: =P9+Q9 -> 10024.851 | S9: =M9-R9 -> 1975.1488 | T9: =S9/M9 -> 0.16459573 | U9: ='[1]1. Đại Lộc'!B328 -> % Chai B2.2 | V9: ='[1]1. Đại Lộc'!O328 -> 0.0053561787 | W9: ='[1]2. Khánh Nga'!B33 -> % Chai B2.2 | X9: ='[1]2. Khánh Nga'!O33 -> 0.078724377 | Y9: ='[1]3. Đồng Lâm'!B338 -> % Chai B2.2 | Z9: ='[1]3. Đồng Lâm'!O338 -> 0.08356034 | AE9: =T9*V9 -> 0.00088160415
B10: 160000063 | C10: Chai PET B4 | D10: 20 | E10: 0.02 | F10: =D10 -> 20 | G10: 1 | H10: =F10*G10 -> 20 | I10: =$I$6/$H$21*H10 -> 180780.21 | J10: =I10/$I$6 -> 0.019029496 | K10: =J10 -> 0.019029496 | M10: =ROUND(10000+10000*$M$5+500,-2) -> 11600 | N10: =M10/$M$21 -> 1.0014388 | O10: 500 | P10: =I10/F10 -> 9039.0105 | Q10: =$Q$6*K10 -> 49.660425 | R10: =P10+Q10 -> 9088.6709 | S10: =M10-R10 -> 2511.3291 | T10: =S10/M10 -> 0.21649389 | U10: ='[1]2. Khánh Nga'!B35 -> % Chai B4 | V10: ='[1]2. Khánh Nga'!O35 -> 0.014912634 | W10: ='[1]2. Khánh Nga'!B35 -> % Chai B4 | X10: ='[1]2. Khánh Nga'!O35 -> 0.014912634 | Y10: ='[1]3. Đồng Lâm'!B340 -> % Chai B4 | Z10: ='[1]3. Đồng Lâm'!O340 -> 0.019139602 | AE10: =T10*V10 -> 0.0032284941
B11: 160000004 | C11: Chai PET B5 | D11: 20 | E11: 0.02 | F11: =D11 -> 20 | G11: 1 | H11: =F11*G11 -> 20 | I11: =$I$6/$H$21*H11 -> 180780.21 | J11: =I11/$I$6 -> 0.019029496 | K11: =J11 -> 0.019029496 | M11: =ROUND(10000+10000*$M$5+500,-2) -> 11600 | N11: =M11/$M$21 -> 1.0014388 | O11: =O10 -> 500 | P11: =I11/F11 -> 9039.0105 | Q11: =$Q$6*K11 -> 49.660425 | R11: =P11+Q11 -> 9088.6709 | S11: =M11-R11 -> 2511.3291 | T11: =S11/M11 -> 0.21649389 | U11: ='[1]2. Khánh Nga'!B36 -> % Chai B5 | V11: ='[1]2. Khánh Nga'!O36 -> 0.019802359 | W11: ='[1]2. Khánh Nga'!B36 -> % Chai B5 | X11: ='[1]2. Khánh Nga'!O36 -> 0.019802359 | Y11: ='[1]3. Đồng Lâm'!B341 -> % Chai B5 | Z11: ='[1]3. Đồng Lâm'!O341 -> 0.010656982 | AE11: =T11*V11 -> 0.0042870896
C12: Chai PET B6.1 | F12: =D12 -> 0 | H12: =F12*G12 -> 0 | I12: =$I$6/$H$21*H12 -> 0 | J12: =I12/$I$6 -> 0 | K12: =J12 -> 0 | N12: =M12/$M$21 -> 0 | O12: =O8 -> 3500 | P12: =I12/F12 -> #DIV/0! | Q12: =$Q$6*K12 -> 0 | R12: =P12+Q12 -> #DIV/0! | S12: =M12-R12 -> #DIV/0! | T12: =S12/M12 -> #DIV/0! | AE12: =T12*V12 -> #DIV/0!
B13: 160000005 | C13: Chai PET B6.2 | D13: 270 | E13: 0.27 | F13: =D13 -> 270 | G13: 1.1 | H13: =F13*G13 -> 297 | I13: =$I$6/$H$21*H13 -> 2684586.1 | J13: =I13/$I$6 -> 0.28258801 | K13: =J13 -> 0.28258801 | M13: =ROUND(10000+10000*$M$5+2500,-2) -> 13600 | N13: =M13/$M$21 -> 1.1741007 | O13: =O9 -> 2000 | P13: =I13/F13 -> 9942.9115 | Q13: =$Q$6*K13 -> 737.45731 | R13: =P13+Q13 -> 10680.369 | S13: =M13-R13 -> 2919.6312 | T13: =S13/M13 -> 0.21467876 | U13: ='[1]1. Đại Lộc'!B329 -> % Chai B6.2 | V13: ='[1]1. Đại Lộc'!O329 -> 0.19170632 | W13: ='[1]2. Khánh Nga'!B34 -> % Chai B6.2 | X13: ='[1]2. Khánh Nga'!O34 -> 0.23118717 | Y13: ='[1]3. Đồng Lâm'!B339 -> % Chai B6.2 | Z13: ='[1]3. Đồng Lâm'!O339 -> 0.26757253 | AE13: =T13*V13 -> 0.041155276
B14: 160000007 | C14: Nắp HD Ép Các Màu HDE-06 | D14: 10 | E14: 0.01 | F14: =D14 -> 10 | G14: 0.6 | H14: =F14*G14 -> 6 | I14: =$I$6/$H$21*H14 -> 54234.063 | J14: =I14/$I$6 -> 0.0057088487 | K14: =J14 -> 0.0057088487 | M14: =ROUND(10000+10000*$M$5-5000,-2) -> 6100 | N14: =M14/$M$21 -> 0.52661871 | O14: -5000 | P14: =I14/F14 -> 5423.4063 | Q14: =$Q$6*K14 -> 14.898128 | R14: =P14+Q14 -> 5438.3044 | S14: =M14-R14 -> 661.69559 | T14: =S14/M14 -> 0.10847469 | U14: ='[1]2. Khánh Nga'!B37 -> % Nắp | V14: ='[1]2. Khánh Nga'!O37 -> 0.031786115 | W14: ='[1]2. Khánh Nga'!B37 -> % Nắp | X14: ='[1]2. Khánh Nga'!O37 -> 0.031786115 | Y14: ='[1]3. Đồng Lâm'!B342 -> % Nắp | Z14: ='[1]3. Đồng Lâm'!O342 -> 0.0029470813 | AE14: =T14*V14 -> 0.0034479889
C15: Chai PET B7.1 | E15: 0 | N15: =M15/$M$21 -> 0 | P15: =I15/F15 -> #DIV/0! | Q15: =$Q$6*K15 -> 0 | R15: =P15+Q15 -> #DIV/0! | S15: =M15-R15 -> #DIV/0! | T15: =S15/M15 -> #DIV/0! | AE15: =T15*V15 -> #DIV/0!
B16: 160000084 | C16: Chai PET B7.2 | E16: 0 | N16: =M16/$M$21 -> 0 | O16: -1000 | P16: =I16/F16 -> #DIV/0! | Q16: =$Q$6*K16 -> 0 | R16: =P16+Q16 -> #DIV/0! | S16: =M16-R16 -> #DIV/0! | T16: =S16/M16 -> #DIV/0! | U16: ='[1]2. Khánh Nga'!B38 -> % Chai B7.2 | V16: ='[1]2. Khánh Nga'!O38 -> 1.842727e-05 | W16: ='[1]2. Khánh Nga'!B38 -> % Chai B7.2 | X16: ='[1]2. Khánh Nga'!O38 -> 1.842727e-05 | Y16: ='[1]3. Đồng Lâm'!B343 -> % Phó sản | Z16: ='[1]3. Đồng Lâm'!O343 -> 0.0089157794
B17: 160000062 | C17: Cổ Chai PET | E17: 0 | N17: =M17/$M$21 -> 0 | O17: 2000 | P17: =I17/F17 -> #DIV/0! | Q17: =$Q$6*K17 -> 0 | R17: =P17+Q17 -> #DIV/0! | S17: =M17-R17 -> #DIV/0! | T17: =S17/M17 -> #DIV/0!
B18: 160000006 | C18: Hao Hụt - Tạp chất | D18: 10 | E18: 0.01 | P18: =I18/F18 -> #DIV/0! | Q18: =$Q$6*K18 -> 0 | R18: =P18+Q18 -> #DIV/0! | S18: =M18-R18 -> #DIV/0! | T18: =S18/M18 -> #DIV/0!
B19: 800000006 | C19: Hao hụt - nhãn chai PET | D19: 60 | E19: 0.06 | P19: =I19/F19 -> #DIV/0! | Q19: =$Q$6*K19 -> 0 | R19: =P19+Q19 -> #DIV/0! | S19: =M19-R19 -> #DIV/0! | T19: =S19/M19 -> #DIV/0!
C20: Hao hụt vô hình | D20: =D6-SUM(D7:D19) -> 40 | E20: 0.04 | P20: =I20/F20 -> #DIV/0! | Q20: =$Q$6*K20 -> 0 | R20: =P20+Q20 -> #DIV/0! | S20: =M20-R20 -> #DIV/0! | T20: =S20/M20 -> #DIV/0!
C21: TỔNG | D21: =SUM(D7:D20) -> 1000 | E21: =SUM(E7:E20) -> 1 | F21: =SUM(F7:F20) -> 890 | G21: =SUM(G7:G20) -> 6.05 | H21: =SUM(H7:H20) -> 1051 | I21: =SUM(I7:I20) -> 9500000 | M21: =AVERAGE(M7:M19) -> 11583.333 | P21: =I21/F21 -> 10674.157 | T21: =S21/M21 -> 0
P22: =10000/(F21/1000)-P21 -> 561.79775
B24: II. | C24: CÔNG ĐOẠN BĂM CHAI B6.2 | D24: BOM - KẾ HOẠCH | F24: Sản lượng thành phẩm thực tế | G24: Hệ số quy đổi | H24: Sản lượng thành phẩm quy đổi | I24: Giá trị nguyên liệu phân bổ cho thành phẩm quy đổi | J24: Settlement rule - BOM | K24: Settlement rule - ROUTING | L24: Ghi chú | M24: Giá bán hiện tại | N24: Hệ số quy đổi giá bán
D25: Số lượng | E25: Tỷ lệ | F25: (1) | G25: (2) | H25: (3)= (1)*(2) | I25: (4) | J25: Tỷ lệ | K25: Tỷ lệ
B26: 160000005 | C26: Chai PET B6.2 | D26: 600 | F26: =SUM(F27:F31) -> 1080 | G26: =SUM(G27:G31) -> 4.1 | I26: =I13/F13*D26 -> 5965746.9
B27: 160000027 | C27: Vảy PET B6.2_A6 | D27: =D26*E27 -> 510 | E27: 0.85 | F27: =D27 -> 510 | G27: 1.35 | H27: =F27*G27 -> 688.5 | I27: =$I$26/$H$31*H27 -> 5789170.9 | J27: =I27/$I$26 -> 0.97040169 | K27: =J27 -> 0.97040169 | L27: (4) = Tổng giá trị NVL /(Tổng số lượng TP quy đổi) * Sl Tp quy đổi. (5) = Giá trị nguyên liệu phân bổ cho thành phẩm quy đổi / Tổng giá trị nguyên liệu phân bổ cho thành phẩm quy đổi | M27: =ROUND($M$13+O27,-2) -> 16100 | N27: =M27/$M$31 -> 1.3036437 | O27: =O9+500 -> 2500
B28: 160000059 | C28: Vảy nắp hỗn hợp B6.2 | D28: =D26*E28 -> 30 | E28: 0.05 | F28: =D28 -> 30 | G28: 0.7 | H28: =F28*G28 -> 21 | I28: =$I$26/$H$31*H28 -> 176576.02 | J28: =I28/$I$26 -> 0.029598309 | K28: =J28 -> 0.029598309 | M28: =ROUND($M$14+O28,-2) -> 8600 | N28: =M28/$M$31 -> 0.69635628 | O28: =O27 -> 2500
C29: Phó sản bụi cám | D29: =D26*5% -> 30
C30: Hao hụt vô hình | D30: =D26*5% -> 30
C31: TỔNG | D31: =SUM(D27:D30) -> 600 | F31: =SUM(F27:F30) -> 540 | G31: =SUM(G27:G30) -> 2.05 | H31: =SUM(H27:H30) -> 709.5 | M31: =AVERAGE(M27:M30) -> 12350
C33: Vảy PET_A5.1 mua ngoài | AB33: 16300

Sheet Bản giá mua từ trạm 02.26
B3: BẢNG TÍNH GIÁ MUA CHAI, VẢY TỪ CÁC TRẠM | K3: Đính kèm tờ trình
B4: (Hiệu lực từ ngày 01/01/2026 đến ngày 31/01/2026 hoặc đến khi có thay đổi trước ngày 31/01/2026)
I5: ĐVT: đồng/ký
B6: Nhóm chai PET | C6: Thành phần chai PET sau phân loại | D6: Giá B0 | E6: Hao hụt | G6: Gap (đảm bảo chi phí và lợi nhuận) | H6: Giá mua theo công thức | I6: Giá mua đề xuất
E7: Tỷ lệ | F7: Quy ra tiền
B8: A. Giá mua Chai
B9: Chai PET nhóm 1 | C9: B1.1 + B1.2 + B1.3 + B2.1 + B3 + B6.1 | D9: 10000 | E9: 0.11 | F9: =D9*E9 -> 1100 | G9: 3000 | H9: =D9+F9+G9 -> 14100 | I9: 14500 | K9: 3500 | L9: =I9-H9 -> 400
B10: Chai PET nhóm 2 | C10: B4 + B5 | D10: 10000 | E10: 0.11 | F10: =D10*E10 -> 1100 | G10: 500 | H10: =D10+F10+G10 -> 11600 | I10: 11500 | K10: 500 | L10: =I10-H10 -> -100
B11: Chai PET nhóm 3 | C11: B2.2 + B6.2 | D11: 10000 | E11: 0.11 | F11: =D11*E11 -> 1100 | G11: 2000 | H11: =D11+F11+G11 -> 13100 | I11: 13000 | K11: 2000 | L11: =I11-H11 -> -100
B12: Chai PET nhóm 4 | C12: Nắp HD Ép, cổ chai, PP (quai) | D12: 10000 | E12: 0.11 | F12: =D12*E12 -> 1100 | G12: -5000 | H12: =D12+F12+G12 -> 6100 | I12: 6000 | K12: -5000 | L12: =I12-H12 -> -100
B13: Chai PET nhóm 5 | C13: B7.2 | D13: 10000 | E13: 0.11 | F13: =D13*E13 -> 1100 | G13: -1000 | H13: =D13+F13+G13 -> 10100 | I13: 9000
B14: B. Giá mua Vảy
B15: Nhóm 1 | C15: Vảy B6.2 | D15: =H11 -> 13100 | E15: 0.1 | F15: =D15*E15 -> 1310 | G15: 2000 | H15: =D15+F15+G15 -> 16410 | I15: 16500 | K15: 2000 | L15: =I15-H15 -> 90
B17: BẢNG COPY QUA TỜ TRÌNH DUYỆT | G17: Cross check
B18: Mã SAP | C18: Tên Chai | D18: Giá đề xuất | E18: Tháng 12 | F18: Tháng 1 | G18: Đlộc | H18: KN | I18: Đ Lâm
B19: 150000003 | C19: Chai PET B1.1 | D19: =$I$9 -> 14500 | E19: 15000 | F19: 15000 | G19: ='BOM (DLoc)'!M7 -> 14500 | H19: ='BOM (KN)'!M7 -> 14500 | I19: ='BOM (Dlam)'!M7 -> 14600
B20: 150000113 | C20: Chai PET B1 KPL (B1.2) | D20: =$I$9 -> 14500 | E20: 15000 | F20: 15000 | G20: =$G$19 -> 14500 | H20: =$H$19 -> 14500 | I20: =$H$19 -> 14500
B21: 150000187 | C21: Chai PET B1.3 | D21: =$I$9 -> 14500 | E21: 15000 | F21: 15000 | G21: =$G$19 -> 14500 | H21: =$H$19 -> 14500 | I21: =$H$19 -> 14500
B22: 150000004 | C22: Chai PET B2.1 | D22: =$I$9 -> 14500 | E22: 15000 | F22: 15000 | G22: =$G$19 -> 14500 | H22: =$H$19 -> 14500 | I22: =$H$19 -> 14500
B23: 150000050 | C23: Chai PET B2.2 | D23: =$I$11 -> 13000 | E23: 13500 | F23: 13500 | G23: ='BOM (DLoc)'!M9 -> 12000 | H23: ='BOM (KN)'!M9 -> 12000 | I23: ='BOM (Dlam)'!M9 -> 12000
B24: 150000005 | C24: Chai PET B3 | D24: =$I$9 -> 14500 | E24: 15000 | F24: 15000 | G24: =$G$19 -> 14500 | H24: =$H$19 -> 14500 | I24: =$H$19 -> 14500
B25: 150000014 | C25: Chai PET B4 | D25: =$I$10 -> 11500 | E25: 12000 | F25: 12000 | G25: ='BOM (DLoc)'!M10 -> 11500 | H25: ='BOM (KN)'!M10 -> 11500 | I25: ='BOM (Dlam)'!M10 -> 11600
B26: 150000015 | C26: Chai PET B5 | D26: =$I$10 -> 11500 | E26: 12000 | F26: 12000 | G26: ='BOM (DLoc)'!M11 -> 11500 | H26: ='BOM (KN)'!M11 -> 11500 | I26: ='BOM (Dlam)'!M11 -> 11600
C27: Chai PET B6.1 | D27: =I9 -> 14500 | E27: 15000 | F27: 15000 | G27: =G19 -> 14500 | H27: =H19 -> 14500 | I27: =I19 -> 14600
B28: 150000114 | C28: Chai PET B6.2 | D28: =$I$11 -> 13000 | E28: 13500 | F28: 13500 | G28: ='BOM (DLoc)'!M13 -> 13500 | H28: ='BOM (KN)'!M13 -> 13500 | I28: ='BOM (Dlam)'!M13 -> 13600
C29: Chai PET B7.2 | D29: =I13 -> 9000 | E29: 9000 | F29: 9000 | G29: ='BOM (DLoc)'!M16 -> 0 | H29: ='BOM (KN)'!M16 -> 0 | I29: ='BOM (Dlam)'!M16 -> 0
C30: Nắp HD Ép, cổ chai | D30: =I12 -> 6000 | E30: 6500 | F30: 6500 | G30: ='BOM (DLoc)'!M14 -> 6000 | H30: ='BOM (KN)'!M14 -> 6000 | I30: ='BOM (Dlam)'!M14 -> 6100
C31: PP (quai) | D31: =I12 -> 6000 | E31: 6500 | F31: 6500 | G31: ='BOM (DLoc)'!M19 -> 0 | H31: ='BOM (KN)'!M19 -> 0 | I31: ='BOM (Dlam)'!M19 -> 0
B32: 150000061 | C32: Vảy PET B6.2_A6 | D32: =I15 -> 16500 | E32: 16500 | F32: 16500 | G32: ='BOM (DLoc)'!M27 -> 16000 | H32: ='BOM (KN)'!M27 -> 16000 | I32: ='BOM (Dlam)'!M27 -> 16100
B34: Copy qua trạm
B35: 150000003 | C35: Chai PET B1.1 | D35: =D19 -> 14500
B36: 150000113 | C36: Chai PET B1 KPL (B1.2) | D36: =D20 -> 14500
B37: 150000187 | C37: Chai PET B1.3 | D37: =D21 -> 14500
B38: 150000004 | C38: Chai PET B2.1 | D38: =D22 -> 14500
B39: 150000050 | C39: Chai PET B2.2 | D39: =D23 -> 13000
B40: 150000005 | C40: Chai PET B3 | D40: =D24 -> 14500
B41: 150000014 | C41: Chai PET B4 | D41: =D25 -> 11500
B42: 150000015 | C42: Chai PET B5 | D42: =D26 -> 11500
B43: 150000114 | C43: Chai PET B6.2 | D43: =D28 -> 13000
C44: Chai PET B7.2 | D44: =D29 -> 9000
C45: Nắp HD Ép, cổ chai | D45: =D30 -> 6000
C46: PP (quai) | D46: =D31 -> 6000
B47: 150000061 | C47: Vảy PET B6.2_A6 | D47: =D32 -> 16500
D48: Chú
B49: Chu ý: | C49: B0
C50: B1
C51: Vảy
C52: Vảy sạch
C53: Giá bán
C54: Tỷ trọng ngành
C55: Mã hàng

Sheet Bản giá mua từ trạm 03.26
B3: BẢNG TÍNH GIÁ MUA CHAI, VẢY TỪ CÁC TRẠM | K3: Đính kèm tờ trình
B4: (Hiệu lực từ ngày 01/03/2026 đến ngày 31/03/2026 hoặc đến khi có thay đổi trước ngày 31/03/2026)
I5: ĐVT: đồng/ký
B6: Nhóm chai PET | C6: Thành phần chai PET sau phân loại | D6: Giá B0 | E6: Hao hụt | G6: Gap (đảm bảo chi phí và lợi nhuận) | H6: Giá mua theo công thức | I6: Giá mua đề xuất
E7: Tỷ lệ | F7: Quy ra tiền
B8: A. Giá mua Chai
B9: Chai PET nhóm 1 | C9: B1.1 + B1.2 + B1.3 + B2.1 + B3 + B6.1 | D9: 9500 | E9: 0.11 | F9: =D9*E9 -> 1045 | G9: 3000 | H9: =D9+F9+G9 -> 13545 | I9: 14500 | K9: 3500 | L9: =I9-H9 -> 955 | M9: =G9+L9 -> 3955
B10: Chai PET nhóm 2 | C10: B4 + B5 | D10: 9500 | E10: 0.11 | F10: =D10*E10 -> 1045 | G10: 500 | H10: =D10+F10+G10 -> 11045 | I10: 11500 | K10: 500 | L10: =I10-H10 -> 455 | M10: =G10+L10 -> 955
B11: Chai PET nhóm 3 | C11: B2.2 + B6.2 | D11: 9500 | E11: 0.11 | F11: =D11*E11 -> 1045 | G11: 2000 | H11: =D11+F11+G11 -> 12545 | I11: 13000 | K11: 2000 | L11: =I11-H11 -> 455 | M11: =G11+L11 -> 2455
B12: Chai PET nhóm 4 | C12: Nắp HD Ép, cổ chai, PP (quai) | D12: 9500 | E12: 0.11 | F12: =D12*E12 -> 1045 | G12: -5000 | H12: =D12+F12+G12 -> 5545 | I12: 6000 | K12: -5000 | L12: =I12-H12 -> 455 | M12: =G12+L12 -> -4545
B13: Chai PET nhóm 5 | C13: B7.2 | D13: 9500 | E13: 0.11 | F13: =D13*E13 -> 1045 | G13: -1000 | H13: =D13+F13+G13 -> 9545 | I13: 9000
B14: B. Giá mua Vảy
B15: Nhóm 1 | C15: Vảy B6.2 | D15: =H11 -> 12545 | E15: 0.1 | F15: =D15*E15 -> 1254.5 | G15: 2000 | H15: =D15+F15+G15 -> 15799.5 | I15: 16000 | K15: 2000 | L15: =I15-H15 -> 200.5 | M15: =G15+L15 -> 2200.5
B17: BẢNG COPY QUA TỜ TRÌNH DUYỆT | G17: Cross check
B18: Mã SAP | C18: Tên Chai | D18: Giá đề xuất | E18: Tháng 1 | F18: Tháng 2 | G18: Đlộc | H18: KN | I18: Đ Lâm
B19: 150000003 | C19: Chai PET B1.1 | D19: =$I$9 -> 14500 | E19: 15000 | F19: 15000 | G19: ='BOM (DLoc)'!M7 -> 14500 | H19: ='BOM (KN)'!M7 -> 14500 | I19: ='BOM (Dlam)'!M7 -> 14600
B20: 150000113 | C20: Chai PET B1 KPL (B1.2) | D20: =$I$9 -> 14500 | E20: 15000 | F20: 15000 | G20: =$G$19 -> 14500 | H20: =$H$19 -> 14500 | I20: =$H$19 -> 14500
B21: 150000187 | C21: Chai PET B1.3 | D21: =$I$9 -> 14500 | E21: 15000 | F21: 15000 | G21: =$G$19 -> 14500 | H21: =$H$19 -> 14500 | I21: =$H$19 -> 14500
B22: 150000004 | C22: Chai PET B2.1 | D22: =$I$9 -> 14500 | E22: 15000 | F22: 15000 | G22: =$G$19 -> 14500 | H22: =$H$19 -> 14500 | I22: =$H$19 -> 14500
B23: 150000050 | C23: Chai PET B2.2 | D23: =$I$11 -> 13000 | E23: 13500 | F23: 13500 | G23: ='BOM (DLoc)'!M9 -> 12000 | H23: ='BOM (KN)'!M9 -> 12000 | I23: ='BOM (Dlam)'!M9 -> 12000
B24: 150000005 | C24: Chai PET B3 | D24: =$I$9 -> 14500 | E24: 15000 | F24: 15000 | G24: =$G$19 -> 14500 | H24: =$H$19 -> 14500 | I24: =$H$19 -> 14500
B25: 150000014 | C25: Chai PET B4 | D25: =$I$10 -> 11500 | E25: 12000 | F25: 12000 | G25: ='BOM (DLoc)'!M10 -> 11500 | H25: ='BOM (KN)'!M10 -> 11500 | I25: ='BOM (Dlam)'!M10 -> 11600
B26: 150000015 | C26: Chai PET B5 | D26: =$I$10 -> 11500 | E26: 12000 | F26: 12000 | G26: ='BOM (DLoc)'!M11 -> 11500 | H26: ='BOM (KN)'!M11 -> 11500 | I26: ='BOM (Dlam)'!M11 -> 11600
C27: Chai PET B6.1 | D27: =I9 -> 14500 | E27: 15000 | F27: 15000 | G27: =G19 -> 14500 | H27: =H19 -> 14500 | I27: =I19 -> 14600
B28: 150000114 | C28: Chai PET B6.2 | D28: =$I$11 -> 13000 | E28: 13500 | F28: 13500 | G28: ='BOM (DLoc)'!M13 -> 13500 | H28: ='BOM (KN)'!M13 -> 13500 | I28: ='BOM (Dlam)'!M13 -> 13600
C29: Chai PET B7.2 | D29: =I13 -> 9000 | E29: 9000 | F29: 9000 | G29: ='BOM (DLoc)'!M16 -> 0 | H29: ='BOM (KN)'!M16 -> 0 | I29: ='BOM (Dlam)'!M16 -> 0
C30: Nắp HD Ép, cổ chai | D30: =I12 -> 6000 | E30: 6500 | F30: 6500 | G30: ='BOM (DLoc)'!M14 -> 6000 | H30: ='BOM (KN)'!M14 -> 6000 | I30: ='BOM (Dlam)'!M14 -> 6100
C31: PP (quai) | D31: =I12 -> 6000 | E31: 6500 | F31: 6500 | G31: ='BOM (DLoc)'!M19 -> 0 | H31: ='BOM (KN)'!M19 -> 0 | I31: ='BOM (Dlam)'!M19 -> 0
B32: 150000061 | C32: Vảy PET B6.2_A6 | D32: =I15 -> 16000 | E32: 16500 | F32: 16500 | G32: ='BOM (DLoc)'!M27 -> 16000 | H32: ='BOM (KN)'!M27 -> 16000 | I32: ='BOM (Dlam)'!M27 -> 16100
B34: Copy qua trạm
B35: 150000003 | C35: Chai PET B1.1 | D35: =D19 -> 14500
B36: 150000113 | C36: Chai PET B1 KPL (B1.2) | D36: =D20 -> 14500
B37: 150000187 | C37: Chai PET B1.3 | D37: =D21 -> 14500
B38: 150000004 | C38: Chai PET B2.1 | D38: =D22 -> 14500
B39: 150000050 | C39: Chai PET B2.2 | D39: =D23 -> 13000
B40: 150000005 | C40: Chai PET B3 | D40: =D24 -> 14500
B41: 150000014 | C41: Chai PET B4 | D41: =D25 -> 11500
B42: 150000015 | C42: Chai PET B5 | D42: =D26 -> 11500
B43: 150000114 | C43: Chai PET B6.2 | D43: =D28 -> 13000
C44: Chai PET B7.2 | D44: =D29 -> 9000
C45: Nắp HD Ép, cổ chai | D45: =D30 -> 6000
C46: PP (quai) | D46: =D31 -> 6000
B47: 150000061 | C47: Vảy PET B6.2_A6 | D47: =D32 -> 16000
D48: Chú
B49: Chu ý: | C49: B0
C50: B1
C51: Vảy
C52: Vảy sạch
C53: Giá bán
C54: Tỷ trọng ngành
C55: Mã hàng
