Workbook
Name \T: #REF!
Name \T: #REF!
Name \T: #REF!
Name \T: #REF!
Name \T: #REF!
Name \T: #REF!
Name \T: #REF!
Name __dao1: #REF!
Name __dao2: #REF!
Name __dap2: #REF!
Name __day1: #REF!
Name __day2: #REF!
Name __dbu1: #REF!
Name __dbu2: #REF!
Name __doi3: #REF!
Name __E99999: #REF!
Name __Jan02: #REF!
Name __lap1: #REF!
Name __lap2: #REF!
Name __vc1: #REF!
Name __vc2: #REF!
Name __vc3: #REF!
Name _01_01_99: #REF!
Name _01_02_99: #REF!
Name _01_03_99: #REF!
Name _01_04_99: #REF!
Name _01_05_99: #REF!
Name _01_06_99: #REF!
Name _01_07_99: #REF!
Name _01_08_1999: #REF!
Name _1CAP002: #REF!
Name _2STREO7: #REF!
Name _4GOIC01: #REF!
Name _4OSLCTT: #REF!
Name _6BNTTTH: #REF!
Name _6DCTTBO: #REF!
Name _6DD24TT: #REF!
Name _6FCOTBU: #REF!
Name _6LATUBU: #REF!
Name _6SDTT24: #REF!
Name _6TBUDTT: #REF!
Name _6TDDDTT: #REF!
Name _6TLTTTH: #REF!
Name _6TUBUTT: #REF!
Name _6UCLVIS: #REF!
Name _7DNCABC: #REF!
Name _7HDCTBU: #REF!
Name _7PKTUBU: #REF!
Name _7TBHT20: #REF!
Name _7TBHT30: #REF!
Name _7TDCABC: #REF!
Name _dao1: #REF!
Name _dao2: #REF!
Name _dap2: #REF!
Name _day1: #REF!
Name _day2: #REF!
Name _dbu1: #REF!
Name _dbu2: #REF!
Name _doi3: #REF!
Name _E99999: #REF!

Sheet PET-tháng

Sheet PET_tuan

Sheet Ma trận PET
D3: MA TRẬN GIÁ BÁN rPET | AL3: 2023 | AX3: 2024 | BJ3: 2025 | EA3: 2023 | EE3: 07.02 | EF3: 14.02 | EG3: 21.02 | EH3: 28.02 | EI3: 7.03 | EJ3: 14.03 | EK3: 21.03 | EL3: 28.03 | EM3: 4.04 | EN3: 11.04 | EO3: 18.04 | EP3: 25.04 | EQ3: 2.05 | ER3: 9.05 | ES3: 16.05 | ET3: 23.05 | EU3: 30.05 | EV3: 6.06 | EW3: 13.06 | EX3: 20.06 | FZ3: 2024 | HX3: 2025
F4: Tỷ giá | I4: 23147 | J4: 23135 | K4: 23142 | L4: 23194 | M4: 23204 | N4: 23160 | O4: 23141 | P4: 23161 | Q4: 23161 | R4: 23123 | S4: 23156 | T4: 23126 | U4: 23180 | V4: 23108 | W4: =V4 -> 23108 | X4: =W4 -> 23108 | Y4: =X4 -> 23108 | Z4: 23150 | AA4: 23150 | AB4: 23150 | AC4: 23150 | AD4: 23500 | AE4: 23500 | AF4: 23500 | AG4: 23500 | AH4: 23500 | AI4: 23500 | AJ4: 24600 | AK4: 24000 | AL4: 24000 | AM4: 24000 | AN4: 24000 | AO4: 24000 | AP4: 24000 | AQ4: 24000 | AR4: 24000 | AS4: 24000 | AT4: 24000 | AU4: 24000 | AV4: 24000 | AW4: 24000 | AX4: 24000 | AY4: 24000 | AZ4: 24000 | BA4: 24000 | BB4: 24000 | BC4: 24000 | BD4: 24000 | BE4: 24000 | BF4: 24000 | BG4: 24000 | BH4: 24000 | BI4: 24000 | CX4: 23150 | CY4: 23150 | CZ4: 23150 | DA4: 23150 | DB4: 23150 | DC4: 23150 | DD4: 23150 | DE4: 23150 | DF4: 23150 | DG4: 23150 | DH4: 23150 | DI4: 23150 | DJ4: 23500 | DK4: 23500 | DL4: 23500 | DM4: 23500 | DN4: 23500 | DO4: 23500 | DP4: 23500 | DQ4: 23500 | DR4: 24600 | DS4: 24600 | DT4: 24600 | DU4: 24600 | DV4: 24600 | DW4: 24000 | DX4: 24000 | DY4: 24000 | DZ4: 24000 | EA4: 24000 | EB4: 24000 | EC4: 24000 | ED4: 24000 | EE4: 24000 | EF4: 24000 | EG4: 24000 | EH4: 24000 | EI4: 24000 | EJ4: 24000 | EK4: 24000 | EL4: 24000 | EM4: 24000 | EN4: 24000 | EO4: 24000 | EP4: 24000 | EQ4: 24000 | ER4: 24000 | ES4: 24000 | ET4: 24000 | EU4: 24000 | EV4: 24000 | EW4: 24000 | EX4: 24000 | EY4: 24000 | EZ4: 24000 | FA4: 24000 | FB4: 24000 | FC4: 24000 | FD4: 24000 | FE4: 24000 | FF4: 24000 | FG4: 24000 | FH4: 24000 | FI4: 24000 | FJ4: 24000 | FK4: 24000 | FL4: 24000 | FM4: 24000 | FN4: 24000 | FO4: 24000 | FP4: 24000 | FQ4: 24000 | FR4: 24000 | FS4: 24000 | FT4: 24000 | FU4: 24000 | FV4: 24000 | FW4: 24000 | FX4: 24000 | FY4: 24000 | FZ4: 24000 | GA4: 24000 | GB4: 24000 | GC4: 24000 | GD4: 24000 | GE4: 24000 | GF4: 24000 | GG4: 24000 | GH4: 24000 | GI4: 24000 | GJ4: 24000 | GK4: 24000 | GL4: 24000 | GM4: 24000 | GN4: 24000 | JW4: 2026
A5: Stt | B5: Mã SAP | C5: Tên hàng hóa SAP | D5: Mã SP | E5: Tên sản phẩm | F5: Diễn giải | G5: Đơn vị tính | H5: Diễn giải | I5: T1.21 | J5: T2.21 | K5: T3.21 | L5: T4.21 | M5: T5.21 | N5: T6.21 | O5: T7.21 | P5: T8.21 | Q5: T9.21 | R5: T10.21 | S5: T11.21 | T5: T12.21 | U5: 1 | V5: 2 | W5: 3 | X5: 4 | Y5: 5 | Z5: 6 | AA5: 7 | AB5: 8 | AC5: Hiện tại 23/8 | AD5: 9 | AE5: 10 | AF5: 4/10 | AG5: 11/10 | AH5: 18/10 | AI5: 25/10 | AJ5: 11 | AK5: 12 | AL5: T1/23 | AM5: 2 | AN5: 3 | AO5: 4 | AP5: 5 | AQ5: 6 | AR5: 7 | AS5: 8 | AT5: 9 | AU5: 10 | AV5: 11 | AW5: 12 | AX5: T1.24 | AY5: 2 | AZ5: 3 | BA5: 4 | BB5: 5 | BC5: 6 | BD5: 7 | BE5: 8 | BF5: 9 | BG5: 10 | BH5: 11 | BI5: 12 | BJ5: T1.25 | BK5: 2 | BL5: 3 | BM5: 4 | BN5: 5 | BO5: 6 | BP5: 7 | BQ5: 8 | BR5: 9 | BS5: 10 | BT5: 11 | BU5: 12 | BV5: T1.26 | BX5: Mã SP | BY5: Tên sản phẩm | BZ5: Diễn giải | CA5: 1 | CB5: =+CA5+1 -> 2 | CC5: =+CB5+1 -> 3 | CD5: =+CC5+1 -> 4 | CE5: =+CD5+1 -> 5 | CF5: =+CE5+1 -> 6 | CG5: =+CF5+1 -> 7 | CH5: =+CG5+1 -> 8 | CI5: =+CH5+1 -> 9 | ... CW5: =+CV5+1 -> 23 | CX5: 24 | CY5: 25 | CZ5: 26 | DA5: 27 | DB5: 28 | DC5: 29 | DD5: 30 | DE5: 31 | DF5: 32 | DG5: 33 | DH5: 34 | DI5: 35 | DJ5: 36 | DK5: 37 | DL5: 38 | DM5: 39 | DN5: 40 | DO5: 41 | DP5: 42 | DQ5: 43 | DR5: 44 | DS5: 45 | DT5: 46 | DU5: 47 | DV5: 48 | DW5: 49 | DX5: 50 | DY5: 51 | DZ5: 52 | EA5: 1 | EB5: 2 | EC5: 3 | ED5: 5 | EE5: 6 | EF5: 7 | EG5: 8 | EH5: 9 | EI5: 10 | EJ5: 11 | EK5: 12 | EL5: 13 | EM5: 14 | EN5: 15 | EO5: 16 | EP5: 17 | EQ5: 18 | ER5: 19 | ES5: 20 | ET5: 21 | EU5: 22 | EV5: 23 | EW5: 24 | EX5: 25 | EY5: 26 | EZ5: 27 | FA5: 28 | FB5: 29 | FC5: 30 | FD5: 31 | FE5: 32 | FF5: 33 | FG5: 34 | FH5: 35 | FI5: 36 | FJ5: 37 | FK5: 38 | FL5: 39 | FM5: 40 | FN5: 41 | FO5: 42 | FP5: 43 | FQ5: 44 | FR5: 45 | FS5: 46 | FT5: 47 | FU5: 48 | FV5: 49 | FW5: 50 | FX5: 51 | FY5: 52 | FZ5: 1/24 | GA5: 02 | GB5: 03 | GC5: 04 | GD5: 05 | GE5: 08 | GF5: 09 | GG5: 10 | GH5: 11 | GI5: 12 | GJ5: 13 | GK5: 14 | GL5: 15 | GM5: 16 | GN5: 17 | GO5: 18 | GP5: 19 | GQ5: 20 | GR5: 21 | GS5: 22 | GT5: 23 | GU5: 24 | GV5: 25 | GW5: 26 | GX5: 27 | GY5: 28 | GZ5: 29 | HA5: 30 | HB5: 31 | HC5: 32 | HD5: 33 | HE5: 34 | HF5: 35 | HG5: 36 | HH5: 37 | HI5: 38 | HJ5: 39 | HK5: 40 | HL5: 41 | HM5: 42 | HN5: 43 | HO5: 44 | HP5: 45 | HQ5: 46 | HR5: 47 | HS5: 48 | HT5: 49 | HU5: 50 | HV5: 51 | HW5: 52 | HX5: 01 | HY5: 02 | HZ5: 03 | IA5: 04 | IB5: 06 | IC5: 07 | ID5: 08 | IE5: 09 | IF5: 10 | IG5: 11 | IH5: 12 | II5: 13 | IJ5: 14 | IK5: 15 | IL5: 16 | IM5: 17 | IN5: 18 | IO5: 19 | IP5: 20 | IQ5: 21 | IR5: 22 | IS5: 23 | IT5: 24 | IU5: 25 | IV5: 26 | IW5: 27 | IX5: 28 | IY5: 29 | IZ5: 30 | JA5: 31 | JB5: 32 | JC5: 33 | JD5: 34 | JE5: 35 | JF5: 36 | JG5: 37 | JH5: 38 | JI5: 39 | JJ5: 40 | JK5: 41 | JL5: 42 | JM5: 43 | JN5: 44 | JO5: 45 | JP5: 46 | JQ5: 47 | JR5: 48 | JS5: 49 | JT5: 50 | JU5: 51 | JV5: 52 | JW5: 01 | JX5: 02 | JY5: 03 | JZ5: 04 | KA5: 05
A6: 5 | B6: 110000329 | C6: Hạt rPET WSS01 | D6: WSS01G | E6: WSS01 - Hạt rPET (IV 0.78) | F6: DTR | G6: $ /tấn | H6: DTR | I6: =I7-20 -> 1230 | J6: =J7-20 -> 1230 | K6: =K7-20 -> 1230 | L6: =L7-20 -> 1230 | M6: =M7-20 -> 1230 | N6: =N7-20 -> 1230 | O6: =O7-20 -> 1250 | P6: =P7-20 -> 1250 | ... V6: =V7-20 -> 1300 | W6: 1450 | X6: 1550 | Y6: 1550 | Z6: 1550 | AA6: 1550 | AB6: 1480 | AC6: 1480 | AD6: =#REF!/AD4*1000 -> #REF! | AE6: =#REF!/AE4*1000 -> #REF! | AF6: =#REF!/AF4*1000 -> #REF! | AG6: =#REF!/AG4*1000 -> #REF! | AH6: =#REF!/AH4*1000 -> #REF! | AI6: =#REF!/AI4*1000 -> #REF! | AJ6: =#REF!/AJ4*1000 -> #REF! | AK6: 1330 | AL6: =+SUM(EA6:ED6)/4 -> 1330 | AM6: =+SUM(EE6:EH6)/4 -> 1330 | AN6: =+SUM(EI6:EK6)/COUNT(EI6:EK6) -> 1380 | AO6: =+SUM(EM6:EP6)/COUNT(EM6:EP6) -> 1380 | AP6: =+SUM(EQ6:EU6)/COUNT(EQ6:EU6) -> 1380 | AQ6: =+SUM(EV6:EY6)/COUNT(EV6:EY6) -> 1325 | AR6: =+SUM(EZ6:FC6)/COUNT(EZ6:FC6) -> 1275 | AS6: =FD6 -> 1250 | AT6: 1250 | AU6: 1250 | AV6: 1250 | AW6: 1250 | AX6: 1250 | AY6: 1250 | AZ6: 1250 | BA6: 1250 | BB6: 1300 | BC6: 1300 | BD6: 1300 | BE6: 1300 | BF6: 1310 | BG6: 1325 | BH6: 1325 | BI6: =1325-50 -> 1275 | BJ6: =1325-50-45 -> 1230 | BK6: =1325-50-45 -> 1230 | BL6: =1325-50-45 -> 1230 | BM6: =1325-50-45+20 -> 1250 | BN6: =1325-50-45+20 -> 1250 | BO6: =1325-50-45+20 -> 1250 | BP6: =1325-50-45+20 -> 1250 | BQ6: =1325-50-45+20-30 -> 1220 | BR6: =1325-50-45+20-30 -> 1220 | BS6: =1325-50-45+20-30-10 -> 1210 | BT6: =1325-50-45+20-30-10-10 -> 1200 | BU6: =1325-50-45+20-30-10-10 -> 1200 | BV6: =1325-50-45+20-30-10-10-40 -> 1160 | BX6: WSS01/G | BY6: WSS01 - Hạt rPET (IV 0.78) | BZ6: DTR | CX6: 1550 | CY6: 1550 | CZ6: 1550 | DA6: 1550 | DB6: 1550 | DC6: 1550 | DD6: 1550 | DE6: 1480 | DF6: 1480 | DG6: 1480 | DH6: 1480 | DI6: 1480 | DJ6: 1410 | DK6: 1410 | DL6: 1410 | DM6: 1410 | DN6: =#REF!/DN4*1000 -> #REF! | DO6: =#REF!/DO4*1000 -> #REF! | DP6: =#REF!/DP4*1000 -> #REF! | DQ6: =#REF!/DQ4*1000 -> #REF! | DR6: 1380 | DS6: 1380 | DT6: 1380 | DU6: 1380 | DV6: 1380 | DW6: 1380 | DX6: 1380 | DY6: 1330 | DZ6: 1330 | EA6: 1330 | EB6: 1330 | EC6: 1330 | ED6: 1330 | EE6: 1330 | EF6: 1330 | EG6: 1330 | EH6: 1330 | EI6: 1380 | EJ6: 1380 | EK6: 1380 | EL6: 1380 | EM6: 1380 | EN6: 1380 | EO6: 1380 | EP6: 1380 | EQ6: 1380 | ER6: 1380 | ES6: 1380 | ET6: 1380 | EU6: 1380 | EV6: 1350 | EW6: 1350 | EX6: 1300 | EY6: 1300 | EZ6: 1300 | FA6: 1300 | FB6: 1250 | FC6: 1250 | FD6: 1250 | FE6: 1250 | FF6: 1250 | FG6: 1250 | FH6: 1250 | FI6: 1250 | FJ6: 1250 | FK6: 1250 | FL6: 1250 | FM6: 1250 | FN6: 1250 | FO6: 1250 | FP6: 1250 | FQ6: 1250 | FR6: 1250 | FS6: 1250 | FT6: 1250 | FU6: 1250 | FV6: 1250 | FW6: 1250 | FX6: 1250 | FY6: 1250 | FZ6: 1250 | GA6: 1250 | GB6: 1250 | GC6: 1250 | GD6: 1250 | GE6: 1250 | GF6: 1250 | GG6: 1250 | GH6: 1250 | GI6: 1250 | GJ6: 1250 | GK6: 1250 | GL6: 1250 | GM6: 1250 | GN6: 1250 | GO6: 1300 | GP6: 1300 | GQ6: 1300 | GR6: 1300 | GS6: 1300 | GT6: 1300 | GU6: 1300 | GV6: 1300 | GW6: 1300 | GX6: 1300 | GY6: 1300 | GZ6: 1300 | HA6: 1300 | HB6: 1300 | HC6: 1300 | HD6: 1300 | HE6: 1300 | HF6: 1300 | HG6: 1310 | HH6: 1310 | HI6: 1310 | HJ6: 1310 | HK6: 1325 | HL6: 1325 | HM6: 1325 | HN6: 1325 | HO6: 1325 | HP6: 1325 | HQ6: 1325 | HR6: 1325 | HS6: 1325 | HT6: =1325-50 -> 1275 | HU6: =HT6 -> 1275 | HV6: =HU6 -> 1275 | HW6: =HV6 -> 1275 | HX6: 1230 | HY6: =HX6 -> 1230 | HZ6: =HY6 -> 1230 | IA6: =HZ6 -> 1230 | IB6: =IA6 -> 1230 | IC6: =IB6 -> 1230 | ID6: =IC6 -> 1230 | IE6: =ID6 -> 1230 | IF6: =IE6 -> 1230 | ... II6: =IH6 -> 1230 | IJ6: =II6+20 -> 1250 | IK6: =IJ6 -> 1250 | IL6: =IK6 -> 1250 | IM6: =IL6 -> 1250 | IN6: =IM6 -> 1250 | IO6: =IN6 -> 1250 | IP6: =IO6 -> 1250 | IQ6: =IP6 -> 1250 | IR6: =IQ6 -> 1250 | IS6: 1223.0835 | IT6: 1225.2286 | IU6: 1219.8595 | IV6: 1219.0531 | IW6: 1215.2889 | IX6: 1228.3131 | IY6: 1216.0902 | IZ6: 1220.5682 | JA6: 1216.9073 | JB6: 1204.4734 | JC6: 1187.6814 | JD6: 1220 | JE6: =JD6 -> 1220 | JF6: =JE6 -> 1220 | JG6: =JF6 -> 1220 | JH6: =JG6 -> 1220 | JI6: =JH6 -> 1220 | JJ6: 1210 | JK6: =JJ6 -> 1210 | JL6: =JK6 -> 1210 | JM6: =JL6 -> 1210 | JN6: 1210 | JO6: 1200 | JP6: 1200 | JQ6: 1200 | JR6: 1200 | JS6: 1200 | JT6: 1200 | JU6: 1200 | JV6: 1200 | JW6: 1160 | JX6: 1160 | JY6: 1160 | JZ6: 1160 | KA6: 1160
A7: 6 | B7: 110000329 | C7: Hạt rPET WSS01 | D7: WSS01/G | E7: WSS01 - Hạt rPET (IV 0.78) | F7: DTR-Giá WSS01 FOB-HCM (IV: 0,78+/- 0.02) | G7: $ /tấn | H7: DTR | I7: 1250 | J7: 1250 | K7: 1250 | L7: 1250 | M7: 1250 | N7: 1250 | O7: 1270 | P7: 1270 | Q7: 1270 | R7: 1270 | S7: 1320 | T7: 1320 | U7: 1320 | V7: 1320 | W7: =W6+20 -> 1470 | X7: =X6+20 -> 1570 | Y7: =Y6+20 -> 1570 | Z7: =Z6+20 -> 1570 | AA7: =AA6+20 -> 1570 | AB7: 1500 | AC7: =AC6+20 -> 1500 | AD7: =AD6+20 -> #REF! | AE7: =AE6+20 -> #REF! | AF7: =AF6+20 -> #REF! | AG7: =AG6+20 -> #REF! | AH7: =AH6+20 -> #REF! | AI7: =AI6+20 -> #REF! | AJ7: =AJ6+20 -> #REF! | AK7: =AK6+20 -> 1350 | AL7: =+SUM(EA7:ED7)/4 -> 1330 | AM7: =+SUM(EB7:EE7)/4 -> 1330 | AN7: =+SUM(EI7:EK7)/COUNT(EI7:EK7) -> 1380 | AO7: =+SUM(EM7:EP7)/COUNT(EM7:EP7) -> 1380 | AP7: =+SUM(EQ7:EU7)/COUNT(EQ7:EU7) -> 1380 | AQ7: =+SUM(EV7:EY7)/COUNT(EV7:EY7) -> 1325 | AR7: =+SUM(EZ7:FC7)/COUNT(EZ7:FC7) -> 1275 | AS7: =+SUM(FD7:FH7)/COUNT(FD7:FH7) -> 1250 | AT7: =FI7 -> 1250 | AU7: =FJ7 -> 1250 | AV7: =FK7 -> 1250 | AW7: =FL7 -> 1250 | AX7: =FM7 -> 1250 | AY7: =FN7 -> 1250 | AZ7: =FO7 -> 1250 | BA7: =FP7 -> 1250 | BB7: 1300 | BC7: 1300 | BD7: 1300 | BE7: 1300 | BF7: 1300 | BG7: 1300 | BH7: 1300 | BI7: 1300 | BJ7: 1300 | BK7: 1300 | BL7: 1300 | BM7: 1300 | BN7: 1300 | BO7: 1300 | BP7: 1300 | BQ7: 1300 | BR7: 1300 | BS7: 1300 | BT7: 1300 | BU7: 1300 | BV7: 1300 | BX7: giá EXW | BY7: WSS01 - Hạt rPET (IV 0.78) | BZ7: DTR | CX7: =CX6+20 -> 1570 | CY7: =CY6+20 -> 1570 | CZ7: =CZ6+20 -> 1570 | DA7: =DA6+20 -> 1570 | DB7: =DB6+20 -> 1570 | DC7: =DC6+20 -> 1570 | DD7: =DD6+20 -> 1570 | DE7: =DE6+20 -> 1500 | ... DQ7: =DQ6+20 -> #REF! | DR7: 1400 | DS7: 1400 | DT7: 1400 | DU7: 1400 | DV7: 1400 | DW7: 1400 | DX7: 1400 | DY7: 1350 | DZ7: 1350 | EA7: =EA6 -> 1330 | EB7: =EB6 -> 1330 | EC7: =EC6 -> 1330 | ED7: =ED6 -> 1330 | EE7: =EE6 -> 1330 | EF7: =EF6 -> 1330 | EG7: =EG6 -> 1330 | EH7: =EH6 -> 1330 | ... FX7: =FX6 -> 1250 | FY7: 1250 | FZ7: 1250 | GA7: 1250 | GB7: 1250 | GC7: 1250 | GD7: 1250 | GE7: 1250 | GF7: 1250 | GG7: 1250 | GH7: 1250 | GI7: 1250 | GJ7: 1250 | GK7: 1250 | GL7: 1250 | GM7: 1250 | GN7: 1250 | GO7: 1250 | GP7: 1250 | GQ7: 1250 | GR7: 1250 | GS7: 1250 | GT7: 1250 | GU7: 1250 | GV7: 1250 | GW7: 1250
A8: 7 | B8: 110000330 | C8: Hạt rPET SS01 | D8: ISS01/G | E8: SS01 - Hạt rPET (IV 0.82) | F8: DTR-Giá ISS01 FOB-HCM (IV: 0,82+/- 0.02) | G8: $ /tấn | H8: ISS01 (IV: 0,82+/- 0.02) | I8: =I7+30 -> 1280 | J8: =J7+30 -> 1280 | K8: =K7+30 -> 1280 | L8: =L7+30 -> 1280 | M8: =M7+30 -> 1280 | N8: =N7+30 -> 1280 | O8: =O7+30 -> 1300 | P8: =P7+30 -> 1300 | ... S8: =S7+30 -> 1350 | T8: =T7+50 -> 1370 | U8: =U7+50 -> 1370 | V8: =V7+50 -> 1370 | W8: =W7+100 -> 1570 | X8: =X7+100 -> 1670 | Y8: =Y7+100 -> 1670 | Z8: =Z7+80 -> 1650 | AA8: =AA7+80 -> 1650 | AB8: 1530 | AC8: 1530 | AD8: =#REF!/AD4*1000+20 -> #REF! | AE8: =#REF!/AE4*1000+20 -> #REF! | AF8: =#REF!/AF4*1000+20 -> #REF! | AG8: =#REF!/AG4*1000+20 -> #REF! | AH8: =#REF!/AH4*1000+20 -> #REF! | AI8: =#REF!/AI4*1000+20 -> #REF! | AJ8: =#REF!/AJ4*1000+20 -> #REF! | AK8: =#REF!/AK4*1000+20 -> #REF! | AL8: =#REF!/AL4*1000+20 -> #REF! | AM8: =+SUM(EE8:EH8)/4 -> 1397.5 | AN8: =+SUM(EI8:EK8)/COUNT(EI8:EK8) -> 1410 | AO8: =+SUM(EM8:EP8)/COUNT(EM8:EP8) -> 1410 | AP8: =+SUM(EQ8:EU8)/COUNT(EQ8:EU8) -> 1410 | AQ8: =+SUM(EV8:EY8)/COUNT(EV8:EY8) -> 1355 | AR8: =+SUM(EZ8:FC8)/COUNT(EZ8:FC8) -> 1305 | AS8: =+SUM(FD8:FH8)/COUNT(FD8:FH8) -> 1280 | AT8: =FI8 -> 1280 | AU8: =FJ8 -> 1280 | AV8: =FK8 -> 1280 | AW8: =FL8 -> 1280 | AX8: =FM8 -> 1280 | AY8: =FN8 -> 1280 | AZ8: =FO8 -> 1280 | BA8: =FP8 -> 1280 | ... BV8: =GK8 -> 1280 | BX8: ISS01/G | BY8: SS01 - Hạt rPET (IV 0.82) | BZ8: ISS01 (IV: 0,82+/- 0.02) | CX8: 1650 | CY8: 1650 | CZ8: 1650 | DA8: 1650 | DB8: 1650 | DC8: 1650 | DD8: 1650 | DE8: 1530 | DF8: 1530 | DG8: 1530 | DH8: 1530 | DI8: 1530 | DJ8: 1460 | DK8: 1460 | DL8: 1460 | DM8: 1460 | DN8: =#REF!/DN4*1000+20 -> #REF! | DO8: =#REF!/DO4*1000+20 -> #REF! | DP8: =#REF!/DP4*1000+20 -> #REF! | DQ8: =#REF!/DQ4*1000+20 -> #REF! | DR8: 1410 | DS8: 1410 | DT8: 1410 | DU8: 1410 | DV8: 1410 | DW8: 1410 | DX8: 1410 | DY8: 1410 | DZ8: 1410 | EA8: 1410 | EB8: 1410 | EC8: 1410 | ED8: 1410 | EE8: 1410 | EF8: 1410 | EG8: 1410 | EH8: =+EH7+30 -> 1360 | EI8: =+EI7+30 -> 1410 | EJ8: =+EJ7+30 -> 1410 | EK8: =+EK7+30 -> 1410 | EL8: =+EL7+30 -> 1410 | EM8: =+EM7+30 -> 1410 | EN8: =+EN7+30 -> 1410 | EO8: =+EO7+30 -> 1410 | ... GW8: =+GW7+30 -> 1280
D9: ẩn | F9: DTR-Giá FOB rPET ISS01 | G9: đồng /kg | H9: DTR-Giá FOB rPET ISS01 | V9: =V8*23108/1000 -> 31657.96 | W9: =W8*23108/1000 -> 36279.56 | X9: =X8*23108/1000 -> 38590.36 | Y9: =Y8*23108/1000 -> 38590.36 | Z9: =Z8*Z4/1000 -> 38197.5 | AC9: =AC8*AC4/1000 -> 35419.5 | AD9: =AD8*AD4/1000 -> #REF! | AE9: =AE8*AE4/1000 -> #REF! | AF9: =AF8*AF4/1000 -> #REF! | AG9: =AG8*AG4/1000 -> #REF! | AH9: =AH8*AH4/1000 -> #REF! | AI9: =AI8*AI4/1000 -> #REF! | AJ9: =AJ8*AJ4/1000 -> #REF! | ... AM9: =AM8*AM4/1000 -> 33540 | BX9: ẩn | BZ9: DTR-Giá FOB rPET ISS01 | DN9: =DN8*DN4/1000 -> #REF! | DO9: =DO8*DO4/1000 -> #REF! | DP9: =DP8*DP4/1000 -> #REF! | DQ9: =DQ8*DQ4/1000 -> #REF! | DR9: 33135 | EX9: =+#REF!+30 -> #REF!
A11: 9 | D11: ICIS | E11: ICIS giá rPET ($ /tấn) | F11: ICIS FOB ĐNA - Giá trung bình | G11: $ /tấn | H11: ICIS | P11: 1300 | Q11: 1300 | R11: 1350 | S11: 1350 | T11: 1350 | U11: 1350 | V11: 1500 | W11: 1525 | X11: 1525 | Y11: 1550 | Z11: 1627 | AA11: 1585 | AB11: 1574 | AC11: 1485 | AD11: 1444 | AE11: 1425 | AF11: 1425 | AG11: 1425 | AH11: 1425 | AI11: =(1350+1500)/2 -> 1425 | AJ11: 1425 | AK11: 1330 | AL11: =+SUM(EA11:ED11)/4 -> 1287.5 | AM11: =+SUM(EE11:EH11)/4 -> 1313.75 | AN11: =+SUM(EI11:EK11)/COUNT(EI11:EK11) -> 1440 | AO11: =+SUM(EM11:EP11)/COUNT(EM11:EP11) -> 1440 | AP11: =+SUM(EQ11:EU11)/COUNT(EQ11:EU11) -> 1433 | AQ11: =+SUM(EV11:EY11)/COUNT(EV11:EY11) -> 1337.5 | AR11: =+SUM(EZ11:FC11)/COUNT(EZ11:FC11) -> 1317.5 | AS11: =+SUM(FD11:FH11)/COUNT(FD11:FH11) -> 1274 | AT11: =+SUM(FI11:FL11)/COUNT(FI11:FL11) -> 1288.75 | AU11: =+SUM(FM11:FP11)/COUNT(FM11:FP11) -> 1288.125 | AV11: =+SUM(FQ11:FT11)/COUNT(FQ11:FT11) -> 1300 | AW11: =+SUM(FU11:FY11)/COUNT(FU11:FY11) -> 1300 | AX11: =+SUM(FZ11:GC11)/COUNT(FZ11:GC11) -> 1312.5 | AY11: =+SUM(GD11:GF11)/COUNT(GD11:GF11) -> 1325 | AZ11: =+SUM(GG11:GJ11)/COUNT(GG11:GJ11) -> 1320 | BA11: =+SUM(GK11:GN11)/COUNT(GK11:GN11) -> 1323.75 | BB11: =+SUM(GO11:GS11)/COUNT(GO11:GS11) -> 1346.6 | BC11: =+SUM(GT11:GW11)/COUNT(GT11:GW11) -> 1365 | BD11: =+SUM(GX11:HA11)/COUNT(GX11:HA11) -> 1365 | BE11: =+SUM(HB11:HF11)/COUNT(HB11:HF11) -> 1404 | BF11: =+SUM(HG11:HJ11)/COUNT(HG11:HJ11) -> 1427.5 | BG11: =+SUM(HK11:HN11)/COUNT(HK11:HN11) -> 1440 | BH11: =+SUM(HO11:HS11)/COUNT(HO11:HS11) -> 1440 | BI11: =+SUM(HT11:HW11)/COUNT(HT11:HW11) -> 1421.25 | BJ11: =+SUM(HX11:IA11)/COUNT(HX11:IA11) -> 1368.75 | BK11: =+SUM(IB11:IE11)/COUNT(IB11:IE11) -> 1350 | BL11: =+SUM(IF11:II11)/COUNT(IF11:II11) -> 1360 | BM11: =+SUM(IJ11:IM11)/COUNT(IJ11:IM11) -> 1360 | BN11: =+SUM(IN11:IR11)/COUNT(IN11:IR11) -> 1360 | BO11: =+SUM(IS11:IV11)/COUNT(IS11:IV11) -> 1360 | BP11: =+SUM(IW11:JA11)/COUNT(IW11:JA11) -> 1324 | BQ11: =+SUM(JB11:JE11)/COUNT(JB11:JE11) -> 1295 | BR11: =+SUM(JF11:JI11)/COUNT(JF11:JI11) -> 1275 | BS11: =+SUM(JJ11:JN11)/COUNT(JJ11:JN11) -> 1248 | BT11: =+SUM(JO11:JR11)/COUNT(JO11:JR11) -> 1243.75 | BU11: =+SUM(JS11:JV11)/COUNT(JS11:JV11) -> 1193.75 | BV11: 1150 | BX11: ICIS | BY11: ICIS giá rPET ($ /tấn) | BZ11: ICIS | CX11: =+(1550+1670)/2 -> 1610 | CY11: =+(1550+1700)/2 -> 1625 | CZ11: =+(1550+1650)/2 -> 1600 | DA11: =+(1550+1620)/2 -> 1585 | DB11: =+(1550+1650)/2 -> 1600 | DC11: =+(1550+1650)/2 -> 1600 | DD11: =+(1550+1650)/2 -> 1600 | DE11: =+(1550+1680)/2 -> 1615 | DF11: =+(1550+1680)/2 -> 1615 | DG11: =+(1550+1620)/2 -> 1585 | DH11: =+(1550+1620)/2 -> 1585 | DI11: =+(1450+1520)/2 -> 1485 | DJ11: =+(1350+1550)/2 -> 1450 | DK11: =+(1350+1550)/2 -> 1450 | DL11: =+(1350+1550)/2 -> 1450 | DM11: =+(1350+1550)/2 -> 1450 | DN11: 1425 | DO11: 1425 | DP11: 1425 | DQ11: =(1350+1500)/2 -> 1425 | DR11: 1350 | DS11: 1350 | DT11: =+(1250+1450)/2 -> 1350 | DU11: =+(1250+1450)/2 -> 1350 | DV11: =+(1250+1450)/2 -> 1350 | DW11: =+(1250+1450)/2 -> 1350 | DX11: =+(1250+1450)/2 -> 1350 | DY11: =+(1250+1350)/2 -> 1300 | DZ11: =+(1250+1350)/2 -> 1300 | EA11: =+(1250+1350)/2 -> 1300 | EB11: =+(1250+1350)/2 -> 1300 | EC11: =+(1250+1300)/2 -> 1275 | ED11: =+(1250+1300)/2 -> 1275 | EE11: =+(1250+1300)/2 -> 1275 | EF11: =+(1250+1300)/2 -> 1275 | EG11: =+(1280+1350)/2 -> 1315 | EH11: =+(1350+1430)/2 -> 1390 | EI11: =+(1350+1530)/2 -> 1440 | EJ11: =+(1350+1530)/2 -> 1440 | EK11: =+(1350+1530)/2 -> 1440 | EL11: =+(1350+1530)/2 -> 1440 | EM11: =+(1350+1530)/2 -> 1440 | EN11: =+(1350+1530)/2 -> 1440 | EO11: =+(1350+1530)/2 -> 1440 | EP11: =+(1350+1530)/2 -> 1440 | ... ET11: =+(1350+1530)/2 -> 1440 | EU11: =+(1350+1460)/2 -> 1405 | EV11: =+(1350+1400)/2 -> 1375 | EW11: =+(1300+1350)/2 -> 1325 | EX11: =+(1300+1350)/2 -> 1325 | EY11: =+(1300+1350)/2 -> 1325 | EZ11: =+(1300+1350)/2 -> 1325 | FA11: =+(1300+1350)/2 -> 1325 | FB11: =+(1270+1350)/2 -> 1310 | FC11: =+(1270+1350)/2 -> 1310 | FD11: =+(1200+1300)/2 -> 1250 | FE11: =+(1200+1320)/2 -> 1260 | FF11: =+(1200+1320)/2 -> 1260 | FG11: =+(1250+1350)/2 -> 1300 | FH11: =+(1250+1350)/2 -> 1300 | FI11: =+(1250+1330)/2 -> 1290 | FJ11: =+(1250+1330)/2 -> 1290 | FK11: =+(1250+1330)/2 -> 1290 | FL11: 1285 | FM11: 1285 | FN11: 1287.5 | FO11: 1280 | FP11: 1300 | FQ11: 1300 | FR11: 1300 | FS11: 1300 | FT11: 1300 | FU11: 1300 | FV11: 1300 | FW11: 1300 | FX11: 1300 | FY11: 1300 | FZ11: 1300 | GA11: 1300 | GB11: 1325 | GC11: 1325 | GD11: 1325 | GE11: 1325 | GF11: 1325 | GG11: 1325 | GH11: 1325 | GI11: 1315 | GJ11: 1315 | GK11: 1325 | GL11: 1325 | GM11: 1325 | GN11: 1320 | GO11: 1333 | GP11: 1350 | GQ11: 1350 | GR11: 1350 | GS11: 1350 | GT11: 1365 | GU11: 1365 | GV11: 1365 | GW11: 1365 | GX11: 1365 | GY11: 1365 | GZ11: 1365 | HA11: 1365 | HB11: 1400 | HC11: 1400 | HD11: 1400 | HE11: 1410 | HF11: 1410 | HG11: 1430 | HH11: 1430 | HI11: 1425 | HJ11: 1425 | HK11: 1440 | HL11: 1440 | HM11: 1440 | HN11: 1440 | HO11: 1440 | HP11: 1440 | HQ11: 1440 | HR11: 1440 | HS11: 1440 | HT11: 1430 | HU11: 1430 | HV11: 1425 | HW11: 1400 | HX11: 1400 | HY11: 1375 | HZ11: 1350 | IA11: 1350 | IB11: 1350 | IC11: 1350 | ID11: 1350 | IE11: 1350 | IF11: 1360 | IG11: 1360 | IH11: 1360 | II11: 1360 | IJ11: 1360 | IK11: 1360 | IL11: 1360 | IM11: 1360 | IN11: 1360 | IO11: 1360 | IP11: 1360 | IQ11: 1360 | IR11: 1360 | IS11: 1360 | IT11: 1360 | IU11: 1360 | IV11: 1360 | IW11: 1360 | IX11: 1360 | IY11: 1300 | IZ11: 1300 | JA11: 1300 | JB11: 1300 | JC11: 1300 | JD11: 1290 | JE11: 1290 | JF11: 1290 | JG11: 1290 | JH11: 1260 | JI11: 1260 | JJ11: 1240 | JK11: 1250 | JL11: 1250 | JM11: 1250 | JN11: 1250 | JO11: 1250 | JP11: 1250 | JQ11: 1250 | JR11: 1225 | JS11: 1225 | JT11: 1200 | JU11: 1200 | JV11: 1150
A12: 9 | D12: ICIS | E12: ICIS giá rPET ($ /tấn) | F12: ICIS FOB ĐNA - Giá Cao | G12: $ /tấn | H12: ICIS FOB ĐNA - Giá Cao | P12: 1400 | Q12: 1500 | R12: 1500 | S12: 1500 | T12: 1500 | U12: 1500 | V12: 1650 | W12: 1650 | X12: 1650 | Y12: 1650 | Z12: 1800 | AA12: 1700 | AB12: 1610 | AC12: 1520 | AD12: 1538 | AE12: 1550 | AF12: 1500 | AG12: 1500 | AH12: 1500 | AI12: 1500 | AJ12: 1500 | AK12: 1410 | AL12: =+SUM(EA12:ED12)/4 -> 1325 | AM12: =+SUM(EE12:EH12)/4 -> 1345 | AN12: =+SUM(EI12:EK12)/COUNT(EI12:EK12) -> 1530 | AO12: =+SUM(EM12:EP12)/COUNT(EM12:EP12) -> 1530 | AP12: =+SUM(EQ12:EU12)/COUNT(EQ12:EU12) -> 1516 | AQ12: =+SUM(EV12:EY12)/COUNT(EV12:EY12) -> 1362.5 | AR12: =+SUM(EZ12:FC12)/COUNT(EZ12:FC12) -> 1350 | AS12: =+SUM(FD12:FH12)/COUNT(FD12:FH12) -> 1328 | AT12: =+SUM(FI12:FL12)/COUNT(FI12:FL12) -> 1327.5 | AU12: =+SUM(FM12:FP12)/COUNT(FM12:FP12) -> 1326.25 | AV12: =+SUM(FQ12:FT12)/COUNT(FQ12:FT12) -> 1350 | AW12: =+SUM(FU12:FY12)/COUNT(FU12:FY12) -> 1350 | AX12: =+SUM(FZ12:GC12)/COUNT(FZ12:GC12) -> 1375 | AY12: =+SUM(GD12:GF12)/COUNT(GD12:GF12) -> 1400 | AZ12: =+SUM(GG12:GJ12)/COUNT(GG12:GJ12) -> 1390 | BA12: =+SUM(GK12:GN12)/COUNT(GK12:GN12) -> 1397.5 | BB12: =+SUM(GO12:GS12)/COUNT(GO12:GS12) -> 1399.2 | BC12: =+SUM(GT12:GW12)/COUNT(GT12:GW12) -> 1455 | BD12: =+SUM(GX12:HA12)/COUNT(GX12:HA12) -> 1455 | BE12: =+SUM(HB12:HF12)/COUNT(HB12:HF12) -> 1504 | BF12: =+SUM(HG12:HJ12)/COUNT(HG12:HJ12) -> 1550 | BG12: =+SUM(HK12:HN12)/COUNT(HK12:HN12) -> 1580 | BH12: =+SUM(HO12:HS12)/COUNT(HO12:HS12) -> 1580 | BI12: =+SUM(HT12:HW12)/COUNT(HT12:HW12) -> 1555 | BJ12: =+SUM(HX12:IA12)/COUNT(HX12:IA12) -> 1512.5 | BK12: =+SUM(IB12:IE12)/COUNT(IB12:IE12) -> 1500 | BL12: =+SUM(IF12:II12)/COUNT(IF12:II12) -> 1500 | BM12: =+SUM(IJ12:IM12)/COUNT(IJ12:IM12) -> 1500 | BN12: =+SUM(IN12:IR12)/COUNT(IN12:IR12) -> 1500 | BO12: =+SUM(IS12:IV12)/COUNT(IS12:IV12) -> 1500 | BP12: =+SUM(IW12:JA12)/COUNT(IW12:JA12) -> 1440 | BQ12: =+SUM(JB12:JE12)/COUNT(JB12:JE12) -> 1390 | BR12: =+SUM(JF12:JI12)/COUNT(JF12:JI12) -> 1350 | BS12: =+SUM(JJ12:JN12)/COUNT(JJ12:JN12) -> 1344 | BT12: =+SUM(JO12:JR12)/COUNT(JO12:JR12) -> 1350 | BU12: =+SUM(JS12:JV12)/COUNT(JS12:JV12) -> 1300 | BV12: 1250 | BX12: ICIS | BY12: ICIS giá rPET ($ /tấn) | BZ12: ICIS FOB ĐNA - Giá Cao | CX12: 1670 | CY12: 1700 | CZ12: 1650 | DA12: 1620 | DB12: 1650 | DC12: 1650 | DD12: 1650 | DE12: 1680 | DF12: 1680 | DG12: 1620 | DH12: 1620 | DI12: 1520 | DJ12: 1550 | DK12: 1550 | DL12: 1550 | DM12: 1550 | DN12: 1500 | DO12: 1500 | DP12: 1500 | DQ12: 1500 | DR12: 1450 | DS12: 1450 | DT12: 1450 | DU12: 1450 | DV12: 1450 | DW12: 1450 | DX12: 1450 | DY12: 1350 | DZ12: 1350 | EA12: 1350 | EB12: 1350 | EC12: 1300 | ED12: 1300 | EE12: 1300 | EF12: 1300 | EG12: 1350 | EH12: 1430 | EI12: 1530 | EJ12: 1530 | EK12: 1530 | EL12: 1530 | EM12: 1530 | EN12: 1530 | EO12: 1530 | EP12: 1530 | EQ12: 1530 | ER12: 1530 | ES12: 1530 | ET12: 1530 | EU12: 1460 | EV12: 1400 | EW12: 1350 | EX12: 1350 | EY12: 1350 | EZ12: 1350 | FA12: 1350 | FB12: 1350 | FC12: 1350 | FD12: 1300 | FE12: 1320 | FF12: 1320 | FG12: 1350 | FH12: 1350 | FI12: 1330 | FJ12: 1330 | FK12: 1330 | FL12: 1320 | FM12: 1320 | FN12: 1325 | FO12: 1310 | FP12: 1350 | FQ12: 1350 | FR12: 1350 | FS12: 1350 | FT12: 1350 | FU12: 1350 | FV12: 1350 | FW12: 1350 | FX12: 1350 | FY12: 1350 | FZ12: 1350 | GA12: 1350 | GB12: 1400 | GC12: 1400 | GD12: 1400 | GE12: 1400 | GF12: 1400 | GG12: 1400 | GH12: 1400 | GI12: 1380 | GJ12: 1380 | GK12: 1400 | GL12: 1400 | GM12: 1400 | GN12: 1390 | GO12: 1396 | GP12: 1400 | GQ12: 1400 | GR12: 1400 | GS12: 1400 | GT12: 1455 | GU12: 1455 | GV12: 1455 | GW12: 1455 | GX12: 1455 | GY12: 1455 | GZ12: 1455 | HA12: 1455 | HB12: 1500 | HC12: 1500 | HD12: 1500 | HE12: 1510 | HF12: 1510 | HG12: 1550 | HH12: 1550 | HI12: 1550 | HJ12: 1550 | HK12: 1580 | HL12: 1580 | HM12: 1580 | HN12: 1580 | HO12: 1580 | HP12: 1580 | HQ12: 1580 | HR12: 1580 | HS12: 1580 | HT12: 1560 | HU12: 1560 | HV12: 1550 | HW12: 1550 | HX12: 1550 | HY12: 1500 | HZ12: 1500 | IA12: 1500 | IB12: 1500 | IC12: 1500 | ID12: 1500 | IE12: 1500 | IF12: 1500 | IG12: 1500 | IH12: 1500 | II12: 1500 | IJ12: 1500 | IK12: 1500 | IL12: 1500 | IM12: 1500 | IN12: 1500 | IO12: 1500 | IP12: 1500 | IQ12: 1500 | IR12: 1500 | IS12: 1500 | IT12: 1500 | IU12: 1500 | IV12: 1500 | IW12: 1500 | IX12: 1500 | IY12: 1400 | IZ12: 1400 | JA12: 1400 | JB12: 1400 | JC12: 1400 | JD12: 1380 | JE12: 1380 | JF12: 1380 | JG12: 1380 | JH12: 1320 | JI12: 1320 | JJ12: 1320 | JK12: 1350 | JL12: 1350 | JM12: 1350 | JN12: 1350 | JO12: 1350 | JP12: 1350 | JQ12: 1350 | JR12: 1350 | JS12: 1350 | JT12: 1300 | JU12: 1300 | JV12: 1250
D13: Anh 12 | F13: FENC_FOB TAIWAN BÁN CHO UNILEVER | G13: $ /tấn | H13: FENC_BÁN CHO UNILEVER | R13: 1290 | S13: 1290 | T13: 1290 | U13: 1205 | V13: 1205 | W13: 1542 | X13: 1542 | Y13: 1542 | Z13: 1755 | AA13: 1755 | AB13: 1755 | AC13: 1755 | AD13: 1755 | AE13: 1718 | AF13: 1718 | AG13: 1718 | AH13: 1718 | AI13: 1718 | AJ13: 1718 | AK13: 1718 | AL13: =+SUM(EA13:ED13)/4 -> 1640.75 | AM13: =+SUM(EE13:EH13)/4 -> 1615 | AN13: =+SUM(EI13:EK13)/COUNT(EI13:EK13) -> 1615 | BO13: =+SUM(IS13:IV13)/COUNT(IS13:IV13) -> #DIV/0! | BP13: =+SUM(IW13:JA13)/COUNT(IW13:JA13) -> #DIV/0! | BQ13: =+SUM(JB13:JE13)/COUNT(JB13:JE13) -> #DIV/0! | BR13: =+SUM(JF13:JI13)/COUNT(JF13:JI13) -> #DIV/0! | BS13: =+SUM(JJ13:JN13)/COUNT(JJ13:JN13) -> #DIV/0! | BT13: =+SUM(JO13:JR13)/COUNT(JO13:JR13) -> #DIV/0! | BU13: =+SUM(JS13:JV13)/COUNT(JS13:JV13) -> #DIV/0! | BV13: =+SUM(JT13:JW13)/COUNT(JT13:JW13) -> #DIV/0! | BX13: Anh 12 | BZ13: FENC_BÁN CHO UNILEVER | CX13: 1755 | CY13: 1755 | CZ13: 1755 | DA13: 1755 | DB13: 1755 | DC13: 1755 | DD13: 1755 | DE13: 1755 | DF13: 1755 | DG13: 1755 | DH13: 1755 | DI13: 1718 | DJ13: 1718 | DK13: 1718 | DL13: 1718 | DM13: 1718 | DN13: 1718 | DO13: 1718 | DP13: 1718 | DQ13: 1718 | DR13: 1718 | DS13: 1718 | DT13: 1718 | DU13: 1718 | DV13: 1718 | DW13: 1718 | DX13: 1718 | DY13: 1718 | DZ13: 1718 | EA13: 1718 | EB13: 1615 | EC13: 1615 | ED13: 1615 | EE13: 1615 | EF13: 1615 | EG13: 1615 | EH13: 1615 | EI13: 1615 | EJ13: 1615 | EK13: 1615 | EL13: 1615
D14: Anh 12 | F14: RESIN | G14: $ /tấn | H14: RESIN | S14: 1190 | T14: 1150 | U14: 1165 | V14: 1272.5 | W14: 1346 | X14: 1297.5 | Y14: 1316.6667 | Z14: 1390 | AA14: 1220 | AB14: 1270 | AC14: 1190 | AD14: 1190 | AE14: 1130 | AF14: 1100 | AG14: 1100 | AH14: 1070 | AI14: 1040 | AJ14: 1040 | AK14: =+SUM(DW14:DZ14)/4 -> 977.5 | AL14: =+SUM(EA14:ED14)/4 -> 1000 | AM14: =+SUM(EE14:EH14)/4 -> 1045 | AN14: =+SUM(EI14:EK14)/COUNT(EI14:EK14) -> 1020 | AO14: =+SUM(EM14:EP14)/COUNT(EM14:EP14) -> 1055 | AP14: =+SUM(EQ14:EU14)/COUNT(EQ14:EU14) -> 974 | AQ14: =+SUM(EV14:EY14)/COUNT(EV14:EY14) -> 895 | AR14: =+SUM(EZ14:FC14)/COUNT(EZ14:FC14) -> 903 | AS14: =+SUM(FD14:FH14)/COUNT(FD14:FH14) -> 918 | AT14: =+SUM(FI14:FL14)/COUNT(FI14:FL14) -> 930 | AU14: =+SUM(FM14:FP14)/COUNT(FM14:FP14) -> 922.5 | AV14: =+SUM(FQ14:FT14)/COUNT(FQ14:FT14) -> 900 | AW14: =+SUM(FU14:FY14)/COUNT(FU14:FY14) -> 900 | AX14: =+SUM(FZ14:GC14)/COUNT(FZ14:GC14) -> 930 | AY14: =+SUM(GD14:GF14)/COUNT(GD14:GF14) -> 943.33333 | AZ14: =+SUM(GG14:GJ14)/COUNT(GG14:GJ14) -> 940 | BA14: =+SUM(GK14:GN14)/COUNT(GK14:GN14) -> 940 | BB14: =+SUM(GO14:GS14)/COUNT(GO14:GS14) -> 942 | BC14: =+SUM(GT14:GW14)/COUNT(GT14:GW14) -> 950 | BD14: =+SUM(GX14:HA14)/COUNT(GX14:HA14) -> 947.5 | BE14: =+SUM(HB14:HF14)/COUNT(HB14:HF14) -> 930 | BF14: =+SUM(HG14:HJ14)/COUNT(HG14:HJ14) -> 880 | BG14: =+SUM(HK14:HN14)/COUNT(HK14:HN14) -> 862.5 | BH14: =+SUM(HO14:HS14)/COUNT(HO14:HS14) -> 852 | BI14: =+SUM(HT14:HW14)/COUNT(HT14:HW14) -> 830 | BJ14: =+SUM(HX14:IA14)/COUNT(HX14:IA14) -> 827.5 | BK14: =+SUM(IB14:IE14)/COUNT(IB14:IE14) -> 840 | BL14: =+SUM(IF14:II14)/COUNT(IF14:II14) -> 822.5 | BM14: =+SUM(IJ14:IM14)/COUNT(IJ14:IM14) -> 765 | BN14: =+SUM(IN14:IR14)/COUNT(IN14:IR14) -> 782 | BO14: =+SUM(IS14:IV14)/COUNT(IS14:IV14) -> 807.5 | BP14: =+SUM(IW14:JA14)/COUNT(IW14:JA14) -> 802 | BQ14: =+SUM(JB14:JE14)/COUNT(JB14:JE14) -> 795 | BR14: =+SUM(JF14:JI14)/COUNT(JF14:JI14) -> 782.5 | BS14: =+SUM(JJ14:JN14)/COUNT(JJ14:JN14) -> 772 | BT14: =+SUM(JO14:JR14)/COUNT(JO14:JR14) -> 770 | BU14: =+SUM(JS14:JV14)/COUNT(JS14:JV14) -> 772.5 | BV14: 795 | BX14: Anh 12 | BZ14: RESIN | CX14: =+(1400+1430)/2 -> 1415 | CY14: =+(1380+1410)/2 -> 1395 | CZ14: =+(1360+1390)/2 -> 1375 | DA14: =+(1320+1350)/2 -> 1335 | DB14: =+(1230+1270)/2 -> 1250 | DC14: =+(1210+1250)/2 -> 1230 | DD14: =+(1200+1240)/2 -> 1220 | DE14: =+(1230+1270)/2 -> 1250 | DF14: =+(1230+1270)/2 -> 1250 | DG14: =+(1200+1240)/2 -> 1220 | DH14: =+(1170+1210)/2 -> 1190 | DI14: =+(1140+1180)/2 -> 1160 | DJ14: =+(1140+1180)/2 -> 1160 | DK14: =+(1140+1180)/2 -> 1160 | DL14: =+(1110+1150)/2 -> 1130 | DM14: =+(1110+1150)/2 -> 1130 | DN14: 1100 | DO14: 1100 | DP14: 1070 | DQ14: 1040 | DR14: 995 | DS14: 980 | DT14: =+(960+1000)/2 -> 980 | DU14: =+(960+1000)/2 -> 980 | DV14: =+(940+1000)/2 -> 970 | DW14: =+(940+1000)/2 -> 970 | DX14: =+(940+1000)/2 -> 970 | DY14: =+(960+1000)/2 -> 980 | DZ14: =+(970+1010)/2 -> 990 | EA14: 970 | EB14: 980 | EC14: 990 | ED14: 1060 | EE14: 1070 | EF14: 1070 | EG14: 1020 | EH14: 1020 | EI14: 1020 | EJ14: 1020 | EK14: 1020 | EL14: 1020 | EM14: 1050 | EN14: 1070 | EO14: 1050 | EP14: 1050 | EQ14: 1020 | ER14: 1000 | ES14: 980 | ET14: 960 | EU14: 910 | EV14: 910 | EW14: 890 | EX14: 890 | EY14: 890 | EZ14: 890 | FA14: 882 | FB14: 920 | FC14: 920 | FD14: 940 | FE14: 920 | FF14: 910 | FG14: 910 | FH14: 910 | FI14: 910 | FJ14: 930 | FK14: 940 | FL14: 940 | FM14: 940 | FN14: 930 | FO14: 920 | FP14: 900 | FQ14: 900 | FR14: 900 | FS14: 900 | FT14: 900 | FU14: 900 | FV14: 900 | FW14: 900 | FX14: 900 | FY14: 900 | FZ14: 900 | GA14: 940 | GB14: 940 | GC14: 940 | GD14: 950 | GE14: 940 | GF14: 940 | GG14: 940 | GH14: 940 | GI14: 940 | GJ14: 940 | GK14: 940 | GL14: 940 | GM14: 940 | GN14: 940 | GO14: 940 | GP14: 940 | GQ14: 940 | GR14: 940 | GS14: 950 | GT14: 950 | GU14: 950 | GV14: 950 | GW14: 950 | GX14: 950 | GY14: 950 | GZ14: 950 | HA14: 940 | HB14: 940 | HC14: 940 | HD14: 940 | HE14: 930 | HF14: 900 | HG14: 900 | HH14: 890 | HI14: 870 | HJ14: 860 | HK14: 860 | HL14: 860 | HM14: 870 | HN14: 860 | HO14: 860 | HP14: 860 | HQ14: 860 | HR14: 840 | HS14: 840 | HT14: 840 | HU14: 830 | HV14: 830 | HW14: 820 | HX14: 820 | HY14: 820 | HZ14: 820 | IA14: 850 | IB14: 840 | IC14: 840 | ID14: 840 | IE14: 840 | IF14: 840 | IG14: 830 | IH14: 810 | II14: 810 | IJ14: 800 | IK14: 750 | IL14: 750 | IM14: 760 | IN14: 760 | IO14: 760 | IP14: 800 | IQ14: 800 | IR14: 790 | IS14: 800 | IT14: 790 | IU14: 820 | IV14: 820 | IW14: 820 | IX14: 820 | IY14: 790 | IZ14: 790 | JA14: 790 | JB14: 800 | JC14: 790 | JD14: 790 | JE14: 800 | JF14: 790 | JG14: 780 | JH14: 780 | JI14: 780 | JJ14: 780 | JK14: 780 | JL14: 770 | JM14: 760 | JN14: 770 | JO14: 770 | JP14: 770 | JQ14: 770 | JR14: 770 | JS14: 770 | JT14: 770 | JU14: 770 | JV14: 780 | JW14: 795
F15: ICIS Thị trường Mỹ (FOB) | H15: x | BZ15: ICIS Bờ Tây Mỹ (FOB) | DE15: 2502.24 | DF15: 2502.24 | DG15: 2502.24 | DH15: 2259.74 | DI15: 2259.74 | DJ15: 2259.74 | DK15: 1918.02 | DL15: 1918.02 | DM15: 1918.02 | DN15: 1587.33 | DO15: 1587.33 | DP15: 1587.33 | DQ15: 1587.33 | DR15: 1587.33 | DS15: 1587.33 | DT15: 1587.33 | DU15: 1587.33 | DV15: 1477.1 | DW15: 1477.1 | DX15: 1477.1 | DY15: 1477.1 | DZ15: 1477.1 | EA15: 1543.23 | EB15: 1543.234 | EC15: 1543.234 | ED15: 1543.234 | EE15: 1543.234 | EF15: 1543.234 | EG15: 1543.234 | EH15: 1543.234 | EI15: 1543.234 | EJ15: 1543.234 | EK15: 1543.234 | EL15: 1543.234 | EM15: 1543.234 | EN15: 1543.234 | EO15: 1543.234 | EP15: 1543.234 | EQ15: 1543.234 | ER15: 1543.234 | ES15: 1543.234 | ET15: 1521.188 | EU15: 1521.188 | EV15: 1521.188 | EW15: 1521.188 | EX15: 1521.188 | EY15: 1521.188 | EZ15: 1521.188 | FA15: 1521.188 | FB15: 1521.188 | FC15: 1521.188 | FD15: 1521.188 | FE15: 1521.188 | FF15: 1521.188 | FG15: 1521.188 | FH15: 1521.188 | FI15: 1521.188 | FJ15: 1521.188 | FK15: 1521.188 | FL15: 1521.188 | FM15: 1521.188 | FN15: 1521.188 | FO15: 1521.188 | FP15: 1521.188 | FQ15: 1521.188 | FR15: 1521.188 | FS15: 1521.188 | FT15: 1521.188 | FU15: 1521.188 | FV15: 1521.188 | FW15: 1521.188 | FX15: 1521.188 | FY15: 1521.188 | FZ15: 1521.188 | GA15: 1521.188 | GB15: 1521.188 | GC15: 1521.188 | GD15: 1521.188 | GE15: 1521.188 | GF15: 1521.188 | GG15: 1521.188 | GH15: 1521.188 | GI15: 1521.188 | GJ15: 1521.188 | GK15: 1521.188 | GL15: 1521.188 | GM15: 1521.188 | GN15: 1521.188
F16: Giá keo dự báo | H16: Giá keo dự báo | U16: =U14 -> 1165 | V16: =V14 -> 1272.5 | W16: =W14 -> 1346 | X16: =X14 -> 1297.5 | Y16: =Y14 -> 1316.6667 | Z16: =Z14 -> 1390 | AA16: =AA14 -> 1220 | AB16: =AB14 -> 1270 | ... BV16: =BV14 -> 795 | BZ16: Giá tới nhà máy Plascene | DL16: =DL15+222 -> 2140.02 | DM16: =DM15-222 -> 1696.02 | DN16: =DN15-222 -> 1365.33 | DO16: =DO15-222 -> 1365.33 | DP16: =DP15-222 -> 1365.33 | DQ16: =DQ15-222 -> 1365.33 | DR16: =DR15-222 -> 1365.33 | DS16: =DS15-222 -> 1365.33 | DT16: =DT15-222 -> 1365.33 | ... KA16: =KA15-222 -> -222
H17: TTCP | X17: =X14 -> 1297.5 | Y17: =Y14 -> 1316.6667 | Z17: =Z14 -> 1390 | AA17: =AA14 -> 1220 | AB17: =AB14 -> 1270 | AC17: =AC14 -> 1190 | AD17: =AD14 -> 1190 | AE17: =AE14 -> 1130 | ... BV17: =BV14 -> 795 | BZ17: TTCP | DN17: =DN14 -> 1100 | DO17: =DO14 -> 1100 | DP17: =DP14 -> 1070 | DQ17: =DQ14 -> 1040 | DR17: =DR14 -> 995 | DS17: =DS14 -> 980 | DT17: =DT14 -> 980 | DU17: =DU14 -> 980 | ... KA17: =KA14 -> 0
H18: CL | X18: =X7-X17 -> 272.5 | Y18: =Y7-Y17 -> 253.33333 | Z18: =Z7-Z17 -> 180 | AA18: =AA7-AA17 -> 350 | AB18: =AB7-AB17 -> 230 | AC18: =AC7-AC17 -> 310 | AD18: =AD7-AD17 -> #REF! | AE18: =AE7-AE17 -> #REF! | ... AK18: =AK7-AK17 -> 372.5 | AL18: =AL6-AL17 -> 330 | AM18: =AM6-AM17 -> 285 | AN18: =AN6-AN17 -> 360 | AO18: =AO6-AO17 -> 325 | AP18: =AP6-AP17 -> 406 | AQ18: =AQ6-AQ17 -> 430 | AR18: =AR6-AR17 -> 372 | AS18: =AS6-AS17 -> 332 | ... BV18: =BV6-BV17 -> 365 | BZ18: CL | DN18: =+DN7-DN17 -> #REF! | DO18: =+DO7-DO17 -> #REF! | DP18: =+DP7-DP17 -> #REF! | DQ18: =+DQ7-DQ17 -> #REF! | DR18: =+DR7-DR17 -> 405 | DS18: =+DS7-DS17 -> 420 | DT18: =+DT7-DT17 -> 420 | DU18: =+DU7-DU17 -> 420 | ... FY18: =+FY7-FY17 -> 350 | FZ18: =+FZ6-FZ17 -> 350 | GA18: =+GA6-GA17 -> 310 | GB18: =+GB6-GB17 -> 310 | GC18: =+GC6-GC17 -> 310 | GD18: =+GD6-GD17 -> 300 | GE18: =+GE6-GE17 -> 310 | GF18: =+GF6-GF17 -> 310 | GG18: =+GG6-GG17 -> 310 | ... KA18: =+KA6-KA17 -> 1160
H19: % | X19: =X18/X17 -> 0.21001927 | Y19: =Y18/Y17 -> 0.19240506 | Z19: =Z18/Z17 -> 0.1294964 | AA19: =AA18/AA17 -> 0.28688525 | AB19: =AB18/AB17 -> 0.18110236 | AC19: =AC18/AC17 -> 0.2605042 | AD19: =AD18/AD17 -> #REF! | AE19: =AE18/AE17 -> #REF! | ... BV19: =BV18/BV17 -> 0.4591195 | BZ19: % | DN19: =+DN18/DN17 -> #REF! | DO19: =+DO18/DO17 -> #REF! | DP19: =+DP18/DP17 -> #REF! | DQ19: =+DQ18/DQ17 -> #REF! | DR19: =+DR18/DR17 -> 0.40703518 | DS19: =+DS18/DS17 -> 0.42857143 | DT19: =+DT18/DT17 -> 0.42857143 | DU19: =+DU18/DU17 -> 0.42857143 | ... KA19: =+KA18/KA17 -> #DIV/0!
H20: Điểm hòa vốn | X20: 1225 | Y20: 1225 | Z20: 1225 | AA20: 1225 | AB20: 1225 | AC20: 1225 | AD20: 1225 | AE20: 1225 | AF20: 1225 | AG20: 1225 | AH20: 1225 | AI20: 1225 | AJ20: 1225 | AK20: 1225 | AL20: 1225 | AM20: 1225 | AN20: 1225 | AO20: 1225 | AP20: 1225 | AQ20: 1185 | AR20: 1133 | AS20: 1133 | AT20: 1151 | AU20: 1175 | AV20: 1200 | AW20: 1143 | AX20: 1162 | AY20: 1175 | AZ20: 1200 | BA20: 1230 | BB20: 1260 | BC20: 1250 | BD20: 1174 | BE20: 1131 | BF20: 1154.4175 | BG20: 1161.0769 | BH20: 1179.9226 | BI20: 1183.4455 | BJ20: 1181 | BK20: 1185.2425 | BL20: 1190.7839 | BM20: 1188.899 | BN20: 1208.4564 | BO20: 1167.8122 | BP20: 1185.3194 | BQ20: 1163.1487 | BR20: 1186.2628 | BS20: 1128 | BT20: 1070.5116 | BU20: 1092.8991 | BV20: 1096.8837 | BZ20: Giá keo dự báo | DN20: =DN14 -> 1100 | DO20: =DO14 -> 1100 | DP20: =DP14 -> 1070 | DQ20: =DQ14 -> 1040 | DR20: =DR14 -> 995 | DS20: =DS14 -> 980 | DT20: =DT14 -> 980 | DU20: =DU14 -> 980 | ... KA20: =KA14 -> 0
H21: Điểm hòa vốn ( có phí hỗ trợ) | BZ21: Điểm hòa vốn | DP21: 1303 | DQ21: 1303 | DR21: 1225 | DS21: 1225 | DT21: 1225 | DU21: 1225 | DV21: 1225 | DW21: 1225 | DX21: 1225 | DY21: 1225 | DZ21: 1225 | EA21: 1225 | EB21: 1225 | EC21: 1225 | ED21: 1225 | EE21: 1225 | EF21: 1225 | EG21: 1225 | EH21: 1225 | EI21: 1225 | EJ21: 1225 | EK21: 1225 | EL21: 1225 | EM21: 1225 | EN21: 1225 | EO21: 1225 | EP21: 1225 | EQ21: 1225 | ER21: 1225 | ES21: 1225 | ET21: 1225 | EU21: 1225 | EV21: 1225 | EW21: 1185 | EX21: 1185 | EY21: 1185 | EZ21: 1185 | FA21: 1133 | FB21: 1133 | FC21: 1133 | FD21: 1133 | FE21: 1133 | FF21: 1133 | FG21: 1133 | FH21: 1151 | FI21: 1151 | FJ21: 1151 | FK21: 1175 | FL21: 1175 | FM21: 1175 | FN21: 1175 | FO21: 1175 | FP21: 1175 | FQ21: 1200 | FR21: 1200 | FS21: 1200 | FT21: 1200 | FU21: 1143 | FV21: 1143 | FW21: 1143 | FX21: 1143 | FY21: 1143 | FZ21: 1162 | GA21: 1162 | GB21: 1162 | GC21: 1162 | GD21: 1175 | GE21: 1175 | GF21: 1175 | GG21: 1200 | GH21: 1200 | GI21: 1200 | GJ21: 1200 | GK21: 1230 | GL21: 1230 | GM21: 1230 | GN21: 1230 | GO21: 1260 | GP21: 1260 | GQ21: 1260 | GR21: 1260 | GS21: 1260 | GT21: 1250 | GU21: 1250 | GV21: 1250 | GW21: 1250 | GX21: 1174 | GY21: 1174 | GZ21: 1174 | HA21: 1174 | HB21: 1131 | HC21: 1131 | HD21: 1131 | HE21: 1131 | HF21: 1131 | HG21: 1154.4175 | HH21: 1154.4175 | HI21: 1154.4175 | HJ21: 1154.4175 | HK21: 1161.0769 | HL21: 1161.0769 | HM21: 1161.0769 | HN21: 1161.0769 | HO21: 1179.9226 | HP21: 1179.9226 | HQ21: 1179.9226 | HR21: 1179.9226 | HS21: 1179.9226 | HT21: 1183.4455 | HU21: 1183.4455 | HV21: 1183.4455 | HW21: 1183.4455 | HX21: 1181 | HY21: 1181 | HZ21: 1181 | IA21: 1181 | IB21: 1185.2425 | IC21: 1185.2425 | ID21: 1185.2425 | IE21: 1185.2425 | IF21: 1190.7839 | IG21: 1190.7839 | IH21: 1190.7839 | II21: 1190.7839 | IJ21: 1188.899 | IK21: 1188.899 | IL21: 1188.899 | IM21: 1188.899 | IN21: 1208.4564 | IO21: 1208.4564 | IP21: 1208.4564 | IQ21: 1208.4564 | IR21: 1208.4564 | IS21: 1167.8122 | IT21: 1167.8122 | IU21: 1167.8122 | IV21: 1167.8122 | IW21: 1185.3194 | IX21: 1185.3194 | IY21: 1185.3194 | IZ21: 1185.3194 | JA21: 1185.3194 | JB21: 1163.1487 | JC21: 1163.1487 | JD21: 1163.1487 | JE21: 1163.1487 | JF21: 1186.2628 | JG21: 1186.2628 | JH21: 1186.2628 | JI21: 1186.2628 | JJ21: 1149.7077 | JK21: 1149.7077 | JL21: 1149.7077 | JM21: 1149.7077 | JN21: 1149.7077 | JO21: 1070.5116 | JP21: 1070.5116 | JQ21: 1070.5116 | JR21: 1070.5116 | JS21: 1092.8991 | JT21: 1092.8991 | JU21: 1092.8991 | JV21: 1092.8991 | JW21: 1096.8837 | JX21: 1096.8837 | JY21: 1096.8837 | JZ21: 1096.8837 | KA21: 1096.8837
BZ22: Điểm hòa vốn có 25% rewash | EA22: =EA21+35 -> 1260 | EB22: =EB21+35 -> 1260 | EC22: =EC21+35 -> 1260 | ED22: =ED21+35 -> 1260 | EE22: =EE21+35 -> 1260 | EF22: =EF21+35 -> 1260 | EG22: =EG21+35 -> 1260 | EH22: =EH21+35 -> 1260 | ... FU22: =FU21+35 -> 1178 | FV22: =FV21+20 -> 1163 | FW22: =FW21+20 -> 1163 | FX22: =FX21+20 -> 1163 | FY22: =FY21+20 -> 1163 | FZ22: =FZ21+20 -> 1182 | GA22: =GA21+20 -> 1182 | GB22: =GB21+20 -> 1182 | GC22: =GC21+20 -> 1182 | ... GN22: =GN21+20 -> 1250
H23: Giá bán đối thủ Intco | AS23: 1220 | AT23: 1220 | AU23: 1220 | BZ23: Điểm hòa vốn (có phí hỗ trợ) | EA23: =EA21+34 -> 1259 | EB23: =EB21+34 -> 1259 | EC23: =EC21+34 -> 1259 | ED23: =ED21+34 -> 1259 | EE23: =EE21+34 -> 1259 | EF23: =EF21+34 -> 1259 | EG23: =EG21+34 -> 1259 | EH23: =EH21+34 -> 1259 | ... FG23: =FG21+34 -> 1167 | FH23: 1182 | FI23: 1182 | FJ23: 1182 | FK23: 1182 | FL23: 1182 | FM23: 1234 | FN23: 1234 | FO23: 1234 | FP23: 1234 | FQ23: 1234 | FR23: 1234 | FS23: 1234 | FT23: 1234 | FU23: 1234 | FV23: 1234 | FW23: 1234 | FX23: 1234 | FY23: 1234 | FZ23: 1234 | GA23: 1234 | GB23: 1234 | GC23: 1234 | GD23: 1234 | GE23: 1234 | GF23: 1234 | GG23: 1234 | GH23: 1234 | GI23: 1234 | GJ23: 1234 | GK23: 1234 | GL23: 1234 | GM23: 1234 | GN23: 1234
H24: Giá bán Unilever | X24: 1360 | Y24: 1360 | Z24: 1360 | AA24: 1550 | AB24: 1550 | AC24: 1550 | AD24: 1550 | AE24: 1534 | AF24: 1534 | AG24: 1534 | AH24: 1534 | AI24: 1534 | AJ24: 1534 | AK24: 1534 | AL24: 1445 | AM24: 1445 | AN24: 1445 | AO24: 1500 | AP24: 1500 | AQ24: 1500 | AR24: 1450 | AS24: 1450 | AT24: 1450 | AU24: 1350 | AV24: 1350 | AW24: 1350 | AX24: 1320 | AY24: 1320 | AZ24: 1320 | BA24: 1320 | BB24: 1320 | BC24: 1320 | BD24: 1300 | BE24: 1300 | BF24: 1300 | BG24: 1300 | BH24: 1300 | BI24: 1300 | BJ24: 1300 | BK24: 1300 | BL24: 1250 | BM24: 1250 | BN24: 1250 | BO24: 1250 | BP24: 1280 | BQ24: 1280 | BR24: 1280 | BS24: 1280 | BT24: 1280 | BU24: 1280 | BV24: 1250 | BZ24: Giá bán đối thủ Intco | FA24: 1200 | FD24: 1200 | FE24: 1200 | FF24: 1200 | FG24: 1200 | FH24: 1200 | FI24: 1200 | FJ24: 1200 | FK24: 1200 | FL24: 1200 | FM24: 1200 | FN24: 1200 | FO24: 1200 | FP24: 1100 | FQ24: 1100 | FR24: 1100 | FS24: 1100 | FT24: 1100 | FU24: 1100 | FV24: 1100 | FW24: 1100 | FX24: 1100 | FY24: 1100 | FZ24: 1100 | GA24: 1100 | GB24: 1100 | GC24: 1100 | GD24: 1100 | GE24: 1100 | GF24: 1100 | GG24: 1100 | GH24: 1100 | GI24: 1100 | GJ24: 1100 | GK24: 1100 | GL24: 1100 | GM24: 1100 | GN24: 1100 | GO24: 1100 | GP24: 1100 | GQ24: 1100 | GR24: 1100 | GS24: 1100 | GT24: 1100 | GU24: 1100 | GV24: 1100 | GW24: 1100 | GX24: 1100 | GY24: 1100 | GZ24: 1100 | HA24: 1100
BZ25: Unilever | EA25: 1445 | EB25: 1445 | EC25: 1445 | ED25: 1445 | EE25: 1445 | EF25: 1445 | EG25: 1445 | EH25: 1445 | EI25: 1445 | EJ25: 1445 | EK25: 1445 | EL25: 1445 | EM25: 1500 | EN25: 1500 | EO25: 1500 | EP25: 1500 | EQ25: 1500 | ER25: 1500 | ES25: 1500 | ET25: 1500 | EU25: 1500 | EV25: 1500 | EW25: 1500 | EX25: 1500 | EY25: 1500 | EZ25: 1500 | FA25: 1450 | FB25: 1450 | FC25: 1450 | FD25: 1450 | FE25: 1450 | FF25: 1450 | FG25: 1450 | FH25: 1450 | FI25: 1450 | FJ25: 1450 | FK25: 1450 | FL25: 1450 | FM25: 1350 | FN25: 1350 | FO25: 1350 | FP25: 1350 | FQ25: 1350 | FR25: 1350 | FS25: 1350 | FT25: 1350 | FU25: 1350 | FV25: 1350 | FW25: 1350 | FX25: 1350 | FY25: 1350 | FZ25: 1320 | GA25: 1320 | GB25: 1320 | GC25: 1320 | GD25: 1320 | GE25: 1320 | GF25: 1320 | GG25: 1320 | GH25: 1320 | GI25: 1320 | GJ25: 1320 | GK25: 1320 | GL25: 1320 | GM25: 1320 | GN25: 1320 | GO25: 1320 | GP25: 1320 | GQ25: 1320 | GR25: 1320 | GS25: 1320 | GT25: 1320 | GU25: 1320 | GV25: 1320 | GW25: 1320 | GX25: 1300 | GY25: 1300 | GZ25: 1300 | HA25: 1300 | HB25: 1300 | HC25: 1300 | HD25: 1300 | HE25: 1300 | HF25: 1300 | HG25: 1300 | HH25: 1300 | HI25: 1300 | HJ25: 1300 | HK25: 1300 | HL25: 1300 | HM25: 1300 | HN25: 1300 | HO25: 1300 | HP25: 1300 | HQ25: 1300 | HR25: 1300 | HS25: 1300 | HT25: 1300 | HU25: 1300 | HV25: 1300 | HW25: 1300 | HX25: 1300 | HY25: 1300 | HZ25: 1300 | IA25: 1300 | IB25: 1300 | IC25: 1300 | ID25: 1300 | IE25: 1300 | IF25: 1250 | IG25: 1250 | IH25: 1250 | II25: 1250 | IJ25: 1250 | IK25: 1250 | IL25: 1250 | IM25: 1250 | IN25: 1250 | IO25: 1250 | IP25: 1250 | IQ25: 1250 | IR25: 1250 | IS25: 1250 | IT25: 1250 | IU25: 1250 | IV25: 1250 | IW25: 1280 | IX25: 1280 | IY25: 1280 | IZ25: 1280 | JA25: 1280 | JB25: 1280 | JC25: 1280 | JD25: 1280 | JE25: 1280 | JF25: 1280 | JG25: 1280 | JH25: 1280 | JI25: 1280 | JJ25: 1280 | JK25: 1280 | JL25: 1280 | JM25: 1280 | JN25: 1280 | JO25: 1280 | JP25: 1280 | JQ25: 1280 | JR25: 1280 | JS25: 1280 | JT25: 1280 | JU25: 1280 | JV25: 1280 | JW25: 1250 | JX25: 1250 | JY25: 1250 | JZ25: 1250 | KA25: 1250

Sheet PET Fiber_tháng

Sheet PET Fiber_tuan 

Sheet Ma trận PET- Fiber
D3: MA TRẬN GIÁ BÁN rPET | F3: MA TRẬN GIÁ BÁN rPET | AP3: 2023 | BG3: 2024
F4: Tỷ giá | I4: 24000 | J4: 24000 | K4: 24000 | L4: 24000 | AP4: 24000 | AQ4: 24000 | AR4: 24000 | AS4: 24000 | AT4: 24000 | AU4: 24000 | AV4: 24000 | AW4: 24000 | AX4: 24000 | AY4: 24000 | AZ4: 24000 | BA4: 24000 | BB4: 24000 | BC4: 24000 | BD4: 24000 | BE4: 24000 | BF4: 24000 | BG4: 24000 | BH4: 24000 | BI4: 24000 | BJ4: 24000 | DE4: 2025 | FD4: 2026
A5: Stt | B5: Mã SAP | C5: Tên hàng hóa SAP | D5: Mã SP | E5: Tên sản phẩm | F5: Diễn giải | G5: Đơn vị tính | H5: Diễn giải | I5: 9 | J5: 10 | K5: 11 | L5: 12 | M5: T1.24 | N5: 2 | O5: 3 | P5: 4 | Q5: 5 | R5: 6 | S5: 7 | T5: 8 | U5: 9 | V5: 10 | W5: 11 | X5: 12 | Y5: T1.25 | Z5: 2 | AA5: 3 | AB5: 4 | AC5: 5 | AD5: 6 | AE5: 7 | AF5: 8 | AG5: 9 | AH5: 10 | AI5: 11 | AJ5: 12 | AK5: T1.26 | AM5: Mã SP | AN5: Tên sản phẩm | AO5: Diễn giải | AP5: 36 | AQ5: 37 | AR5: 38 | AS5: 39 | AT5: 40 | AU5: 41 | AV5: 42 | AW5: 43 | AX5: 44 | AY5: 45 | AZ5: 46 | BA5: 47 | BB5: 48 | BC5: 49 | BD5: 50 | BE5: 51 | BF5: 52 | BG5: 1/24 | BH5: 02 | BI5: 03 | BJ5: 04 | BK5: 05 | BL5: 08 | BM5: 09 | BN5: 10 | BO5: 11 | BP5: 12 | BQ5: 13 | BR5: 14 | BS5: 15 | BT5: 16 | BU5: 17 | BV5: 18 | BW5: 19 | BX5: 20 | BY5: 21 | BZ5: 22 | CA5: 23 | CB5: 24 | CC5: 25 | CD5: 26 | CE5: 27 | CF5: 28 | CG5: 29 | CH5: 30 | CI5: 31 | CJ5: 32 | CK5: 33 | CL5: 34 | CM5: 35 | CN5: 36 | CO5: 37 | CP5: 38 | CQ5: 39 | CR5: 40 | CS5: 41 | CT5: 42 | CU5: 43 | CV5: 44 | CW5: 45 | CX5: 46 | CY5: 47 | CZ5: 48 | DA5: 49 | DB5: 50 | DC5: 51 | DD5: 52 | DE5: 01 | DF5: 02 | DG5: 03 | DH5: 04 | DI5: 06 | DJ5: 07 | DK5: 08 | DL5: 09 | DM5: 10 | DN5: 11 | DO5: 12 | DP5: 13 | DQ5: 14 | DR5: 15 | DS5: 16 | DT5: 17 | DU5: 18 | DV5: 19 | DW5: 20 | DX5: 21 | DY5: 22 | DZ5: 23 | EA5: 24 | EB5: 25 | EC5: 26 | ED5: 27 | EE5: 28 | EF5: 29 | EG5: 30 | EH5: 31 | EI5: 32 | EJ5: 33 | EK5: 34 | EL5: 35 | EM5: 36 | EN5: 37 | EO5: 38 | EP5: 39 | EQ5: 40 | ER5: 41 | ES5: 42 | ET5: 43 | EU5: 44 | EV5: 45 | EW5: 46 | EX5: 47 | EY5: 48 | EZ5: 49 | FA5: 50 | FB5: 51 | FC5: 52 | FD5: 01 | FE5: 02 | FF5: 03 | FG5: 04 | FH5: 05
H6: DTR-Food grade | J6: ='Ma trận PET'!AU6 -> 1250 | K6: ='Ma trận PET'!AV6 -> 1250 | L6: ='Ma trận PET'!AW6 -> 1250 | M6: ='Ma trận PET'!AX6 -> 1250 | N6: ='Ma trận PET'!AY6 -> 1250 | O6: ='Ma trận PET'!AZ6 -> 1250 | P6: ='Ma trận PET'!BA6 -> 1250 | Q6: ='Ma trận PET'!BB6 -> 1300 | ... U6: ='Ma trận PET'!BF6 -> 1310 | V6: =U6+15 -> 1325 | W6: =V6 -> 1325 | X6: =W6-50 -> 1275 | Y6: =X6-45 -> 1230 | Z6: =Y6 -> 1230 | AA6: =Z6 -> 1230 | AB6: =AA6+20 -> 1250 | AC6: =AB6 -> 1250 | AD6: =AC6 -> 1250 | AE6: =AD6 -> 1250 | AF6: =AE6-20-10 -> 1220 | AG6: =AF6 -> 1220 | AH6: 1210 | AI6: 1200 | AJ6: 1200 | AK6: 1160 | AO6: DTR-Food grade | AP6: ='Ma trận PET'!FI6 -> 1250 | AQ6: ='Ma trận PET'!FJ6 -> 1250 | AR6: ='Ma trận PET'!FK6 -> 1250 | AS6: ='Ma trận PET'!FL6 -> 1250 | AT6: ='Ma trận PET'!FM6 -> 1250 | AU6: ='Ma trận PET'!FN6 -> 1250 | AV6: ='Ma trận PET'!FO6 -> 1250 | AW6: ='Ma trận PET'!FP6 -> 1250 | ... BK6: ='Ma trận PET'!GD6 -> 1250 | BL6: 1250 | BM6: 1250 | BN6: 1250 | BO6: 1250 | BP6: 1250 | BQ6: 1250 | BR6: 1250 | BS6: 1250 | BT6: 1250 | BU6: 1250 | BV6: 1300 | BW6: 1300 | BX6: 1300 | BY6: 1300 | BZ6: 1300 | CA6: 1300 | CB6: 1300 | CC6: 1300 | CD6: 1300 | CE6: 1300 | CF6: 1300 | CG6: 1300 | CH6: 1300 | CI6: 1300 | CJ6: 1300 | CK6: 1300 | CL6: 1300 | CM6: 1300 | CN6: 1310 | CO6: 1310 | CP6: 1310 | CQ6: 1310 | CR6: 1325 | CS6: 1325 | CT6: 1325 | CU6: 1325 | CV6: 1325 | CW6: 1325 | CX6: 1325 | CY6: 1325 | CZ6: 1325 | DA6: =1325-50 -> 1275 | DB6: =1325-50 -> 1275 | DC6: =1325-50 -> 1275 | DD6: =1325-50 -> 1275 | DE6: =1325-50-45 -> 1230 | DF6: =1325-50-45 -> 1230 | DG6: =1325-50-45 -> 1230 | DH6: =1325-50-45 -> 1230 | DI6: =1325-50-45 -> 1230 | DJ6: =1325-50-45 -> 1230 | DK6: =1325-50-45 -> 1230 | DL6: =1325-50-45 -> 1230 | ... DP6: =1325-50-45 -> 1230 | DQ6: =1325-50-45+20 -> 1250 | DR6: =1325-50-45+20 -> 1250 | DS6: =1325-50-45+20 -> 1250 | DT6: =1325-50-45+20 -> 1250 | DU6: =1325-50-45+20 -> 1250 | DV6: =1325-50-45+20 -> 1250 | DW6: =1325-50-45+20 -> 1250 | DX6: =1325-50-45+20 -> 1250 | ... EH6: =1325-50-45+20 -> 1250 | EI6: =1325-50-45+20-20-10 -> 1220 | EJ6: =1325-50-45+20-20-10 -> 1220 | EK6: =1325-50-45+20-20-10 -> 1220 | EL6: =1325-50-45+20-20-10 -> 1220 | EM6: =1325-50-45+20-20-10 -> 1220 | EN6: =1325-50-45+20-20-10 -> 1220 | EO6: =1325-50-45+20-20-10 -> 1220 | EP6: =1325-50-45+20-20-10 -> 1220 | EQ6: =1325-50-45+20-20-10-10 -> 1210 | ER6: =1325-50-45+20-20-10-10 -> 1210 | ES6: =1325-50-45+20-20-10-10 -> 1210 | ET6: =1325-50-45+20-20-10-10 -> 1210 | EU6: =1325-50-45+20-20-10-10 -> 1210 | EV6: =1325-50-45+20-20-10-10-10 -> 1200 | EW6: =1325-50-45+20-20-10-10-10 -> 1200 | EX6: =1325-50-45+20-20-10-10-10 -> 1200 | EY6: =1325-50-45+20-20-10-10-10 -> 1200 | EZ6: =1325-50-45+20-20-10-10-10 -> 1200 | FA6: =1325-50-45+20-20-10-10-10 -> 1200 | FB6: =1325-50-45+20-20-10-10-10 -> 1200 | FC6: =1325-50-45+20-20-10-10-10 -> 1200 | FD6: =1325-50-45+20-20-10-10-10-40 -> 1160 | FE6: =1325-50-45+20-20-10-10-10-40 -> 1160 | FF6: =1325-50-45+20-20-10-10-10-40 -> 1160 | FG6: =1325-50-45+20-20-10-10-10-40 -> 1160 | FH6: =1325-50-45+20-20-10-10-10-40 -> 1160
A7: 5 | B7: 110000329 | C7: Hạt rPET WSS01 | E7: WSS01 - Hạt rPET (IV 0.78) | F7: Giá DTR | G7: $ /tấn | H7: DTR | I7: 1050 | J7: 1050 | K7: 1050 | L7: 1050 | M7: 1050 | N7: 1050 | O7: 1050 | P7: 1050 | Q7: 1100 | R7: 1100 | S7: 1100 | T7: 1100 | U7: 1100 | V7: 1100 | W7: 1100 | X7: 1100 | Y7: 1100 | Z7: 1100 | AA7: 1100 | AB7: 1120 | AC7: 1120 | AD7: 1120 | AE7: =+AE6-130 -> 1120 | AF7: =+AF6-130 -> 1090 | AG7: =+AG6-130 -> 1090 | AH7: =+AH6-130 -> 1080 | AI7: =+AI6-130 -> 1070 | AJ7: =+AJ6-130 -> 1070 | AK7: =+AK6-130 -> 1030 | AN7: WSS01 - Hạt rPET (IV 0.78) | AO7: DTR | AP7: 1050 | AQ7: 1050 | AR7: 1050 | AS7: 1050 | AT7: 1050 | AU7: 1050 | AV7: 1050 | AW7: 1050 | AX7: 1050 | AY7: 1050 | AZ7: 1050 | BA7: 1050 | BB7: 1050 | BC7: 1050 | BD7: 1050 | BE7: 1050 | BF7: 1050 | BG7: 1050 | BH7: 1050 | BI7: 1050 | BJ7: 1050 | BK7: 1050 | BL7: 1050 | BM7: 1050 | BN7: 1050 | BO7: 1050 | BP7: 1050 | BQ7: 1050 | BR7: 1050 | BS7: 1050 | BT7: 1050 | BU7: 1050 | BV7: 1100 | BW7: 1100 | BX7: 1100 | BY7: 1100 | BZ7: 1100 | CA7: 1100 | CB7: 1100 | CC7: 1100 | CD7: 1100 | CE7: 1100 | CF7: 1100 | CG7: 1100 | CH7: 1100 | CI7: 1100 | CJ7: 1100 | CK7: 1100 | CL7: 1100 | CM7: 1100 | CN7: 1100 | CO7: 1100 | CP7: 1100 | CQ7: 1100 | CR7: 1100 | CS7: 1100 | CT7: 1100 | CU7: 1100 | CV7: 1100 | CW7: 1100 | CX7: 1100 | CY7: 1100 | CZ7: 1100 | DA7: 1100 | DB7: 1100 | DC7: 1100 | DD7: 1100 | DE7: 1100 | DF7: 1100 | DG7: 1100 | DH7: 1100 | DI7: 1100 | DJ7: 1100 | DK7: 1100 | DL7: 1100 | DM7: 1100 | DN7: 1100 | DO7: 1100 | DP7: 1100 | DQ7: 1120 | DR7: 1120 | DS7: 1120 | DT7: 1120 | DU7: 1120 | DV7: 1120 | DW7: 1120 | DX7: 1120 | DY7: 1120 | DZ7: 1120 | EA7: 1120 | EB7: 1120 | EC7: 1120 | ED7: 1120 | EE7: 1120 | EF7: 1120 | EG7: 1120 | EH7: 1120 | EI7: =+EI6-130 -> 1090 | EJ7: =+EJ6-130 -> 1090 | EK7: =+EK6-130 -> 1090 | EL7: =+EL6-130 -> 1090 | EM7: =+EM6-130 -> 1090 | EN7: =+EN6-130 -> 1090 | EO7: =+EO6-130 -> 1090 | EP7: =+EP6-130 -> 1090 | ... FH7: =+FH6-130 -> 1030
A8: 9 | D8: ICIS | E8: ICIS giá rPET ($ /tấn) | F8: ICIS FOB ĐNA - Giá trung bình | G8: $ /tấn | H8: ICIS | I8: =SUM(AP8:AS8)/COUNT(AP8:AS8) -> 802.75 | J8: =SUM(AT8:AW8)/COUNT(AT8:AW8) -> 801 | K8: =SUM(AX8:BA8)/COUNT(AX8:BA8) -> 821.5 | L8: =SUM(BB8:BE8)/COUNT(BB8:BE8) -> 821.5 | M8: =SUM(BG8:BJ8)/COUNT(BG8:BJ8) -> 804.25 | N8: =SUM(BK8:BM8)/COUNT(BK8:BM8) -> 787 | O8: =SUM(BN8:BQ8)/COUNT(BN8:BQ8) -> 815.875 | P8: =SUM(BR8:BU8)/COUNT(BR8:BU8) -> 831.875 | Q8: =SUM(BV8:BZ8)/COUNT(BV8:BZ8) -> 894.5 | R8: =SUM(CA8:CD8)/COUNT(CA8:CD8) -> 978.5 | S8: =SUM(CE8:CH8)/COUNT(CE8:CH8) -> 978.5 | T8: =SUM(CI8:CM8)/COUNT(CI8:CM8) -> 980.5 | U8: =SUM(CN8:CQ8)/COUNT(CN8:CQ8) -> 996 | V8: =SUM(CR8:CU8)/COUNT(CR8:CU8) -> 1018.5 | W8: =SUM(CV8:CZ8)/COUNT(CV8:CZ8) -> 999.7 | X8: =SUM(DA8:DD8)/COUNT(DA8:DD8) -> 956.5 | Y8: =SUM(DE8:DH8)/COUNT(DE8:DH8) -> 911.5 | Z8: =SUM(DI8:DL8)/COUNT(DI8:DL8) -> 911.5 | AA8: =SUM(DM8:DP8)/COUNT(DM8:DP8) -> 919.25 | AB8: =SUM(DQ8:DT8)/COUNT(DQ8:DT8) -> 933.125 | AC8: =SUM(DU8:DY8)/COUNT(DU8:DY8) -> 944.7 | AD8: =SUM(DZ8:EC8)/COUNT(DZ8:EC8) -> 954.5 | AE8: =SUM(ED8:EH8)/COUNT(ED8:EH8) -> 918 | AF8: =SUM(EI8:EL8)/COUNT(EI8:EL8) -> 868.375 | AG8: =SUM(EM8:EP8)/COUNT(EM8:EP8) -> 803.5 | AH8: =SUM(EQ8:EU8)/COUNT(EQ8:EU8) -> 794.125 | AI8: =SUM(EV8:EY8)/COUNT(EV8:EY8) -> #DIV/0! | AJ8: =SUM(EW8:EZ8)/COUNT(EW8:EZ8) -> #DIV/0! | AK8: =SUM(EX8:FA8)/COUNT(EX8:FA8) -> #DIV/0! | AM8: ICIS | AN8: ICIS giá rPET ($ /tấn) | AO8: ICIS | AP8: 802.5 | AQ8: 802.5 | AR8: 802.5 | AS8: 803.5 | AT8: 801 | AU8: 801 | AV8: 801 | AW8: 801 | AX8: 821.5 | AY8: 821.5 | AZ8: 821.5 | BA8: 821.5 | BB8: 821.5 | BC8: 821.5 | BD8: 821.5 | BE8: 821.5 | BF8: 821.5 | BG8: 821.5 | BH8: 821.5 | BI8: 787 | BJ8: 787 | BK8: 787 | BL8: 787 | BM8: 787 | BN8: 788.5 | BO8: 825 | BP8: 825 | BQ8: 825 | BR8: 825 | BS8: 825 | BT8: 825 | BU8: 852.5 | BV8: 873.5 | BW8: 873.5 | BX8: 873.5 | BY8: 873.5 | BZ8: 978.5 | CA8: 978.5 | CB8: 978.5 | CC8: 978.5 | CD8: 978.5 | CE8: 978.5 | CF8: 978.5 | CG8: 978.5 | CH8: 978.5 | CI8: 978.5 | CJ8: 978.5 | CK8: 978.5 | CL8: 978.5 | CM8: 988.5 | CN8: 988.5 | CO8: 988.5 | CP8: 988.5 | CQ8: 1018.5 | CR8: 1018.5 | CS8: 1018.5 | CT8: 1018.5 | CU8: 1018.5 | CV8: 1018.5 | CW8: 1018.5 | CX8: 1018.5 | CY8: 971.5 | CZ8: 971.5 | DA8: 971.5 | DB8: 971.5 | DC8: 971.5 | DD8: 911.5 | DE8: 911.5 | DF8: 911.5 | DG8: 911.5 | DH8: 911.5 | DI8: 911.5 | DJ8: 911.5 | DK8: 911.5 | DL8: 911.5 | DM8: 911.5 | DN8: 911.5 | DO8: 911.5 | DP8: 942.5 | DQ8: 942.5 | DR8: 930 | DS8: 930 | DT8: 930 | DU8: 930 | DV8: 930 | DW8: 954.5 | DX8: 954.5 | DY8: 954.5 | DZ8: 954.5 | EA8: 954.5 | EB8: 954.5 | EC8: 954.5 | ED8: 954.5 | EE8: 954.5 | EF8: 910 | EG8: 885.5 | EH8: 885.5 | EI8: 875.5 | EJ8: 875.5 | EK8: 875.5 | EL8: 847 | EM8: 807 | EN8: 807 | EO8: 800 | EP8: 800 | EQ8: 800 | ER8: 800 | ES8: 800 | ET8: 776.5
D9: Anh 12 | F9: RESIN | G9: $ /tấn | H9: RESIN | I9: =SUM(AP9:AS9)/COUNT(AP9:AS9) -> 935 | J9: =SUM(AT9:AW9)/COUNT(AT9:AW9) -> 922.5 | K9: =SUM(AX9:AZ9)/COUNT(AX9:AZ9) -> 900 | L9: =SUM(BB9:BE9)/COUNT(BB9:BE9) -> 900 | M9: =SUM(BG9:BJ9)/COUNT(BG9:BJ9) -> 930 | N9: =SUM(BK9:BM9)/COUNT(BK9:BM9) -> 943.33333 | O9: =SUM(BN9:BQ9)/COUNT(BN9:BQ9) -> 940 | P9: =SUM(BR9:BU9)/COUNT(BR9:BU9) -> 940 | Q9: =SUM(BV9:BZ9)/COUNT(BV9:BZ9) -> 942 | R9: =SUM(CA9:CD9)/COUNT(CA9:CD9) -> 950 | S9: =SUM(CE9:CH9)/COUNT(CE9:CH9) -> 947.5 | T9: =SUM(CI9:CM9)/COUNT(CI9:CM9) -> 930 | U9: =SUM(CN9:CQ9)/COUNT(CN9:CQ9) -> 880 | V9: =SUM(CR9:CU9)/COUNT(CR9:CU9) -> 860 | W9: =SUM(CV9:CZ9)/COUNT(CV9:CZ9) -> 852 | X9: =SUM(DA9:DD9)/COUNT(DA9:DD9) -> 830 | Y9: =SUM(DE9:DH9)/COUNT(DE9:DH9) -> 827.5 | Z9: =SUM(DI9:DL9)/COUNT(DI9:DL9) -> 840 | AA9: =SUM(DM9:DP9)/COUNT(DM9:DP9) -> 822.5 | AB9: =SUM(DQ9:DT9)/COUNT(DQ9:DT9) -> 765 | AC9: =SUM(DU9:DY9)/COUNT(DU9:DY9) -> 782 | AD9: =SUM(DZ9:EC9)/COUNT(DZ9:EC9) -> 807.5 | AE9: =SUM(ED9:EH9)/COUNT(ED9:EH9) -> 802 | AF9: =SUM(EI9:EL9)/COUNT(EI9:EL9) -> 795 | AG9: =SUM(EM9:EP9)/COUNT(EM9:EP9) -> 782.5 | AH9: =SUM(EQ9:EU9)/COUNT(EQ9:EU9) -> 772 | AI9: =SUM(EV9:EY9)/COUNT(EV9:EY9) -> 770 | AJ9: =SUM(EZ9:FC9)/COUNT(EZ9:FC9) -> 772.5 | AK9: 795 | AM9: Anh 12 | AO9: RESIN | AP9: 930 | AQ9: 930 | AR9: 940 | AS9: 940 | AT9: 940 | AU9: 930 | AV9: 920 | AW9: 900 | AX9: 900 | AY9: 900 | AZ9: 900 | BA9: 900 | BB9: 900 | BC9: 900 | BD9: 900 | BE9: 900 | BF9: 900 | BG9: 900 | BH9: 940 | BI9: 940 | BJ9: 940 | BK9: 950 | BL9: 940 | BM9: 940 | BN9: 940 | BO9: 940 | BP9: 940 | BQ9: 940 | BR9: 940 | BS9: 940 | BT9: 940 | BU9: 940 | BV9: 940 | BW9: 940 | BX9: 940 | BY9: 940 | BZ9: 950 | CA9: 950 | CB9: 950 | CC9: 950 | CD9: 950 | CE9: 950 | CF9: 950 | CG9: 950 | CH9: 940 | CI9: 940 | CJ9: 940 | CK9: 940 | CL9: 930 | CM9: 900 | CN9: 900 | CO9: 890 | CP9: 870 | CQ9: 860 | CR9: 860 | CS9: 860 | CT9: 860 | CU9: 860 | CV9: 860 | CW9: 860 | CX9: 860 | CY9: 840 | CZ9: 840 | DA9: 840 | DB9: 830 | DC9: 830 | DD9: 820 | DE9: 820 | DF9: 820 | DG9: 820 | DH9: 850 | DI9: 840 | DJ9: 840 | DK9: 840 | DL9: 840 | DM9: 840 | DN9: 830 | DO9: 810 | DP9: 810 | DQ9: 800 | DR9: 750 | DS9: 750 | DT9: 760 | DU9: 760 | DV9: 760 | DW9: 800 | DX9: 800 | DY9: 790 | DZ9: 800 | EA9: 790 | EB9: 820 | EC9: 820 | ED9: 820 | EE9: 820 | EF9: 790 | EG9: 790 | EH9: 790 | EI9: 800 | EJ9: 790 | EK9: 790 | EL9: 800 | EM9: 790 | EN9: 780 | EO9: 780 | EP9: 780 | EQ9: 780 | ER9: 780 | ES9: 770 | ET9: 760 | EU9: 770 | EV9: 770 | EW9: 770 | EX9: 770 | EY9: 770 | EZ9: 770 | FA9: 770 | FB9: 770 | FC9: 780 | FD9: 795
H10: TTCP | I10: =I9 -> 935 | J10: =J9 -> 922.5 | K10: =K9 -> 900 | L10: =L9 -> 900 | M10: =M9 -> 930 | N10: =N9 -> 943.33333 | O10: =O9 -> 940 | P10: =P9 -> 940 | ... AK10: =AK9 -> 795 | AO10: TTCP | AP10: =AP9 -> 930 | AQ10: =AQ9 -> 930 | AR10: =AR9 -> 940 | AS10: =AS9 -> 940 | AT10: =AT9 -> 940 | AU10: =AU9 -> 930 | AV10: =AV9 -> 920 | AW10: =AW9 -> 900 | ... FH10: =FH9 -> 0
H11: CL | I11: =#REF!-I10 -> #REF! | J11: =J7-J9 -> 127.5 | K11: =K7-K9 -> 150 | L11: =L7-L9 -> 150 | M11: =M7-M9 -> 120 | N11: =N7-N9 -> 106.66667 | O11: =O7-O9 -> 110 | P11: =P7-P9 -> 110 | Q11: =Q7-Q9 -> 158 | ... AK11: =AK7-AK9 -> 235 | AO11: CL | AP11: =AP7-AP9 -> 120 | AQ11: =AQ7-AQ9 -> 120 | AR11: =AR7-AR9 -> 110 | AS11: =AS7-AS9 -> 110 | AT11: =AT7-AT9 -> 110 | AU11: =AU7-AU9 -> 120 | AV11: =AV7-AV9 -> 130 | AW11: =AW7-AW9 -> 150 | ... FH11: =FH7-FH9 -> 1030
H12: % | I12: =I11/I10 -> #REF! | J12: =J11/J10 -> 0.13821138 | K12: =K11/K10 -> 0.16666667 | L12: =L11/L10 -> 0.16666667 | M12: =M11/M10 -> 0.12903226 | N12: =N11/N10 -> 0.1130742 | O12: =O11/O10 -> 0.11702128 | P12: =P11/P10 -> 0.11702128 | ... AK12: =AK11/AK10 -> 0.29559748 | AO12: % | AP12: =+AP11/AP10 -> 0.12903226 | AQ12: =+AQ11/AQ10 -> 0.12903226 | AR12: =+AR11/AR10 -> 0.11702128 | AS12: =+AS11/AS10 -> 0.11702128 | AT12: =+AT11/AT10 -> 0.11702128 | AU12: =+AU11/AU10 -> 0.12903226 | AV12: =+AV11/AV10 -> 0.14130435 | AW12: =+AW11/AW10 -> 0.16666667 | ... FH12: =+FH11/FH10 -> #DIV/0!
H13: Điểm hòa vốn | I13: 903 | J13: 729 | K13: 729 | L13: 729 | M13: 729 | N13: 729 | O13: 729 | P13: 729 | Q13: 729 | R13: 729 | S13: 679 | T13: 729 | U13: 729 | V13: 736.19207 | W13: 736.19207 | X13: 679.74612 | Y13: 668.04613 | Z13: 694.46136 | AA13: 704.64253 | AB13: 693.32467 | AC13: 701.4924 | AD13: 711.95212 | AE13: 716.07583 | AF13: 711.55152 | AG13: 657.64257 | AH13: 655.42324 | AI13: 687.77689 | AJ13: 599.05685 | AK13: 646.08292 | AO13: Điểm hòa vốn | AP13: 729 | AQ13: 729 | AR13: 729 | AS13: 729 | AT13: 729 | AU13: 729 | AV13: 729 | AW13: 729 | AX13: 729 | AY13: 729 | AZ13: 729 | BA13: 729 | BB13: 729 | BC13: 729 | BD13: 729 | BE13: 729 | BF13: 729 | BG13: 729 | BH13: 729 | BI13: 729 | BJ13: 729 | BK13: 729 | BL13: 729 | BM13: 729 | BN13: 729 | BO13: 729 | BP13: 729 | BQ13: 729 | BR13: 729 | BS13: 729 | BT13: 729 | BU13: 729 | BV13: 729 | BW13: 729 | BX13: 729 | BY13: 729 | BZ13: 729 | CA13: 729 | CB13: 729 | CC13: 729 | CD13: 729 | CE13: 679 | CF13: 679 | CG13: 679 | CH13: 679 | CI13: 729 | CJ13: 729 | CK13: 729 | CL13: 729 | CM13: 729 | CN13: 729 | CO13: 729 | CP13: 729 | CQ13: 729 | CR13: 736.19207 | CS13: 736.19207 | CT13: 736.19207 | CU13: 736.19207 | CV13: 736.19207 | CW13: 736.19207 | CX13: 736.19207 | CY13: 736.19207 | CZ13: 736.19207 | DA13: 679.74612 | DB13: 679.74612 | DC13: 679.74612 | DD13: 679.74612 | DE13: 668.04613 | DF13: 668.04613 | DG13: 668.04613 | DH13: 668.04613 | DI13: 694.46136 | DJ13: 694.46136 | DK13: 694.46136 | DL13: 694.46136 | DM13: 704.64253 | DN13: 704.64253 | DO13: 704.64253 | DP13: 704.64253 | DQ13: 693.32467 | DR13: 693.32467 | DS13: 693.32467 | DT13: 693.32467 | DU13: 701.4924 | DV13: 701.4924 | DW13: 701.4924 | DX13: 701.4924 | DY13: 701.4924 | DZ13: 711.95212 | EA13: 711.95212 | EB13: 711.95212 | EC13: 711.95212 | ED13: 716.07583 | EE13: 716.07583 | EF13: 716.07583 | EG13: 716.07583 | EH13: 716.07583 | EI13: 711.55152 | EJ13: 711.55152 | EK13: 711.55152 | EL13: 711.55152 | EM13: 657.64257 | EN13: 657.64257 | EO13: 657.64257 | EP13: 657.64257 | EQ13: 655.42324 | ER13: 655.42324 | ES13: 655.42324 | ET13: 655.42324 | EU13: 655.42324 | EV13: 687.77689 | EW13: 687.77689 | EX13: 687.77689 | EY13: 687.77689 | EZ13: 599.05685 | FA13: 599.05685 | FB13: 599.05685 | FC13: 599.05685 | FD13: 646.08292 | FE13: 646.08292 | FF13: 646.08292 | FG13: 646.08292 | FH13: 646.08292
H14: Giá bán đối thủ CHORI | I14: 1140 | J14: 1140 | K14: 1140 | L14: 1140 | M14: 1140 | N14: 1140 | O14: 1140 | P14: 1140 | Q14: 1140 | R14: 1140 | AO14: Đối thủ CHORI | AP14: 1140 | AQ14: 1140 | AR14: 1140 | AS14: 1140 | AT14: 1140 | AU14: 1140 | AV14: 1140 | AW14: 1140 | AX14: 1140 | AY14: 1140 | AZ14: 1140 | BA14: 1140 | BB14: 1140 | BC14: 1140 | BD14: 1140 | BE14: 1140 | BF14: 1140 | BG14: 1140 | BH14: 1140 | BI14: 1140 | BJ14: 1140 | BK14: 1140 | BL14: 1140 | BM14: 1140 | BN14: 1140 | BO14: 1140 | BP14: 1140 | BQ14: 1140 | BR14: 1140 | BS14: 1140 | BT14: 1140 | BU14: 1140 | BV14: 1140 | BW14: 1140 | BX14: 1140 | BY14: 1140 | BZ14: 1140 | CA14: 1140 | CB14: 1140 | CC14: 1140 | CD14: 1140
H15: Giá bán đối thủ Hyosung | I15: 1090 | J15: 1090 | K15: 1090 | L15: 1090 | M15: 1090 | N15: 1090 | O15: 1090 | P15: 1090 | Q15: 1090 | R15: 1090 | AO15: Đối thủ Hyosung | AP15: 1090 | AQ15: 1090 | AR15: 1090 | AS15: 1090 | AT15: 1090 | AU15: 1090 | AV15: 1090 | AW15: 1090 | AX15: 1090 | AY15: 1090 | AZ15: 1090 | BA15: 1090 | BB15: 1090 | BC15: 1090 | BD15: 1090 | BE15: 1090 | BF15: 1090 | BG15: 1090 | BH15: 1090 | BI15: 1090 | BJ15: 1090 | BK15: 1090 | BL15: 1090 | BM15: 1090 | BN15: 1090 | BO15: 1090 | BP15: 1090 | BQ15: 1090 | BR15: 1090 | BS15: 1090 | BT15: 1090 | BU15: 1090 | BV15: 1090 | BW15: 1090 | BX15: 1090 | BY15: 1090 | BZ15: 1090 | CA15: 1090 | CB15: 1090 | CC15: 1090 | CD15: 1090

Sheet HD thổi-tháng
X8: Giá bán cho U
X11: Giá bán của DTR
X13: Giá FOB Dafon ( Anh 12 cung cấp)
X16: Giá FOB Dafon Taiwan
X19: Giá bán DTR

Sheet HD thổi_tuần

Sheet Ma trận HDPE thổi
F3: MA TRẬN GIÁ BÁN rHDPE | H3: MA TRẬN GIÁ BÁN rHDPE | DD3: 2023 | FC3: 2024
F4: Tỷ giá | I4: 23147 | J4: 23135 | K4: 23142 | L4: 23194 | M4: 23204 | N4: 23160 | O4: 23141 | P4: 23161 | Q4: 23161 | R4: 23123 | S4: 23156 | T4: 23126 | U4: 23180 | V4: 23108 | W4: =V4 -> 23108 | X4: =W4 -> 23108 | Y4: =X4 -> 23108 | Z4: 23150 | AA4: 23150 | AB4: 23150 | AC4: 23150 | AD4: 23500 | AE4: 23500 | AF4: 23500 | AG4: 23500 | AH4: 23500 | AI4: 23500 | AJ4: 24600 | AK4: 24600 | AL4: 24000 | AM4: 24000 | AN4: 24000 | AO4: 24000 | AP4: 24000 | AQ4: 24000 | AR4: 24000 | AS4: 24000 | AT4: 24000 | AU4: 24000 | AV4: 24000 | AW4: 24000 | CA4: 23150 | CB4: 23150 | CC4: 23150 | CD4: 23150 | CE4: 23150 | CF4: 23150 | CG4: 23150 | CH4: 23150 | CI4: 23150 | CJ4: 23150 | CK4: 23150 | CL4: 23150 | CM4: 23500 | CN4: 23500 | CO4: 23500 | CP4: 23500 | CQ4: 23500 | CR4: 23500 | CS4: 23500 | CT4: 23500 | CU4: 24600 | CV4: 24600 | CW4: 24600 | CX4: 24600 | CY4: 24600 | CZ4: 24000 | DA4: 24000 | DB4: 24000 | DC4: 24000 | DD4: 24000 | DE4: 24000 | DF4: 24000 | DG4: 24000 | DH4: 24000 | DI4: 24000 | DJ4: 24000 | DK4: 24000 | DL4: 24000 | DM4: 24000 | DN4: 24000 | DO4: 24000 | DP4: 24000 | DQ4: 24000 | DR4: 24000 | DS4: 24000 | DT4: 24000 | DU4: 24000 | DV4: 24000 | DW4: 24000 | DX4: 24000 | DY4: 24000 | DZ4: 24000 | EA4: 24000 | EB4: 24000 | EC4: 24000 | ED4: 24000 | EE4: 24000 | EF4: 24000 | EG4: 24000 | EH4: 24000 | EI4: 24000 | EJ4: 24000 | EK4: 24000 | EL4: 24000 | EM4: 24000 | EN4: 24000 | EO4: 24000 | EP4: 24000 | EQ4: 24000 | ER4: 24000 | ES4: 24000 | ET4: 24000 | EU4: 24000 | EV4: 24000 | EW4: 24000 | EX4: 24000 | EY4: 24000 | EZ4: 24000 | FA4: 24000 | FB4: 24000 | FC4: 24000 | FD4: 24000 | HA4: 2025 | IZ4: 2026
A5: Stt | B5: Mã SAP | C5: Tên hàng hóa SAP | D5: Mã SP | E5: Tên sản phẩm | F5: Diễn giải | G5: Đơn vị tính | H5: Diễn giải | I5: T1.21 | J5: T2.21 | K5: T3.21 | L5: T4.21 | M5: T5.21 | N5: T6.21 | O5: T7.21 | P5: T8.21 | Q5: T9.21 | R5: T10.21 | S5: T11.21 | T5: T12.21 | U5: 1 | V5: 2 | W5: 3 | X5: 4 | Y5: 5 | Z5: 6 | AA5: 7 | AB5: 8 | AC5: Hiện tại 23/8 | AD5: 9 | AE5: 10 | AF5: 4/10 | AG5: 11/10 | AH5: 18/10 | AI5: 25/10 | AJ5: 11 | AK5: 12 | AL5: 1/23 | AM5: 2 | AN5: 3 | AO5: 4 | AP5: 5 | AQ5: 6 | AR5: 7 | AS5: 8 | AT5: 9 | AU5: 10 | AV5: 11 | AW5: 12 | AX5: T1.24 | AY5: 2 | AZ5: 3 | BA5: 4 | BB5: 5 | BC5: 6 | BD5: 7 | BE5: 8 | BF5: 9 | BG5: 10 | BH5: 11 | BI5: 12 | BJ5: T1.25 | BK5: 2 | BL5: 3 | BM5: 4 | BN5: 5 | BO5: 6 | BP5: 7 | BQ5: 8 | BR5: 9 | BS5: 10 | BT5: 11 | BU5: 12 | BV5: T1.26 | BX5: Mã SP | BY5: Tên sản phẩm | BZ5: Diễn giải | CA5: 24 | CB5: 25 | CC5: 26 | CD5: 27 | CE5: 28 | CF5: 29 | CG5: 30 | CH5: 31 | CI5: 32 | CJ5: 33 | CK5: 34 | CL5: 35 | CM5: 36 | CN5: 37 | CO5: 38 | CP5: 39 | CQ5: 40 | CR5: 41 | CS5: 42 | CT5: 43 | CU5: 44 | CV5: 45 | CW5: 46 | CX5: 47 | CY5: 48 | CZ5: 49 | DA5: 50 | DB5: 51 | DC5: 52 | DD5: 1 | DE5: 2 | DF5: 3 | DG5: 5 | DH5: 6 | DI5: 7 | DJ5: 8 | DK5: 9 | DL5: 10 | DM5: 11 | DN5: 12 | DO5: 13 | DP5: 14 | DQ5: 15 | DR5: 16 | DS5: 17 | DT5: 18 | DU5: 19 | DV5: 20 | DW5: 21 | DX5: 22 | DY5: 23 | DZ5: 24 | EA5: 25 | EB5: 26 | EC5: 27 | ED5: 28 | EE5: 29 | EF5: 30 | EG5: 31 | EH5: 32 | EI5: 33 | EJ5: 34 | EK5: 35 | EL5: 36 | EM5: 37 | EN5: 38 | EO5: 39 | EP5: 40 | EQ5: 41 | ER5: 42 | ES5: 43 | ET5: 44 | EU5: 45 | EV5: 46 | EW5: 47 | EX5: 48 | EY5: 49 | EZ5: 50 | FA5: 51 | FB5: 52 | FC5: 1/24 | FD5: 02 | FE5: 03 | FF5: 04 | FG5: 05 | FH5: 08 | FI5: 09 | FJ5: 10 | FK5: 11 | FL5: 12 | FM5: 13 | FN5: 14 | FO5: 15 | FP5: 16 | FQ5: 17 | FR5: 18 | FS5: 19 | FT5: 20 | FU5: 21 | FV5: 22 | FW5: 23 | FX5: 24 | FY5: 25 | FZ5: 26 | GA5: 27 | GB5: 28 | GC5: 29 | GD5: 30 | GE5: 31 | GF5: 32 | GG5: 33 | GH5: 34 | GI5: 35 | GJ5: 36 | GK5: 37 | GL5: 38 | GM5: 39 | GN5: 40 | GO5: 41 | GP5: 42 | GQ5: 43 | GR5: 44 | GS5: 45 | GT5: 46 | GU5: 47 | GV5: 48 | GW5: 49 | GX5: 50 | GY5: 51 | GZ5: 52 | HA5: 01 | HB5: 02 | HC5: 03 | HD5: 04 | HE5: 06 | HF5: 07 | HG5: 08 | HH5: 09 | HI5: 10 | HJ5: 11 | HK5: 12 | HL5: 13 | HM5: 14 | HN5: 15 | HO5: 16 | HP5: 17 | HQ5: 18 | HR5: 19 | HS5: 20 | HT5: 21 | HU5: 22 | HV5: 23 | HW5: 24 | HX5: 25 | HY5: 26 | HZ5: 27 | IA5: 28 | IB5: 29 | IC5: 30 | ID5: 31 | IE5: 32 | IF5: 33 | IG5: 34 | IH5: 35 | II5: 36 | IJ5: 37 | IK5: 38 | IL5: 39 | IM5: 40 | IN5: 41 | IO5: 42 | IP5: 43 | IQ5: 44 | IR5: 45 | IS5: 46 | IT5: 47 | IU5: 48 | IV5: 49 | IW5: 50 | IX5: 51 | IY5: 52 | IZ5: 01 | JA5: 02 | JB5: 03 | JC5: 04 | JD5: 05
A6: 3 | B6: 150000007 | C6: Vảy PET DBF01-CR | D6: C1 | E6: DTR-Giá mua Vảy HDPE _Clear ($ /tấn) | F6: Giá vảy HDPE mua ngoài | G6: đồng /kg | H6: Giá vảy HDPE mua ngoài | I6: 20500 | J6: 20500 | K6: 21500 | L6: 21500 | M6: 22500 | N6: 22500 | O6: 22500 | P6: 22500 | Q6: 22500 | R6: 22500 | S6: 22500 | T6: 22500 | U6: 22500 | V6: 22500 | W6: 22500 | X6: 22500 | Y6: 22500 | Z6: 22500 | AA6: 22500 | AB6: 22500 | AC6: 22500 | AD6: 22500 | AE6: 22500 | AF6: 22500 | AG6: 22500 | AH6: 22500 | AI6: 22500 | AJ6: 22500 | AK6: 23000 | AL6: 25000 | AM6: 25000 | AN6: 25000 | AO6: 25000 | AP6: 25000 | AQ6: 25000 | AR6: 23000 | AS6: 22500 | AT6: 22500 | AU6: 22500 | AV6: 22500 | AW6: 22500 | AX6: 22500 | AY6: 22500 | AZ6: 22000 | BA6: 22000 | BB6: 22000 | BC6: 22000 | BD6: 22000 | BE6: 22000 | BF6: 22000 | BG6: 22000 | BH6: 22000 | BI6: 22000 | BJ6: 22000 | BK6: 22000 | BL6: 22000 | BM6: 22000 | BN6: 22000 | BO6: 22000 | BP6: 22000 | BQ6: 22000 | BR6: 22000 | BS6: 22000 | BT6: 22000 | BU6: 22000 | BV6: 22000 | BX6: C1 | BY6: DTR-Giá mua Vảy HDPE _Clear ($ /tấn) | BZ6: Giá vảy HDPE mua ngoài | CA6: 22500 | CB6: 22500 | CC6: 22500 | CD6: 23500 | CE6: 23500 | CF6: 23500 | CG6: 23500 | CH6: 23500 | CI6: 23500 | CJ6: 23500 | CK6: 23500 | CL6: 23500 | CM6: 22500 | CN6: 22500 | CO6: 22500 | CP6: 22500 | CQ6: 22500 | CR6: 22500 | CS6: 22500 | CT6: 22500 | CU6: 22500 | CV6: 22500 | CW6: 22500 | CX6: 22500 | CY6: 22500 | CZ6: 22500 | DA6: 22500 | DB6: 22500 | DC6: 22500 | DD6: 22500 | DE6: 22500 | DF6: 22500 | DG6: 22500 | DH6: 22500 | DI6: 22500 | DJ6: 22500 | DK6: 22500 | DL6: 22500 | DM6: 22500 | DN6: 22500 | DO6: 22500 | DP6: 22500 | DQ6: 22500 | DR6: 22500 | DS6: 22500 | DT6: 22500 | DU6: 22500 | DV6: 22500 | DW6: 22500 | DX6: 22500 | DY6: 22500 | DZ6: 22500 | EA6: 23000 | EB6: 23000 | EC6: 23000 | ED6: 23000 | EE6: 23000 | EF6: 23000 | EG6: 22500 | EH6: 22500 | EI6: 22500 | EJ6: 22500 | EK6: 22500 | EL6: 22500 | EM6: 22500 | EN6: 22500 | EO6: 22500 | EP6: 22500 | EQ6: 22500 | ER6: 22500 | ES6: 22500 | ET6: 22500 | EU6: 22500 | EV6: 22500 | EW6: 22500 | EX6: 22500 | EY6: 22500 | EZ6: 22500 | FA6: 22500 | FB6: 22500 | FC6: 22500 | FD6: 22500 | FE6: 22500 | FF6: 22500 | FG6: 22500 | FH6: 22500 | FI6: 22500 | FJ6: 22000 | FK6: 22000 | FL6: 22000 | FM6: 22000 | FN6: 22000 | FO6: 22000 | FP6: 22000 | FQ6: 22000 | FR6: 22000 | FS6: 22000 | FT6: 22000 | FU6: 22000 | FV6: 22000 | FW6: 22000 | FX6: 22000 | FY6: 22000 | FZ6: 22000 | GA6: 22000 | GB6: 22000 | GC6: 22000 | GD6: 22000 | GE6: 22000 | GF6: 22000 | GG6: 22000 | GH6: 22000 | GI6: 22000 | GJ6: 22000 | GK6: 22000 | GL6: 22000 | GM6: 22000 | GN6: 22000 | GO6: 22000 | GP6: 22000 | GQ6: 22000 | GR6: 22000 | GS6: 22000 | GT6: 22000 | GU6: 22000 | GV6: 22000 | GW6: 22000 | GX6: 22000 | GY6: 22000 | GZ6: 22000
A7: 3 | B7: 150000007 | C7: Vảy PET DBF01-CR | D7: C1 | E7: DTR-Giá mua Vảy HDPE _Clear ($ /tấn) | F7: Giá vảy HDPE mua ngoài | G7: $ /tấn | H7: Giá vảy HDPE mua ngoài | I7: =I6/I4*1000 -> 885.64393 | J7: =J6/J4*1000 -> 886.10331 | K7: =K6/K4*1000 -> 929.04675 | L7: =L6/L4*1000 -> 926.96387 | M7: =M6/M4*1000 -> 969.6604 | N7: =N6/N4*1000 -> 971.50259 | O7: =O6/O4*1000 -> 972.30025 | P7: =P6/P4*1000 -> 971.46065 | ... BV7: =BV6/BV4*1000 -> #DIV/0! | BX7: C1 | BY7: DTR-Giá mua Vảy HDPE _Clear ($ /tấn) | BZ7: Giá vảy HDPE mua ngoài | CA7: =CA6/CA4*1000 -> 971.92225 | CB7: =CB6/CB4*1000 -> 971.92225 | CC7: =CC6/CC4*1000 -> 971.92225 | CD7: =CD6/CD4*1000 -> 1015.1188 | CE7: =CE6/CE4*1000 -> 1015.1188 | CF7: =CF6/CF4*1000 -> 1015.1188 | CG7: =CG6/CG4*1000 -> 1015.1188 | CH7: =CH6/CH4*1000 -> 1015.1188 | ... FQ7: =FQ6/FQ4*1000 -> #DIV/0!
D8: ICIS | F8: ICIS - Giá vảy HDPE | G8: $ /tấn | H8: ICIS - Giá vảy HDPE | U8: 820 | V8: 837.5 | W8: 903 | X8: 928.75 | Y8: 932.5 | Z8: 922.5 | AA8: 901.25 | AB8: 850 | AD8: 804 | AE8: 760 | AF8: 760 | AG8: 760 | AH8: 760 | AI8: 760 | AJ8: 760 | AK8: 760 | AL8: 680 | AM8: 680 | AN8: 680 | AO8: 680 | AP8: 680 | AQ8: 680 | AR8: 680 | AS8: 680 | AT8: 680 | AU8: 680 | AV8: 680 | AW8: 680 | AX8: 680 | AY8: 680 | AZ8: 680 | BA8: 680 | BB8: 680 | BC8: 680 | BD8: 680 | BE8: 680 | BF8: 680 | BG8: 680 | BH8: 680 | BI8: 680 | BJ8: 680 | BK8: 680 | BL8: 680 | BM8: 680 | BN8: 680 | BO8: 680 | BP8: 680 | BQ8: 680 | BR8: 680 | BS8: 680 | BT8: 680 | BU8: 680 | BV8: 680 | BX8: ICIS | BZ8: ICIS - Giá vảy HDPE | CA8: 922.5 | CB8: 922.5 | CC8: 922.5 | CD8: 922.5 | CE8: 922.5 | CF8: 880 | CG8: 880 | CH8: 880 | CI8: 880 | CJ8: 820 | CK8: 820 | CL8: 820 | CM8: 820 | CN8: 820 | CO8: 800 | CP8: 760 | CQ8: 760 | CR8: 760 | CS8: 760 | CT8: 760 | CU8: 720 | CV8: 720 | CW8: 720 | CX8: 680 | CY8: 680 | CZ8: 680 | DA8: 680 | DB8: 680 | DC8: 680 | DD8: 680 | DE8: 680 | DF8: 680 | DG8: 680 | DH8: 680 | DI8: 680 | DJ8: 680 | DK8: 680 | DL8: 680 | DM8: 680 | DN8: 680 | DO8: 680 | DP8: 680 | DQ8: 680 | DR8: 680 | DS8: 680 | DT8: 680 | DU8: 680 | DV8: 680 | DW8: 680 | DX8: 680 | DY8: 680 | DZ8: 680 | EA8: 680 | EB8: 680 | EC8: 680 | ED8: 680 | EE8: 680 | EF8: 680 | EG8: 680 | EH8: 680 | EI8: 680 | EJ8: 680 | EK8: 680 | EL8: 680 | EM8: 680 | EN8: 680 | EO8: 680 | EP8: 680 | EQ8: 680 | ER8: 680 | ES8: 680 | ET8: 680 | EU8: 680 | EV8: 680 | EW8: 680 | EX8: 680 | EY8: 680 | EZ8: 680 | FA8: 680 | FB8: 680 | FC8: 680 | FD8: 680 | FE8: 680 | FF8: 680 | FG8: 680 | FH8: 680 | FI8: 680 | FJ8: 680 | FK8: 680 | FL8: 680 | FM8: 680 | FN8: 680 | FO8: 680 | FP8: 680 | FQ8: 680
B9: 110000339 | C9: Hạt nhựa rHDPE MBF01 | D9: MBF01 | E9: DTR-Giá EXW xuất xưởng | F9: DTR- rHD | G9: $ /tấn | H9: DTR (personal care) | I9: 1430 | J9: 1430 | K9: 1430 | L9: 1430 | M9: 1430 | N9: 1430 | O9: 1430 | P9: 1430 | Q9: 1430 | R9: 1530 | S9: 1530 | T9: 1530 | U9: 1530 | V9: 1530 | W9: 1560 | X9: 1610 | Y9: 1610 | Z9: 1610 | AA9: 1610 | AB9: 1610 | AC9: 1610 | AD9: 1530 | AE9: 1530 | AF9: 1530 | AG9: 1530 | AH9: 1530 | AI9: 1530 | AJ9: 1530 | AK9: 1530 | AL9: 1400 | AM9: 1400 | AN9: 1400 | AO9: 1530 | AP9: 1530 | AQ9: 1530 | AR9: 1450 | AS9: 1400 | AT9: 1400 | AU9: 1400 | AV9: 1400 | AW9: 1400 | AX9: 1400 | AY9: 1400 | AZ9: 1400 | BA9: 1400 | BB9: 1400 | BC9: 1400 | BD9: 1400 | BE9: 1400 | BF9: 1400 | BG9: 1400 | BH9: 1400 | BI9: 1400 | BJ9: 1400 | BK9: 1400 | BL9: =1400-50 -> 1350 | BM9: =1400-50 -> 1350 | BN9: =1400-50 -> 1350 | BO9: =1400-50 -> 1350 | BP9: =1400-50 -> 1350 | BQ9: =1400-50-20 -> 1330 | BR9: =1400-50-20-20 -> 1310 | BS9: =1400-50-20-20 -> 1310 | BT9: =1400-50-20-20-10 -> 1300 | BU9: =1400-50-20-20-10 -> 1300 | BV9: =1400-50-20-20-10 -> 1300 | BX9: MBF01 | BY9: DTR-Giá EXW xuất xưởng | BZ9: DTR (personal care) | CA9: 1610 | CB9: 1610 | CC9: 1610 | CD9: 1610 | CE9: 1610 | CF9: 1610 | CG9: 1610 | CH9: 1610 | CI9: 1610 | CJ9: 1610 | CK9: 1610 | CL9: 1610 | CM9: 1530 | CN9: 1530 | CO9: 1530 | CP9: 1530 | CQ9: 1530 | CR9: 1530 | CS9: 1530 | CT9: 1530 | CU9: 1530 | CV9: 1530 | CW9: 1530 | CX9: 1530 | CY9: 1530 | CZ9: 1530 | DA9: 1530 | DB9: 1400 | DC9: 1400 | DD9: 1400 | DE9: 1400 | DF9: 1400 | DG9: 1400 | DH9: 1400 | DI9: 1400 | DJ9: 1400 | DK9: 1400 | DL9: 1400 | DM9: 1400 | DN9: 1400 | DO9: 1400 | DP9: 1530 | DQ9: 1530 | DR9: 1530 | DS9: 1530 | DT9: 1530 | DU9: 1530 | DV9: 1530 | DW9: 1530 | DX9: 1530 | DY9: 1530 | DZ9: 1450 | EA9: 1450 | EB9: 1450 | EC9: 1450 | ED9: 1450 | EE9: 1400 | EF9: 1400 | EG9: 1400 | EH9: 1400 | EI9: 1400 | EJ9: 1400 | EK9: 1400 | EL9: 1400 | EM9: 1400 | EN9: 1400 | EO9: 1400 | EP9: 1400 | EQ9: 1400 | ER9: 1400 | ES9: 1400 | ET9: 1400 | EU9: 1400 | EV9: 1400 | EW9: 1400 | EX9: 1400 | EY9: 1400 | EZ9: 1400 | FA9: 1400 | FB9: 1400 | FC9: 1400 | FD9: 1400 | FE9: 1400 | FF9: 1400 | FG9: 1400 | FH9: 1400 | FI9: 1400 | FJ9: 1400 | FK9: 1400 | FL9: 1400 | FM9: 1400 | FN9: 1400 | FO9: 1400 | FP9: 1400 | FQ9: 1400 | FR9: 1400 | FS9: 1400 | FT9: 1400 | FU9: 1400 | FV9: 1400 | FW9: 1400 | FX9: 1400 | FY9: 1400 | FZ9: 1400 | GA9: 1400 | GB9: 1400 | GC9: 1400 | GD9: 1400 | GE9: 1400 | GF9: 1400 | GG9: 1400 | GH9: 1400 | GI9: 1400 | GJ9: 1400 | GK9: 1400 | GL9: 1400 | GM9: 1400 | GN9: 1400 | GO9: 1400 | GP9: 1400 | GQ9: 1400 | GR9: 1400 | GS9: 1400 | GT9: 1400 | GU9: 1400 | GV9: 1400 | GW9: 1400 | GX9: 1400 | GY9: 1400 | GZ9: 1400 | HA9: 1400 | HB9: 1400 | HC9: 1400 | HD9: 1400 | HE9: 1400 | HF9: 1400 | HG9: 1400 | HH9: 1400 | HI9: =1400-50 -> 1350 | HJ9: =1400-50 -> 1350 | HK9: =1400-50 -> 1350 | HL9: =1400-50 -> 1350 | HM9: =1400-50 -> 1350 | HN9: =1400-50 -> 1350 | HO9: =1400-50 -> 1350 | HP9: =1400-50 -> 1350 | ... ID9: =1400-50 -> 1350 | IE9: =1400-50-20 -> 1330 | IF9: =1400-50-20 -> 1330 | IG9: =1400-50-20 -> 1330 | IH9: =1400-50-20 -> 1330 | II9: =1400-50-20-20 -> 1310 | IJ9: =1400-50-20-20 -> 1310 | IK9: =1400-50-20-20 -> 1310 | IL9: =1400-50-20-20 -> 1310 | IM9: =1400-50-20-20 -> 1310 | IN9: =1400-50-20-20 -> 1310 | IO9: =1400-50-20-20 -> 1310 | IP9: =1400-50-20-20 -> 1310 | IQ9: =1400-50-20-20 -> 1310 | IR9: =1400-50-20-20-10 -> 1300 | IS9: =1400-50-20-20-10 -> 1300 | IT9: =1400-50-20-20-10 -> 1300 | IU9: =1400-50-20-20-10 -> 1300 | IV9: =1400-50-20-20-10 -> 1300 | IW9: =1400-50-20-20-10 -> 1300 | IX9: =1400-50-20-20-10 -> 1300 | IY9: =1400-50-20-20-10 -> 1300 | ... JD9: =1400-50-20-20-10 -> 1300
H10: DTR (Home care) | AL10: =AL9-50 -> 1350 | AM10: =AM9-50 -> 1350 | AN10: =AN9-50 -> 1350 | AO10: =AO9-50 -> 1480 | AP10: =AP9-50 -> 1480 | AQ10: =AQ9-50 -> 1480 | AR10: =AR9-50 -> 1400 | AS10: =AS9-50 -> 1350 | ... BV10: =BV9-50 -> 1250 | BZ10: DTR (Home care) | DD10: =DD9-50 -> 1350 | DE10: =DE9-50 -> 1350 | DF10: =DF9-50 -> 1350 | DG10: =DG9-50 -> 1350 | DH10: =DH9-50 -> 1350 | DI10: =DI9-50 -> 1350 | DJ10: =DJ9-50 -> 1350 | DK10: =DK9-50 -> 1350 | ... JD10: =JD9-50 -> 1250
D11: ẩn | F11: DTR-Giá EXW rHD xuất xưởng | G11: đồng /kg | H11: DTR-Giá EXW rHD xuất xưởng | W11: =W9*23100/1000 -> 36036 | X11: =X9*23108/1000 -> 37203.88 | Y11: =Y9*23108/1000 -> 37203.88 | Z11: =Z9*Z4/1000 -> 37271.5 | AA11: =AA9*AA4/1000 -> 37271.5 | AB11: 37826 | AC11: 37826 | AD11: 35948.726 | AE11: 35948.726 | AF11: 35948.726 | AG11: 35948.726 | AH11: 35948.726 | AI11: 35948.726 | AJ11: 37626.35 | AK11: 37626.35 | AL11: 37626 | AM11: 37626 | AN11: 37626 | AO11: 37626 | AP11: 37626 | AQ11: 37626 | AR11: 37626 | AS11: 37626 | AT11: 37626 | AU11: 37626 | AV11: 37626 | AW11: 37626 | AX11: 37626 | AY11: 37626 | AZ11: 37626 | BA11: 37626 | BB11: 37626 | BC11: 37626 | BD11: 37626 | BE11: 37626 | BF11: 37626 | BG11: 37626 | BH11: 37626 | BI11: 37626 | BJ11: 37626 | BK11: 37626 | BL11: 37626 | BM11: 37626 | BN11: 37626 | BO11: 37626 | BP11: 37626 | BQ11: 37626 | BR11: 37626 | BS11: 37626 | BT11: 37626 | BU11: 37626 | BV11: 37626 | BX11: ẩn | BZ11: DTR-Giá EXW rHD xuất xưởng | CQ11: 35948.726 | CR11: 35948.726 | CS11: 35948.726 | CT11: 35948.726 | CU11: 37626 | CV11: 37626 | CW11: 37626 | CX11: 37626 | CY11: 37626 | CZ11: 37626 | DA11: 37626 | DB11: 37626 | DC11: 37626 | DD11: 37626 | DE11: 37626 | DF11: 37626 | DG11: 37626 | DH11: 37626 | DI11: 37626 | DJ11: 37626 | DK11: 37626 | DL11: 37626 | DM11: 37626 | DN11: 37626 | DO11: 37626 | DP11: =DP9*DP4/1000 -> 36720 | DQ11: =DQ9*DQ4/1000 -> 36720 | DR11: =DR9*DR4/1000 -> 36720 | DS11: =DS9*DS4/1000 -> 36720 | DT11: =DT9*DT4/1000 -> 36720 | DU11: =DU9*DU4/1000 -> 36720 | DV11: =DV9*DV4/1000 -> 36720 | DW11: =DW9*DW4/1000 -> 36720 | ... JD11: =JD9*JD4/1000 -> 0
F12: Tỷ lệ % lãi gộp Vảy /Giá EXW | H12: Tỷ lệ % lãi gộp Vảy /Giá EXW | I12: =1-I7/I9 -> 0.38066858 | J12: =1-J7/J9 -> 0.38034734 | K12: =1-K7/K9 -> 0.35031695 | L12: =1-L7/L9 -> 0.35177352 | M12: =1-M7/M9 -> 0.3219158 | N12: =1-N7/N9 -> 0.32062756 | O12: =1-O7/O9 -> 0.32006976 | P12: =1-P7/P9 -> 0.32065689 | ... BV12: =1-BV7/BV9 -> #DIV/0! | BZ12: Tỷ lệ % lãi gộp Vảy /Giá EXW | CQ12: =1-CQ7/CQ9 -> 0.37421777 | CR12: =1-CR7/CR9 -> 0.37421777 | CS12: =1-CS7/CS9 -> 0.37421777 | CT12: =1-CT7/CT9 -> 0.37421777 | CU12: =1-CU7/CU9 -> 0.4021999 | CV12: =1-CV7/CV9 -> 0.4021999 | CW12: =1-CW7/CW9 -> 0.4021999 | CX12: =1-CX7/CX9 -> 0.4021999 | ... JD12: =1-JD7/JD9 -> 1
B13: 110000339 | C13: Hạt nhựa rHDPE MBF01 | D13: MBF01 | E13: DTR-Giá FOB cảng HCM | F13: DTR-Giá FOB rHD cảng HCM | G13: $ /tấn | H13: "FOB-DTR" | I13: =I9+20 -> 1450 | J13: =J9+20 -> 1450 | K13: =K9+20 -> 1450 | L13: =L9+20 -> 1450 | M13: =M9+20 -> 1450 | N13: =N9+20 -> 1450 | O13: =O9+20 -> 1450 | P13: =P9+20 -> 1450 | ... AC13: =AC9+20 -> 1630 | AD13: =AD9+40 -> 1570 | AE13: =AE9+40 -> 1570 | AF13: =AF9+40 -> 1570 | AG13: =AG9+40 -> 1570 | AH13: =AH9+40 -> 1570 | AI13: =AI9+40 -> 1570 | AJ13: =AJ9+40 -> 1570 | AK13: =AK9+40 -> 1570 | ... BV13: =BV9+40 -> 1340 | BX13: MBF01 | BY13: DTR-Giá FOB cảng HCM | BZ13: "FOB-DTR" | CA13: 1630 | CB13: 1630 | CC13: 1630 | CD13: 1630 | CE13: 1630 | CF13: 1630 | CG13: 1630 | CH13: 1630 | CI13: 1630 | CJ13: 1630 | CK13: 1630 | CL13: 1630 | CM13: 1570 | CN13: 1570 | CO13: 1570 | CP13: 1570 | CQ13: =CQ9+40 -> 1570 | CR13: =CR9+40 -> 1570 | CS13: =CS9+40 -> 1570 | CT13: =CT9+40 -> 1570 | CU13: =CU9+40 -> 1570 | CV13: =CV9+40 -> 1570 | CW13: =CW9+40 -> 1570 | CX13: =CX9+40 -> 1570 | ... DC13: =DC9+40 -> 1440 | DD13: =DD9+25 -> 1425 | DE13: =DE9+25 -> 1425 | DF13: =DF9+25 -> 1425 | DG13: =DG9+25 -> 1425 | DH13: =DH9+25 -> 1425 | DI13: =DI9+25 -> 1425 | DJ13: =DJ9+25 -> 1425 | DK13: =DK9+25 -> 1425 | ... JD13: =JD9+25 -> 1325
D14: ẩn | F14: DTR-Giá FOB rHD xuất xưởng | G14: đồng /kg | H14: DTR-Giá FOB rHD xuất xưởng | W14: =W13*23100/1000 -> 36498 | X14: =X13*23108/1000 -> 37666.04 | Y14: =Y13*23108/1000 -> 37666.04 | Z14: =Z13*Z4/1000 -> 37734.5 | AC14: =AC13*AC4/1000 -> 37734.5 | AD14: =AD13*AD4/1000 -> 36895 | AE14: =AE13*AE4/1000 -> 36895 | AF14: =AF13*AF4/1000 -> 36895 | AG14: =AG13*AG4/1000 -> 36895 | AH14: =AH13*AH4/1000 -> 36895 | AI14: =AI13*AI4/1000 -> 36895 | AJ14: =AJ13*AJ4/1000 -> 38622 | ... AM14: =AM13*AM4/1000 -> 34560 | BX14: ẩn | BZ14: DTR-Giá FOB rHD xuất xưởng | CQ14: =CQ13*CQ4/1000 -> 36895 | CR14: =CR13*CR4/1000 -> 36895 | CS14: =CS13*CS4/1000 -> 36895 | CT14: =CT13*CT4/1000 -> 36895 | CU14: =CU13*CU4/1000 -> 38622 | CV14: =CV13*CV4/1000 -> 38622 | CW14: =CW13*CW4/1000 -> 38622 | CX14: =CX13*CX4/1000 -> 38622 | ... DM14: =DM13*DM4/1000 -> 34200
D15: ICIS | E15: Giá CIF_ĐNÁ rHDPE ($ /tấn) | F15: Giá Dafon CIF_ĐNÁ rHD | G15: $ /tấn | H15: Giá Dafon CIF_ĐNÁ rHD | I15: 1470 | J15: 1480 | K15: 1480 | L15: 1595 | M15: 1595 | N15: 1595 | O15: 1595 | P15: 1595 | Q15: 1595 | R15: 1595 | S15: 1595 | T15: 1660 | U15: 1675 | V15: 1675 | W15: 1675 | X15: 1675 | Y15: 1650 | Z15: 1735 | AC15: 1735 | AD15: 1735 | AE15: 1735 | AF15: 1735 | AG15: 1735 | AH15: 1735 | AI15: 1735 | AJ15: 1735 | AK15: 1735 | AL15: 1735 | AM15: 1735 | BX15: ICIS | BY15: Giá CIF_ĐNÁ rHDPE ($ /tấn) | BZ15: Giá Dafon CIF_ĐNÁ rHD | CQ15: 1735 | CR15: 1735 | CS15: 1735 | CT15: 1735 | CU15: 1735 | CV15: 1735 | CW15: 1735 | CX15: 1735 | CY15: 1735 | CZ15: 1735 | DA15: 1735 | DB15: 1735 | DC15: 1735 | DD15: 1735 | DE15: 1735 | DF15: 1735 | DG15: 1735 | DH15: 1735 | DI15: 1735 | DJ15: 1735 | DK15: 1735 | DL15: 1735 | DM15: 1735
A16: 9 | D16: ICIS | E16: ICIS giá rPET ($ /tấn) | F16: ICIS FOB ĐNA - Giá trung bình | G16: $ /tấn | H16: ICIS | P16: 1300 | Q16: 1300 | R16: 1350 | T16: 1279 | U16: 1313 | V16: 1302 | W16: 1360 | X16: 1397 | Y16: 1425 | Z16: 1493 | AA16: 1473 | AB16: 1474 | AC16: 1486 | AD16: =(1407+1550)/2 -> 1478.5 | AE16: 1480 | AF16: 1461 | AG16: 1461 | AH16: 1444 | AI16: 1431.5 | AJ16: 1431.5 | AK16: =+SUM(CY16:DC16)/5 -> 1350.5 | AL16: =+SUM(DD16:DG16)/4 -> 1261.125 | AM16: =+SUM(DH16:DK16)/4 -> 1247.5 | AN16: =+SUM(DL16:DO16)/COUNT(DL16:DO16) -> 1236.875 | AO16: =+SUM(DP16:DS16)/COUNT(DP16:DS16) -> 1208.75 | AP16: =+SUM(DT16:DX16)/COUNT(DT16:DX16) -> 1207.4 | AQ16: =+SUM(DY16:EB16)/COUNT(DY16:EB16) -> 1115.375 | AR16: =+SUM(EC16:EF16)/COUNT(EC16:EF16) -> 1105 | AS16: =+SUM(EG16:EK16)/COUNT(EG16:EK16) -> 1085 | AT16: =+SUM(EL16:EO16)/COUNT(EL16:EO16) -> 1083.75 | AU16: =+SUM(EP16:ES16)/COUNT(EP16:ES16) -> 1080 | AV16: =+SUM(ET16:EW16)/COUNT(ET16:EW16) -> 1080 | AW16: =+SUM(EX16:FB16)/COUNT(EX16:FB16) -> 1080 | AX16: =+SUM(FC16:FE16)/COUNT(FC16:FE16) -> 1113.3333 | AY16: =+SUM(FG16:FI16)/COUNT(FG16:FI16) -> 1153 | AZ16: =+SUM(FJ16:FM16)/COUNT(FJ16:FM16) -> 1209.625 | BA16: =+SUM(FN16:FQ16)/COUNT(FN16:FQ16) -> 1201.125 | BB16: =+SUM(FR16:FV16)/COUNT(FR16:FV16) -> 1188 | BX16: ICIS | BY16: ICIS giá rPET ($ /tấn) | BZ16: ICIS | CA16: =+(1435+1550)/2 -> 1492.5 | CB16: =+(1409+1550)/2 -> 1479.5 | CC16: =+(1394+1550)/2 -> 1472 | CD16: =+(1396+1550)/2 -> 1473 | CE16: =+(1398+1550)/2 -> 1474 | CF16: =+(1398+1550)/2 -> 1474 | CG16: =+(1402+1550)/2 -> 1476 | CH16: =+(1402+1550)/2 -> 1476 | CI16: =+(1407+1550)/2 -> 1478.5 | CJ16: =+(1408+1550)/2 -> 1479 | CK16: =+(1421+1550)/2 -> 1485.5 | CL16: =+(1411+1550)/2 -> 1480.5 | CM16: =+(1412+1550)/2 -> 1481 | CN16: =+(1407+1550)/2 -> 1478.5 | CO16: =+(1416+1550)/2 -> 1483 | CP16: =+(1410+1550)/2 -> 1480 | CQ16: 1461 | CR16: 1461 | CS16: 1444 | CT16: 1431.5 | CU16: 1431.5 | CV16: =+(1363+1474)/2 -> 1418.5 | CW16: 1389 | CX16: =+(1300+1465)/2 -> 1382.5 | CY16: =+(1300+1465)/2 -> 1382.5 | CZ16: =+(1300+1465)/2 -> 1382.5 | DA16: =+(1250+1400)/2 -> 1325 | DB16: =+(1250+1400)/2 -> 1325 | DC16: =+(1250+1425)/2 -> 1337.5 | DD16: =+(1250+1425)/2 -> 1337.5 | DE16: =+(1100+1345)/2 -> 1222.5 | DF16: =+(1100+1356)/2 -> 1228 | DG16: =+(1100+1413)/2 -> 1256.5 | DH16: =+(1100+1408)/2 -> 1254 | DI16: =+(1100+1398)/2 -> 1249 | DJ16: =+(1100+1387)/2 -> 1243.5 | DK16: =+(1100+1387)/2 -> 1243.5 | DL16: =+(1100+1387)/2 -> 1243.5 | DM16: =+(1100+1367)/2 -> 1233.5 | DN16: =+(1100+1366)/2 -> 1233 | DO16: =+(1100+1375)/2 -> 1237.5 | DP16: =+(1100+1375)/2 -> 1237.5 | DQ16: =+(1100+1279)/2 -> 1189.5 | DR16: =+(1100+1279)/2 -> 1189.5 | DS16: =+(1150+1287)/2 -> 1218.5 | DT16: =+(1150+1299)/2 -> 1224.5 | DU16: =+(1150+1293)/2 -> 1221.5 | DV16: =+(1110+1286)/2 -> 1198 | DW16: =+(1110+1283)/2 -> 1196.5 | DX16: =+(1110+1283)/2 -> 1196.5 | DY16: =+(1060+1233)/2 -> 1146.5 | DZ16: =+(1060+1150)/2 -> 1105 | EA16: =+(1060+1150)/2 -> 1105 | EB16: =+(1060+1150)/2 -> 1105 | EC16: =+(1060+1150)/2 -> 1105 | ED16: =+(1060+1150)/2 -> 1105 | EE16: =+(1060+1150)/2 -> 1105 | EF16: =+(1060+1150)/2 -> 1105 | EG16: =+(1060+1110)/2 -> 1085 | EH16: =+(1060+1110)/2 -> 1085 | EI16: =+(1060+1110)/2 -> 1085 | EJ16: 1085 | EK16: 1085 | EL16: 1085 | EM16: 1085 | EN16: 1085 | EO16: 1080 | EP16: 1080 | EQ16: 1080 | ER16: 1080 | ES16: 1080 | ET16: 1080 | EU16: 1080 | EV16: 1080 | EW16: 1080 | EX16: 1080 | EY16: 1080 | EZ16: 1080 | FA16: 1080 | FB16: 1080 | FC16: 1080 | FD16: 1130 | FE16: 1130 | FF16: 1130 | FG16: 1130 | FH16: 1130 | FI16: 1199 | FJ16: 1211 | FK16: 1214 | FL16: 1208 | FM16: 1205.5 | FN16: 1205.5 | FO16: 1205.5 | FP16: 1205.5 | FQ16: 1188 | FR16: 1188
A17: 9 | D17: ICIS | E17: ICIS giá rPET ($ /tấn) | F17: ICIS FOB ĐNA - Giá Cao | G17: $ /tấn | H17: ICIS FOB ĐNA - Giá Cao | P17: 1400 | Q17: 1500 | R17: 1500 | T17: 1389 | U17: 1450 | V17: 1454 | W17: 1530 | X17: 1570 | Y17: 1555 | Z17: 1550 | AA17: 1550 | AB17: 1550 | AC17: 1550 | AD17: 1550 | AE17: 1550 | AF17: 1533 | AG17: 1507 | AH17: 1507 | AI17: 1491 | AJ17: 1491 | AK17: =+SUM(CY17:DC17)/5 -> 1431 | AL17: =+SUM(DD17:DG17)/4 -> 1384.75 | AM17: =+SUM(DH17:DK17)/4 -> 1395 | AN17: =+SUM(DL17:DO17)/COUNT(DL17:DO17) -> 1373.75 | AO17: =+SUM(DP17:DS17)/COUNT(DP17:DS17) -> 1305 | AP17: =+SUM(DT17:DX17)/COUNT(DT17:DX17) -> 1288.8 | AQ17: =+SUM(DY17:EB17)/COUNT(DY17:EB17) -> 1170.75 | AR17: =+SUM(EC17:EF17)/COUNT(EC17:EF17) -> 1150 | AS17: =+SUM(EG17:EK17)/COUNT(EG17:EK17) -> 1110 | AT17: =+SUM(EL17:EO17)/COUNT(EL17:EO17) -> 1107.5 | AU17: =+SUM(EP17:ES17)/COUNT(EP17:ES17) -> 1100 | AV17: =+SUM(ET17:EW17)/COUNT(ET17:EW17) -> 1100 | AW17: =+SUM(EX17:FB17)/COUNT(EX17:FB17) -> 1100 | AX17: =+SUM(FC17:FE17)/COUNT(FC17:FE17) -> 1166.6667 | AY17: =+SUM(FG17:FI17)/COUNT(FG17:FI17) -> 1223 | AZ17: =+SUM(FJ17:FM17)/COUNT(FJ17:FM17) -> 1268.5 | BA17: =+SUM(FN17:FQ17)/COUNT(FN17:FQ17) -> 1252.25 | BB17: =+SUM(FR17:FV17)/COUNT(FR17:FV17) -> 1226 | BX17: ICIS | BY17: ICIS giá rPET ($ /tấn) | BZ17: ICIS FOB ĐNA - Giá Cao | CA17: 1550 | CB17: 1550 | CC17: 1550 | CD17: 1550 | CE17: 1550 | CF17: 1550 | CG17: 1550 | CH17: 1550 | CI17: 1550 | CJ17: 1550 | CK17: 1550 | CL17: 1550 | CM17: 1550 | CN17: 1550 | CO17: 1550 | CP17: 1550 | CQ17: 1533 | CR17: 1507 | CS17: 1507 | CT17: 1491 | CU17: 1491 | CV17: 1474 | CW17: 1478 | CX17: 1465 | CY17: 1465 | CZ17: 1465 | DA17: 1400 | DB17: 1400 | DC17: 1425 | DD17: 1425 | DE17: 1345 | DF17: 1356 | DG17: 1413 | DH17: 1408 | DI17: 1398 | DJ17: 1387 | DK17: 1387 | DL17: 1387 | DM17: 1367 | DN17: 1366 | DO17: 1375 | DP17: 1375 | DQ17: 1279 | DR17: 1279 | DS17: 1287 | DT17: 1299 | DU17: 1293 | DV17: 1286 | DW17: 1283 | DX17: 1283 | DY17: 1233 | DZ17: 1150 | EA17: 1150 | EB17: 1150 | EC17: 1150 | ED17: 1150 | EE17: 1150 | EF17: 1150 | EG17: 1110 | EH17: 1110 | EI17: 1110 | EJ17: 1110 | EK17: 1110 | EL17: 1110 | EM17: 1110 | EN17: 1110 | EO17: 1100 | EP17: 1100 | EQ17: 1100 | ER17: 1100 | ES17: 1100 | ET17: 1100 | EU17: 1100 | EV17: 1100 | EW17: 1100 | EX17: 1100 | EY17: 1100 | EZ17: 1100 | FA17: 1100 | FB17: 1100 | FC17: 1100 | FD17: 1200 | FE17: 1200 | FF17: 1200 | FG17: 1200 | FH17: 1200 | FI17: 1269 | FJ17: 1269 | FK17: 1278 | FL17: 1266 | FM17: 1261 | FN17: 1261 | FO17: 1261 | FP17: 1261 | FQ17: 1226 | FR17: 1226
F18: Dafon FOB (personal care) | H18: Dafon FOB (personal care) | U18: 1575 | V18: 1575 | W18: 1575 | X18: 1575 | Y18: 1560 | Z18: 1655 | AA18: 1655 | AB18: 1655 | AC18: 1645 | AD18: 1645 | AE18: 1655 | AF18: 1624 | AG18: 1624 | AH18: 1624 | AI18: 1624 | AJ18: 1624 | AK18: =AK19+100 -> 1593.4 | AL18: =AL19+100 -> 1534.75 | AM18: =AM19+100 -> 1522 | AN18: =AN19+100 -> 1522 | AO18: =AO19+100 -> 1522 | AP18: =+SUM(DT18:DX18)/COUNT(DT18:DX18) -> 1516.8 | AQ18: =+SUM(DY18:EB18)/COUNT(DY18:EB18) -> 1496 | AR18: =+SUM(EC18:EF18)/COUNT(EC18:EF18) -> 1496 | AS18: =+SUM(EG18:EK18)/COUNT(EG18:EK18) -> 1496 | AT18: =+SUM(EL18:EO18)/COUNT(EL18:EO18) -> 1496 | AU18: =+SUM(EP18:ES18)/COUNT(EP18:ES18) -> 1477.25 | AV18: =+SUM(ET18:EW18)/COUNT(ET18:EW18) -> 1471 | AW18: =+SUM(EX18:FB18)/COUNT(EX18:FB18) -> 1460.6 | AX18: =+SUM(FC18:FE18)/COUNT(FC18:FE18) -> 1422 | AY18: =+SUM(FG18:FI18)/COUNT(FG18:FI18) -> 1404.6667 | AZ18: =+SUM(FJ18:FM18)/COUNT(FJ18:FM18) -> 1396 | BA18: =+SUM(FN18:FQ18)/COUNT(FN18:FQ18) -> 1406 | BB18: =+SUM(FR18:FV18)/COUNT(FR18:FV18) -> 1406 | BC18: =+SUM(FW18:FZ18)/COUNT(FW18:FZ18) -> 1398.5 | BD18: =+SUM(GA18:GD18)/COUNT(GA18:GD18) -> 1396 | BE18: =+SUM(GE18:GI18)/COUNT(GE18:GI18) -> 1416 | BF18: =+SUM(GJ18:GM18)/COUNT(GJ18:GM18) -> 1437 | BG18: =+SUM(GN18:GQ18)/COUNT(GN18:GQ18) -> 1437 | BH18: =+SUM(GR18:GV18)/COUNT(GR18:GV18) -> 1435.2 | BI18: =+SUM(GV18:GZ18)/COUNT(GV18:GZ18) -> 1434 | BJ18: =+SUM(HA18:HD18)/COUNT(HA18:HD18) -> 1424.25 | BK18: =+SUM(HE18:HH18)/COUNT(HE18:HH18) -> 1414.5 | BL18: =+SUM(HI18:HL18)/COUNT(HI18:HL18) -> 1405.5 | BM18: =+SUM(HM18:HP18)/COUNT(HM18:HP18) -> 1398 | BN18: =+SUM(HQ18:HU18)/COUNT(HQ18:HU18) -> 1398 | BO18: =+SUM(HV18:HY18)/COUNT(HV18:HY18) -> 1398 | BP18: =+SUM(HZ18:ID18)/COUNT(HZ18:ID18) -> 1398 | BQ18: =+SUM(IE18:IH18)/COUNT(IE18:IH18) -> 1279 | BR18: =+SUM(II18:IL18)/COUNT(II18:IL18) -> 1160 | BS18: =+SUM(IM18:IQ18)/COUNT(IM18:IQ18) -> 1160 | BT18: =+SUM(IR18:IU18)/COUNT(IR18:IU18) -> 1160 | BU18: =+SUM(IV18:IY18)/COUNT(IV18:IY18) -> 1170 | BV18: 1170 | BX18: Anh 12 | BY18: Giá FOB_ĐNÁ rHDPE ($ /tấn) | BZ18: Dafon FOB (personal care) | CZ18: =CZ19+100 -> 1624 | DA18: =DA19+100 -> 1573 | DB18: =DB19+100 -> 1573 | DC18: =DC19+100 -> 1573 | DD18: =DD19+100 -> 1573 | DE18: =DE19+100 -> 1522 | DF18: =DF19+100 -> 1522 | DG18: =DG19+100 -> 1522 | ... DW18: =DW19+100 -> 1522 | DX18: 1496 | DY18: 1496 | DZ18: 1496 | EA18: 1496 | EB18: 1496 | EC18: 1496 | ED18: 1496 | EE18: 1496 | EF18: 1496 | EG18: 1496 | EH18: 1496 | EI18: 1496 | EJ18: 1496 | EK18: 1496 | EL18: 1496 | EM18: 1496 | EN18: 1496 | EO18: 1496 | EP18: 1496 | EQ18: 1471 | ER18: 1471 | ES18: 1471 | ET18: 1471 | EU18: 1471 | EV18: 1471 | EW18: 1471 | EX18: 1471 | EY18: 1458 | EZ18: 1458 | FA18: 1458 | FB18: 1458 | FC18: 1422 | FD18: 1422 | FE18: 1422 | FF18: 1422 | FG18: 1422 | FH18: 1396 | FI18: 1396 | FJ18: 1396 | FK18: 1396 | FL18: 1396 | FM18: 1396 | FN18: 1406 | FO18: 1406 | FP18: 1406 | FQ18: 1406 | FR18: 1406 | FS18: 1406 | FT18: 1406 | FU18: 1406 | FV18: 1406 | FW18: 1406 | FX18: 1396 | FY18: 1396 | FZ18: 1396 | GA18: 1396 | GB18: 1396 | GC18: 1396 | GD18: 1396 | GE18: 1416 | GF18: 1416 | GG18: 1416 | GH18: 1416 | GI18: 1416 | GJ18: 1437 | GK18: 1437 | GL18: 1437 | GM18: 1437 | GN18: 1437 | GO18: 1437 | GP18: 1437 | GQ18: 1437 | GR18: 1437 | GS18: 1437 | GT18: 1434 | GU18: 1434 | GV18: 1434 | GW18: 1434 | GX18: 1434 | GY18: 1434 | GZ18: 1434 | HA18: 1434 | HB18: 1421 | HC18: 1421 | HD18: 1421 | HE18: 1421 | HF18: 1421 | HG18: 1408 | HH18: 1408 | HI18: 1408 | HJ18: 1408 | HK18: 1408 | HL18: 1398 | HM18: 1398 | HN18: 1398 | HO18: 1398 | HP18: 1398 | HQ18: 1398 | HR18: 1398 | HS18: 1398 | HT18: 1398 | HU18: 1398 | HV18: 1398 | HW18: 1398 | HX18: 1398 | HY18: 1398 | HZ18: 1398 | IA18: 1398 | IB18: 1398 | IC18: 1398 | ID18: 1398 | IE18: 1398 | IF18: 1398 | IG18: 1160 | IH18: 1160 | II18: 1160 | IJ18: 1160 | IK18: 1160 | IL18: 1160 | IM18: 1160 | IN18: 1160 | IO18: 1160 | IP18: 1160 | IQ18: 1160 | IR18: 1160 | IS18: 1160 | IT18: 1160 | IU18: 1160 | IV18: 1170 | IW18: 1170 | IX18: 1170 | IY18: 1170
D19: Anh 12 | E19: Giá FOB_ĐNÁ rHDPE ($ /tấn) | F19: Dafon FOB (Home care) | G19: $ /tấn | H19: Giá Dafon FOB Taiwan | I19: =I15-100 -> 1370 | J19: =J15-100 -> 1380 | K19: =K15-100 -> 1380 | L19: =L15-100 -> 1495 | M19: =M15-100 -> 1495 | N19: =N15-100 -> 1495 | O19: =O15-100 -> 1495 | P19: =P15-100 -> 1495 | ... T19: =T15-100 -> 1560 | U19: =U18-100 -> 1475 | V19: =V18-100 -> 1475 | W19: =W18-100 -> 1475 | X19: =X18-100 -> 1475 | Y19: =Y18-100 -> 1460 | Z19: =Z18-100 -> 1555 | AA19: =AA18-100 -> 1555 | AB19: =AB18-100 -> 1555 | ... AJ19: =AJ18-100 -> 1524 | AK19: =+SUM(CY19:DC19)/5 -> 1493.4 | AL19: =+SUM(DD19:DG19)/4 -> 1434.75 | AM19: =+SUM(DH19:DK19)/4 -> 1422 | AN19: =+SUM(DL19:DO19)/COUNT(DL19:DO19) -> 1422 | AO19: =+SUM(DP19:DS19)/COUNT(DP19:DS19) -> 1422 | AP19: =+SUM(DT19:DX19)/COUNT(DT19:DX19) -> 1416.8 | AQ19: =+SUM(DY19:EB19)/COUNT(DY19:EB19) -> 1396 | AR19: =+SUM(EC19:EF19)/COUNT(EC19:EF19) -> 1396 | AS19: =+SUM(EG19:EK19)/COUNT(EG19:EK19) -> 1396 | AT19: =+SUM(EL19:EO19)/COUNT(EL19:EO19) -> 1396 | AU19: =+SUM(EP19:ES19)/COUNT(EP19:ES19) -> 1377.25 | AV19: =+SUM(ET19:EW19)/COUNT(ET19:EW19) -> 1371 | AW19: =+SUM(EX19:FB19)/COUNT(EX19:FB19) -> 1360.6 | AX19: =+SUM(FC19:FE19)/COUNT(FC19:FE19) -> 1322 | AY19: =+SUM(FG19:FI19)/COUNT(FG19:FI19) -> 1304.6667 | AZ19: =+SUM(FJ19:FM19)/COUNT(FJ19:FM19) -> 1296 | BA19: =+SUM(FN19:FQ19)/COUNT(FN19:FQ19) -> 1306 | BB19: =+SUM(FR19:FV19)/COUNT(FR19:FV19) -> 1306 | BC19: =+SUM(FW19:FZ19)/COUNT(FW19:FZ19) -> 1298.5 | BD19: =+SUM(GA19:GD19)/COUNT(GA19:GD19) -> 1296 | BE19: =+SUM(GE19:GI19)/COUNT(GE19:GI19) -> 1316 | BF19: =+SUM(GJ19:GM19)/COUNT(GJ19:GM19) -> 1337 | BG19: =+SUM(GN19:GQ19)/COUNT(GN19:GQ19) -> 1337 | BH19: =+SUM(GR19:GV19)/COUNT(GR19:GV19) -> 1335.2 | BI19: =+SUM(GV19:GZ19)/COUNT(GV19:GZ19) -> 1334 | BJ19: =+SUM(HA19:HD19)/COUNT(HA19:HD19) -> 1324.25 | BK19: =+SUM(HE19:HH19)/COUNT(HE19:HH19) -> 1314.5 | BL19: =+SUM(HI19:HL19)/COUNT(HI19:HL19) -> 1305.5 | BM19: =+SUM(HM19:HP19)/COUNT(HM19:HP19) -> 1298 | BN19: =+SUM(HQ19:HU19)/COUNT(HQ19:HU19) -> 1298 | BO19: =+SUM(HV19:HY19)/COUNT(HV19:HY19) -> 1298 | BP19: =+SUM(HZ19:ID19)/COUNT(HZ19:ID19) -> 1298 | BQ19: =+SUM(IE19:IH19)/COUNT(IE19:IH19) -> 1179 | BR19: =+SUM(II19:IL19)/COUNT(II19:IL19) -> 1060 | BS19: =+SUM(IM19:IQ19)/COUNT(IM19:IQ19) -> 1060 | BT19: =+SUM(IR19:IU19)/COUNT(IR19:IU19) -> 1060 | BU19: =+SUM(IV19:IY19)/COUNT(IV19:IY19) -> 1070 | BV19: 1070 | BX19: Anh 12 | BY19: Giá FOB_ĐNÁ rHDPE ($ /tấn) | BZ19: Dafon FOB (Home care) | CA19: 1655 | CB19: 1655 | CC19: 1655 | CD19: 1655 | CE19: 1655 | CF19: 1655 | CG19: 1655 | CH19: 1655 | CI19: 1645 | CJ19: 1645 | CK19: 1645 | CL19: 1645 | CM19: 1655 | CN19: 1655 | CO19: 1655 | CP19: 1655 | CQ19: 1624 | CR19: 1624 | CS19: 1624 | CT19: 1624 | CU19: 1624 | CV19: =1624-100 -> 1524 | CW19: =1624-100 -> 1524 | CX19: =1624-100 -> 1524 | CY19: =1624-100 -> 1524 | CZ19: =1624-100 -> 1524 | DA19: =1573-100 -> 1473 | DB19: =1573-100 -> 1473 | DC19: =1573-100 -> 1473 | DD19: =1573-100 -> 1473 | DE19: =1522-100 -> 1422 | DF19: =1522-100 -> 1422 | DG19: =1522-100 -> 1422 | DH19: =1522-100 -> 1422 | DI19: =1522-100 -> 1422 | DJ19: =1522-100 -> 1422 | DK19: =1522-100 -> 1422 | DL19: =1522-100 -> 1422 | ... DW19: =1522-100 -> 1422 | DX19: 1396 | DY19: 1396 | DZ19: 1396 | EA19: 1396 | EB19: =EB18-100 -> 1396 | EC19: =EC18-100 -> 1396 | ED19: =ED18-100 -> 1396 | EE19: =EE18-100 -> 1396 | EF19: =EF18-100 -> 1396 | EG19: =EG18-100 -> 1396 | EH19: =EH18-100 -> 1396 | EI19: =EI18-100 -> 1396 | ... IY19: =IY18-100 -> 1070
D20: Anh 12 | F20: RESIN | G20: $ /tấn | H20: RESIN | S20: 1260 | T20: 1260 | U20: 1185 | V20: 1297.5 | W20: 1386 | X20: 1390 | Y20: 1320 | Z20: 1327 | AA20: 1248 | AB20: 1230 | AC20: 1130 | AD20: 1130 | AE20: 1105 | AF20: 1105 | AG20: 1105 | AH20: 1105 | AI20: 1065 | AJ20: 1065 | AK20: =+SUM(CY20:DC20)/5 -> 1002 | AL20: =+SUM(DD20:DG20)/4 -> 1017.5 | AM20: =+SUM(DH20:DK20)/4 -> 1092.5 | AN20: =+SUM(DL20:DO20)/COUNT(DL20:DO20) -> 1072.5 | AO20: =+SUM(DP20:DS20)/COUNT(DP20:DS20) -> 1050 | AP20: =+SUM(DT20:DX20)/COUNT(DT20:DX20) -> 1044 | AQ20: =+SUM(DY20:EB20)/COUNT(DY20:EB20) -> 970 | AR20: =+SUM(EC20:EF20)/COUNT(EC20:EF20) -> 960 | AS20: =+SUM(EG20:EK20)/COUNT(EG20:EK20) -> 1008 | AT20: =+SUM(EL20:EO20)/COUNT(EL20:EO20) -> 1027.5 | AU20: =+SUM(EP20:ES20)/COUNT(EP20:ES20) -> 1020 | AV20: =+SUM(ET20:EW20)/COUNT(ET20:EW20) -> 955 | AW20: =+SUM(EX20:FB20)/COUNT(EX20:FB20) -> 928 | AX20: =+SUM(FC20:FE20)/COUNT(FC20:FE20) -> 940 | AY20: =+SUM(FG20:FI20)/COUNT(FG20:FI20) -> 993.33333 | AZ20: =+SUM(FJ20:FM20)/COUNT(FJ20:FM20) -> 985 | BA20: =+SUM(FN20:FQ20)/COUNT(FN20:FQ20) -> 962.5 | BB20: =+SUM(FR20:FV20)/COUNT(FR20:FV20) -> 982 | BC20: =+SUM(FW20:FZ20)/COUNT(FW20:FZ20) -> 1000 | BD20: =+SUM(GA20:GD20)/COUNT(GA20:GD20) -> 1000 | BE20: =+SUM(GE20:GI20)/COUNT(GE20:GI20) -> 984 | BF20: =+SUM(GJ20:GM20)/COUNT(GJ20:GM20) -> 967.5 | BG20: =+SUM(GN20:GQ20)/COUNT(GN20:GQ20) -> 965 | BH20: =+SUM(GR20:GV20)/COUNT(GR20:GV20) -> 974 | BI20: =+SUM(GV20:GZ20)/COUNT(GV20:GZ20) -> 956 | BJ20: =+SUM(HA20:HD20)/COUNT(HA20:HD20) -> 940 | BK20: =+SUM(HE20:HH20)/COUNT(HE20:HH20) -> 918 | BL20: =+SUM(HI20:HL20)/COUNT(HI20:HL20) -> 896 | BM20: =+SUM(HM20:HP20)/COUNT(HM20:HP20) -> 891.5 | BN20: =+SUM(HQ20:HU20)/COUNT(HQ20:HU20) -> 864 | BO20: =+SUM(HV20:HY20)/COUNT(HV20:HY20) -> 833 | BP20: =+SUM(HZ20:ID20)/COUNT(HZ20:ID20) -> 833 | BQ20: =+SUM(IE20:IH20)/COUNT(IE20:IH20) -> 815 | BR20: =+SUM(II20:IL20)/COUNT(II20:IL20) -> 812.5 | BS20: =+SUM(IM20:IQ20)/COUNT(IM20:IQ20) -> 805 | BT20: =+SUM(IR20:IU20)/COUNT(IR20:IU20) -> 805 | BU20: =+SUM(IV20:IY20)/COUNT(IV20:IY20) -> 802.5 | BV20: 800 | BX20: Anh 12 | BZ20: RESIN | CA20: =+(1240+1400)/2 -> 1320 | CB20: =+(1240+1400)/2 -> 1320 | CC20: =+(1240+1400)/2 -> 1320 | CD20: =+(1200+1370)/2 -> 1285 | CE20: =+(1180+1350)/2 -> 1265 | CF20: =+(1140+1320)/2 -> 1230 | CG20: =+(1120+1300)/2 -> 1210 | CH20: =+(1120+1300)/2 -> 1210 | CI20: =+(1020+1200)/2 -> 1110 | CJ20: =+(1020+1200)/2 -> 1110 | CK20: =+(1040+1220)/2 -> 1130 | CL20: =+(1040+1220)/2 -> 1130 | CM20: =+(1020+1150)/2 -> 1085 | CN20: =+(1040+1170)/2 -> 1105 | CO20: =+(1040+1170)/2 -> 1105 | CP20: =+(1040+1170)/2 -> 1105 | CQ20: 1105 | CR20: 1105 | CS20: 1105 | CT20: 1065 | CU20: 1065 | CV20: =+(950+1110)/2 -> 1030 | CW20: =+(950+1110)/2 -> 1030 | CX20: =+(950+1110)/2 -> 1030 | CY20: =+(920+1110)/2 -> 1015 | CZ20: =+(920+1070)/2 -> 995 | DA20: =+(920+1070)/2 -> 995 | DB20: =+(920+1070)/2 -> 995 | DC20: =+(940+1080)/2 -> 1010 | DD20: 940 | DE20: 1020 | DF20: 1030 | DG20: 1080 | DH20: 1100 | DI20: 1100 | DJ20: 1090 | DK20: 1080 | DL20: 1080 | DM20: 1070 | DN20: 1070 | DO20: 1070 | DP20: 1050 | DQ20: 1050 | DR20: 1050 | DS20: 1050 | DT20: 1050 | DU20: 1050 | DV20: 1050 | DW20: 1040 | DX20: 1030 | DY20: 1030 | DZ20: 950 | EA20: 950 | EB20: 950 | EC20: 950 | ED20: 950 | EE20: 970 | EF20: 970 | EG20: 1000 | EH20: 1000 | EI20: 1000 | EJ20: 1020 | EK20: 1020 | EL20: 1020 | EM20: 1030 | EN20: 1030 | EO20: 1030 | EP20: 1030 | EQ20: 1030 | ER20: 1020 | ES20: 1000 | ET20: 980 | EU20: 960 | EV20: 940 | EW20: 940 | EX20: 940 | EY20: 940 | EZ20: 920 | FA20: 920 | FB20: 920 | FC20: 920 | FD20: 950 | FE20: 950 | FF20: 970 | FG20: 980 | FH20: 1000 | FI20: 1000 | FJ20: 1000 | FK20: 980 | FL20: 980 | FM20: 980 | FN20: 960 | FO20: 960 | FP20: 960 | FQ20: 970 | FR20: 970 | FS20: 980 | FT20: 980 | FU20: 980 | FV20: 1000 | FW20: 1000 | FX20: 1000 | FY20: 1000 | FZ20: 1000 | GA20: 1000 | GB20: 1000 | GC20: 1000 | GD20: 1000 | GE20: 1000 | GF20: 1000 | GG20: 980 | GH20: 970 | GI20: 970 | GJ20: 970 | GK20: 970 | GL20: 970 | GM20: 960 | GN20: 960 | GO20: 960 | GP20: 960 | GQ20: 980 | GR20: 980 | GS20: 980 | GT20: 970 | GU20: 970 | GV20: 970 | GW20: 970 | GX20: 950 | GY20: 950 | GZ20: 940 | HA20: 940 | HB20: 940 | HC20: 940 | HD20: 940 | HE20: 940 | HF20: 940 | HG20: 896 | HH20: 896 | HI20: 896 | HJ20: 896 | HK20: 896 | HL20: 896 | HM20: 896 | HN20: 900 | HO20: 890 | HP20: 880 | HQ20: 870 | HR20: 870 | HS20: 860 | HT20: 860 | HU20: 860 | HV20: 833 | HW20: 833 | HX20: 833 | HY20: 833 | HZ20: 833 | IA20: 833 | IB20: 833 | IC20: 833 | ID20: 833 | IE20: 815 | IF20: 815 | IG20: 815 | IH20: 815 | II20: 815 | IJ20: 815 | IK20: 815 | IL20: 805 | IM20: 805 | IN20: 805 | IO20: 805 | IP20: 805 | IQ20: 805 | IR20: 805 | IS20: 805 | IT20: 805 | IU20: 805 | IV20: 805 | IW20: 805 | IX20: 800 | IY20: 800
F21: Giá dự báo | H21: Giá dự báo | U21: =U20 -> 1185 | V21: =V20 -> 1297.5 | W21: =W20 -> 1386 | X21: =X20 -> 1390 | Y21: =Y20 -> 1320 | Z21: =Z20 -> 1327 | AA21: =AA20 -> 1248 | AB21: =AB20 -> 1230 | ... BV21: =BV20 -> 800 | BZ21: Giá dự báo | CP21: =CP20 -> 1105 | CQ21: =CQ20 -> 1105 | CR21: =CR20 -> 1105 | CS21: =CS20 -> 1105 | CT21: =CT20 -> 1065 | CU21: =CU20 -> 1065 | CV21: =CV20 -> 1030 | CW21: =CW20 -> 1030 | ... EA21: =EA20 -> 950 | EB21: =+EA21 -> 950 | EC21: =+EB21 -> 950 | ED21: =+EC21+20 -> 970 | EE21: =+ED21+20 -> 990 | EF21: =+EE21+20 -> 1010 | EG21: =+EF21+20 -> 1030 | EH21: =+EG21+20 -> 1050 | EI21: =+EH21+20 -> 1070 | EJ21: =+EI21+20 -> 1090 | EK21: =+EJ21+20 -> 1110 | ... GZ21: =+GY21+20 -> 2450
F22: Giá bán Unilever | H22: Giá bán Unilever | U22: 1360 | V22: 1360 | W22: 1360 | X22: 1360 | Y22: 1360 | Z22: 1360 | AA22: 1610 | AB22: 1610 | AC22: 1610 | AD22: 1610 | AE22: 1610 | AF22: 1610 | AG22: 1610 | AH22: 1610 | AI22: 1610 | AJ22: 1610 | AK22: 1610 | AL22: 1575 | AM22: 1575 | AN22: 1575 | AO22: 1530 | AP22: 1530 | AQ22: 1530 | AR22: 1530 | AS22: 1530 | AT22: 1530 | AU22: 1530 | AV22: 1530 | AW22: 1530 | AX22: 1500 | AY22: 1500 | AZ22: 1500 | BA22: 1430 | BB22: 1430 | BC22: 1430 | BD22: 1430 | BE22: 1430 | BF22: 1430 | BG22: 1430 | BH22: 1430 | BI22: 1430 | BJ22: 1430 | BK22: 1430 | BL22: 1350 | BM22: 1350 | BN22: 1350 | BO22: 1350 | BP22: 1380 | BQ22: 1380 | BR22: 1380 | BS22: 1380 | BT22: 1380 | BU22: 1380 | BV22: 1330 | BZ22: TTCP | CS22: =CS20 -> 1105 | CT22: =CT20 -> 1065 | CU22: =CU20 -> 1065 | CV22: =CV20 -> 1030 | CW22: =CW20 -> 1030 | CX22: =CX20 -> 1030 | CY22: =CY20 -> 1015 | CZ22: =CZ20 -> 995 | ... JD22: =JD20 -> 0
H23: TTCP | U23: =U21 -> 1185 | V23: =V21 -> 1297.5 | W23: =W21 -> 1386 | X23: =X21 -> 1390 | Y23: =Y21 -> 1320 | Z23: =Z21 -> 1327 | AA23: =AA21 -> 1248 | AB23: =AB21 -> 1230 | ... BV23: =BV21 -> 800 | BZ23: CL | CS23: =+CS9-CS22 -> 425 | CT23: =+CT9-CT22 -> 465 | CU23: =+CU9-CU22 -> 465 | CV23: =+CV9-CV22 -> 500 | CW23: =+CW9-CW22 -> 500 | CX23: =+CX9-CX22 -> 500 | CY23: =+CY9-CY22 -> 515 | CZ23: =+CZ9-CZ22 -> 535 | ... JD23: =+JD9-JD22 -> 1300
H24: CL | U24: =U9-U23 -> 345 | V24: =V9-V23 -> 232.5 | W24: =W9-W23 -> 174 | X24: =X9-X23 -> 220 | Y24: =Y9-Y23 -> 290 | Z24: =Z9-Z23 -> 283 | AA24: =AA9-AA23 -> 362 | AB24: =AB9-AB23 -> 380 | ... BV24: =BV9-BV23 -> 500 | BZ24: % | CS24: =+CS23/CS22 -> 0.38461538 | CT24: =+CT23/CT22 -> 0.43661972 | CU24: =+CU23/CU22 -> 0.43661972 | CV24: =+CV23/CV22 -> 0.48543689 | CW24: =+CW23/CW22 -> 0.48543689 | CX24: =+CX23/CX22 -> 0.48543689 | CY24: =+CY23/CY22 -> 0.50738916 | CZ24: =+CZ23/CZ22 -> 0.53768844 | ... JD24: =+JD23/JD22 -> #DIV/0!
H25: % | U25: =U24/U23 -> 0.29113924 | V25: =V24/V23 -> 0.17919075 | W25: =W24/W23 -> 0.12554113 | X25: =X24/X23 -> 0.15827338 | Y25: =Y24/Y23 -> 0.21969697 | Z25: =Z24/Z23 -> 0.213263 | AA25: =AA24/AA23 -> 0.2900641 | AB25: =AB24/AB23 -> 0.30894309 | ... BV25: =BV24/BV23 -> 0.625 | BZ25: Điểm hòa vốn | CS25: 1264 | CT25: 1390 | CU25: 1374 | CV25: 1374 | CW25: 1374 | CX25: 1374 | CY25: 1374 | CZ25: 1374 | DA25: 1374 | DB25: 1374 | DC25: 1374 | DD25: 1377 | DE25: 1377 | DF25: 1377 | DG25: 1377 | DH25: 1377 | DI25: 1377 | DJ25: 1377 | DK25: 1377 | DL25: 1377 | DM25: 1377 | DN25: 1377 | DO25: 1377 | DP25: 1377 | DQ25: 1377 | DR25: 1377 | DS25: 1377 | DT25: 1377 | DU25: 1377 | DV25: 1377 | DW25: 1377 | DX25: 1377 | DY25: 1377 | DZ25: 1310 | EA25: 1310 | EB25: 1310 | EC25: 1310 | ED25: 1310 | EE25: 1310 | EF25: 1310 | EG25: 1310 | EH25: 1310 | EI25: 1310 | EJ25: 1310 | EK25: 1310 | EL25: 1310 | EM25: 1310 | EN25: 1310 | EO25: 1310 | EP25: 1310 | EQ25: 1310 | ER25: 1310 | ES25: 1310 | ET25: 1268 | EU25: 1268 | EV25: 1268 | EW25: 1268 | EX25: 1261 | EY25: 1261 | EZ25: 1261 | FA25: 1261 | FB25: 1261 | FC25: 1323 | FD25: 1323 | FE25: 1323 | FF25: 1323 | FG25: 1323 | FH25: 1323 | FI25: 1323 | FJ25: 1306 | FK25: 1306 | FL25: 1306 | FM25: 1306 | FN25: 1306 | FO25: 1291 | FP25: 1291 | FQ25: 1291 | FR25: 1282 | FS25: 1282 | FT25: 1282 | FU25: 1282 | FV25: 1282 | FW25: 1282 | FX25: 1282 | FY25: 1282 | FZ25: 1282 | GA25: 1219 | GB25: 1219 | GC25: 1219 | GD25: 1219 | GE25: 1251 | GF25: 1251 | GG25: 1251 | GH25: 1251 | GI25: 1251 | GJ25: 1251 | GK25: 1251 | GL25: 1251 | GM25: 1251 | GN25: 1260.3186 | GO25: 1260.3186 | GP25: 1260.3186 | GQ25: 1260.3186 | GR25: 1260.9722 | GS25: 1260.9722 | GT25: 1260.9722 | GU25: 1260.9722 | GV25: 1260.9722 | GW25: 1214.0816 | GX25: 1214.0816 | GY25: 1214.0816 | GZ25: 1214.0816 | HA25: 1224.4123 | HB25: 1224.4123 | HC25: 1224.4123 | HD25: 1224.4123 | HE25: 1224.8944 | HF25: 1224.8944 | HG25: 1224.8944 | HH25: 1224.8944 | HI25: 1220.839 | HJ25: 1220.839 | HK25: 1220.839 | HL25: 1220.839 | HM25: 1201.5512 | HN25: 1201.5512 | HO25: 1201.5512 | HP25: 1201.5512 | HQ25: 1215.0616 | HR25: 1215.0616 | HS25: 1215.0616 | HT25: 1215.0616 | HU25: 1215.0616 | HV25: 1218.0838 | HW25: 1218.0838 | HX25: 1218.0838 | HY25: 1218.0838 | HZ25: 1217.9396 | IA25: 1217.9396 | IB25: 1217.9396 | IC25: 1217.9396 | ID25: 1217.9396 | IE25: 1221.1766 | IF25: 1221.1766 | IG25: 1221.1766 | IH25: 1221.1766 | II25: 1118.5152 | IJ25: 1118.5152 | IK25: 1118.5152 | IL25: 1118.5152 | IM25: 1095.5642 | IN25: 1095.5642 | IO25: 1095.5642 | IP25: 1095.5642 | IQ25: 1095.5642 | IR25: 1120.1455 | IS25: 1120.1455 | IT25: 1120.1455 | IU25: 1120.1455 | IV25: 1076.7141 | IW25: 1076.7141 | IX25: 1076.7141 | IY25: 1076.7141 | IZ25: 1111.3107 | JA25: 1111.3107 | JB25: 1111.3107 | JC25: 1111.3107 | JD25: 1111.3107
H26: Điểm hòa vốn | U26: 1377 | V26: 1377 | W26: 1377 | X26: 1377 | Y26: 1377 | Z26: 1377 | AA26: 1377 | AB26: 1377 | AC26: 1377 | AD26: 1377 | AE26: 1377 | AF26: 1377 | AG26: 1377 | AH26: 1377 | AI26: 1377 | AJ26: 1377 | AK26: 1377 | AL26: 1377 | AM26: 1377 | AN26: 1377 | AO26: 1377 | AP26: 1377 | AQ26: 1377 | AR26: 1315 | AS26: 1306 | AT26: 1310 | AU26: 1310 | AV26: 1268 | AW26: 1261 | AX26: 1323 | AY26: 1323 | AZ26: 1306 | BA26: 1291 | BB26: 1282 | BC26: 1285 | BD26: 1219 | BE26: 1251 | BF26: 1251 | BG26: 1260.3186 | BH26: 1260.9722 | BI26: 1214.0816 | BJ26: 1224.4123 | BK26: 1224.8944 | BL26: 1220.839 | BM26: 1201.5512 | BN26: 1215.0616 | BO26: 1218.0838 | BP26: 1217.9396 | BQ26: 1221.1766 | BR26: 1118.5152 | BS26: 1095.5642 | BT26: 1120.1455 | BU26: 1076.7141 | BV26: 1111.3107 | BZ26: Điểm hòa vốn có rework | CT26: 1530 | CU26: =+CU25+145 -> 1519 | CV26: =+CV25+145 -> 1519 | CW26: =+CW25+145 -> 1519 | CX26: =+CX25+145 -> 1519 | CY26: =+CY25+145 -> 1519 | CZ26: =+CZ25+145 -> 1519 | DA26: =+DA25+145 -> 1519 | DB26: =+DB25+210 -> 1584 | DC26: =+DC25+210 -> 1584 | DD26: =+DD25+210 -> 1587 | DE26: =+DE25+210 -> 1587 | DF26: =+DF25+210 -> 1587 | DG26: =+DG25+210 -> 1587 | DH26: =+DH25+210 -> 1587 | DI26: =+DI25+210 -> 1587 | ... DY26: =+DY25+210 -> 1587 | DZ26: =+DZ25+72 -> 1382 | EA26: =+EA25+72 -> 1382 | EB26: =+EB25+72 -> 1382 | EC26: =+EC25+72 -> 1382 | ED26: =+ED25+72 -> 1382 | EE26: =+EE25+72 -> 1382 | EF26: =+EF25+72 -> 1382 | EG26: =+EG25+72 -> 1382 | EH26: =+EH25+72 -> 1382 | EI26: =+EI25 -> 1310 | EJ26: =+EJ25 -> 1310 | EK26: =+EK25 -> 1310 | EL26: =+EL25 -> 1310 | EM26: =+EM25 -> 1310 | EN26: =+EN25 -> 1310 | EO26: =+EO25 -> 1310 | EP26: =+EP25 -> 1310 | ... FB26: =+FB25 -> 1261 | FC26: 1323 | FD26: 1323 | FE26: 1323 | FF26: 1323 | FG26: 1323 | FH26: 1323 | FI26: 1323 | FJ26: 1306 | FK26: 1306 | FL26: 1306 | FM26: 1306 | FN26: 1306 | FO26: =+FO25 -> 1291 | FP26: =+FP25 -> 1291 | FQ26: =+FQ25 -> 1291 | FR26: =+FR25 -> 1282 | FS26: =+FS25 -> 1282 | FT26: =+FT25 -> 1282 | FU26: =+FU25 -> 1282 | FV26: =+FV25 -> 1282 | ... JD26: =+JD25 -> 1111.3107
H27: Điểm hòa vốn có rework | U27: =U26+210 -> 1587 | V27: =V26+210 -> 1587 | W27: =W26+210 -> 1587 | X27: =X26+210 -> 1587 | Y27: =Y26+210 -> 1587 | Z27: =Z26+210 -> 1587 | AA27: =AA26+210 -> 1587 | AB27: =AB26+210 -> 1587 | ... AT27: =AT26+210 -> 1520 | AU27: =AU26 -> 1310 | AV27: =AV26 -> 1268 | AW27: =AW26 -> 1261 | AX27: =AX26 -> 1323 | AY27: =AY26 -> 1323 | AZ27: =AZ26 -> 1306 | BA27: =BA26 -> 1291 | BB27: =BB26 -> 1282 | ... BV27: =BV26 -> 1111.3107 | BZ27: Giá bán Unilever | DD27: 1575 | DE27: 1575 | DF27: 1575 | DG27: 1575 | DH27: 1575 | DI27: 1575 | DJ27: 1575 | DK27: 1575 | DL27: 1575 | DM27: 1575 | DN27: 1575 | DO27: 1575 | DP27: 1575 | DQ27: 1530 | DR27: 1530 | DS27: 1530 | DT27: 1530 | DU27: 1530 | DV27: 1530 | DW27: 1530 | DX27: 1530 | DY27: 1530 | DZ27: 1530 | EA27: 1530 | EB27: 1530 | EC27: 1530 | ED27: 1530 | EE27: 1530 | EF27: 1530 | EG27: 1530 | EH27: 1530 | EI27: 1530 | EJ27: 1530 | EK27: 1530 | EL27: 1530 | EM27: 1530 | EN27: 1530 | EO27: 1530 | EP27: 1530 | EQ27: 1530 | ER27: 1530 | ES27: 1530 | ET27: 1530 | EU27: 1530 | EV27: 1530 | EW27: 1530 | EX27: 1530 | EY27: 1530 | EZ27: 1530 | FA27: 1530 | FB27: 1530 | FC27: 1530 | FD27: 1500 | FE27: 1500 | FF27: 1500 | FG27: 1500 | FH27: 1500 | FI27: 1500 | FJ27: 1500 | FK27: 1500 | FL27: 1500 | FM27: 1500 | FN27: 1430 | FO27: 1430 | FP27: 1430 | FQ27: 1430 | FR27: 1430 | FS27: 1430 | FT27: 1430 | FU27: 1430
AQ28: =AQ26*0.3*0.29%+AQ26 -> 1378.198 | AR28: =AR26*0.3*0.29%+AR26 -> 1316.1441 | AS28: =AS26*0.3*0.29%+AS26 -> 1307.1362 | AT28: =AT26*0.3*0.29%+AT26 -> 1311.1397 | AU28: =AU26*0.3*0.29%+AU26 -> 1311.1397 | AV28: =AV26 -> 1268 | AW28: =AW26 -> 1261 | AX28: =AX26 -> 1323 | AY28: =AY26 -> 1323 | AZ28: =AZ26 -> 1306 | BA28: =BA26 -> 1291 | BB28: =BB26 -> 1282 | BC28: =BC26 -> 1285 | ... BV28: =BV26 -> 1111.3107
H29: Giá bán Dafong | AL29: 1422 | AM29: 1422 | AN29: 1422 | AO29: 1422 | AP29: 1422 | AQ29: 1396 | AR29: 1396 | AS29: 1396 | AT29: 1396 | AU29: 1371 | AV29: 1371 | AW29: 1358 | AX29: 1358 | AY29: 1358 | AZ29: 1358 | BA29: 1358 | BB29: 1359 | BC29: 1359 | BD29: 1359 | BE29: 1359 | BF29: 1359 | BG29: 1359 | BH29: 1359 | BI29: 1359 | BJ29: 1359 | BK29: 1359 | BL29: 1359 | BM29: 1359 | BN29: 1359 | BO29: 1359 | BP29: 1359 | BQ29: 1359 | BR29: 1359 | BS29: 1359 | BT29: 1359 | BU29: 1359 | BV29: 1359
F43: Giá thị trường chính phẩm | G43: $ /tấn | U43: =U20 -> 1185 | V43: =V20 -> 1297.5 | W43: =W20 -> 1386 | X43: =X20 -> 1390 | Y43: =Y20 -> 1320 | Z43: =Z20 -> 1327 | AA43: =AA20 -> 1248 | AB43: =AB20 -> 1230 | ... AI43: =AI20 -> 1065 | AJ43: 1065 | AM43: =AM20 -> 1092.5
F44: Giá keo chính phẩm +15% | G44: $ /tấn | U44: =U20*1.15 -> 1362.75 | V44: =V20*1.15 -> 1492.125 | W44: =W20*1.15 -> 1593.9 | X44: =X20*1.15 -> 1598.5 | Y44: =Y20*1.15 -> 1518 | Z44: =Z20*1.15 -> 1526.05 | AA44: =AA20*1.15 -> 1435.2 | AB44: =AB20*1.15 -> 1414.5 | ... AI44: =AI20*1.15 -> 1224.75 | AM44: =AM20*1.15 -> 1256.375
F45: ICIS | G45: $ /tấn | U45: =U16 -> 1313 | V45: =V16 -> 1302 | W45: =W16 -> 1360 | X45: =X16 -> 1397 | Y45: =Y16 -> 1425 | Z45: =Z16 -> 1493 | AA45: =AA16 -> 1473 | AB45: =AB16 -> 1474 | ... AI45: =AI16 -> 1431.5 | AM45: =AM16 -> 1247.5
F46: Giá Dafon FOB Taiwan | G46: $ /tấn | U46: =U19 -> 1475 | V46: =V19 -> 1475 | W46: =W19 -> 1475 | X46: =X19 -> 1475 | Y46: =Y19 -> 1460 | Z46: =Z19 -> 1555 | AA46: =AA19 -> 1555 | AB46: =AB19 -> 1555 | ... AI46: =AI19 -> 1524 | AM46: =AM19 -> 1422

Sheet HD Ép-tháng

Sheet HD Ép_tuần

Sheet Ma trận HDPE Ép
F3: MA TRẬN GIÁ BÁN rHD ÉP | H3: MA TRẬN GIÁ BÁN rHD ÉP | AY3: 2023 | BC3: 07.02 | BD3: 14.02 | BE3: 21.02 | BF3: 28.02 | BG3: 7.03 | BH3: 14.03 | BI3: 21.03 | BJ3: 28.03 | BK3: 30.03 | BL3: 6.04 | BM3: 13.04 | BN3: 20.04 | BO3: 27.04 | BP3: 4.05 | BR3: 23.05 | BS3: 30.05 | BT3: 6.06 | BU3: 12.06 | BV3: 20.06 | CX3: 2024 | EV3: 2025
F4: Tỷ giá | I4: 24000 | J4: 24000 | K4: 24000 | L4: 24000 | M4: 24000 | N4: 24000 | O4: 24000 | P4: 24000 | Q4: 24000 | R4: 24000 | S4: 24000 | T4: 24000 | AX4: 24000 | AY4: 24000 | AZ4: 24000 | BA4: 24000 | BB4: 24000 | BC4: 24000 | BD4: 24000 | BE4: 24000 | BF4: 24000 | BG4: 24000 | BH4: 24000 | BI4: 24000 | BJ4: 24000 | BK4: 24000 | BL4: 24000 | BM4: 24000 | BN4: 24000 | BO4: 24000 | BP4: 24000 | BQ4: 24000 | BR4: 24000 | BS4: 24000 | BT4: 24000 | BU4: 24000 | BV4: 24000 | BW4: 24000 | BX4: 24000 | BY4: 24000 | BZ4: 24000 | CA4: 24000 | CB4: 24000 | CC4: 24000 | CD4: 24000 | CE4: 24000 | CF4: 24000 | CG4: 24000 | CH4: 24000 | CI4: 24000 | CJ4: 24000 | CK4: 24000 | CL4: 24000 | CM4: 24000 | CN4: 24000 | CO4: 24000 | CP4: 24000 | CQ4: 24000 | CR4: 24000 | CS4: 24000 | CT4: 24000 | CU4: 24000 | CV4: 24000 | CW4: 24000 | CX4: 24000 | CY4: 24000 | CZ4: 24000 | DA4: 24000 | GU4: 2026
A5: Stt | B5: Mã SAP | C5: Tên hàng hóa SAP | D5: Mã SP | E5: Tên sản phẩm | F5: Diễn giải | G5: Đơn vị tính | H5: Diễn giải | I5: T1/23 | J5: 2 | K5: 3 | L5: 4 | M5: 5 | N5: 6 | O5: 7 | P5: 8 | Q5: 9 | R5: 10 | S5: 11 | T5: 12 | U5: T1.24 | V5: 2 | W5: 3 | X5: 4 | Y5: 5 | Z5: 6 | AA5: 7 | AB5: 8 | AC5: 9 | AD5: 10 | AE5: 11 | AF5: 12 | AG5: T1.25 | AH5: 2 | AI5: 3 | AJ5: 4 | AK5: 5 | AL5: 6 | AM5: 7 | AN5: 8 | AO5: 9 | AP5: 10 | AQ5: 11 | AR5: 12 | AS5: T1.26 | AU5: Mã SP | AV5: Tên sản phẩm | AW5: Diễn giải | AX5: 52 | AY5: 1 | AZ5: 2 | BA5: 3 | BB5: 5 | BC5: 6 | BD5: 7 | BE5: 8 | BF5: 9 | BG5: 10 | BH5: 11 | BI5: 12 | BJ5: 13 | BK5: 14 | BL5: 15 | BM5: 16 | BN5: 17 | BO5: 18 | BP5: 19 | BQ5: 20 | BR5: 21 | BS5: 22 | BT5: 23 | BU5: 24 | BV5: 25 | BW5: 26 | BX5: 27 | BY5: 28 | BZ5: 29 | CA5: 30 | CB5: 31 | CC5: 32 | CD5: 33 | CE5: 34 | CF5: 35 | CG5: 36 | CH5: 37 | CI5: 38 | CJ5: 39 | CK5: 40 | CL5: 41 | CM5: 42 | CN5: 43 | CO5: 44 | CP5: 45 | CQ5: 46 | CR5: 47 | CS5: 48 | CT5: 49 | CU5: 50 | CV5: 51 | CW5: 52 | CX5: 1/24 | CY5: 02 | CZ5: 03 | DA5: 04 | DB5: 05 | DC5: 08 | DD5: 09 | DE5: 10 | DF5: 11 | DG5: 12 | DH5: 13 | DI5: 14 | DJ5: 15 | DK5: 16 | DL5: 17 | DM5: 18 | DN5: 19 | DO5: 20 | DP5: 21 | DQ5: 22 | DR5: 23 | DS5: 24 | DT5: 25 | DU5: 26 | DV5: 27 | DW5: 28 | DX5: 29 | DY5: 30 | DZ5: 31 | EA5: 32 | EB5: 33 | EC5: 34 | ED5: 35 | EE5: 36 | EF5: 37 | EG5: 38 | EH5: 39 | EI5: 40 | EJ5: 41 | EK5: 42 | EL5: 43 | EM5: 44 | EN5: 45 | EO5: 46 | EP5: 47 | EQ5: 48 | ER5: 49 | ES5: 50 | ET5: 51 | EU5: 52 | EV5: 01 | EW5: 02 | EX5: 03 | EY5: 04 | EZ5: 06 | FA5: 07 | FB5: 08 | FC5: 09 | FD5: 10 | FE5: 11 | FF5: 12 | FG5: 13 | FH5: 14 | FI5: 15 | FJ5: 16 | FK5: 17 | FL5: 18 | FM5: 19 | FN5: 20 | FO5: 21 | FP5: 22 | FQ5: 23 | FR5: 24 | FS5: 25 | FT5: 26 | FU5: 27 | FV5: 28 | FW5: 29 | FX5: 30 | FY5: 31 | FZ5: 32 | GA5: 33 | GB5: 34 | GC5: 35 | GD5: 36 | GE5: 37 | GF5: 38 | GG5: 39 | GH5: 40 | GI5: 41 | GJ5: 42 | GK5: 43 | GL5: 44 | GM5: 45 | GN5: 46 | GO5: 47 | GP5: 48 | GQ5: 49 | GR5: 50 | GS5: 51 | GT5: 52 | GU5: 01 | GV5: 02 | GW5: 03 | GX5: 04 | GY5: 05
D6: A4 | E6: A4 - Vảy PET tuyển -RL mua ngoài | F6: Vảy PP tuyển mua ngoài - ICIS | G6: $ /tấn | H6: =F6 -> Vảy PP tuyển mua ngoài - ICIS | AV6: A4 - Vảy PET tuyển -RL mua ngoài | AW6: =F6 -> Vảy PP tuyển mua ngoài - ICIS
A7: 5 | B7: 110000329 | C7: Hạt rPET WSS01 | E7: WSS01 - Hạt rPET (IV 0.78) | F7: DTR (dương đậm) | G7: $ /tấn | H7: DTR (PTBV) | I7: =+SUM(AY7:BB7)/COUNT(AY7:BB7) -> 1250 | J7: =+SUM(BC7:BF7)/COUNT(BC7:BF7) -> 1250 | K7: 1250 | L7: 1250 | M7: 1250 | N7: 1250 | O7: =BX7 -> 1250 | P7: =BY7 -> 1250 | Q7: =BZ7 -> 1250 | R7: 1250 | S7: 1250 | T7: 1250 | U7: 1250 | V7: 1250 | W7: 1250 | X7: 1250 | Y7: 1250 | Z7: 1250 | AA7: 1250 | AB7: 1250 | AC7: 1250 | AD7: =+SUM(EJ7:EL7)/COUNT(EJ7:EL7) -> 1250 | AE7: =+SUM(EM7:EQ7)/COUNT(EM7:EQ7) -> 1250 | AF7: =+SUM(ER7:EU7)/COUNT(ER7:EU7) -> 1250 | AG7: =+SUM(EV7:EY7)/COUNT(EV7:EY7) -> 1250 | AH7: 1250 | AI7: 1045 | AJ7: 1045 | AK7: 990 | AL7: 990 | AV7: WSS01 - Hạt rPET (IV 0.78) | AW7: DTR (PTBV) | AX7: 1250 | AY7: 1250 | AZ7: 1250 | BA7: 1250 | BB7: 1250 | BC7: 1250 | BD7: 1250 | BE7: 1250 | BF7: 1250 | BG7: 1250 | BH7: 1250 | BI7: 1250 | BJ7: 1250 | BK7: 1250 | BL7: 1250 | BM7: 1250 | BN7: 1250 | BO7: 1250 | BP7: 1250 | BQ7: 1250 | BR7: 1250 | BS7: 1250 | BT7: 1250 | BU7: 1250 | BV7: 1250 | BW7: 1250 | BX7: 1250 | BY7: 1250 | BZ7: 1250 | CA7: 1250 | CB7: 1250 | CC7: 1250 | CD7: 1250 | CE7: 1250 | CF7: 1250 | CG7: 1250 | CH7: 1250 | CI7: 1250 | CJ7: 1250 | CK7: 1250 | CL7: 1250 | CM7: 1250 | CN7: 1250 | CO7: 1250 | CP7: 1250 | CQ7: 1250 | CR7: 1250 | CS7: 1250 | CT7: 1250 | CU7: 1250 | CV7: 1250 | CW7: 1250 | CX7: 1250 | CY7: 1250 | CZ7: 1250 | DA7: 1250 | DB7: 1250 | DC7: 1250 | DD7: 1250 | DE7: 1250 | DF7: 1250 | DG7: 1250 | DH7: 1250 | DI7: 1250 | DJ7: 1250 | DK7: 1250 | DL7: 1250 | DM7: 1250 | DN7: 1250 | DO7: 1250 | DP7: 1250 | DQ7: 1250 | DR7: 1250 | DS7: 1250 | DT7: 1250 | DU7: 1250 | DV7: 1250 | DW7: 1250 | DX7: 1250 | DY7: 1250 | DZ7: 1250 | EA7: 1250 | EB7: 1250 | EC7: 1250 | ED7: 1250 | EE7: 1250 | EF7: 1250 | EG7: 1250 | EH7: 1250 | EI7: 1250 | EJ7: 1250 | EK7: 1250 | EL7: 1250 | EM7: 1250 | EN7: 1250 | EO7: 1250 | EP7: 1250 | EQ7: 1250 | ER7: 1250 | ES7: 1250 | ET7: 1250 | EU7: 1250 | EV7: 1250 | EW7: 1250 | EX7: 1250 | EY7: 1250 | EZ7: 1250 | FA7: 1250 | FB7: 1250 | FC7: 1250 | FD7: 1045 | FE7: 1045 | FF7: 1045 | FG7: 1045 | FH7: 1045 | FI7: 1045 | FJ7: 1045 | FK7: 1045 | FL7: 990 | FM7: 990 | FN7: 990 | FO7: 990 | FP7: 990 | FQ7: 990 | FR7: 990 | FS7: 990 | FT7: 990
F8: DTR-nội địa | H8: DTR-nội địa | U8: 950 | V8: 950 | W8: 950 | X8: 950 | Y8: 920 | Z8: 920 | AA8: 920 | AB8: 920 | AC8: 890 | AD8: =+SUM(EJ8:EL8)/COUNT(EJ8:EL8) -> 880 | AE8: =+SUM(EM8:EQ8)/COUNT(EM8:EQ8) -> 870 | AF8: =+SUM(ER8:EU8)/COUNT(ER8:EU8) -> 870 | AG8: =+SUM(EV8:EY8)/COUNT(EV8:EY8) -> 870 | AH8: 800 | AI8: 805 | AJ8: 805 | AK8: 765 | AL8: 765 | AM8: 780 | AN8: =780-20 -> 760 | AO8: =780-20 -> 760 | AP8: =780-20 -> 760 | AQ8: 740 | AR8: 740 | AS8: 740 | AW8: DTR-nội địa | AY8: 950 | AZ8: 950 | BA8: 950 | BB8: 950 | BC8: 950 | BD8: 950 | BE8: 950 | BF8: 950 | BG8: 950 | BH8: 950 | BI8: 950 | BJ8: 950 | BK8: 950 | BL8: 950 | BM8: 950 | BN8: 950 | BO8: 950 | BP8: 950 | BQ8: 950 | BR8: 950 | BS8: 950 | BT8: 950 | BU8: 950 | BV8: 950 | BW8: 950 | BX8: 950 | BY8: 950 | BZ8: 950 | CA8: 950 | CB8: 950 | CC8: 950 | CD8: 950 | CE8: 950 | CF8: 950 | CG8: 950 | CH8: 950 | CI8: 950 | CJ8: 950 | CK8: 950 | CL8: 950 | CM8: 950 | CN8: 950 | CO8: 950 | CP8: 950 | CQ8: 950 | CR8: 950 | CS8: 950 | CT8: 950 | CU8: 950 | CV8: 950 | CW8: 950 | CX8: 950 | CY8: 950 | CZ8: 950 | DA8: 950 | DB8: 950 | DC8: 950 | DD8: 950 | DE8: 950 | DF8: 950 | DG8: 950 | DH8: 950 | DI8: 950 | DJ8: 950 | DK8: 950 | DL8: 950 | DM8: 920 | DN8: 920 | DO8: 920 | DP8: 920 | DQ8: 920 | DR8: 920 | DS8: 920 | DT8: 920 | DU8: 920 | DV8: 920 | DW8: 920 | DX8: 920 | DY8: 920 | DZ8: 920 | EA8: 920 | EB8: 920 | EC8: 920 | ED8: 920 | EE8: 890 | EF8: 890 | EG8: 890 | EH8: 890 | EI8: 880 | EJ8: 880 | EK8: 880 | EL8: 880 | EM8: 870 | EN8: 870 | EO8: 870 | EP8: 870 | EQ8: 870 | ER8: 870 | ES8: 870 | ET8: 870 | EU8: 870 | EV8: 870 | EW8: 870 | EX8: 870 | EY8: 870 | EZ8: 870 | FA8: 870 | FB8: 870 | FC8: 870 | FD8: 805 | FE8: 805 | FF8: 805 | FG8: 805 | FH8: 805 | FI8: 805 | FJ8: 805 | FK8: 805 | FL8: 765 | FM8: 765 | FN8: 765 | FO8: 765 | FP8: 765 | FQ8: 765 | FR8: 765 | FS8: 765 | FT8: 765 | FU8: 780 | FV8: 780 | FW8: 780 | FX8: 780 | FY8: 780 | FZ8: =780-20 -> 760 | GA8: =780-20 -> 760 | GB8: =780-20 -> 760 | GC8: =780-20 -> 760 | GD8: =780-20 -> 760 | GE8: =780-20 -> 760 | GF8: =780-20 -> 760 | GG8: =780-20 -> 760 | ... GL8: =780-20 -> 760 | GM8: 740 | GN8: 740 | GO8: 740 | GP8: 740 | GQ8: 740 | GR8: 740 | GS8: 740 | GT8: 740 | GU8: 740 | GV8: 740 | GW8: 740 | GX8: 740 | GY8: 740
F9: DTR FOB rHD Ép- màu dương đậm | H9: DTR FOB rHD Ép- màu dương đậm | I9: =+SUM(AY9:BB9)/COUNT(AY9:BB9) -> 1290 | J9: =+SUM(BC9:BF9)/COUNT(BC9:BF9) -> 1290 | K9: =K7+40 -> 1290 | L9: =L7+40 -> 1290 | M9: =M7+40 -> 1290 | N9: =N7+40 -> 1290 | O9: =BX9 -> 1290 | P9: =BY9 -> 1290 | Q9: =BZ9 -> 1290 | R9: =R7+40 -> 1290 | S9: =S7+40 -> 1290 | T9: =T7+40 -> 1290 | U9: =U7+40 -> 1290 | V9: =V7+40 -> 1290 | W9: =W7+40 -> 1290 | X9: =X7+40 -> 1290 | Y9: =Y7+40 -> 1290 | ... AC9: =AC7+40 -> 1290 | AD9: =+SUM(EJ9:EL9)/COUNT(EJ9:EL9) -> 1290 | AE9: =+SUM(EM9:EQ9)/COUNT(EM9:EQ9) -> 1290 | AF9: =+SUM(ER9:EU9)/COUNT(ER9:EU9) -> 1290 | AG9: =+SUM(EV9:EY9)/COUNT(EV9:EY9) -> 1290 | AH9: =AH7+20 -> 1270 | AI9: =AI7+22 -> 1067 | AJ9: =AJ7+22 -> 1067 | AK9: =AK7+22 -> 1012 | AL9: =AL7+22 -> 1012 | AM9: =AM7+22 -> 22 | AN9: =AN7+22 -> 22 | AO9: =AO7+22 -> 22 | AP9: =AP7+22 -> 22 | ... AS9: =AS7+22 -> 22 | AW9: DTR FOB rHD Ép- màu dương đậm | AX9: =+AX7+40 -> 1290 | AY9: =+AY7+40 -> 1290 | AZ9: =+AZ7+40 -> 1290 | BA9: =+BA7+40 -> 1290 | BB9: =+BB7+40 -> 1290 | BC9: =+BC7+40 -> 1290 | BD9: =+BD7+40 -> 1290 | BE9: =+BE7+40 -> 1290 | ... GY9: =+GY7+40 -> 40
F10: DTR (màu trắng& đỏ) | H10: DTR (màu trắng& đỏ) | K10: 1310 | L10: 1310 | M10: 1310 | N10: 1310 | O10: =BX10 -> 1310 | P10: =BY10 -> 1310 | Q10: =BZ10 -> 1310 | R10: 1310 | S10: 1310 | T10: 1310 | U10: 1310 | V10: 1310 | W10: 1310 | X10: 1310 | Y10: 1310 | Z10: 1310 | AA10: 1310 | AB10: 1310 | AC10: 1310 | AD10: =+SUM(EJ10:EL10)/COUNT(EJ10:EL10) -> 1310 | AE10: =+SUM(EM10:EQ10)/COUNT(EM10:EQ10) -> 1310 | AF10: =+SUM(ER10:EU10)/COUNT(ER10:EU10) -> 1310 | AG10: =+SUM(EV10:EY10)/COUNT(EV10:EY10) -> 1310 | AH10: =+SUM(EZ10:FD10)/COUNT(EZ10:FD10) -> 1310 | AI10: =+SUM(FA10:FE10)/COUNT(FA10:FE10) -> 1310 | AJ10: =+SUM(FB10:FF10)/COUNT(FB10:FF10) -> 1310 | AK10: =+SUM(FC10:FG10)/COUNT(FC10:FG10) -> 1310 | AL10: =+SUM(FD10:FH10)/COUNT(FD10:FH10) -> 1310 | AM10: =+SUM(FE10:FI10)/COUNT(FE10:FI10) -> 1310 | AN10: =+SUM(FF10:FJ10)/COUNT(FF10:FJ10) -> 1310 | AO10: =+SUM(FG10:FK10)/COUNT(FG10:FK10) -> 1310 | ... AS10: =+SUM(FK10:FO10)/COUNT(FK10:FO10) -> 1310 | AW10: DTR-xuất hóa đơn (màu trắng& đỏ) | AY10: 1310 | AZ10: 1310 | BA10: 1310 | BB10: 1310 | BC10: 1310 | BD10: 1310 | BE10: 1310 | BF10: 1310 | BG10: 1310 | BH10: 1310 | BI10: 1310 | BJ10: 1310 | BK10: 1310 | BL10: 1310 | BM10: 1310 | BN10: 1310 | BO10: 1310 | BP10: 1310 | BQ10: 1310 | BR10: 1310 | BS10: 1310 | BT10: 1310 | BU10: 1310 | BV10: 1310 | BW10: 1310 | BX10: 1310 | BY10: 1310 | BZ10: 1310 | CA10: 1310 | CB10: 1310 | CC10: 1310 | CD10: 1310 | CE10: 1310 | CF10: 1310 | CG10: 1310 | CH10: 1310 | CI10: 1310 | CJ10: 1310 | CK10: 1310 | CL10: 1310 | CM10: 1310 | CN10: 1310 | CO10: 1310 | CP10: 1310 | CQ10: 1310 | CR10: 1310 | CS10: 1310 | CT10: 1310 | CU10: 1310 | CV10: 1310 | CW10: 1310 | CX10: 1310 | CY10: 1310 | CZ10: 1310 | DA10: 1310 | DB10: 1310 | DC10: 1310 | DD10: 1310 | DE10: 1310 | DF10: 1310 | DG10: 1310 | DH10: 1310 | DI10: 1310 | DJ10: 1310 | DK10: 1310 | DL10: 1310 | DM10: 1310 | DN10: 1310 | DO10: 1310 | DP10: 1310 | DQ10: 1310 | DR10: 1310 | DS10: 1310 | DT10: 1310 | DU10: 1310 | DV10: 1310 | DW10: 1310 | DX10: 1310 | DY10: 1310 | DZ10: 1310 | EA10: 1310 | EB10: 1310 | EC10: 1310 | ED10: 1310 | EE10: 1310 | EF10: 1310 | EG10: 1310 | EH10: 1310 | EI10: 1310 | EJ10: 1310 | EK10: 1310 | EL10: 1310 | EM10: 1310 | EN10: 1310 | EO10: 1310 | EP10: 1310 | EQ10: 1310 | ER10: 1310 | ES10: 1310 | ET10: 1310 | EU10: 1310 | EV10: 1310 | EW10: 1310 | EX10: 1310 | EY10: 1310 | EZ10: 1310 | FA10: 1310 | FB10: 1310 | FC10: 1310 | FD10: 1310 | FE10: 1310 | FF10: 1310 | FG10: 1310 | FH10: 1310 | FI10: 1310 | FJ10: 1310 | FK10: 1310 | FL10: 1310 | FM10: 1310 | FN10: 1310 | FO10: 1310 | FP10: 1310 | FQ10: 1310 | FR10: 1310 | FS10: 1310 | FT10: 1310 | FU10: 1310 | FV10: 1310 | FW10: 1310 | FX10: 1310 | FY10: 1310 | FZ10: 1310 | GA10: 1310 | GB10: 1310 | GC10: 1310 | GD10: 1310 | GE10: 1310 | GF10: 1310 | GG10: 1310 | GH10: 1310 | GI10: 1310 | GJ10: 1310 | GK10: 1310 | GL10: 1310 | GM10: 1310 | GN10: 1310 | GO10: 1310 | GP10: 1310 | GQ10: 1310 | GR10: 1310 | GS10: 1310 | GT10: 1310 | GU10: 1310 | GV10: 1310 | GW10: 1310 | GX10: 1310 | GY10: 1310
F11: DTR FOB rHD Ép- màu trắng& đỏ | H11: DTR FOB rHD Ép- màu trắng& đỏ | K11: =K10+40 -> 1350 | L11: =L10+40 -> 1350 | M11: =M10+40 -> 1350 | N11: =N10+40 -> 1350 | O11: =BX11 -> 1350 | P11: =BY11 -> 1350 | Q11: =BZ11 -> 1350 | R11: =R10+40 -> 1350 | S11: =S10+40 -> 1350 | T11: =T10+40 -> 1350 | U11: =U10+40 -> 1350 | V11: =V10+40 -> 1350 | W11: =W10+40 -> 1350 | X11: =X10+40 -> 1350 | Y11: =Y10+40 -> 1350 | ... AC11: =AC10+40 -> 1350 | AD11: =+SUM(EJ11:EL11)/COUNT(EJ11:EL11) -> 1350 | AE11: =+SUM(EM11:EQ11)/COUNT(EM11:EQ11) -> 1350 | AF11: =+SUM(ER11:EU11)/COUNT(ER11:EU11) -> 1350 | AG11: =+SUM(EV11:EY11)/COUNT(EV11:EY11) -> 1350 | AH11: =+SUM(EZ11:FD11)/COUNT(EZ11:FD11) -> 1350 | AI11: =+SUM(FA11:FE11)/COUNT(FA11:FE11) -> 1350 | AJ11: =+SUM(FB11:FF11)/COUNT(FB11:FF11) -> 1350 | AK11: =+SUM(FC11:FG11)/COUNT(FC11:FG11) -> 1350 | AL11: =+SUM(FD11:FH11)/COUNT(FD11:FH11) -> 1350 | AM11: =+SUM(FE11:FI11)/COUNT(FE11:FI11) -> 1350 | AN11: =+SUM(FF11:FJ11)/COUNT(FF11:FJ11) -> 1350 | AO11: =+SUM(FG11:FK11)/COUNT(FG11:FK11) -> 1350 | ... AS11: =+SUM(FK11:FO11)/COUNT(FK11:FO11) -> 1350 | AW11: DTR FOB rHD Ép- màu trắng& đỏ | AY11: =AY10+40 -> 1350 | AZ11: =AZ10+40 -> 1350 | BA11: =BA10+40 -> 1350 | BB11: =BB10+40 -> 1350 | BC11: =BC10+40 -> 1350 | BD11: =BD10+40 -> 1350 | BE11: =BE10+40 -> 1350 | BF11: =BF10+40 -> 1350 | ... GY11: =GY10+40 -> 1350
A12: 9 | D12: ICIS | E12: ICIS giá rPET ($ /tấn) | F12: Hạt rHD ép (Châu Âu)-ICIS | G12: $ /tấn | H12: =F12 -> Hạt rHD ép (Châu Âu)-ICIS | I12: =+SUM(AY12:BB12)/COUNT(AY12:BB12) -> 1808.075 | J12: =+SUM(BC12:BF12)/COUNT(BC12:BF12) -> 1790.9825 | K12: =+SUM(BG12:BK12)/COUNT(BG12:BK12) -> 1811.176 | L12: =+SUM(BL12:BO12)/COUNT(BL12:BO12) -> 1850.0975 | M12: =+SUM(BP12:BS12)/COUNT(BP12:BS12) -> 1812.975 | N12: =+SUM(BT12:BW12)/COUNT(BT12:BW12) -> 1828.0925 | O12: =+SUM(BX12:CA12)/COUNT(BX12:CA12) -> 1851.3875 | P12: =+SUM(CB12:CF12)/COUNT(CB12:CF12) -> 1836.61 | Q12: =+SUM(CG12:CJ12)/COUNT(CG12:CJ12) -> 1800.0175 | R12: =+SUM(CK12:CN12)/COUNT(CK12:CN12) -> 1790.5 | S12: =+SUM(CO12:CR12)/COUNT(CO12:CR12) -> 1790.5 | T12: =+SUM(CS12:CW12)/COUNT(CS12:CW12) -> 1790.5 | AU12: ICIS | AV12: ICIS giá rPET ($ /tấn) | AW12: =H12 -> Hạt rHD ép (Châu Âu)-ICIS | AX12: =#REF! -> #REF! | AY12: 1766.9 | AZ12: 1815.71 | BA12: 1812.54 | BB12: 1837.15 | BC12: 1808.07 | BD12: 1793.1 | BE12: 1780.19 | BF12: 1782.57 | BG12: 1775.65 | BH12: 1784.19 | BI12: 1829.54 | BJ12: 1831.03 | BK12: 1835.47 | BL12: 1857.14 | BM12: 1842.99 | BN12: 1850.83 | BO12: 1849.43 | BP12: 1833.85 | BQ12: 1810.28 | BR12: 1801.57 | BS12: 1806.2 | BT12: 1811.01 | BU12: 1836.62 | BV12: 1836.62 | BW12: 1828.12 | BX12: 1828.12 | BY12: 1826.4 | BZ12: 1880.29 | CA12: 1870.74 | CB12: 1848.04 | CC12: 1838.9 | CD12: 1850.63 | CE12: 1826.65 | CF12: 1818.83 | CG12: 1820.88 | CH12: 1798.19 | CI12: 1790.5 | CJ12: 1790.5 | CK12: 1790.5 | CL12: 1790.5 | CM12: 1790.5 | CN12: 1790.5 | CO12: 1790.5 | CP12: 1790.5 | CQ12: 1790.5 | CR12: 1790.5 | CS12: 1790.5 | CT12: 1790.5 | CU12: 1790.5 | CV12: 1790.5 | CW12: 1790.5
D13: Anh 12 | F13: RESIN | G13: $ /tấn | H13: =F13 -> RESIN | I13: =+SUM(AY13:BB13)/COUNT(AY13:BB13) -> 1017.5 | J13: =+SUM(BC13:BF13)/COUNT(BC13:BF13) -> 1092.5 | K13: =+SUM(BG13:BK13)/COUNT(BG13:BK13) -> 1068 | L13: =+SUM(BL13:BO13)/COUNT(BL13:BO13) -> 1050 | M13: =+SUM(BP13:BS13)/COUNT(BP13:BS13) -> 1042.5 | N13: =+SUM(BT13:BW13)/COUNT(BT13:BW13) -> 970 | O13: =+SUM(BX13:CA13)/COUNT(BX13:CA13) -> 960 | P13: =+SUM(CB13:CF13)/COUNT(CB13:CF13) -> 1008 | Q13: =+SUM(CG13:CJ13)/COUNT(CG13:CJ13) -> 1027.5 | R13: =+SUM(CK13:CN13)/COUNT(CK13:CN13) -> 1020 | S13: =+SUM(CO13:CR13)/COUNT(CO13:CR13) -> 955 | T13: =+SUM(CS13:CW13)/COUNT(CS13:CW13) -> 900 | U13: =+SUM(CX13:DA13)/COUNT(CX13:DA13) -> 947.5 | V13: =+SUM(DB13:DD13)/COUNT(DB13:DD13) -> 1010 | W13: =+SUM(DE13:DH13)/COUNT(DE13:DH13) -> 995 | X13: =+SUM(DI13:DL13)/COUNT(DI13:DL13) -> 975 | Y13: =+SUM(DM13:DQ13)/COUNT(DM13:DQ13) -> 956 | Z13: =+SUM(DR13:DU13)/COUNT(DR13:DU13) -> 980 | AA13: =+SUM(DV13:DY13)/COUNT(DV13:DY13) -> 975 | AB13: =+SUM(DZ13:ED13)/COUNT(DZ13:ED13) -> 946 | AC13: =+SUM(EE13:EH13)/COUNT(EE13:EH13) -> 932.5 | AD13: =+SUM(EJ13:EL13)/COUNT(EJ13:EL13) -> 926.66667 | AE13: =+SUM(EM13:EQ13)/COUNT(EM13:EQ13) -> 940 | AF13: =+SUM(ER13:EU13)/COUNT(ER13:EU13) -> 940 | AG13: =+SUM(EV13:EY13)/COUNT(EV13:EY13) -> 940 | AH13: =+SUM(EZ13:FD13)/COUNT(EZ13:FD13) -> 946 | AI13: =+SUM(FD13:FG13)/COUNT(FD13:FG13) -> 940 | AJ13: =+SUM(FH13:FK13)/COUNT(FH13:FK13) -> 905 | AK13: =+SUM(FL13:FP13)/COUNT(FL13:FP13) -> 908 | AL13: =+SUM(FQ13:FT13)/COUNT(FQ13:FT13) -> 915 | AM13: =+SUM(FU13:FY13)/COUNT(FU13:FY13) -> 930 | AN13: =+SUM(FZ13:GC13)/COUNT(FZ13:GC13) -> 930 | AO13: =+SUM(GD13:GG13)/COUNT(GD13:GG13) -> 915 | AP13: =+SUM(GH13:GL13)/COUNT(GH13:GL13) -> 870 | AQ13: =+SUM(GM13:GP13)/COUNT(GM13:GP13) -> 840 | AR13: =+SUM(GQ13:GT13)/COUNT(GQ13:GT13) -> 830 | AS13: 830 | AU13: Anh 12 | AW13: =H13 -> RESIN | AX13: 1000 | AY13: 940 | AZ13: 1020 | BA13: 1030 | BB13: 1080 | BC13: 1100 | BD13: 1100 | BE13: 1090 | BF13: 1080 | BG13: 1080 | BH13: 1070 | BI13: 1070 | BJ13: 1070 | BK13: 1050 | BL13: 1050 | BM13: 1050 | BN13: 1050 | BO13: 1050 | BP13: 1050 | BQ13: 1050 | BR13: 1040 | BS13: 1030 | BT13: 1030 | BU13: 950 | BV13: 950 | BW13: 950 | BX13: 950 | BY13: 950 | BZ13: 970 | CA13: 970 | CB13: 1000 | CC13: 1000 | CD13: 1000 | CE13: 1020 | CF13: 1020 | CG13: 1020 | CH13: 1030 | CI13: 1030 | CJ13: 1030 | CK13: 1030 | CL13: 1030 | CM13: 1020 | CN13: 1000 | CO13: 980 | CP13: 960 | CQ13: 940 | CR13: 940 | CS13: 900 | CT13: 900 | CU13: 900 | CV13: 900 | CW13: 900 | CX13: 900 | CY13: 930 | CZ13: 930 | DA13: 1030 | DB13: 1030 | DC13: 1000 | DD13: 1000 | DE13: 1000 | DF13: 1000 | DG13: 1000 | DH13: 980 | DI13: 980 | DJ13: 980 | DK13: 980 | DL13: 960 | DM13: 950 | DN13: 950 | DO13: 950 | DP13: 950 | DQ13: 980 | DR13: 980 | DS13: 980 | DT13: 980 | DU13: 980 | DV13: 980 | DW13: 980 | DX13: 980 | DY13: 960 | DZ13: 950 | EA13: 950 | EB13: 950 | EC13: 940 | ED13: 940 | EE13: 940 | EF13: 930 | EG13: 930 | EH13: 930 | EI13: 920 | EJ13: 920 | EK13: 920 | EL13: 940 | EM13: 940 | EN13: 940 | EO13: 940 | EP13: 940 | EQ13: 940 | ER13: 940 | ES13: 940 | ET13: 940 | EU13: 940 | EV13: 940 | EW13: 940 | EX13: 940 | EY13: 940 | EZ13: 940 | FA13: 940 | FB13: 950 | FC13: 950 | FD13: 950 | FE13: 950 | FF13: 950 | FG13: 910 | FH13: 910 | FI13: 900 | FJ13: 900 | FK13: 910 | FL13: 910 | FM13: 910 | FN13: 910 | FO13: 910 | FP13: 900 | FQ13: 900 | FR13: 900 | FS13: 930 | FT13: 930 | FU13: 930 | FV13: 930 | FW13: 930 | FX13: 930 | FY13: 930 | FZ13: 930 | GA13: 930 | GB13: 930 | GC13: 930 | GD13: 930 | GE13: 930 | GF13: 930 | GG13: 870 | GH13: 870 | GI13: 870 | GJ13: 870 | GK13: 870 | GL13: 870 | GM13: 870 | GN13: 830 | GO13: 830 | GP13: 830 | GQ13: 830 | GR13: 830 | GS13: 830 | GT13: 830
H14: TTCP | I14: =I13 -> 1017.5 | J14: =J13 -> 1092.5 | K14: =K13 -> 1068 | L14: =L13 -> 1050 | M14: =M13 -> 1042.5 | N14: =N13 -> 970 | O14: =O13 -> 960 | P14: =P13 -> 1008 | ... AS14: =AS13 -> 830 | AW14: TTCP | AX14: =AX13 -> 1000 | AY14: =AY13 -> 940 | AZ14: =AZ13 -> 1020 | BA14: =BA13 -> 1030 | BB14: =BB13 -> 1080 | BC14: =BC13 -> 1100 | BD14: =BD13 -> 1100 | BE14: =BE13 -> 1090 | ... GY14: =GY13 -> 0
H15: CL | I15: =+I7-I14 -> 232.5 | J15: =+J7-J14 -> 157.5 | K15: =+K7-K14 -> 182 | L15: =+L7-L14 -> 200 | M15: =+M7-M14 -> 207.5 | N15: =+N7-N14 -> 280 | O15: =+O7-O14 -> 290 | P15: =+P7-P14 -> 242 | ... AS15: =+AS7-AS14 -> -830 | AW15: CL | AX15: =+AX7-AX14 -> 250 | AY15: =+AY7-AY14 -> 310 | AZ15: =+AZ7-AZ14 -> 230 | BA15: =+BA7-BA14 -> 220 | BB15: =+BB7-BB14 -> 170 | BC15: =+BC7-BC14 -> 150 | BD15: =+BD7-BD14 -> 150 | BE15: =+BE7-BE14 -> 160 | ... GY15: =+GY7-GY14 -> 0
H16: % | I16: =+I15/I14 -> 0.22850123 | J16: =+J15/J14 -> 0.14416476 | K16: =+K15/K14 -> 0.17041199 | L16: =+L15/L14 -> 0.19047619 | M16: =+M15/M14 -> 0.19904077 | N16: =+N15/N14 -> 0.28865979 | O16: =+O15/O14 -> 0.30208333 | P16: =+P15/P14 -> 0.24007937 | ... AS16: =+AS15/AS14 -> -1 | AW16: % | AX16: =+AX15/AX14 -> 0.25 | AY16: =+AY15/AY14 -> 0.32978723 | AZ16: =+AZ15/AZ14 -> 0.2254902 | BA16: =+BA15/BA14 -> 0.21359223 | BB16: =+BB15/BB14 -> 0.15740741 | BC16: =+BC15/BC14 -> 0.13636364 | BD16: =+BD15/BD14 -> 0.13636364 | BE16: =+BE15/BE14 -> 0.14678899 | ... GY16: =+GY15/GY14 -> #DIV/0!
H17: Điểm hòa vốn | I17: 700 | J17: 700 | K17: 700 | L17: 700 | M17: 700 | N17: 700 | O17: 700 | P17: 700 | Q17: 700 | R17: 700 | S17: 700 | T17: 700 | U17: 700 | V17: 700 | W17: 700 | X17: 700 | Y17: 700 | Z17: 700 | AA17: 867 | AB17: 896 | AC17: 917 | AD17: 929.8394 | AE17: 937.65255 | AF17: 903.25545 | AG17: 892.96567 | AH17: 888.18379 | AI17: 888.72553 | AJ17: 907.07292 | AK17: 882.40132 | AL17: 879.34169 | AM17: 869.51495 | AN17: 858.88795 | AO17: 871.88031 | AP17: 720.35177 | AQ17: 720.5242 | AR17: 733.77441 | AS17: 747.86079 | AW17: Điểm hòa vốn | AX17: 1110 | AY17: 700 | AZ17: 700 | BA17: 700 | BB17: 700 | BC17: 700 | BD17: 700 | BE17: 700 | BF17: 700 | BG17: 700 | BH17: 700 | BI17: 700 | BJ17: 700 | BK17: 700 | BL17: 700 | BM17: 700 | BN17: 700 | BO17: 700 | BP17: 700 | BQ17: 700 | BR17: 700 | BS17: 700 | BT17: 700 | BU17: 700 | BV17: 700 | BW17: 700 | BX17: 700 | BY17: 700 | BZ17: 700 | CA17: 700 | CB17: 700 | CC17: 700 | CD17: 700 | CE17: 700 | CF17: 700 | CG17: 700 | CH17: 700 | CI17: 700 | CJ17: 700 | CK17: 700 | CL17: 700 | CM17: 700 | CN17: 700 | CO17: 700 | CP17: 700 | CQ17: 700 | CR17: 700 | CS17: 700 | CT17: 700 | CU17: 700 | CV17: 700 | CW17: 700 | CX17: 700 | CY17: 700 | CZ17: 700 | DA17: 700 | DB17: 700 | DC17: 700 | DD17: 700 | DE17: 700 | DF17: 700 | DG17: 700 | DH17: 700 | DI17: 700 | DJ17: 700 | DK17: 700 | DL17: 700 | DM17: 700 | DN17: 700 | DO17: 700 | DP17: 700 | DQ17: 700 | DR17: 700 | DS17: 700 | DT17: 700 | DU17: 700 | DV17: 867 | DW17: 867 | DX17: 867 | DY17: 867 | DZ17: 896 | EA17: 896 | EB17: 896 | EC17: 896 | ED17: 896 | EE17: 917 | EF17: 917 | EG17: 917 | EH17: 917 | EI17: 929.8394 | EJ17: 929.8394 | EK17: 929.8394 | EL17: 929.8394 | EM17: 937.65255 | EN17: 937.65255 | EO17: 937.65255 | EP17: 937.65255 | EQ17: 937.65255 | ER17: 903.25545 | ES17: 903.25545 | ET17: 903.25545 | EU17: 903.25545 | EV17: 892.96567 | EW17: 892.96567 | EX17: 892.96567 | EY17: 892.96567 | EZ17: 888.18379 | FA17: 888.18379 | FB17: 888.18379 | FC17: 888.18379 | FD17: 888.72553 | FE17: 888.72553 | FF17: 888.72553 | FG17: 888.72553 | FH17: 907.07292 | FI17: 907.07292 | FJ17: 907.07292 | FK17: 907.07292 | FL17: 882.40132 | FM17: 882.40132 | FN17: 882.40132 | FO17: 882.40132 | FP17: 882.40132 | FQ17: 879.34169 | FR17: 879.34169 | FS17: 879.34169 | FT17: 879.34169 | FU17: 869.51495 | FV17: 869.51495 | FW17: 869.51495 | FX17: 869.51495 | FY17: 869.51495 | FZ17: 858.88795 | GA17: 858.88795 | GB17: 858.88795 | GC17: 858.88795 | GD17: 871.88031 | GE17: 871.88031 | GF17: 871.88031 | GG17: 871.88031 | GH17: 720.35177 | GI17: 720.35177 | GJ17: 720.35177 | GK17: 720.35177 | GL17: 720.35177 | GM17: 720.5242 | GN17: 720.5242 | GO17: 720.5242 | GP17: 720.5242 | GQ17: 733.77441 | GR17: 733.77441 | GS17: 733.77441 | GT17: 733.77441 | GU17: 747.86079 | GV17: 747.86079 | GW17: 747.86079 | GX17: 747.86079 | GY17: 747.86079
H18: Điểm hòa vốn sử dụng 100% Olefin | O18: =CA18 -> 0 | P18: =CB18 -> 0 | AW18: Điểm hòa vốn sử dụng 100% Olefin
H19: Giá bán vảy | AW19: Giá bán vảy | CQ19: 810 | CR19: 810 | CS19: 810 | CT19: 810 | CU19: 810 | CV19: 810 | CW19: 810 | CX19: ='Ma trận giá bán vảy HDPE ÉP'!AL6 -> 810 | CY19: ='Ma trận giá bán vảy HDPE ÉP'!AM6 -> 810 | CZ19: ='Ma trận giá bán vảy HDPE ÉP'!AN6 -> 810 | DA19: ='Ma trận giá bán vảy HDPE ÉP'!AO6 -> 810 | DB19: ='Ma trận giá bán vảy HDPE ÉP'!AP6 -> 880 | DC19: ='Ma trận giá bán vảy HDPE ÉP'!AQ6 -> 880 | DD19: ='Ma trận giá bán vảy HDPE ÉP'!AR6 -> 880 | DE19: ='Ma trận giá bán vảy HDPE ÉP'!AS6 -> 900 | ... GY19: ='Ma trận giá bán vảy HDPE ÉP'!EM6 -> 665
DA22: =DA8/DA13-1 -> -0.077669903 | DB22: =DB8/DB13-1 -> -0.077669903 | DC22: =DC8/DC13-1 -> -0.05 | DD22: =DD8/DD13-1 -> -0.05

Sheet PP-tháng

Sheet PP_tuần

Sheet Ma trận giá bán rPP
F3: MA TRẬN GIÁ BÁN rPP | AY3: 2023 | BC3: 07.02 | BD3: 14.02 | BE3: 21.02 | BF3: 28.02 | BG3: 7.03 | BH3: 14.03 | BI3: 21.03 | BJ3: 28.03 | BK3: 30.03 | BL3: 6.04 | BM3: 13.04 | BN3: 20.04 | BO3: 27.04 | BP3: 4.05 | BR3: 23.05 | BS3: 30.05 | BT3: 6.06 | BU3: 13.06 | BV3: 20.06 | CX3: 2024 | EV3: 2025
F4: Tỷ giá | I4: 24000 | J4: 24000 | K4: 24000 | L4: 24000 | M4: 24000 | N4: 24000 | O4: 24000 | P4: 24000 | Q4: 24000 | R4: 24000 | S4: 24000 | T4: 24000 | AX4: 24000 | AY4: 24000 | AZ4: 24000 | BA4: 24000 | BB4: 24000 | BC4: 24000 | BD4: 24000 | BE4: 24000 | BF4: 24000 | BG4: 24000 | BH4: 24000 | BI4: 24000 | BJ4: 24000 | BK4: 24000 | BL4: 24000 | BM4: 24000 | BN4: 24000 | BO4: 24000 | BP4: 24000 | BQ4: 24000 | BR4: 24000 | BS4: 24000 | BT4: 24000 | BU4: 24000 | BV4: 24000 | BW4: 24000 | BX4: 24000 | BY4: 24000 | BZ4: 24000 | CA4: 24000 | CB4: 24000 | CC4: 24000 | CD4: 24000 | CE4: 24000 | CF4: 24000 | CG4: 24000 | CH4: 24000 | CI4: 24000 | CJ4: 24000 | CK4: 24000 | CL4: 24000 | CM4: 24000 | CN4: 24000 | CO4: 24000 | CP4: 24000 | CQ4: 24000 | CR4: 24000 | CS4: 24000 | CT4: 24000 | CU4: 24000 | CV4: 24000 | CW4: 24000 | CX4: 24000 | CY4: 24000 | CZ4: 24000 | DA4: 24000 | GU4: 2026
A5: Stt | B5: Mã SAP | C5: Tên hàng hóa SAP | D5: Mã SP | E5: Tên sản phẩm | F5: Diễn giải | G5: Đơn vị tính | H5: Diễn giải | I5: T1/23 | J5: 2 | K5: 3 | L5: 4 | M5: 5 | N5: 6 | O5: 7 | P5: 8 | Q5: 9 | R5: 10 | S5: 11 | T5: 12 | U5: T1.24 | V5: 2 | W5: 3 | X5: 4 | Y5: 5 | Z5: 6 | AA5: 7 | AB5: 8 | AC5: 9 | AD5: 10 | AE5: 11 | AF5: 12 | AG5: T1.25 | AH5: 2 | AI5: 3 | AJ5: 4 | AK5: 5 | AL5: 6 | AM5: 7 | AN5: 8 | AO5: 9 | AP5: 10 | AQ5: 11 | AR5: 12 | AS5: T1.26 | AU5: Mã SP | AV5: Tên sản phẩm | AW5: Diễn giải | AX5: 52 | AY5: 1 | AZ5: 2 | BA5: 3 | BB5: 5 | BC5: 6 | BD5: 7 | BE5: 8 | BF5: 9 | BG5: 10 | BH5: 11 | BI5: 12 | BJ5: 13 | BK5: 14 | BL5: 15 | BM5: 16 | BN5: 17 | BO5: 18 | BP5: 19 | BQ5: 20 | BR5: 21 | BS5: 22 | BT5: 23 | BU5: 24 | BV5: 25 | BW5: 26 | BX5: 27 | BY5: 28 | BZ5: 29 | CA5: 30 | CB5: 31 | CC5: 32 | CD5: 33 | CE5: 34 | CF5: 35 | CG5: 36 | CH5: 37 | CI5: 38 | CJ5: 39 | CK5: 40 | CL5: 41 | CM5: 42 | CN5: 43 | CO5: 44 | CP5: 45 | CQ5: 46 | CR5: 47 | CS5: 48 | CT5: 49 | CU5: 50 | CV5: 51 | CW5: 52 | CX5: 1/24 | CY5: 02 | CZ5: 03 | DA5: 04 | DB5: 05 | DC5: 08 | DD5: 09 | DE5: 10 | DF5: 11 | DG5: 12 | DH5: 13 | DI5: 14 | DJ5: 15 | DK5: 16 | DL5: 17 | DM5: 18 | DN5: 19 | DO5: 20 | DP5: 21 | DQ5: 22 | DR5: 23 | DS5: 24 | DT5: 25 | DU5: 26 | DV5: 27 | DW5: 28 | DX5: 29 | DY5: 30 | DZ5: 31 | EA5: 32 | EB5: 33 | EC5: 34 | ED5: 35 | EE5: 36 | EF5: 37 | EG5: 38 | EH5: 39 | EI5: 40 | EJ5: 41 | EK5: 42 | EL5: 43 | EM5: 44 | EN5: 45 | EO5: 46 | EP5: 47 | EQ5: 48 | ER5: 49 | ES5: 50 | ET5: 51 | EU5: 52 | EV5: 01 | EW5: 02 | EX5: 03 | EY5: 04 | EZ5: 06 | FA5: 07 | FB5: 08 | FC5: 09 | FD5: 10 | FE5: 11 | FF5: 12 | FG5: 13 | FH5: 14 | FI5: 15 | FJ5: 16 | FK5: 17 | FL5: 18 | FM5: 19 | FN5: 20 | FO5: 21 | FP5: 22 | FQ5: 23 | FR5: 24 | FS5: 25 | FT5: 26 | FU5: 27 | FV5: 28 | FW5: 29 | FX5: 30 | FY5: 31 | FZ5: 32 | GA5: 33 | GB5: 34 | GC5: 35 | GD5: 36 | GE5: 37 | GF5: 38 | GG5: 39 | GH5: 40 | GI5: 41 | GJ5: 42 | GK5: 43 | GL5: 44 | GM5: 45 | GN5: 46 | GO5: 47 | GP5: 48 | GQ5: 49 | GR5: 50 | GS5: 51 | GT5: 52 | GU5: 01 | GV5: 02 | GW5: 03 | GX5: 04 | GY5: 05
A6: 3 | B6: 150000007 | C6: Vảy PET DBF01-CR | E6: A4 - Vảy PET tuyển -RL mua ngoài | F6: Vảy PP tuyển | G6: đồng /kg | H6: =F6 -> Vảy PP tuyển | AV6: A4 - Vảy PET tuyển -RL mua ngoài | AW6: =F6 -> Vảy PP tuyển
A7: 3 | B7: 150000007 | C7: Vảy PET DBF01-CR | E7: A4 - Vảy PET tuyển -RL mua ngoài | F7: Vảy PP tuyển | G7: $ /tấn | H7: =F7 -> Vảy PP tuyển | I7: =I6/I4*1000 -> 0 | J7: =J6/J4*1000 -> 0 | K7: =K6/K4*1000 -> 0 | AV7: A4 - Vảy PET tuyển -RL mua ngoài | AW7: =F7 -> Vảy PP tuyển | AX7: 666.66667 | AY7: 666.66667 | AZ7: 666.66667 | BA7: 666.66667 | BB7: 666.66667 | BC7: 666.66667 | BD7: 666.66667 | BE7: 666.66667 | BF7: 666.66667 | BG7: 666.66667 | BH7: 666.66667 | BI7: 666.66667 | BJ7: 666.66667 | BK7: 666.66667 | BL7: 666.66667 | BM7: 666.66667 | BN7: 666.66667 | BO7: 666.66667 | BP7: 666.66667 | BQ7: 666.66667 | BR7: 666.66667 | BS7: 666.66667 | BT7: 666.66667 | BU7: 666.66667 | BV7: 666.66667 | BW7: 666.66667 | BX7: 666.66667 | BY7: 666.66667 | BZ7: 666.66667 | CA7: 666.66667 | CB7: 666.66667 | CC7: 666.66667 | CD7: 666.66667 | CE7: 666.66667 | CF7: 666.66667 | CG7: 666.66667 | CH7: 666.66667 | CI7: 666.66667 | CJ7: 666.66667 | CK7: 666.66667 | CL7: 666.66667 | CM7: 666.66667 | CN7: 666.66667 | CO7: 666.66667 | CP7: 666.66667 | CQ7: 666.66667 | CR7: 666.66667 | CS7: 666.66667 | CT7: 666.66667 | CU7: 666.66667 | CV7: 666.66667 | CW7: 666.66667 | CX7: 666.66667 | CY7: 666.66667 | CZ7: 666.66667 | DA7: 666.66667 | DB7: 666.66667 | DC7: 666.66667 | DD7: 666.66667 | DE7: 666.66667 | DF7: 666.66667 | DG7: 666.66667
D8: A4 | E8: A4 - Vảy PET tuyển -RL mua ngoài | F8: Vảy PP tuyển mua ngoài - ICIS | G8: $ /tấn | H8: =F8 -> Vảy PP tuyển mua ngoài - ICIS | AV8: A4 - Vảy PET tuyển -RL mua ngoài | AW8: =F8 -> Vảy PP tuyển mua ngoài - ICIS
A9: 5 | B9: 110000329 | C9: Hạt rPET WSS01 | E9: WSS01 - Hạt rPET (IV 0.78) | F9: DTR | G9: $ /tấn | H9: DTR | I9: =+SUM(AY9:BB9)/COUNT(AY9:BB9) -> 1100 | J9: =+SUM(BC9:BF9)/COUNT(BC9:BF9) -> 1100 | K9: =+SUM(BG9:BK9)/COUNT(BG9:BK9) -> 1100 | L9: =+SUM(BL9:BO9)/COUNT(BL9:BO9) -> 1100 | M9: =+SUM(BP9:BS9)/COUNT(BP9:BS9) -> 1087.5 | N9: =+SUM(BT9:BW9)/COUNT(BT9:BW9) -> 1050 | O9: =+SUM(BX9:CA9)/COUNT(BX9:CA9) -> 1050 | P9: =+SUM(CB9:CF9)/COUNT(CB9:CF9) -> 950 | Q9: =+SUM(CG9:CJ9)/COUNT(CG9:CJ9) -> 950 | R9: =+SUM(CK9:CL9)/COUNT(CK9:CL9) -> 950 | S9: =+SUM(CL9:CQ9)/COUNT(CL9:CQ9) -> 950 | T9: =+SUM(CS9:CW9)/COUNT(CS9:CW9) -> 950 | U9: =+SUM(CX9:DA9)/COUNT(CX9:DA9) -> 930 | V9: =+SUM(DB9:DD9)/COUNT(DB9:DD9) -> 930 | W9: =+SUM(DE9:DH9)/COUNT(DE9:DH9) -> 930 | X9: =+SUM(DI9:DL9)/COUNT(DI9:DL9) -> 950 | Y9: =+SUM(DM9:DQ9)/COUNT(DM9:DQ9) -> 950 | Z9: =+SUM(DR9:DU9)/COUNT(DR9:DU9) -> 950 | AA9: 950 | AB9: 950 | AC9: 910 | AD9: 900 | AE9: 900 | AF9: 900 | AG9: 900 | AH9: 820 | AI9: 840 | AJ9: 835 | AK9: 815 | AL9: 815 | AM9: 789.5 | AN9: =789.5-20 -> 769.5 | AO9: =789.5-20-15 -> 754.5 | AP9: 740 | AQ9: 715 | AR9: 705 | AS9: 695 | AW9: DTR | AX9: 1250 | AY9: 1100 | AZ9: 1100 | BA9: 1100 | BB9: 1100 | BC9: 1100 | BD9: 1100 | BE9: 1100 | BF9: 1100 | BG9: 1100 | BH9: 1100 | BI9: 1100 | BJ9: 1100 | BK9: 1100 | BL9: 1100 | BM9: 1100 | BN9: 1100 | BO9: 1100 | BP9: 1100 | BQ9: 1100 | BR9: 1100 | BS9: 1050 | BT9: 1050 | BU9: 1050 | BV9: 1050 | BW9: 1050 | BX9: 1050 | BY9: 1050 | BZ9: 1050 | CA9: 1050 | CB9: 950 | CC9: 950 | CD9: 950 | CE9: 950 | CF9: 950 | CG9: 950 | CH9: 950 | CI9: 950 | CJ9: 950 | CK9: 950 | CL9: 950 | CM9: 950 | CN9: 950 | CO9: 950 | CP9: 950 | CQ9: 950 | CR9: 950 | CS9: 950 | CT9: 950 | CU9: 950 | CV9: 950 | CW9: 950 | CX9: 930 | CY9: 930 | CZ9: 930 | DA9: 930 | DB9: 930 | DC9: 930 | DD9: 930 | DE9: 930 | DF9: 930 | DG9: 930 | DH9: 930 | DI9: 950 | DJ9: 950 | DK9: 950 | DL9: 950 | DM9: 950 | DN9: 950 | DO9: 950 | DP9: 950 | DQ9: 950 | DR9: 950 | DS9: 950 | DT9: 950 | DU9: 950 | DV9: 950 | DW9: 950 | DX9: 950 | DY9: 950 | DZ9: 950 | EA9: 950 | EB9: 950 | EC9: 950 | ED9: 950 | EE9: 910 | EF9: 910 | EG9: 910 | EH9: 910 | EI9: 900 | EJ9: 900 | EK9: 900 | EL9: 900 | EM9: 900 | EN9: 900 | EO9: 900 | EP9: 900 | EQ9: 900 | ER9: 900 | ES9: 900 | ET9: 900 | EU9: 900 | EV9: 900 | EW9: 900 | EX9: 900 | EY9: 900 | EZ9: 820 | FA9: 820 | FB9: 820 | FC9: 820 | FD9: 840 | FE9: 840 | FF9: 840 | FG9: 840 | FH9: 835 | FI9: 835 | FJ9: 835 | FK9: 835 | FL9: 815 | FM9: 815 | FN9: 815 | FO9: 815 | FP9: 815 | FQ9: 815 | FR9: 815 | FS9: 815 | FT9: 815 | FU9: 789.5 | FV9: 789.5 | FW9: 789.5 | FX9: 789.5 | FY9: 789.5 | FZ9: =789.5-20 -> 769.5 | GA9: =789.5-20 -> 769.5 | GB9: =789.5-20 -> 769.5 | GC9: =789.5-20 -> 769.5 | GD9: =789.5-20-15 -> 754.5 | GE9: =789.5-20-15 -> 754.5 | GF9: =789.5-20-15 -> 754.5 | GG9: =789.5-20-15 -> 754.5 | GH9: 740 | GI9: 740 | GJ9: 740 | GK9: 740 | GL9: 740 | GM9: 715 | GN9: 715 | GO9: 715 | GP9: 715 | GQ9: 705 | GR9: 705 | GS9: 705 | GT9: 705 | GU9: 695 | GV9: 695 | GW9: 695 | GX9: 695 | GY9: 695
F10: FOB rPP | H10: Giá rPP | I10: =+SUM(AY10:BB10)/COUNT(AY10:BB10) -> 1125 | J10: =+SUM(BC10:BF10)/COUNT(BC10:BF10) -> 1125 | K10: =+SUM(BG10:BK10)/COUNT(BG10:BK10) -> 1125 | L10: =+SUM(BL10:BO10)/COUNT(BL10:BO10) -> 1125 | M10: =+SUM(BP10:BS10)/COUNT(BP10:BS10) -> 1112.5 | N10: =+SUM(BT10:BW10)/COUNT(BT10:BW10) -> 1075 | O10: =+SUM(BX10:CA10)/COUNT(BX10:CA10) -> 1075 | P10: =+SUM(CB10:CF10)/COUNT(CB10:CF10) -> 975 | Q10: =+SUM(CG10:CJ10)/COUNT(CG10:CJ10) -> 975 | R10: =+SUM(CK10:CL10)/COUNT(CK10:CL10) -> 975 | S10: =+SUM(CL10:CQ10)/COUNT(CL10:CQ10) -> 975 | T10: =+SUM(CS10:CW10)/COUNT(CS10:CW10) -> 975 | U10: =+SUM(CX10:DA10)/COUNT(CX10:DA10) -> 955 | V10: =+SUM(DB10:DD10)/COUNT(DB10:DD10) -> 955 | W10: =+SUM(DE10:DH10)/COUNT(DE10:DH10) -> 955 | X10: =+SUM(DI10:DL10)/COUNT(DI10:DL10) -> 975 | Y10: =+SUM(DM10:DQ10)/COUNT(DM10:DQ10) -> 975 | Z10: =+SUM(DR10:DU10)/COUNT(DR10:DU10) -> 975 | AA10: 975 | AB10: 975 | AC10: 975 | AD10: 975 | AE10: 975 | AF10: 975 | AG10: 975 | AH10: 975 | AI10: 975 | AJ10: 975 | AK10: 975 | AL10: 975 | AM10: 975 | AN10: 975 | AO10: 975 | AP10: 975 | AQ10: 975 | AR10: 975 | AS10: 975 | AW10: DTR FOB rPP | AX10: =+AX9+40 -> 1290 | AY10: =+AY9+25 -> 1125 | AZ10: =+AZ9+25 -> 1125 | BA10: =+BA9+25 -> 1125 | BB10: =+BB9+25 -> 1125 | BC10: =+BC9+25 -> 1125 | BD10: =+BD9+25 -> 1125 | BE10: =+BE9+25 -> 1125 | BF10: =+BF9+25 -> 1125 | ... EK10: =+EK9+25 -> 925
A11: 9 | D11: ICIS | E11: ICIS giá rPET ($ /tấn) | F11: Hạt đen (Châu Âu) - ICIS | G11: $ /tấn | H11: =F11 -> Hạt đen (Châu Âu) - ICIS | I11: =+SUM(AY11:BB11)/COUNT(AY11:BB11) -> 1063.43 | J11: =+SUM(BC11:BF11)/COUNT(BC11:BF11) -> 1063.4425 | K11: =+SUM(BG11:BK11)/COUNT(BG11:BK11) -> 1061.062 | L11: =+SUM(BL11:BO11)/COUNT(BL11:BO11) -> 1038.75 | M11: =+SUM(BP11:BS11)/COUNT(BP11:BS11) -> 963 | N11: =+SUM(BT11:BW11)/COUNT(BT11:BW11) -> 941.7075 | O11: =+SUM(BX11:CA11)/COUNT(BX11:CA11) -> 936.715 | P11: =+SUM(CB11:CF11)/COUNT(CB11:CF11) -> 890.976 | Q11: =+SUM(CG11:CJ11)/COUNT(CG11:CJ11) -> 873.0975 | R11: =+SUM(CK11:CN11)/COUNT(CK11:CN11) -> 850.1225 | S11: =+SUM(CO11:CR11)/COUNT(CO11:CR11) -> 862.17 | T11: =+SUM(CS11:CW11)/COUNT(CS11:CW11) -> 813.334 | U11: =+SUM(CX11:DA11)/COUNT(CX11:DA11) -> 795.7475 | V11: =+SUM(DB11:DD11)/COUNT(DB11:DD11) -> 808.89 | W11: =+SUM(DE11:DH11)/COUNT(DE11:DH11) -> 807.18 | AU11: ICIS | AV11: ICIS giá rPET ($ /tấn) | AW11: =H11 -> Hạt đen (Châu Âu) - ICIS | AX11: =#REF! -> #REF! | AY11: 1041.21 | AZ11: 1069.97 | BA11: 1068.11 | BB11: 1074.43 | BC11: 1082.61 | BD11: 1065.47 | BE11: 1056.65 | BF11: 1049.04 | BG11: 1050.44 | BH11: 1046.36 | BI11: 1051.39 | BJ11: 1078.12 | BK11: 1079 | BL11: 1086 | BM11: 1086 | BN11: 992 | BO11: 991 | BP11: 982 | BQ11: 970 | BR11: 965 | BS11: 935 | BT11: 937.84 | BU11: 951.1 | BV11: 952.95 | BW11: 924.94 | BX11: 924.94 | BY11: 924.07 | BZ11: 951.34 | CA11: 946.51 | CB11: 896.52 | CC11: 892.09 | CD11: 897.78 | CE11: 886.14 | CF11: 882.35 | CG11: 882.35 | CH11: 872.34 | CI11: 868.61 | CJ11: 869.09 | CK11: 851.44 | CL11: 847.31 | CM11: 850.87 | CN11: 850.87 | CO11: 847.98 | CP11: 862.54 | CQ11: 862.54 | CR11: 875.62 | CS11: 878.23 | CT11: 796.36 | CU11: 787.17 | CV11: 802.63 | CW11: 802.28 | CX11: 799.72 | CY11: 799.05 | CZ11: 792.11 | DA11: 792.11 | DB11: 812.31 | DC11: 807.18 | DD11: 807.18 | DE11: 807.18
A12: 9 | D12: ICIS | E12: ICIS giá rPET ($ /tấn) | F12: Hạt màu (Châu Âu) - ICIS | G12: $ /tấn | H12: =F12 -> Hạt màu (Châu Âu) - ICIS | I12: =+SUM(AY12:BB12)/COUNT(AY12:BB12) -> 1476.7075 | J12: =+SUM(BC12:BF12)/COUNT(BC12:BF12) -> 1396.44 | K12: =+SUM(BG12:BK12)/COUNT(BG12:BK12) -> 1393.316 | L12: =+SUM(BL12:BO12)/COUNT(BL12:BO12) -> 1427.4325 | M12: =+SUM(BP12:BS12)/COUNT(BP12:BS12) -> 1403 | N12: =+SUM(BT12:BW12)/COUNT(BT12:BW12) -> 1417.6175 | O12: =+SUM(BX12:CA12)/COUNT(BX12:CA12) -> 964.2675 | P12: =+SUM(CB12:CF12)/COUNT(CB12:CF12) -> 956.568 | Q12: =+SUM(CG12:CJ12)/COUNT(CG12:CJ12) -> 937.3775 | R12: =+SUM(CK12:CN12)/COUNT(CK12:CN12) -> 924.0425 | S12: =+SUM(CO12:CR12)/COUNT(CO12:CR12) -> 937.145 | T12: =+SUM(CS12:CW12)/COUNT(CS12:CW12) -> 955.284 | U12: =+SUM(CX12:DA12)/COUNT(CX12:DA12) -> 953.805 | V12: =+SUM(DB12:DD12)/COUNT(DB12:DD12) -> 943.70333 | W12: =+SUM(DE12:DH12)/COUNT(DE12:DH12) -> 941.71 | AU12: ICIS | AV12: ICIS giá rPET ($ /tấn) | AW12: =H12 -> Hạt màu (Châu Âu) - ICIS | AX12: =#REF! -> #REF! | AY12: 1472.42 | AZ12: 1513.09 | BA12: 1510.45 | BB12: 1410.87 | BC12: 1421.61 | BD12: 1399.1 | BE12: 1387.52 | BF12: 1377.53 | BG12: 1379.37 | BH12: 1374.01 | BI12: 1380.62 | BJ12: 1415.71 | BK12: 1416.87 | BL12: 1420.31 | BM12: 1426.12 | BN12: 1432.19 | BO12: 1431.11 | BP12: 1419 | BQ12: 1401 | BR12: 1394 | BS12: 1398 | BT12: 1401.38 | BU12: 1421.19 | BV12: 1423.95 | BW12: 1423.95 | BX12: 952.15 | BY12: 951.25 | BZ12: 979.32 | CA12: 974.35 | CB12: 962.52 | CC12: 957.76 | CD12: 963.87 | CE12: 951.38 | CF12: 947.31 | CG12: 947.31 | CH12: 936.56 | CI12: 932.56 | CJ12: 933.08 | CK12: 925.48 | CL12: 920.99 | CM12: 924.85 | CN12: 924.85 | CO12: 921.72 | CP12: 937.55 | CQ12: 937.55 | CR12: 951.76 | CS12: 954.6 | CT12: 954.6 | CU12: 943.52 | CV12: 962.06 | CW12: 961.64 | CX12: 958.57 | CY12: 957.77 | CZ12: 949.44 | DA12: 949.44 | DB12: 947.69 | DC12: 941.71 | DD12: 941.71 | DE12: 941.71
D13: Anh 12 | F13: RESIN | G13: $ /tấn | H13: =F13 -> RESIN | I13: =+SUM(AY13:BB13)/COUNT(AY13:BB13) -> 1045 | J13: =+SUM(BC13:BF13)/COUNT(BC13:BF13) -> 1087.5 | K13: =+SUM(BG13:BK13)/COUNT(BG13:BK13) -> 1040 | L13: =+SUM(BL13:BO13)/COUNT(BL13:BO13) -> 1027.5 | M13: =+SUM(BP13:BS13)/COUNT(BP13:BS13) -> 967.5 | N13: =+SUM(BT13:BW13)/COUNT(BT13:BW13) -> 887.5 | O13: =+SUM(BX13:CA13)/COUNT(BX13:CA13) -> 900 | P13: =+SUM(CB13:CF13)/COUNT(CB13:CF13) -> 958 | Q13: =+SUM(CG13:CJ13)/COUNT(CG13:CJ13) -> 980 | R13: =+SUM(CK13:CN13)/COUNT(CK13:CN13) -> 967.5 | S13: =+SUM(CO13:CR13)/COUNT(CO13:CR13) -> 927.5 | T13: =+SUM(CS13:CW13)/COUNT(CS13:CW13) -> 926 | U13: =+SUM(CX13:DA13)/COUNT(CX13:DA13) -> 962.5 | V13: =+SUM(DB13:DD13)/COUNT(DB13:DD13) -> 986.66667 | W13: =+SUM(DE13:DH13)/COUNT(DE13:DH13) -> 990 | X13: =+SUM(DI13:DL13)/COUNT(DI13:DL13) -> 992.5 | Y13: =+SUM(DM13:DQ13)/COUNT(DM13:DQ13) -> 1002 | Z13: =+SUM(DR13:DU13)/COUNT(DR13:DU13) -> 1025 | AA13: =+SUM(DV13:DY13)/COUNT(DV13:DY13) -> 1020 | AB13: =+SUM(DZ13:ED13)/COUNT(DZ13:ED13) -> 970 | AC13: =+SUM(EE13:EH13)/COUNT(EE13:EH13) -> 955 | AD13: =+SUM(EJ13:EL13)/COUNT(EJ13:EL13) -> 956.66667 | AE13: =+SUM(EM13:EQ13)/COUNT(EM13:EQ13) -> 968 | AF13: =+SUM(ER13:EU13)/COUNT(ER13:EU13) -> 960 | AG13: =+SUM(EV13:EY13)/COUNT(EV13:EY13) -> 970 | AH13: =+SUM(EZ13:FC13)/COUNT(EZ13:FC13) -> 985 | AI13: =+SUM(FD13:FG13)/COUNT(FD13:FG13) -> 980 | AJ13: =+SUM(FH13:FK13)/COUNT(FH13:FK13) -> 965 | AK13: =+SUM(FL13:FP13)/COUNT(FL13:FP13) -> 932 | AL13: =+SUM(FQ13:FT13)/COUNT(FQ13:FT13) -> 922.5 | AM13: =+SUM(FU13:FY13)/COUNT(FU13:FY13) -> 918 | AN13: =+SUM(FZ13:GC13)/COUNT(FZ13:GC13) -> 895 | AO13: =+SUM(GD13:GG13)/COUNT(GD13:GG13) -> 870 | AP13: =+SUM(GH13:GL13)/COUNT(GH13:GL13) -> 842 | AQ13: =+SUM(GM13:GP13)/COUNT(GM13:GP13) -> 827.5 | AR13: =+SUM(GQ13:GT13)/COUNT(GQ13:GT13) -> 820 | AS13: 820 | AU13: Anh 12 | AW13: RESIN | AX13: 1000 | AY13: =AX13 -> 1000 | AZ13: 1010 | BA13: 1070 | BB13: 1100 | BC13: 1100 | BD13: 1100 | BE13: 1090 | BF13: 1060 | BG13: 1060 | BH13: 1040 | BI13: 1040 | BJ13: 1040 | BK13: 1020 | BL13: 1020 | BM13: 1030 | BN13: 1030 | BO13: 1030 | BP13: 1030 | BQ13: 1000 | BR13: 920 | BS13: 920 | BT13: 910 | BU13: 880 | BV13: 880 | BW13: 880 | BX13: 870 | BY13: 890 | BZ13: 920 | CA13: 920 | CB13: 950 | CC13: 960 | CD13: 960 | CE13: 960 | CF13: 960 | CG13: 950 | CH13: 990 | CI13: 990 | CJ13: 990 | CK13: 980 | CL13: 970 | CM13: 970 | CN13: 950 | CO13: 950 | CP13: 920 | CQ13: 920 | CR13: 920 | CS13: 920 | CT13: 920 | CU13: 930 | CV13: 930 | CW13: 930 | CX13: 930 | CY13: 970 | CZ13: 970 | DA13: 980 | DB13: 1000 | DC13: 980 | DD13: 980 | DE13: 980 | DF13: 980 | DG13: 1000 | DH13: 1000 | DI13: 1000 | DJ13: 990 | DK13: 990 | DL13: 990 | DM13: 990 | DN13: 1000 | DO13: 1000 | DP13: 1000 | DQ13: 1020 | DR13: 1020 | DS13: 1020 | DT13: 1030 | DU13: 1030 | DV13: 1030 | DW13: 1030 | DX13: 1030 | DY13: 990 | DZ13: 980 | EA13: 980 | EB13: 970 | EC13: 960 | ED13: 960 | EE13: 960 | EF13: 960 | EG13: 950 | EH13: 950 | EI13: 950 | EJ13: 950 | EK13: 950 | EL13: 970 | EM13: 970 | EN13: 970 | EO13: 970 | EP13: 970 | EQ13: 960 | ER13: 960 | ES13: 960 | ET13: 960 | EU13: 960 | EV13: 960 | EW13: 970 | EX13: 970 | EY13: 980 | EZ13: 970 | FA13: 1000 | FB13: 990 | FC13: 980 | FD13: 980 | FE13: 980 | FF13: 980 | FG13: 980 | FH13: 980 | FI13: 970 | FJ13: 960 | FK13: 950 | FL13: 950 | FM13: 930 | FN13: 930 | FO13: 930 | FP13: 920 | FQ13: 920 | FR13: 910 | FS13: 930 | FT13: 930 | FU13: 930 | FV13: 930 | FW13: 930 | FX13: 900 | FY13: 900 | FZ13: 900 | GA13: 900 | GB13: 890 | GC13: 890 | GD13: 890 | GE13: 870 | GF13: 870 | GG13: 850 | GH13: 850 | GI13: 850 | GJ13: 840 | GK13: 840 | GL13: 830 | GM13: 830 | GN13: 830 | GO13: 830 | GP13: 820 | GQ13: 820 | GR13: 820 | GS13: 820 | GT13: 820
F14: TTCP | H14: TTCP | I14: =I13 -> 1045 | J14: =J13 -> 1087.5 | K14: =K13 -> 1040 | L14: =L13 -> 1027.5 | M14: =M13 -> 967.5 | N14: =N13 -> 887.5 | O14: =O13 -> 900 | P14: =P13 -> 958 | ... AS14: =AS13 -> 820 | AW14: TTCP | AX14: =AX13 -> 1000 | AY14: =AY13 -> 1000 | AZ14: =AZ13 -> 1010 | BA14: =BA13 -> 1070 | BB14: =BB13 -> 1100 | BC14: =BC13 -> 1100 | BD14: =BD13 -> 1100 | BE14: =BE13 -> 1090 | ... GY14: =GY13 -> 0
F15: CL | H15: CL | I15: =+I9-I14 -> 55 | J15: =+J9-J14 -> 12.5 | K15: =+K9-K14 -> 60 | L15: =+L9-L14 -> 72.5 | M15: =+M9-M14 -> 120 | N15: =+N9-N14 -> 162.5 | O15: =+O9-O14 -> 150 | P15: =+P9-P14 -> -8 | ... AS15: =+AS9-AS14 -> -125 | AW15: CL | AX15: =+AX9-AX14 -> 250 | AY15: =+AY9-AY14 -> 100 | AZ15: =+AZ9-AZ14 -> 90 | BA15: =+BA9-BA14 -> 30 | BB15: =+BB9-BB14 -> 0 | BC15: =+BC9-BC14 -> 0 | BD15: =+BD9-BD14 -> 0 | BE15: =+BE9-BE14 -> 10 | ... GY15: =+GY9-GY14 -> 695
F16: % | H16: % | I16: =+I15/I14 -> 0.052631579 | J16: =+J15/J14 -> 0.011494253 | K16: =+K15/K14 -> 0.057692308 | L16: =+L15/L14 -> 0.070559611 | M16: =+M15/M14 -> 0.12403101 | N16: =+N15/N14 -> 0.18309859 | O16: =+O15/O14 -> 0.16666667 | P16: =+P15/P14 -> -0.0083507307 | ... AS16: =+AS15/AS14 -> -0.15243902 | AW16: % | AX16: =+AX15/AX14 -> 0.25 | AY16: =+AY15/AY14 -> 0.1 | AZ16: =+AZ15/AZ14 -> 0.089108911 | BA16: =+BA15/BA14 -> 0.028037383 | BB16: =+BB15/BB14 -> 0 | BC16: =+BC15/BC14 -> 0 | BD16: =+BD15/BD14 -> 0 | BE16: =+BE15/BE14 -> 0.0091743119 | ... GY16: =+GY15/GY14 -> #DIV/0!
F17: Điểm hòa vốn | H17: Điểm hòa vốn | I17: 885 | J17: 885 | K17: 885 | L17: 885 | M17: 885 | N17: 885 | O17: 885 | P17: 885 | Q17: 885 | R17: 885 | S17: 885 | T17: 885 | U17: 885 | V17: 885 | W17: 885 | X17: 861 | Y17: 861 | Z17: 850 | AA17: 794 | AB17: 836.80122 | AC17: 856.1642 | AD17: 856.1642 | AE17: 856.1642 | AF17: 827.77378 | AG17: 842.58758 | AH17: 835.02956 | AI17: 835.02956 | AJ17: 821.92388 | AK17: 838 | AL17: 863.6859 | AM17: 864.84655 | AN17: 864.84655 | AO17: 864.84655 | AP17: 877 | AQ17: 899.20415 | AR17: 896.54966 | AS17: 896.54966 | AW17: Điểm hòa vốn | AX17: 1110 | AY17: 885 | AZ17: 885 | BA17: 885 | BB17: 885 | BC17: 885 | BD17: 885 | BE17: 885 | BF17: 885 | BG17: 885 | BH17: 885 | BI17: 885 | BJ17: 885 | BK17: 885 | BL17: 885 | BM17: 885 | BN17: 885 | BO17: 885 | BP17: 885 | BQ17: 885 | BR17: 885 | BS17: 885 | BT17: 885 | BU17: 885 | BV17: 885 | BW17: 885 | BX17: 885 | BY17: 885 | BZ17: 885 | CA17: 885 | CB17: 885 | CC17: 885 | CD17: 885 | CE17: 885 | CF17: 885 | CG17: 885 | CH17: 885 | CI17: 885 | CJ17: 885 | CK17: 885 | CL17: 885 | CM17: 885 | CN17: 885 | CO17: 885 | CP17: 885 | CQ17: 885 | CR17: 885 | CS17: 885 | CT17: 885 | CU17: 885 | CV17: 885 | CW17: 885 | CX17: 885 | CY17: 885 | CZ17: 885 | DA17: 885 | DB17: 885 | DC17: 885 | DD17: 885 | DE17: 885 | DF17: 885 | DG17: 885 | DH17: 885 | DI17: 861 | DJ17: 861 | DK17: 861 | DL17: 861 | DM17: 861 | DN17: 861 | DO17: 861 | DP17: 861 | DQ17: 861 | DR17: 861 | DS17: 861 | DT17: 861 | DU17: 861 | DV17: 794 | DW17: 794 | DX17: 794 | DY17: 794 | DZ17: 836.80122 | EA17: 836.80122 | EB17: 836.80122 | EC17: 836.80122 | ED17: 836.80122 | EE17: 856 | EF17: 856 | EG17: 856 | EH17: 856 | EI17: 856.1642 | EJ17: 856.1642 | EK17: 856.1642 | EL17: 856.1642 | EM17: 856.1642 | EN17: 856.1642 | EO17: 856.1642 | EP17: 856.1642 | EQ17: 856.1642 | ER17: 827.77378 | ES17: 827.77378 | ET17: 827.77378 | EU17: 827.77378 | EV17: 842.58758 | EW17: 842.58758 | EX17: 842.58758 | EY17: 842.58758 | EZ17: 835.02956 | FA17: 835.02956 | FB17: 835.02956 | FC17: 835.02956 | FD17: 835.02956 | FE17: 835.02956 | FF17: 835.02956 | FG17: 835.02956 | FH17: 821.92388 | FI17: 821.92388 | FJ17: 821.92388 | FK17: 821.92388 | FL17: 838 | FM17: 838 | FN17: 838 | FO17: 838 | FP17: 838 | FQ17: 863.6859 | FR17: 863.6859 | FS17: 863.6859 | FT17: 863.6859 | FU17: 864.84655 | FV17: 864.84655 | FW17: 864.84655 | FX17: 864.84655 | FY17: 864.84655 | FZ17: 864.84655 | GA17: 864.84655 | GB17: 864.84655 | GC17: 864.84655 | GD17: 864.84655 | GE17: 864.84655 | GF17: 864.84655 | GG17: 864.84655 | GH17: 877 | GI17: 877 | GJ17: 877 | GK17: 877 | GL17: 877 | GM17: 899.20415 | GN17: 899.20415 | GO17: 899.20415 | GP17: 899.20415 | GQ17: 896.54966 | GR17: 896.54966 | GS17: 896.54966 | GT17: 896.54966 | GU17: 896.54966 | GV17: 896.54966 | GW17: 896.54966 | GX17: 896.54966 | GY17: 896.54966
F18: Giá bán vảy PP | AW18: Giá bán vảy PP | CQ18: 810 | CR18: 810 | CS18: 810 | CT18: 810 | CU18: 810 | CV18: 810 | CW18: 810 | CX18: 810 | CY18: 810 | CZ18: 810 | DA18: 810 | DB18: ='Ma trận giá bán vảy PP'!AU6 -> 840 | DC18: ='Ma trận giá bán vảy PP'!AV6 -> 840 | DD18: ='Ma trận giá bán vảy PP'!AW6 -> 840 | DE18: ='Ma trận giá bán vảy PP'!AX6 -> 880 | DF18: ='Ma trận giá bán vảy PP'!AY6 -> 880 | DG18: ='Ma trận giá bán vảy PP'!AZ6 -> 880 | DH18: 880 | DI18: 900 | DJ18: 900 | DK18: 900 | DL18: 900 | DM18: 900 | DN18: 900 | DO18: 900 | DP18: 900 | DQ18: 900 | DR18: 900 | DS18: 900 | DT18: 900 | DU18: 900 | DV18: 900 | DW18: 900 | DX18: 900 | DY18: 900 | DZ18: 900 | EA18: 900 | EB18: 900 | EC18: 900 | ED18: 900 | EE18: 860 | EF18: 860 | EG18: 860 | EH18: ='Ma trận giá bán vảy PP'!CA6 -> 860 | EI18: ='Ma trận giá bán vảy PP'!CB6 -> 855 | EJ18: ='Ma trận giá bán vảy PP'!CC6 -> 855 | EK18: ='Ma trận giá bán vảy PP'!CD6 -> 855 | EL18: ='Ma trận giá bán vảy PP'!CE6 -> 855 | EM18: ='Ma trận giá bán vảy PP'!CF6 -> 855 | EN18: ='Ma trận giá bán vảy PP'!CG6 -> 855 | EO18: ='Ma trận giá bán vảy PP'!CH6 -> 855 | ... GY18: ='Ma trận giá bán vảy PP'!ER6 -> 650

Sheet Vảy PP_tháng
A1: #VALUE!

Sheet Vảy PP_tuần

Sheet Ma trận giá bán vảy PP
H3: MA TRẬN GIÁ BÁN VẢY PP | AQ3: 2024 | CO3: 2025
F4: Tỷ giá | I4: 24000 | AL4: 24000 | AM4: 24000 | AN4: 24000 | AO4: 24000 | AP4: 24000 | AQ4: 24000 | AR4: 24000 | EN4: 2026
A5: Stt | B5: Mã SAP | C5: Tên hàng hóa SAP | D5: Mã SP | E5: Tên sản phẩm | F5: Diễn giải | G5: Đơn vị tính | H5: Diễn giải | I5: T12.23 | J5: T1.24 | K5: 2 | L5: 3 | M5: 4 | N5: 5 | O5: 6 | P5: 7 | Q5: 8 | R5: 9 | S5: 10 | T5: 11 | U5: 12 | V5: T1.25 | W5: 2 | X5: 3 | Y5: 4 | Z5: 5 | AA5: 6 | AB5: 7 | AC5: 8 | AD5: 9 | AE5: 10 | AF5: 11 | AG5: 12 | AH5: T1.26 | AJ5: Mã SP | AK5: Diễn giải | AL5: 48 | AM5: 49 | AN5: 50 | AO5: 51 | AP5: 52 | AQ5: 01 | AR5: 02 | AS5: 03 | AT5: 04 | AU5: 05 | AV5: 08 | AW5: 09 | AX5: 10 | AY5: 11 | AZ5: 12 | BA5: 13 | BB5: 14 | BC5: 15 | BD5: 16 | BE5: 17 | BF5: 18 | BG5: 19 | BH5: 20 | BI5: 21 | BJ5: 22 | BK5: 23 | BL5: 24 | BM5: 25 | BN5: 26 | BO5: 27 | BP5: 28 | BQ5: 29 | BR5: 30 | BS5: 31 | BT5: 32 | BU5: 33 | BV5: 34 | BW5: 35 | BX5: 36 | BY5: 37 | BZ5: 38 | CA5: 39 | CB5: 40 | CC5: 41 | CD5: 42 | CE5: 43 | CF5: 44 | CG5: 45 | CH5: 46 | CI5: 47 | CJ5: 48 | CK5: 49 | CL5: 50 | CM5: 51 | CN5: 52 | CO5: 01 | CP5: 02 | CQ5: 03 | CR5: 04 | CS5: 06 | CT5: 07 | CU5: 08 | CV5: 09 | CW5: 10 | CX5: 11 | CY5: 12 | CZ5: 13 | DA5: 14 | DB5: 15 | DC5: 16 | DD5: 17 | DE5: 18 | DF5: 19 | DG5: 20 | DH5: 21 | DI5: 22 | DJ5: 23 | DK5: 24 | DL5: 25 | DM5: 26 | DN5: 27 | DO5: 28 | DP5: 29 | DQ5: 30 | DR5: 31 | DS5: 32 | DT5: 33 | DU5: 34 | DV5: 35 | DW5: 36 | DX5: 37 | DY5: 38 | DZ5: 39 | EA5: 40 | EB5: 41 | EC5: 42 | ED5: 43 | EE5: 44 | EF5: 45 | EG5: 46 | EH5: 47 | EI5: 48 | EJ5: 49 | EK5: 50 | EL5: 51 | EM5: 52 | EN5: 01 | EO5: 02 | EP5: 03 | EQ5: 04 | ER5: 05
A6: 5 | B6: 110000329 | C6: Hạt rPET WSS01 | E6: WSS01 - Hạt rPET (IV 0.78) | F6: DTR-Giá EXW xuất xưởng | G6: $ /tấn | H6: DTR | I6: 810 | J6: 810 | K6: 840 | L6: 880 | M6: 900 | N6: 900 | O6: 900 | P6: 900 | Q6: 900 | R6: 860 | S6: 855 | T6: 855 | U6: 855 | V6: =+SUM(CO6:CR6)/COUNT(CO6:CR6) -> 855 | W6: =+SUM(CS6:CV6)/COUNT(CS6:CV6) -> 780 | X6: =+SUM(CW6:CZ6)/COUNT(CW6:CZ6) -> 790 | Y6: 785 | Z6: 765 | AA6: 765 | AB6: 680 | AC6: =680-20 -> 660 | AD6: =680-20 -> 660 | AE6: 650 | AF6: 650 | AG6: 650 | AH6: 650 | AK6: DTR | AL6: 810 | AM6: 810 | AN6: 810 | AO6: 810 | AP6: 810 | AQ6: 810 | AR6: 810 | AS6: 810 | AT6: 810 | AU6: 840 | AV6: 840 | AW6: 840 | AX6: 880 | AY6: 880 | AZ6: 880 | BA6: 880 | BB6: 900 | BC6: 900 | BD6: 900 | BE6: 900 | BF6: 900 | BG6: 900 | BH6: 900 | BI6: 900 | BJ6: 900 | BK6: 900 | BL6: 900 | BM6: 900 | BN6: 900 | BO6: 900 | BP6: 900 | BQ6: 900 | BR6: 900 | BS6: 900 | BT6: 900 | BU6: 900 | BV6: 900 | BW6: 900 | BX6: 860 | BY6: 860 | BZ6: 860 | CA6: 860 | CB6: 855 | CC6: 855 | CD6: 855 | CE6: 855 | CF6: 855 | CG6: 855 | CH6: 855 | CI6: 855 | CJ6: 855 | CK6: 855 | CL6: 855 | CM6: 855 | CN6: 855 | CO6: 855 | CP6: 855 | CQ6: 855 | CR6: 855 | CS6: 780 | CT6: 780 | CU6: 780 | CV6: 780 | CW6: 790 | CX6: 790 | CY6: 790 | CZ6: 790 | DA6: 785 | DB6: 785 | DC6: 785 | DD6: 785 | DE6: 765 | DF6: 765 | DG6: 765 | DH6: 765 | DI6: 765 | DJ6: 765 | DK6: 765 | DL6: 765 | DM6: 765 | DN6: 680 | DO6: 680 | DP6: 680 | DQ6: 680 | DR6: 680 | DS6: =680-20 -> 660 | DT6: =680-20 -> 660 | DU6: =680-20 -> 660 | DV6: =680-20 -> 660 | DW6: =680-20 -> 660 | DX6: =680-20 -> 660 | DY6: =680-20 -> 660 | DZ6: =680-20 -> 660 | EA6: 650 | EB6: 650 | EC6: 650 | ED6: 650 | EE6: 650 | EF6: 650 | EG6: 650 | EH6: 650 | EI6: 650 | EJ6: 650 | EK6: 650 | EL6: 650 | EM6: 650 | EN6: 650 | EO6: 650 | EP6: 650 | EQ6: 650 | ER6: 650
D7: Anh 12 | F7: Giá keo PP chính phẩm | G7: $ /tấn | H7: RESIN | I7: =+SUM(AL7:AP7)/COUNT(AL7:AP7) -> 926 | J7: =+SUM(AQ7:AT7)/COUNT(AQ7:AT7) -> 962.5 | K7: =+SUM(AU7:AW7)/COUNT(AU7:AW7) -> 986.66667 | L7: =+SUM(AX7:BA7)/COUNT(AX7:BA7) -> 990 | M7: =+SUM(BB7:BE7)/COUNT(BB7:BE7) -> 992.5 | N7: =+SUM(BF7:BJ7)/COUNT(BF7:BJ7) -> 1002 | O7: =+SUM(BK7:BN7)/COUNT(BK7:BN7) -> 1025 | P7: =+SUM(BO7:BR7)/COUNT(BO7:BR7) -> 1020 | Q7: =+SUM(BS7:BW7)/COUNT(BS7:BW7) -> 970 | R7: =+SUM(BX7:CA7)/COUNT(BX7:CA7) -> 955 | S7: =+SUM(CB7:CE7)/COUNT(CB7:CE7) -> 955 | T7: =+SUM(CF7:CJ7)/COUNT(CF7:CJ7) -> 968 | U7: =+SUM(CK7:CN7)/COUNT(CK7:CN7) -> 960 | V7: =+SUM(CO7:CR7)/COUNT(CO7:CR7) -> 970 | W7: =+SUM(CS7:CV7)/COUNT(CS7:CV7) -> 985 | X7: =+SUM(CW7:CZ7)/COUNT(CW7:CZ7) -> 980 | Y7: =+SUM(DA7:DD7)/COUNT(DA7:DD7) -> 965 | Z7: =+SUM(DE7:DI7)/COUNT(DE7:DI7) -> 932 | AA7: =+SUM(DJ7:DM7)/COUNT(DJ7:DM7) -> 922.5 | AB7: =+SUM(DN7:DR7)/COUNT(DN7:DR7) -> 918 | AC7: =+SUM(DS7:DV7)/COUNT(DS7:DV7) -> 895 | AD7: =+SUM(DW7:DZ7)/COUNT(DW7:DZ7) -> 870 | AE7: =+SUM(EA7:EE7)/COUNT(EA7:EE7) -> 842 | AF7: =+SUM(EF7:EI7)/COUNT(EF7:EI7) -> 827.5 | AG7: =+SUM(EJ7:EM7)/COUNT(EJ7:EM7) -> 820 | AH7: 820 | AJ7: Anh 12 | AK7: RESIN | AL7: 920 | AM7: 920 | AN7: 930 | AO7: 930 | AP7: 930 | AQ7: 930 | AR7: 970 | AS7: 970 | AT7: 980 | AU7: 1000 | AV7: 980 | AW7: 980 | AX7: 980 | AY7: 980 | AZ7: 1000 | BA7: 1000 | BB7: 1000 | BC7: 990 | BD7: 990 | BE7: 990 | BF7: 990 | BG7: 1000 | BH7: 1000 | BI7: 1000 | BJ7: 1020 | BK7: 1020 | BL7: 1020 | BM7: 1030 | BN7: 1030 | BO7: 1030 | BP7: 1030 | BQ7: 1030 | BR7: 990 | BS7: 980 | BT7: 980 | BU7: 970 | BV7: 960 | BW7: 960 | BX7: 960 | BY7: 960 | BZ7: 950 | CA7: 950 | CB7: 950 | CC7: 950 | CD7: 950 | CE7: 970 | CF7: 970 | CG7: 970 | CH7: 970 | CI7: 970 | CJ7: 960 | CK7: 960 | CL7: 960 | CM7: 960 | CN7: 960 | CO7: 960 | CP7: 970 | CQ7: 970 | CR7: 980 | CS7: 970 | CT7: 1000 | CU7: 990 | CV7: 980 | CW7: 980 | CX7: 980 | CY7: 980 | CZ7: 980 | DA7: 980 | DB7: 970 | DC7: 960 | DD7: 950 | DE7: 950 | DF7: 930 | DG7: 930 | DH7: 930 | DI7: 920 | DJ7: 920 | DK7: 910 | DL7: 930 | DM7: 930 | DN7: 930 | DO7: 930 | DP7: 930 | DQ7: 900 | DR7: 900 | DS7: 900 | DT7: 900 | DU7: 890 | DV7: 890 | DW7: 890 | DX7: 870 | DY7: 870 | DZ7: 850 | EA7: 850 | EB7: 850 | EC7: 840 | ED7: 840 | EE7: 830 | EF7: 830 | EG7: 830 | EH7: 830 | EI7: 820 | EJ7: 820 | EK7: 820 | EL7: 820 | EM7: 820
H8: TTCP | I8: =I7 -> 926 | J8: =J7 -> 962.5 | K8: =K7 -> 986.66667 | L8: =L7 -> 990 | M8: =M7 -> 992.5 | N8: =N7 -> 1002 | O8: =O7 -> 1025 | P8: =P7 -> 1020 | ... AH8: =AH7 -> 820 | AK8: TTCP | AL8: =AL7 -> 920 | AM8: =AM7 -> 920 | AN8: =AN7 -> 930 | AO8: =AO7 -> 930 | AP8: =AP7 -> 930 | AQ8: =AQ7 -> 930 | AR8: =AR7 -> 970 | AS8: =AS7 -> 970 | ... ER8: =ER7 -> 0
H9: CL | I9: =+I6-I8 -> -116 | J9: =+J6-J8 -> -152.5 | K9: =+K6-K8 -> -146.66667 | L9: =+L6-L8 -> -110 | M9: =+M6-M8 -> -92.5 | N9: =+N6-N8 -> -102 | O9: =+O6-O8 -> -125 | P9: =+P6-P8 -> -120 | ... AH9: =+AH6-AH8 -> -170 | AK9: CL | AL9: =+AL6-AL8 -> -110 | AM9: =+AM6-AM8 -> -110 | AN9: =+AN6-AN8 -> -120 | AO9: =+AO6-AO8 -> -120 | AP9: =+AP6-AP8 -> -120 | AQ9: =+AQ6-AQ8 -> -120 | AR9: =+AR6-AR8 -> -160 | AS9: =+AS6-AS8 -> -160 | ... ER9: =+ER6-ER8 -> 650
H10: % | I10: =+I9/I8 -> -0.12526998 | J10: =+J9/J8 -> -0.15844156 | K10: =+K9/K8 -> -0.14864865 | L10: =+L9/L8 -> -0.11111111 | M10: =+M9/M8 -> -0.093198992 | N10: =+N9/N8 -> -0.10179641 | O10: =+O9/O8 -> -0.12195122 | P10: =+P9/P8 -> -0.11764706 | ... AH10: =+AH9/AH8 -> -0.20731707 | AK10: % | AL10: =+AL9/AL8 -> -0.11956522 | AM10: =+AM9/AM8 -> -0.11956522 | AN10: =+AN9/AN8 -> -0.12903226 | AO10: =+AO9/AO8 -> -0.12903226 | AP10: =+AP9/AP8 -> -0.12903226 | AQ10: =+AQ9/AQ8 -> -0.12903226 | AR10: =+AR9/AR8 -> -0.16494845 | AS10: =+AS9/AS8 -> -0.16494845 | ... ER10: =+ER9/ER8 -> #DIV/0!
H11: Điểm hòa vốn | I11: 772 | J11: 772 | K11: 772 | L11: 772 | M11: 772 | N11: 772 | O11: 772 | P11: 738 | Q11: 780.1665 | R11: 790.84737 | S11: 794.61882 | T11: 794.61882 | U11: 772.61325 | V11: 790.71343 | W11: 780.14595 | X11: 780.14595 | Y11: 767.45784 | Z11: 720.2556 | AA11: 754.85044 | AB11: 757.1719 | AC11: 757.1719 | AD11: 757.1719 | AE11: 760.07393 | AF11: 760.79553 | AG11: 765.98334 | AH11: 765.98334 | AK11: Điểm hòa vốn | AL11: 772 | AM11: 772 | AN11: 772 | AO11: 772 | AP11: 772 | AQ11: 772 | AR11: 772 | AS11: 772 | AT11: 772 | AU11: 772 | AV11: 772 | AW11: 772 | AX11: 772 | AY11: 772 | AZ11: 772 | BA11: 772 | BB11: 772 | BC11: 772 | BD11: 772 | BE11: 772 | BF11: 772 | BG11: 772 | BH11: 772 | BI11: 772 | BJ11: 772 | BK11: 772 | BL11: 772 | BM11: 772 | BN11: 772 | BO11: 738 | BP11: 738 | BQ11: 738 | BR11: 738 | BS11: 780.1665 | BT11: 780.1665 | BU11: 780.1665 | BV11: 780.1665 | BW11: 780.1665 | BX11: 791 | BY11: 791 | BZ11: 791 | CA11: 791 | CB11: 794.61882 | CC11: 794.61882 | CD11: 794.61882 | CE11: 794.61882 | CF11: 794.61882 | CG11: 794.61882 | CH11: 794.61882 | CI11: 794.61882 | CJ11: 794.61882 | CK11: 772.61325 | CL11: 772.61325 | CM11: 772.61325 | CN11: 772.61325 | CO11: 790.71343 | CP11: 790.71343 | CQ11: 790.71343 | CR11: 790.71343 | CS11: 780.14595 | CT11: 780.14595 | CU11: 780.14595 | CV11: 780.14595 | CW11: 780.14595 | CX11: 780.14595 | CY11: 780.14595 | CZ11: 780.14595 | DA11: 767.45784 | DB11: 767.45784 | DC11: 767.45784 | DD11: 767.45784 | DE11: 720.2556 | DF11: 720.2556 | DG11: 720.2556 | DH11: 720.2556 | DI11: 720.2556 | DJ11: 754.85044 | DK11: 754.85044 | DL11: 754.85044 | DM11: 754.85044 | DN11: 757.1719 | DO11: 757.1719 | DP11: 757.1719 | DQ11: 757.1719 | DR11: 757.1719 | DS11: 757.1719 | DT11: 757.1719 | DU11: 757.1719 | DV11: 757.1719 | DW11: 757.1719 | DX11: 757.1719 | DY11: 757.1719 | DZ11: 757.1719 | EA11: 760.07393 | EB11: 760.07393 | EC11: 760.07393 | ED11: 760.07393 | EE11: 760.07393 | EF11: 760.79553 | EG11: 760.79553 | EH11: 760.79553 | EI11: 760.79553 | EJ11: 765.98334 | EK11: 765.98334 | EL11: 765.98334 | EM11: 765.98334 | EN11: 765.98334 | EO11: 765.98334 | EP11: 765.98334 | EQ11: 765.98334 | ER11: 765.98334

Sheet Vảy HD ÉP_tháng

Sheet Vảy HD ÉP_tuần

Sheet Ma trận giá bán vảy HDPE ÉP
A3: MA TRẬN GIÁ BÁN VẢY HDPE ÉP | AL3: 2024 | CJ3: 2025
B4: Tỷ giá | E4: 24000 | AG4: 24000 | AH4: 24000 | AI4: 24000 | AJ4: 24000 | AK4: 24000 | AL4: 24000 | AM4: 24000 | EI4: 2026
A5: Mã SP | B5: Diễn giải | C5: Đơn vị tính | D5: Diễn giải | E5: T12.23 | F5: T1.24 | G5: 2 | H5: 3 | I5: 4 | J5: 5 | K5: 6 | L5: 7 | M5: 8 | N5: 9 | O5: 10 | P5: 11 | Q5: 12 | R5: T1.25 | S5: 2 | T5: 3 | U5: 4 | V5: 5 | W5: 6 | X5: 7 | Y5: 8 | Z5: 9 | AA5: 10 | AB5: 11 | AC5: 12 | AD5: T1.26 | AF5: Diễn giải | AG5: 48 | AH5: 49 | AI5: 50 | AJ5: 51 | AK5: 52 | AL5: 01 | AM5: 02 | AN5: 03 | AO5: 04 | AP5: 05 | AQ5: 08 | AR5: 09 | AS5: 10 | AT5: 11 | AU5: 12 | AV5: 13 | AW5: 14 | AX5: 15 | AY5: 16 | AZ5: 17 | BA5: 18 | BB5: 19 | BC5: 20 | BD5: 21 | BE5: 22 | BF5: 23 | BG5: 24 | BH5: 25 | BI5: 26 | BJ5: 27 | BK5: 28 | BL5: 29 | BM5: 30 | BN5: 31 | BO5: 32 | BP5: 33 | BQ5: 34 | BR5: 35 | BS5: 36 | BT5: 37 | BU5: 38 | BV5: 39 | BW5: 40 | BX5: 41 | BY5: 42 | BZ5: 43 | CA5: 44 | CB5: 45 | CC5: 46 | CD5: 47 | CE5: 48 | CF5: 49 | CG5: 50 | CH5: 51 | CI5: 52 | CJ5: 01 | CK5: 02 | CL5: 03 | CM5: 04 | CN5: 06 | CO5: 07 | CP5: 08 | CQ5: 09 | CR5: 10 | CS5: 11 | CT5: 12 | CU5: 13 | CV5: 14 | CW5: 15 | CX5: 16 | CY5: 17 | CZ5: 18 | DA5: 19 | DB5: 20 | DC5: 21 | DD5: 22 | DE5: 23 | DF5: 24 | DG5: 25 | DH5: 26 | DI5: 27 | DJ5: 28 | DK5: 29 | DL5: 30 | DM5: 31 | DN5: 32 | DO5: 33 | DP5: 34 | DQ5: 35 | DR5: 36 | DS5: 37 | DT5: 38 | DU5: 39 | DV5: 40 | DW5: 41 | DX5: 42 | DY5: 43 | DZ5: 44 | EA5: 45 | EB5: 46 | EC5: 47 | ED5: 48 | EE5: 49 | EF5: 50 | EG5: 51 | EH5: 52 | EI5: 01 | EJ5: 52 | EK5: 52 | EL5: 52 | EM5: 52
B6: DTR-Giá EXW xuất xưởng | C6: $ /tấn | D6: DTR | E6: 810 | F6: 810 | G6: 880 | H6: 900 | I6: 900 | J6: 870 | K6: 870 | L6: 870 | M6: 870 | N6: 850 | O6: 840 | P6: 825 | Q6: =+SUM(CF6:CI6)/COUNT(CF6:CI6) -> 825 | R6: =+SUM(CJ6:CM6)/COUNT(CJ6:CM6) -> 825 | S6: =+SUM(CN6:CQ6)/COUNT(CN6:CQ6) -> 750 | T6: =+SUM(CR6:CU6)/COUNT(CR6:CU6) -> 750 | U6: 750 | V6: =750-30 -> 720 | W6: =750-30 -> 720 | X6: =750-30 -> 720 | Y6: =750-30-20 -> 700 | Z6: =750-30-20 -> 700 | AA6: =750-30-20 -> 700 | AB6: 690 | AC6: 665 | AD6: 665 | AF6: DTR | AG6: 810 | AH6: 810 | AI6: 810 | AJ6: 810 | AK6: 810 | AL6: 810 | AM6: 810 | AN6: 810 | AO6: 810 | AP6: 880 | AQ6: 880 | AR6: 880 | AS6: 900 | AT6: 900 | AU6: 900 | AV6: 900 | AW6: 900 | AX6: 900 | AY6: 900 | AZ6: 900 | BA6: 870 | BB6: 870 | BC6: 870 | BD6: 870 | BE6: 870 | BF6: 870 | BG6: 870 | BH6: 870 | BI6: 870 | BJ6: 870 | BK6: 870 | BL6: 870 | BM6: 870 | BN6: 870 | BO6: 870 | BP6: 870 | BQ6: 870 | BR6: 870 | BS6: 850 | BT6: 850 | BU6: 850 | BV6: 850 | BW6: 840 | BX6: 840 | BY6: 840 | BZ6: 840 | CA6: 825 | CB6: 825 | CC6: 825 | CD6: 825 | CE6: 825 | CF6: 825 | CG6: 825 | CH6: 825 | CI6: 825 | CJ6: 825 | CK6: 825 | CL6: 825 | CM6: 825 | CN6: 750 | CO6: 750 | CP6: 750 | CQ6: 750 | CR6: 750 | CS6: 750 | CT6: 750 | CU6: 750 | CV6: 750 | CW6: 750 | CX6: 750 | CY6: 750 | CZ6: 720 | DA6: 720 | DB6: 720 | DC6: 720 | DD6: 720 | DE6: 720 | DF6: 720 | DG6: 720 | DH6: 720 | DI6: 720 | DJ6: 720 | DK6: 720 | DL6: 720 | DM6: 720 | DN6: 700 | DO6: 700 | DP6: 700 | DQ6: 700 | DR6: 700 | DS6: 700 | DT6: 700 | DU6: 700 | DV6: 700 | DW6: 700 | DX6: 700 | DY6: 700 | DZ6: 700 | EA6: 690 | EB6: 690 | EC6: 690 | ED6: 690 | EE6: 665 | EF6: 665 | EG6: 665 | EH6: 665 | EI6: 665 | EJ6: 665 | EK6: 665 | EL6: 665 | EM6: 665
A7: Anh 12 | B7: Giá keo PP chính phẩm | C7: $ /tấn | D7: RESIN | E7: =+SUM(AG7:AK7)/COUNT(AG7:AK7) -> 900 | F7: =+SUM(AL7:AO7)/COUNT(AL7:AO7) -> 947.5 | G7: =+SUM(AP7:AR7)/COUNT(AP7:AR7) -> 1010 | H7: =+SUM(AS7:AV7)/COUNT(AS7:AV7) -> 995 | I7: =+SUM(AW7:AZ7)/COUNT(AW7:AZ7) -> 975 | J7: =+SUM(BA7:BE7)/COUNT(BA7:BE7) -> 956 | K7: =+SUM(BF7:BI7)/COUNT(BF7:BI7) -> 980 | L7: =+SUM(BJ7:BM7)/COUNT(BJ7:BM7) -> 975 | M7: =+SUM(BN7:BR7)/COUNT(BN7:BR7) -> 946 | N7: =+SUM(BS7:BV7)/COUNT(BS7:BV7) -> 932.5 | O7: =+SUM(BW7:BZ7)/COUNT(BW7:BZ7) -> 925 | P7: =+SUM(CA7:CE7)/COUNT(CA7:CE7) -> 940 | Q7: =+SUM(CF7:CI7)/COUNT(CF7:CI7) -> 940 | R7: =+SUM(CJ7:CM7)/COUNT(CJ7:CM7) -> 940 | S7: =+SUM(CN7:CQ7)/COUNT(CN7:CQ7) -> 945 | T7: =+SUM(CR7:CU7)/COUNT(CR7:CU7) -> 940 | U7: =+SUM(CV7:CY7)/COUNT(CV7:CY7) -> 905 | V7: =+SUM(CZ7:DD7)/COUNT(CZ7:DD7) -> 908 | W7: =+SUM(DE7:DH7)/COUNT(DE7:DH7) -> 915 | X7: =+SUM(DI7:DM7)/COUNT(DI7:DM7) -> 930 | Y7: =+SUM(DN7:DQ7)/COUNT(DN7:DQ7) -> 930 | Z7: =+SUM(DR7:DU7)/COUNT(DR7:DU7) -> 915 | AA7: =+SUM(DV7:DZ7)/COUNT(DV7:DZ7) -> 870 | AB7: =+SUM(EA7:ED7)/COUNT(EA7:ED7) -> 840 | AC7: =+SUM(EE7:EH7)/COUNT(EE7:EH7) -> 830 | AD7: 830 | AF7: RESIN | AG7: 900 | AH7: 900 | AI7: 900 | AJ7: 900 | AK7: 900 | AL7: 900 | AM7: 930 | AN7: 930 | AO7: 1030 | AP7: 1030 | AQ7: 1000 | AR7: 1000 | AS7: 1000 | AT7: 1000 | AU7: 1000 | AV7: 980 | AW7: 980 | AX7: 980 | AY7: 980 | AZ7: 960 | BA7: 950 | BB7: 950 | BC7: 950 | BD7: 950 | BE7: 980 | BF7: 980 | BG7: 980 | BH7: 980 | BI7: 980 | BJ7: 980 | BK7: 980 | BL7: 980 | BM7: 960 | BN7: 950 | BO7: 950 | BP7: 950 | BQ7: 940 | BR7: 940 | BS7: 940 | BT7: 930 | BU7: 930 | BV7: 930 | BW7: 920 | BX7: 920 | BY7: 920 | BZ7: 940 | CA7: 940 | CB7: 940 | CC7: 940 | CD7: 940 | CE7: 940 | CF7: 940 | CG7: 940 | CH7: 940 | CI7: 940 | CJ7: 940 | CK7: 940 | CL7: 940 | CM7: 940 | CN7: 940 | CO7: 940 | CP7: 950 | CQ7: 950 | CR7: 950 | CS7: 950 | CT7: 950 | CU7: 910 | CV7: 910 | CW7: 900 | CX7: 900 | CY7: 910 | CZ7: 910 | DA7: 910 | DB7: 910 | DC7: 910 | DD7: 900 | DE7: 900 | DF7: 900 | DG7: 930 | DH7: 930 | DI7: 930 | DJ7: 930 | DK7: 930 | DL7: 930 | DM7: 930 | DN7: 930 | DO7: 930 | DP7: 930 | DQ7: 930 | DR7: 930 | DS7: 930 | DT7: 930 | DU7: 870 | DV7: 870 | DW7: 870 | DX7: 870 | DY7: 870 | DZ7: 870 | EA7: 870 | EB7: 830 | EC7: 830 | ED7: 830 | EE7: 830 | EF7: 830 | EG7: 830 | EH7: 830
D8: TTCP | E8: =E7 -> 900 | F8: =F7 -> 947.5 | G8: =G7 -> 1010 | H8: =H7 -> 995 | I8: =I7 -> 975 | J8: =J7 -> 956 | K8: =K7 -> 980 | L8: =L7 -> 975 | ... AD8: =AD7 -> 830 | AF8: TTCP | AG8: =AG7 -> 900 | AH8: =AH7 -> 900 | AI8: =AI7 -> 900 | AJ8: =AJ7 -> 900 | AK8: =AK7 -> 900 | AL8: =AL7 -> 900 | AM8: =AM7 -> 930 | AN8: =AN7 -> 930 | ... EM8: =EM7 -> 0
D9: CL | E9: =+E6-E8 -> -90 | F9: =+F6-F8 -> -137.5 | G9: =+G6-G8 -> -130 | H9: =+H6-H8 -> -95 | I9: =+I6-I8 -> -75 | J9: =+J6-J8 -> -86 | K9: =+K6-K8 -> -110 | L9: =+L6-L8 -> -105 | ... AD9: =+AD6-AD8 -> -165 | AF9: CL | AG9: =+AG6-AG8 -> -90 | AH9: =+AH6-AH8 -> -90 | AI9: =+AI6-AI8 -> -90 | AJ9: =+AJ6-AJ8 -> -90 | AK9: =+AK6-AK8 -> -90 | AL9: =+AL6-AL8 -> -90 | AM9: =+AM6-AM8 -> -120 | AN9: =+AN6-AN8 -> -120 | ... EM9: =+EM6-EM8 -> 665
D10: % | E10: =+E9/E8 -> -0.1 | F10: =+F9/F8 -> -0.14511873 | G10: =+G9/G8 -> -0.12871287 | H10: =+H9/H8 -> -0.095477387 | I10: =+I9/I8 -> -0.076923077 | J10: =+J9/J8 -> -0.089958159 | K10: =+K9/K8 -> -0.1122449 | L10: =+L9/L8 -> -0.10769231 | ... AD10: =+AD9/AD8 -> -0.19879518 | AF10: % | AG10: =+AG9/AG8 -> -0.1 | AH10: =+AH9/AH8 -> -0.1 | AI10: =+AI9/AI8 -> -0.1 | AJ10: =+AJ9/AJ8 -> -0.1 | AK10: =+AK9/AK8 -> -0.1 | AL10: =+AL9/AL8 -> -0.1 | AM10: =+AM9/AM8 -> -0.12903226 | AN10: =+AN9/AN8 -> -0.12903226 | ... EM10: =+EM9/EM8 -> #DIV/0!
D11: Điểm hòa vốn | E11: 607 | F11: 607 | G11: 603 | H11: 603 | I11: 595 | J11: 595 | K11: 595 | L11: 656 | M11: 661 | N11: 664 | O11: 665.95976 | P11: 662.45159 | Q11: 666.20088 | R11: 673.72307 | S11: 686.58248 | T11: 717.72826 | U11: 706.65663 | V11: 684.45465 | W11: 669.97727 | X11: 676.40258 | Y11: 675.58305 | Z11: 690.17869 | AA11: 524.58052 | AB11: 523.80366 | AC11: 541.0758 | AD11: 570.4945 | AF11: Điểm hòa vốn | AG11: 607 | AH11: 607 | AI11: 607 | AJ11: 607 | AK11: 607 | AL11: 607 | AM11: 607 | AN11: 607 | AO11: 607 | AP11: 603 | AQ11: 603 | AR11: 603 | AS11: 603 | AT11: 603 | AU11: 603 | AV11: 603 | AW11: 594.5498 | AX11: 594.5498 | AY11: 594.5498 | AZ11: 594.5498 | BA11: 595 | BB11: 595 | BC11: 595 | BD11: 595 | BE11: 595 | BF11: 595 | BG11: 595 | BH11: 595 | BI11: 595 | BJ11: 656 | BK11: 656 | BL11: 656 | BM11: 656 | BN11: 661 | BO11: 661 | BP11: 661 | BQ11: 661 | BR11: 661 | BS11: 664 | BT11: 664 | BU11: 664 | BV11: 664 | BW11: 665.95976 | BX11: 665.95976 | BY11: 665.95976 | BZ11: 665.95976 | CA11: 662.45159 | CB11: 662.45159 | CC11: 662.45159 | CD11: 662.45159 | CE11: 662.45159 | CF11: 666.20088 | CG11: 666.20088 | CH11: 666.20088 | CI11: 666.20088 | CJ11: 673.72307 | CK11: 673.72307 | CL11: 673.72307 | CM11: 673.72307 | CN11: 686.58248 | CO11: 686.58248 | CP11: 686.58248 | CQ11: 686.58248 | CR11: 717.72826 | CS11: 717.72826 | CT11: 717.72826 | CU11: 717.72826 | CV11: 706.65663 | CW11: 706.65663 | CX11: 706.65663 | CY11: 706.65663 | CZ11: 684.45465 | DA11: 684.45465 | DB11: 684.45465 | DC11: 684.45465 | DD11: 684.45465 | DE11: 669.97727 | DF11: 669.97727 | DG11: 669.97727 | DH11: 669.97727 | DI11: 676.40258 | DJ11: 676.40258 | DK11: 676.40258 | DL11: 676.40258 | DM11: 676.40258 | DN11: 675.58305 | DO11: 675.58305 | DP11: 675.58305 | DQ11: 675.58305 | DR11: 690.17869 | DS11: 690.17869 | DT11: 690.17869 | DU11: 690.17869 | DV11: 524.58052 | DW11: 524.58052 | DX11: 524.58052 | DY11: 524.58052 | DZ11: 524.58052 | EA11: 523.80366 | EB11: 523.80366 | EC11: 523.80366 | ED11: 523.80366 | EE11: 541.0758 | EF11: 541.0758 | EG11: 541.0758 | EH11: 541.0758 | EI11: 570.4945 | EJ11: 570.4945 | EK11: 570.4945 | EL11: 570.4945 | EM11: 570.4945
