Workbook
Name \T: #REF!
Name __dao1: '[1]CT Thang Mo'!$B$189:$H$189
Name __dao2: '[1]CT Thang Mo'!$B$161:$H$161
Name __dap2: '[1]CT Thang Mo'!$B$162:$H$162
Name __day1: '[2]Chiet tinh dz22'!#REF!
Name __day2: '[3]Chiet tinh dz35'!$H$3
Name __dbu1: '[1]CT Thang Mo'!#REF!
Name __dbu2: '[1]CT Thang Mo'!$B$93:$F$93
Name __doi3: '[4]truc tiep'!#REF!
Name __E99999: #REF!
Name __Jan02: '[5]FG waste'!#REF!
Name __lap1: #REF!
Name __lap2: #REF!
Name __vc1: '[1]CT Thang Mo'!$B$34:$H$34
Name __vc2: '[1]CT Thang Mo'!$B$35:$H$35
Name __vc3: '[1]CT Thang Mo'!$B$36:$H$36
Name _01_01_99: #REF!
Name _01_02_99: #REF!
Name _01_03_99: #REF!
Name _01_04_99: #REF!
Name _01_05_99: #REF!
Name _01_06_99: #REF!
Name _01_07_99: #REF!
Name _01_08_1999: #REF!
Name _1CAP002: [6]MTP!#REF!
Name _2STREO7: [7]MTP!#REF!
Name _4GOIC01: [8]MTP!#REF!
Name _4OSLCTT: [8]MTP!#REF!
Name _6BNTTTH: [7]MTP1!#REF!
Name _6DCTTBO: [7]MTP1!#REF!
Name _6DD24TT: [7]MTP1!#REF!
Name _6FCOTBU: [7]MTP1!#REF!
Name _6LATUBU: [7]MTP1!#REF!
Name _6SDTT24: [7]MTP1!#REF!
Name _6TBUDTT: [7]MTP1!#REF!
Name _6TDDDTT: [7]MTP1!#REF!
Name _6TLTTTH: [7]MTP1!#REF!
Name _6TUBUTT: [7]MTP1!#REF!
Name _6UCLVIS: [7]MTP1!#REF!
Name _7DNCABC: [7]MTP1!#REF!
Name _7HDCTBU: [7]MTP1!#REF!
Name _7PKTUBU: [7]MTP1!#REF!
Name _7TBHT20: [7]MTP1!#REF!
Name _7TBHT30: [7]MTP1!#REF!
Name _7TDCABC: [7]MTP1!#REF!
Name _dao1: '[1]CT Thang Mo'!$B$189:$H$189
Name _dao2: '[1]CT Thang Mo'!$B$161:$H$161
Name _dap2: '[1]CT Thang Mo'!$B$162:$H$162
Name _day1: '[2]Chiet tinh dz22'!#REF!
Name _day2: '[3]Chiet tinh dz35'!$H$3
Name _dbu1: '[1]CT Thang Mo'!#REF!
Name _dbu2: '[1]CT Thang Mo'!$B$93:$F$93
Name _doi3: '[4]truc tiep'!#REF!
Name _E99999: #REF!
Name _Jan02: '[5]FG waste'!#REF!
Name _lap1: #REF!
Name _lap2: #REF!
Name _vc1: '[1]CT Thang Mo'!$B$34:$H$34
Name _vc2: '[1]CT Thang Mo'!$B$35:$H$35
Name _vc3: '[1]CT Thang Mo'!$B$36:$H$36

Sheet SL bán so với SL mua 2022
V3: BTP PET | W3: =974.3+569.6 -> 1543.9
V4: Chai PET | W4: 526.8
V5: Vảy PET | W5: 886.7
V6: Tổng | W6: =SUM(W3:W5) -> 2957.4
V21: BTP HD | W21: 309.8
V22: Vảy HD | W22: 270.8
V23: Tổng | W23: =SUM(W20:W22) -> 580.6
B29: T1 | C29: T2 | D29: T3 | E29: T4 | F29: T5 | G29: T6 | H29: T7 | I29: T8 | J29: T9 | K29: T10 | L29: T11 | M29: T12 | N29: Lũy kế | O29: giá trị | Q29: BQ/tháng
A30: Tổng mua | B30: ='SL bán so với SL mua 2022- PET'!B31+'SL bán so với SL mua 2022- HDPE'!B31 -> 708.747 | C30: ='SL bán so với SL mua 2022- PET'!C31+'SL bán so với SL mua 2022- HDPE'!C31 -> 500.69318 | D30: ='SL bán so với SL mua 2022- PET'!D31+'SL bán so với SL mua 2022- HDPE'!D31 -> 1601.2931 | E30: ='SL bán so với SL mua 2022- PET'!E31+'SL bán so với SL mua 2022- HDPE'!E31 -> 1909.1156 | F30: ='SL bán so với SL mua 2022- PET'!F31+'SL bán so với SL mua 2022- HDPE'!F31 -> 2165.978 | G30: ='SL bán so với SL mua 2022- PET'!G31+'SL bán so với SL mua 2022- HDPE'!G31 -> 1557.2704 | H30: ='SL bán so với SL mua 2022- PET'!H31+'SL bán so với SL mua 2022- HDPE'!H31 -> 872.08764 | I30: ='SL bán so với SL mua 2022- PET'!I31+'SL bán so với SL mua 2022- HDPE'!I31 -> 1070.8506 | ... M30: ='SL bán so với SL mua 2022- PET'!M31+'SL bán so với SL mua 2022- HDPE'!M31 -> 1500.7366 | N30: =SUM(B30:M30) -> 17152.747 | O30: 315 | P30: tỷ | Q30: =N30/12 -> 1429.3956
A31: Tổng bán | B31: ='SL bán so với SL mua 2022- PET'!B30+'SL bán so với SL mua 2022- HDPE'!B30 -> 250.8 | C31: ='SL bán so với SL mua 2022- PET'!C30+'SL bán so với SL mua 2022- HDPE'!C30 -> 242 | D31: ='SL bán so với SL mua 2022- PET'!D30+'SL bán so với SL mua 2022- HDPE'!D30 -> 707.8 | E31: ='SL bán so với SL mua 2022- PET'!E30+'SL bán so với SL mua 2022- HDPE'!E30 -> 757.7 | F31: ='SL bán so với SL mua 2022- PET'!F30+'SL bán so với SL mua 2022- HDPE'!F30 -> 578.208 | G31: ='SL bán so với SL mua 2022- PET'!G30+'SL bán so với SL mua 2022- HDPE'!G30 -> 678.9 | H31: ='SL bán so với SL mua 2022- PET'!H30+'SL bán so với SL mua 2022- HDPE'!H30 -> 421.5 | I31: ='SL bán so với SL mua 2022- PET'!I30+'SL bán so với SL mua 2022- HDPE'!I30 -> 1078.8 | ... M31: ='SL bán so với SL mua 2022- PET'!M30+'SL bán so với SL mua 2022- HDPE'!M30 -> 1827.7 | N31: =SUM(B31:M31) -> 9732.903 | O31: 329 | P31: tỷ | Q31: =N31/12 -> 811.07525
A32: Chênh lệch mua so với bán | B32: =B30-B31 -> 457.947 | C32: =C30-C31 -> 258.69318 | D32: =D30-D31 -> 893.49312 | E32: =E30-E31 -> 1151.4156 | F32: =F30-F31 -> 1587.77 | G32: =G30-G31 -> 878.37044 | H32: =H30-H31 -> 450.58764 | I32: =I30-I31 -> -7.9494 | ... O32: =O30-O31 -> -14 | Q32: =Q30-Q31 -> 618.32032

Sheet SL bán so với SL mua 2022- PET
V3: BTP PET | W3: =974.3+569.6 -> 1543.9
V4: Chai PET | W4: 526.8
V5: Vảy PET | W5: 886.7
V6: Tổng | W6: =SUM(W3:W5) -> 2957.4
V21: BTP HD | W21: 309.8
V22: Vảy HD | W22: 270.8
V23: Tổng | W23: =SUM(W20:W22) -> 580.6
A29: RPET | B29: T1 | C29: T2 | D29: T3 | E29: T4 | F29: T5 | G29: T6 | H29: T7 | I29: T8 | J29: T9 | K29: T10 | L29: T11 | M29: T12 | N29: Lũy kế
A30: Sản lượng bán thực tế | B30: 250.8 | C30: 242 | D30: 665.5 | E30: 748.4 | F30: 577.508 | G30: 678.7 | H30: 391.5 | I30: 1078.8 | J30: =44+952.6 -> 996.6 | K30: 1002.675 | L30: 916.3 | M30: 1760.3 | N30: =SUM(B30:M30) -> 9309.083
A31: Sản lượng mua | B31: 537.728 | C31: 441.92718 | D31: 1492.4511 | E31: 1840.1851 | F31: 2139.325 | G31: 1338.8894 | H31: 861.30964 | I31: 980.0766 | J31: 851.71181 | K31: 2024.1148 | L31: 1881.18 | M31: 1432.3596 | N31: =SUM(B31:M31) -> 15821.258
A32: Sản lượng bán dự báo | B32: 507 | C32: 506 | D32: 846 | E32: 746 | F32: 561 | G32: 644 | H32: 502 | I32: 1480 | J32: 1041.6 | K32: 1042.61 | L32: 1377.9 | M32: 1447.98 | N32: =SUM(B32:M32) -> 10702.09 | O32: =SUM(B32:M32) -> 10702.09
A33: Lũy kế SL bán thực tế | B33: =N30 -> 9309.083 | C33: =B33 -> 9309.083 | D33: =C33 -> 9309.083 | E33: =D33 -> 9309.083 | F33: =E33 -> 9309.083 | G33: =F33 -> 9309.083 | H33: =G33 -> 9309.083 | I33: =H33 -> 9309.083 | J33: =I33 -> 9309.083 | ... M33: =L33 -> 9309.083
A34: Lũy kế SL mua | B34: =N31 -> 15821.258 | C34: =B34 -> 15821.258 | D34: =C34 -> 15821.258 | E34: =D34 -> 15821.258 | F34: =E34 -> 15821.258 | G34: =F34 -> 15821.258 | H34: =G34 -> 15821.258 | I34: =H34 -> 15821.258 | J34: =I34 -> 15821.258 | ... M34: =L34 -> 15821.258
A35: Lũy kế SL bán dự báo | B35: =N32 -> 10702.09 | C35: =B35 -> 10702.09 | D35: =C35 -> 10702.09 | E35: =D35 -> 10702.09 | F35: =E35 -> 10702.09 | G35: =F35 -> 10702.09 | H35: =G35 -> 10702.09 | I35: =H35 -> 10702.09 | J35: =I35 -> 10702.09 | ... M35: =L35 -> 10702.09

Sheet SL bán so với SL mua 2022- HDPE
V3: BTP PET | W3: =974.3+569.6 -> 1543.9
V4: Chai PET | W4: 526.8
V5: Vảy PET | W5: 886.7
V6: Tổng | W6: =SUM(W3:W5) -> 2957.4
V21: BTP HD | W21: 309.8
V22: Vảy HD | W22: 270.8
V23: Tổng | W23: =SUM(W20:W22) -> 580.6
A29: RHDPE | B29: T1 | C29: T2 | D29: T3 | E29: T4 | F29: T5 | G29: T6 | H29: T7 | I29: T8 | J29: T9 | K29: T10 | L29: T11 | M29: T12 | N29: Lũy kế
A30: Sản lượng bán thực tế | B30: 0 | C30: 0 | D30: 42.3 | E30: 9.3 | F30: 0.7 | G30: 0.2 | H30: 30 | I30: 0 | J30: 33.72 | K30: 175.4 | L30: 64.8 | M30: 67.4 | N30: =SUM(B30:M30) -> 423.82
A31: Sản lượng mua | B31: 171.019 | C31: 58.766 | D31: 108.842 | E31: 68.9305 | F31: 26.653 | G31: 218.381 | H31: 10.778 | I31: 90.774 | J31: 52.139 | K31: 302.352 | L31: 154.477 | M31: 68.377 | N31: =SUM(B31:M31) -> 1331.4885
A32: Sản lượng bán dự báo | B32: 0 | C32: 0 | D32: 42 | E32: 9 | F32: 1 | G32: 0 | H32: 30 | I32: 0 | J32: 34 | K32: 175 | L32: 65 | M32: 262 | N32: =SUM(B32:M32) -> 618
A33: Lũy kế SL bán thực tế | B33: =N30 -> 423.82 | C33: =B33 -> 423.82 | D33: =C33 -> 423.82 | E33: =D33 -> 423.82 | F33: =E33 -> 423.82 | G33: =F33 -> 423.82 | H33: =G33 -> 423.82 | I33: =H33 -> 423.82 | J33: =I33 -> 423.82 | ... M33: =L33 -> 423.82
A34: Lũy kế SL mua | B34: =N31 -> 1331.4885 | C34: =B34 -> 1331.4885 | D34: =C34 -> 1331.4885 | E34: =D34 -> 1331.4885 | F34: =E34 -> 1331.4885 | G34: =F34 -> 1331.4885 | H34: =G34 -> 1331.4885 | I34: =H34 -> 1331.4885 | J34: =I34 -> 1331.4885 | ... M34: =L34 -> 1331.4885
A35: Lũy kế SL bán dự báo | B35: =N32 -> 618 | C35: =B35 -> 618 | D35: =C35 -> 618 | E35: =D35 -> 618 | F35: =E35 -> 618 | G35: =F35 -> 618 | H35: =G35 -> 618 | I35: =H35 -> 618 | J35: =I35 -> 618 | ... M35: =L35 -> 618

Sheet SL bán& SL SX-2022
A25: 2022 | B25: T1 | C25: T2 | D25: T3 | E25: T4 | F25: T5 | G25: T6 | H25: T7 | I25: T8 | J25: T9 | K25: T10 | L25: T11 | M25: T12 | N25: Lũy kế
A26: SL SX dự kiến | B26: 701.1 | C26: 826.02 | D26: 919.39 | E26: 1059.1 | F26: 1118.66 | G26: 1454.22 | H26: 1519.4 | I26: 1451.05 | J26: 1601.65 | K26: 1660.81 | L26: 1782.3 | M26: 1906.38 | N26: =SUM(B26:M26) -> 16000.08
A27: SL SX | B27: 396.863 | C27: 731.725 | D27: 523.515 | E27: 840 | F27: 978.766 | G27: 921.15 | H27: 393.4 | I27: 1058.7 | J27: 943.282 | K27: 1124.477 | L27: 1198.873 | M27: 1582.667 | N27: =SUM(B27:M27) -> 10693.418
A28: SL bán dự kiến | B28: 701.1 | C28: 826.02 | D28: 919.39 | E28: 1059.1 | F28: 1118.66 | G28: 1454.22 | H28: 1519.4 | I28: 1451.05 | J28: 1601.65 | K28: 1122.76 | L28: 1549.9 | M28: 1550.9 | N28: =SUM(B28:M28) -> 14874.15
A29: SL Bán | B29: =B42+B43 -> 250.8 | C29: =C42+C43 -> 242 | D29: =D42+D43 -> 707.8 | E29: =E42+E43 -> 757.7 | F29: =F42+F43 -> 578.208 | G29: =G42+G43 -> 678.9 | H29: =H42+H43 -> 421.5 | I29: =I42+I43 -> 1104.468 | ... M29: =M42+M43 -> 1860.105 | N29: =SUM(B29:M29) -> 9790.976
L30: =L29/H29-1 -> 1.3276394
B33: T1 | C33: T2 | D33: T3 | E33: T4 | F33: T5 | G33: T6 | H33: T7 | I33: T8 | J33: T9 | K33: T10 | L33: T11 | M33: T12 | N33: Tổng
A34: 2020 | I34: 67 | J34: 85 | K34: 146 | L34: 155 | M34: 124 | N34: =SUM(B34:M34) -> 577
A35: 2021 | B35: 144 | C35: 6 | D35: 401 | E35: 695 | F35: 88 | G35: 30 | H35: 95 | I35: 65 | J35: 224 | K35: 223 | L35: 586 | M35: 1103 | N35: =SUM(B35:M35) -> 3660
A36: 2022 | B36: =B40+B41 -> 396.863 | C36: =C40+C41 -> 731.725 | D36: =D40+D41 -> 523.515 | E36: =E40+E41 -> 840 | F36: =F40+F41 -> 978.766 | G36: =G40+G41 -> 921.15 | H36: =H40+H41 -> 393.4 | I36: =I40+I41 -> 1058.7 | ... M36: =M40+M41 -> 1582.667 | N36: =SUM(B36:M36) -> 10693.418
A39: 2022 | B39: T1 | C39: T2 | D39: T3 | E39: T4 | F39: T5 | G39: T6 | H39: T7 | I39: T8 | J39: T9 | K39: T10 | L39: T11 | M39: T12 | N39: Lũy kế
A40: SL SX - PET | B40: 396.863 | C40: 727.1 | D40: 428.065 | E40: 750.175 | F40: 933.536 | G40: 919.6 | H40: 388.3 | I40: 1057.625 | J40: 902.474 | K40: 1056.897 | L40: 1080.199 | M40: 1378.075 | N40: =SUM(B40:M40) -> 10018.909
A41: SL SX - HD | C41: 4.625 | D41: 95.45 | E41: 89.825 | F41: 45.23 | G41: 1.55 | H41: 5.1 | I41: 1.075 | J41: 40.808 | K41: 67.58 | L41: 118.674 | M41: 204.592 | N41: =SUM(B41:M41) -> 674.509
A42: SL Bán- PET | B42: ='SL bán so với SL mua 2022- PET'!B30 -> 250.8 | C42: ='SL bán so với SL mua 2022- PET'!C30 -> 242 | D42: ='SL bán so với SL mua 2022- PET'!D30 -> 665.5 | E42: ='SL bán so với SL mua 2022- PET'!E30 -> 748.4 | F42: ='SL bán so với SL mua 2022- PET'!F30 -> 577.508 | G42: ='SL bán so với SL mua 2022- PET'!G30 -> 678.7 | H42: ='SL bán so với SL mua 2022- PET'!H30 -> 391.5 | I42: 1104.468 | J42: ='SL bán so với SL mua 2022- PET'!J30 -> 996.6 | K42: ='SL bán so với SL mua 2022- PET'!K30 -> 1002.675 | L42: 916.3 | M42: 1792.705 | N42: =SUM(B42:M42) -> 9367.156
A43: SL Bán- HD | B43: ='SL bán so với SL mua 2022- HDPE'!B30 -> 0 | C43: ='SL bán so với SL mua 2022- HDPE'!C30 -> 0 | D43: ='SL bán so với SL mua 2022- HDPE'!D30 -> 42.3 | E43: ='SL bán so với SL mua 2022- HDPE'!E30 -> 9.3 | F43: ='SL bán so với SL mua 2022- HDPE'!F30 -> 0.7 | G43: ='SL bán so với SL mua 2022- HDPE'!G30 -> 0.2 | H43: ='SL bán so với SL mua 2022- HDPE'!H30 -> 30 | I43: ='SL bán so với SL mua 2022- HDPE'!I30 -> 0 | ... M43: ='SL bán so với SL mua 2022- HDPE'!M30 -> 67.4 | N43: =SUM(B43:M43) -> 423.82

Sheet Tổng mua và bán
V3: BTP PET | W3: =974.3+569.6 -> 1543.9
V4: Chai PET | W4: 526.8
V5: Vảy PET | W5: 886.7
V6: Tổng | W6: =SUM(W3:W5) -> 2957.4
V21: BTP HD | W21: 309.8
V22: Vảy HD | W22: 270.8
V23: Tổng | W23: =SUM(W20:W22) -> 580.6
B34: T1 | C34: T2 | D34: T3 | E34: T4 | F34: T5 | G34: T6 | H34: T7 | I34: T8 | J34: T9 | K34: T10 | L34: T11 | M34: T12 | N34: Lũy kế | O34: giá trị
A35: Tổng mua | B35: ='Mua-bán PET'!B30+'Mua-bán HD'!B30+'Mua-bán-PP'!B29 -> 1725.373 | C35: ='Mua-bán PET'!C30+'Mua-bán HD'!C30+'Mua-bán-PP'!C29 -> 2432.7034 | D35: ='Mua-bán PET'!D30+'Mua-bán HD'!D30+'Mua-bán-PP'!D29 -> 4428.8813 | E35: ='Mua-bán PET'!E30+'Mua-bán HD'!E30+'Mua-bán-PP'!E29 -> 6853.696 | F35: ='Mua-bán PET'!F30+'Mua-bán HD'!F30+'Mua-bán-PP'!F29 -> 5297.102 | G35: ='Mua-bán PET'!G30+'Mua-bán HD'!G30+'Mua-bán-PP'!G29 -> 4829.869 | H35: ='Mua-bán PET'!H30+'Mua-bán HD'!H30+'Mua-bán-PP'!H29 -> 4950.858 | I35: ='Mua-bán PET'!I30+'Mua-bán HD'!I30+'Mua-bán-PP'!I29 -> 6367.8262 | ... M35: ='Mua-bán PET'!M30+'Mua-bán HD'!M30+'Mua-bán-PP'!M29 -> 3648.436 | N35: =SUM(B35:M35) -> 50760.952 | P35: tỷ
A36: Tổng bán | B36: ='Tổng SX và bán'!B27 -> 3487.9993 | C36: ='Tổng SX và bán'!C27 -> 5476.675 | D36: ='Tổng SX và bán'!D27 -> 4580.05 | E36: ='Tổng SX và bán'!E27 -> 3850.925 | F36: ='Tổng SX và bán'!F27 -> 4582.7243 | G36: ='Tổng SX và bán'!G27 -> 3673.208 | H36: ='Tổng SX và bán'!H27 -> 4560.4241 | I36: ='Tổng SX và bán'!I27 -> 5189.368 | ... N36: ='Tổng SX và bán'!N27 -> 46569.138 | P36: tỷ
A37: Chênh lệch mua so với bán | B37: =B35-B36 -> -1762.6263 | C37: =C35-C36 -> -3043.9716 | D37: =D35-D36 -> -151.16872 | E37: =E35-E36 -> 3002.771 | F37: =F35-F36 -> 714.3777 | G37: =G35-G36 -> 1156.661 | H37: =H35-H36 -> 390.43394 | I37: =I35-I36 -> 1178.4582 | ... O37: =O35-O36 -> 0
A38: Dự báo | B38: ='Mua-bán PET'!B31+'Mua-bán HD'!B31+'Mua-bán-PP'!B30 -> 3047.23 | C38: ='Mua-bán PET'!C31+'Mua-bán HD'!C31+'Mua-bán-PP'!C30 -> 3649.23 | D38: ='Mua-bán PET'!D31+'Mua-bán HD'!D31+'Mua-bán-PP'!D30 -> 3614.08 | E38: ='Mua-bán PET'!E31+'Mua-bán HD'!E31+'Mua-bán-PP'!E30 -> 3882.18 | F38: ='Mua-bán PET'!F31+'Mua-bán HD'!F31+'Mua-bán-PP'!F30 -> 5125.48 | G38: ='Mua-bán PET'!G31+'Mua-bán HD'!G31+'Mua-bán-PP'!G30 -> 4946.23 | H38: ='Mua-bán PET'!H31+'Mua-bán HD'!H31+'Mua-bán-PP'!H30 -> 5469.23 | I38: ='Mua-bán PET'!I31+'Mua-bán HD'!I31+'Mua-bán-PP'!I30 -> 5438.73 | ... M38: ='Mua-bán PET'!M31+'Mua-bán HD'!M31+'Mua-bán-PP'!M30 -> 5940.96 | N38: =SUM(B38:M38) -> 60000
A39: Tổng tồn TP | B39: ='Mua-bán PET'!B35+'Mua-bán HD'!B35+'Mua-bán-PP'!B31 -> 12431.016 | C39: ='Mua-bán PET'!C35+'Mua-bán HD'!C35+'Mua-bán-PP'!C31 -> 10156.01 | D39: ='Mua-bán PET'!D35+'Mua-bán HD'!D35+'Mua-bán-PP'!D31 -> 10242.05 | E39: ='Mua-bán PET'!E35+'Mua-bán HD'!E35+'Mua-bán-PP'!E31 -> 10385.597 | F39: ='Mua-bán PET'!F35+'Mua-bán HD'!F35+'Mua-bán-PP'!F31 -> 10753.504 | G39: ='Mua-bán PET'!G35+'Mua-bán HD'!G35+'Mua-bán-PP'!G31 -> 11025.175 | H39: ='Mua-bán PET'!H35+'Mua-bán HD'!H35+'Mua-bán-PP'!H31 -> 11073.454 | I39: ='Mua-bán PET'!I35+'Mua-bán HD'!I35+'Mua-bán-PP'!I31 -> 10325.593 | ... N39: ='Mua-bán PET'!N35+'Mua-bán HD'!N35+'Mua-bán-PP'!N31 -> 11701.407

Sheet Mua-bán PET
V3: BTP PET | W3: =974.3+569.6 -> 1543.9
V4: Chai PET | W4: 526.8
V5: Vảy PET | W5: 886.7
V6: Tổng | W6: =SUM(W3:W5) -> 2957.4
V21: BTP HD | W21: 309.8
V22: Vảy HD | W22: 270.8
V23: Tổng | W23: =SUM(W20:W22) -> 580.6
A28: RPET | B28: T1 | C28: T2 | D28: T3 | E28: T4 | F28: T5 | G28: T6 | H28: T7 | I28: T8 | J28: T9 | K28: T10 | L28: T11 | M28: T12 | N28: Lũy kế | P28: Ul nilever | Q28: Việt Nam | R28: Quốc tế FOB
A29: Bán thực tế | B29: ='SX và bán PET'!B28+'SX và bán xơ sợi'!B28 -> 3307.1493 | C29: ='SX và bán PET'!C28+'SX và bán xơ sợi'!C28 -> 5164.5 | D29: ='SX và bán PET'!D28+'SX và bán xơ sợi'!D28 -> 4052.3 | E29: ='SX và bán PET'!E28+'SX và bán xơ sợi'!E28 -> 3575.4 | F29: ='SX và bán PET'!F28+'SX và bán xơ sợi'!F28 -> 4207.0103 | G29: ='SX và bán PET'!G28+'SX và bán xơ sợi'!G28 -> 3249.983 | H29: ='SX và bán PET'!H28+'SX và bán xơ sợi'!H28 -> 4238.1491 | I29: ='SX và bán PET'!I28+'SX và bán xơ sợi'!I28 -> 4665.943 | ... M29: ='SX và bán PET'!M28+'SX và bán xơ sợi'!M28 -> 2365.25 | N29: =SUM(B29:M29) -> 41402.37 | P29: 26340 | Q29: 1230 | R29: 1170
A30: Mua vô | B30: 1377.509 | C30: 2057.9374 | D30: 4108.3753 | E30: 6538.961 | F30: 5007.079 | G30: 4674.014 | H30: 4795.8326 | I30: 6200.3274 | J30: 3502.8753 | K30: 3282.5423 | L30: 3204.5251 | M30: 3588.967 | N30: =SUM(B30:M30) -> 48338.945
A31: Dự báo | B31: ='SX và bán PET'!B29+'SX và bán xơ sợi'!B29 -> 2736.29 | C31: ='SX và bán PET'!C29+'SX và bán xơ sợi'!C29 -> 3222.29 | D31: ='SX và bán PET'!D29+'SX và bán xơ sợi'!D29 -> 3068.89 | E31: ='SX và bán PET'!E29+'SX và bán xơ sợi'!E29 -> 3137.24 | F31: ='SX và bán PET'!F29+'SX và bán xơ sợi'!F29 -> 4345.54 | G31: ='SX và bán PET'!G29+'SX và bán xơ sợi'!G29 -> 4153.54 | H31: ='SX và bán PET'!H29+'SX và bán xơ sợi'!H29 -> 4535.54 | I31: ='SX và bán PET'!I29+'SX và bán xơ sợi'!I29 -> 4449.54 | ... M31: ='SX và bán PET'!M29+'SX và bán xơ sợi'!M29 -> 4774.77 | N31: =SUM(B31:M31) -> 50000.22
A32: Lũy kế SL bán thực tế | B32: =N29 -> 41402.37 | C32: =B32 -> 41402.37 | D32: =C32 -> 41402.37 | E32: =D32 -> 41402.37 | F32: =E32 -> 41402.37 | G32: =F32 -> 41402.37 | H32: =G32 -> 41402.37 | I32: =H32 -> 41402.37 | J32: =I32 -> 41402.37 | ... M32: =L32 -> 41402.37
A33: Lũy kế SL mua | B33: =N30 -> 48338.945 | C33: =B33 -> 48338.945 | D33: =C33 -> 48338.945 | E33: =D33 -> 48338.945 | F33: =E33 -> 48338.945 | G33: =F33 -> 48338.945 | H33: =G33 -> 48338.945 | I33: =H33 -> 48338.945 | J33: =I33 -> 48338.945 | ... M33: =L33 -> 48338.945
A34: Lũy kế SL bán dự báo | B34: =N31 -> 50000.22 | C34: =B34 -> 50000.22 | D34: =C34 -> 50000.22 | E34: =D34 -> 50000.22 | F34: =E34 -> 50000.22 | G34: =F34 -> 50000.22 | H34: =G34 -> 50000.22 | I34: =H34 -> 50000.22 | J34: =I34 -> 50000.22 | ... M34: =L34 -> 50000.22
A35: Tồn kho TP | B35: ='SX và bán PET'!B30+'SX và bán xơ sợi'!B30 -> 8284.8054 | C35: ='SX và bán PET'!C30+'SX và bán xơ sợi'!C30 -> 5953.4869 | D35: ='SX và bán PET'!D30+'SX và bán xơ sợi'!D30 -> 6251.4694 | E35: ='SX và bán PET'!E30+'SX và bán xơ sợi'!E30 -> 6299.5714 | F35: ='SX và bán PET'!F30+'SX và bán xơ sợi'!F30 -> 6545.1702 | G35: ='SX và bán PET'!G30+'SX và bán xơ sợi'!G30 -> 6932.5499 | H35: ='SX và bán PET'!H30+'SX và bán xơ sợi'!H30 -> 6933.0523 | I35: ='SX và bán PET'!I30+'SX và bán xơ sợi'!I30 -> 6423.7518 | ... N35: ='SX và bán PET'!N30+'SX và bán xơ sợi'!N30 -> 8679.3246

Sheet Mua-bán HD
V3: BTP PET | W3: =974.3+569.6 -> 1543.9
V4: Chai PET | W4: 526.8
V5: Vảy PET | W5: 886.7
V6: Tổng | W6: =SUM(W3:W5) -> 2957.4
V21: BTP HD | W21: 309.8
V24: Vảy HD | W24: 270.8
V25: Tổng | W25: =SUM(W20:W24) -> 580.6
A28: RHDPE | B28: T1 | C28: T2 | D28: T3 | E28: T4 | F28: T5 | G28: T6 | H28: T7 | I28: T8 | J28: T9 | K28: T10 | L28: T11 | M28: T12 | N28: Lũy kế
A29: Bán thực tế | B29: ='SX và bán HD'!B28 -> 180.85 | C29: ='SX và bán HD'!C28 -> 311.5 | D29: ='SX và bán HD'!D28 -> 474.825 | E29: ='SX và bán HD'!E28 -> 268.85 | F29: ='SX và bán HD'!F28 -> 351.625 | G29: ='SX và bán HD'!G28 -> 399.225 | H29: ='SX và bán HD'!H28 -> 271.425 | I29: ='SX và bán HD'!I28 -> 506.875 | ... M29: ='SX và bán HD'!M28 -> 387.65 | N29: =SUM(B29:M29) -> 4875.75
A30: Mua vô | B30: 347.864 | C30: =353.01+8.464 -> 361.474 | D30: =271.884+5.328 -> 277.212 | E30: =280.074+8.698 -> 288.772 | F30: =242.541+15.52 -> 258.061 | G30: =149.62+4.745 -> 154.365 | H30: =138.1614+7.616 -> 145.7774 | I30: =127.6728+18.932 -> 146.6048 | J30: =83.7868+21.543 -> 105.3298 | K30: =31.1168+28.3 -> 59.4168 | L30: =47.9076+23.61 -> 71.5176 | M30: =35.534+19.42 -> 54.954 | N30: =SUM(B30:M30) -> 2271.3484
A31: Dự báo | B31: ='SX và bán HD'!B29 -> 260 | C31: ='SX và bán HD'!C29 -> 366 | D31: ='SX và bán HD'!D29 -> 458.75 | E31: ='SX và bán HD'!E29 -> 673.25 | F31: ='SX và bán HD'!F29 -> 688.25 | G31: ='SX và bán HD'!G29 -> 721.25 | H31: ='SX và bán HD'!H29 -> 832.25 | I31: ='SX và bán HD'!I29 -> 907.75 | ... M31: ='SX và bán HD'!M29 -> 1078.75 | N31: =SUM(B31:M31) -> 9000
A32: Lũy kế SL bán thực tế | B32: =N29 -> 4875.75 | C32: =B32 -> 4875.75 | D32: =C32 -> 4875.75 | E32: =D32 -> 4875.75 | F32: =E32 -> 4875.75 | G32: =F32 -> 4875.75 | H32: =G32 -> 4875.75 | I32: =H32 -> 4875.75 | J32: =I32 -> 4875.75 | ... M32: =L32 -> 4875.75
A33: Lũy kế SL mua | B33: =N30 -> 2271.3484 | C33: =B33 -> 2271.3484 | D33: =C33 -> 2271.3484 | E33: =D33 -> 2271.3484 | F33: =E33 -> 2271.3484 | G33: =F33 -> 2271.3484 | H33: =G33 -> 2271.3484 | I33: =H33 -> 2271.3484 | J33: =I33 -> 2271.3484 | ... M33: =L33 -> 2271.3484
A34: Lũy kế SL bán dự báo | B34: =N31 -> 9000 | C34: =B34 -> 9000 | D34: =C34 -> 9000 | E34: =D34 -> 9000 | F34: =E34 -> 9000 | G34: =F34 -> 9000 | H34: =G34 -> 9000 | I34: =H34 -> 9000 | J34: =I34 -> 9000 | ... M34: =L34 -> 9000
A35: Tồn kho TP | B35: ='SX và bán HD'!B30 -> 3744.9288 | C35: ='SX và bán HD'!C30 -> 3800.9818 | D35: ='SX và bán HD'!D30 -> 3612.9632 | E35: ='SX và bán HD'!E30 -> 3701.6711 | F35: ='SX và bán HD'!F30 -> 3814.8038 | G35: ='SX và bán HD'!G30 -> 3735.7371 | H35: ='SX và bán HD'!H30 -> 3823.3564 | I35: ='SX và bán HD'!I30 -> 3590.3818 | ... N35: ='SX và bán HD'!N30 -> 2734.19

Sheet Mua-bán-PP
V3: BTP PET | W3: =974.3+569.6 -> 1543.9
V4: Chai PET | W4: 526.8
V5: Vảy PET | W5: 886.7
V6: Tổng | W6: =SUM(W3:W5) -> 2957.4
V21: BTP HD | W21: 309.8
V22: Vảy HD | W22: 270.8
V23: Tổng | W23: =SUM(W20:W22) -> 580.6
A27: RHDPE | B27: T1 | C27: T2 | D27: T3 | E27: T4 | F27: T5 | G27: T6 | H27: T7 | I27: T8 | J27: T9 | K27: T10 | L27: T11 | M27: T12 | N27: Lũy kế
A28: Bán thực tế | B28: ='SX và bán PP'!B28 -> 0 | C28: ='SX và bán PP'!C28 -> 0.675 | D28: ='SX và bán PP'!D28 -> 52.925 | E28: ='SX và bán PP'!E28 -> 6.675 | F28: ='SX và bán PP'!F28 -> 20.25 | G28: ='SX và bán PP'!G28 -> 24 | H28: ='SX và bán PP'!H28 -> 50.85 | I28: ='SX và bán PP'!I28 -> 16.55 | ... M28: ='SX và bán PP'!M28 -> 23.75 | N28: =SUM(B28:M28) -> 275
A29: Mua vô | B29: 0 | C29: 13.292 | D29: 43.294 | E29: 25.963 | F29: 31.962 | G29: 1.49 | H29: 9.248 | I29: 20.894 | J29: 0 | K29: 0 | L29: 0 | M29: 4.515 | N29: =SUM(B29:M29) -> 150.658
A30: Dự báo | B30: ='SX và bán PP'!B29 -> 50.94 | C30: ='SX và bán PP'!C29 -> 60.94 | D30: ='SX và bán PP'!D29 -> 86.44 | E30: ='SX và bán PP'!E29 -> 71.69 | F30: ='SX và bán PP'!F29 -> 91.69 | G30: ='SX và bán PP'!G29 -> 71.44 | H30: ='SX và bán PP'!H29 -> 101.44 | I30: ='SX và bán PP'!I29 -> 81.44 | ... M30: ='SX và bán PP'!M29 -> 87.44 | N30: =SUM(B30:M30) -> 999.78
A31: Tồn kho TP | B31: ='SX và bán PP'!B30 -> 401.28175 | C31: ='SX và bán PP'!C30 -> 401.54175 | D31: ='SX và bán PP'!D30 -> 377.61745 | E31: ='SX và bán PP'!E30 -> 384.35495 | F31: ='SX và bán PP'!F30 -> 393.52975 | G31: ='SX và bán PP'!G30 -> 356.88755 | H31: ='SX và bán PP'!H30 -> 317.04505 | I31: ='SX và bán PP'!I30 -> 311.45955 | ... N31: ='SX và bán PP'!N30 -> 287.8925
A32: Lũy kế SL bán thực tế | B32: =N28 -> 275 | C32: =B32 -> 275 | D32: =C32 -> 275 | E32: =D32 -> 275 | F32: =E32 -> 275 | G32: =F32 -> 275 | H32: =G32 -> 275 | I32: =H32 -> 275 | J32: =I32 -> 275 | ... M32: =L32 -> 275
A33: Lũy kế SL mua | B33: =N29 -> 150.658 | C33: =B33 -> 150.658 | D33: =C33 -> 150.658 | E33: =D33 -> 150.658 | F33: =E33 -> 150.658 | G33: =F33 -> 150.658 | H33: =G33 -> 150.658 | I33: =H33 -> 150.658 | J33: =I33 -> 150.658 | ... M33: =L33 -> 150.658
A34: Lũy kế SL bán dự báo | B34: =N30 -> 999.78 | C34: =B34 -> 999.78 | D34: =C34 -> 999.78 | E34: =D34 -> 999.78 | F34: =E34 -> 999.78 | G34: =F34 -> 999.78 | H34: =G34 -> 999.78 | I34: =H34 -> 999.78 | J34: =I34 -> 999.78 | ... M34: =L34 -> 999.78

Sheet Tổng SX và bán
A25: 2025 | B25: T1 | C25: T2 | D25: T3 | E25: T4 | F25: T5 | G25: T6 | H25: T7 | I25: T8 | J25: T9 | K25: T10 | L25: T11 | M25: T12 | N25: Lũy kế
A26: SL SX | B26: ='SX và bán PET'!B27+'SX và bán HD'!B27+'SX và bán PP'!B27+'SX và bán xơ sợi'!B27 -> 1839.731 | C26: ='SX và bán PET'!C27+'SX và bán HD'!C27+'SX và bán PP'!C27+'SX và bán xơ sợi'!C27 -> 2957.266 | D26: ='SX và bán PET'!D27+'SX và bán HD'!D27+'SX và bán PP'!D27+'SX và bán xơ sợi'!D27 -> 4821.92 | E26: ='SX và bán PET'!E27+'SX và bán HD'!E27+'SX và bán PP'!E27+'SX và bán xơ sợi'!E27 -> 4088.249 | F26: ='SX và bán PET'!F27+'SX và bán HD'!F27+'SX và bán PP'!F27+'SX và bán xơ sợi'!F27+3.843 -> 4828.971 | G26: ='SX và bán PET'!G27+'SX và bán HD'!G27+'SX và bán PP'!G27+'SX và bán xơ sợi'!G27+2.16 -> 4232.453 | H26: ='SX và bán PET'!H27+'SX và bán HD'!H27+'SX và bán PP'!H27+'SX và bán xơ sợi'!H27+0.149 -> 4561.641 | I26: ='SX và bán PET'!I27+'SX và bán HD'!I27+'SX và bán PP'!I27+'SX và bán xơ sợi'!I27+1.619 -> 4570.5645 | J26: ='SX và bán PET'!J27+'SX và bán HD'!J27+'SX và bán PP'!J27+'SX và bán xơ sợi'!J27+3.786 -> 4555.508 | K26: ='SX và bán PET'!K27+'SX và bán HD'!K27+'SX và bán PP'!K27+'SX và bán xơ sợi'!K27 -> 3173.918 | L26: ='SX và bán PET'!L27+'SX và bán HD'!L27+'SX và bán PP'!L27+'SX và bán xơ sợi'!L27+2.65 -> 2323.263 | M26: ='SX và bán PET'!M27+'SX và bán HD'!M27+'SX và bán PP'!M27+'SX và bán xơ sợi'!M27+1.811 -> 3552.8618 | N26: =SUM(B26:M26) -> 45506.346
A27: SL Bán | B27: ='SX và bán PET'!B28+'SX và bán HD'!B28+'SX và bán PP'!B28+'SX và bán xơ sợi'!B28 -> 3487.9993 | C27: ='SX và bán PET'!C28+'SX và bán HD'!C28+'SX và bán PP'!C28+'SX và bán xơ sợi'!C28 -> 5476.675 | D27: ='SX và bán PET'!D28+'SX và bán HD'!D28+'SX và bán PP'!D28+'SX và bán xơ sợi'!D28 -> 4580.05 | E27: ='SX và bán PET'!E28+'SX và bán HD'!E28+'SX và bán PP'!E28+'SX và bán xơ sợi'!E28 -> 3850.925 | F27: ='SX và bán PET'!F28+'SX và bán HD'!F28+'SX và bán PP'!F28+'SX và bán xơ sợi'!F28+3.839 -> 4582.7243 | G27: ='SX và bán PET'!G28+'SX và bán HD'!G28+'SX và bán PP'!G28+'SX và bán xơ sợi'!G28 -> 3673.208 | H27: ='SX và bán PET'!H28+'SX và bán HD'!H28+'SX và bán PP'!H28+'SX và bán xơ sợi'!H28 -> 4560.4241 | I27: ='SX và bán PET'!I28+'SX và bán HD'!I28+'SX và bán PP'!I28+'SX và bán xơ sợi'!I28 -> 5189.368 | J27: ='SX và bán PET'!J28+'SX và bán HD'!J28+'SX và bán PP'!J28+'SX và bán xơ sợi'!J28+7.718 -> 2657.043 | K27: ='SX và bán PET'!K28+'SX và bán HD'!K28+'SX và bán PP'!K28+'SX và bán xơ sợi'!K28 -> 3219.195 | L27: ='SX và bán PET'!L28+'SX và bán HD'!L28+'SX và bán PP'!L28+'SX và bán xơ sợi'!L28 -> 2510.415 | M27: ='SX và bán PET'!M28+'SX và bán HD'!M28+'SX và bán PP'!M28+'SX và bán xơ sợi'!M28+4.461 -> 2781.111 | N27: =SUM(B27:M27) -> 46569.138
A28: SL Bán dự báo | B28: ='SX và bán PET'!B29+'SX và bán HD'!B29+'SX và bán PP'!B29+'SX và bán xơ sợi'!B29 -> 3047.23 | C28: ='SX và bán PET'!C29+'SX và bán HD'!C29+'SX và bán PP'!C29+'SX và bán xơ sợi'!C29 -> 3649.23 | D28: ='SX và bán PET'!D29+'SX và bán HD'!D29+'SX và bán PP'!D29+'SX và bán xơ sợi'!D29 -> 3614.08 | E28: ='SX và bán PET'!E29+'SX và bán HD'!E29+'SX và bán PP'!E29+'SX và bán xơ sợi'!E29 -> 3882.18 | F28: ='SX và bán PET'!F29+'SX và bán HD'!F29+'SX và bán PP'!F29+'SX và bán xơ sợi'!F29 -> 5125.48 | G28: ='SX và bán PET'!G29+'SX và bán HD'!G29+'SX và bán PP'!G29+'SX và bán xơ sợi'!G29 -> 4946.23 | H28: ='SX và bán PET'!H29+'SX và bán HD'!H29+'SX và bán PP'!H29+'SX và bán xơ sợi'!H29 -> 5469.23 | I28: ='SX và bán PET'!I29+'SX và bán HD'!I29+'SX và bán PP'!I29+'SX và bán xơ sợi'!I29 -> 5438.73 | ... M28: ='SX và bán PET'!M29+'SX và bán HD'!M29+'SX và bán PP'!M29+'SX và bán xơ sợi'!M29 -> 5940.96 | N28: =SUM(B28:M28) -> 60000
A29: Tồn TP | B29: ='SX và bán PET'!B30+'SX và bán HD'!B30+'SX và bán PP'!B30+'SX và bán xơ sợi'!B30 -> 12431.016 | C29: ='SX và bán PET'!C30+'SX và bán HD'!C30+'SX và bán PP'!C30+'SX và bán xơ sợi'!C30 -> 10156.01 | D29: ='SX và bán PET'!D30+'SX và bán HD'!D30+'SX và bán PP'!D30+'SX và bán xơ sợi'!D30 -> 10242.05 | E29: ='SX và bán PET'!E30+'SX và bán HD'!E30+'SX và bán PP'!E30+'SX và bán xơ sợi'!E30 -> 10385.597 | F29: ='SX và bán PET'!F30+'SX và bán HD'!F30+'SX và bán PP'!F30+'SX và bán xơ sợi'!F30 -> 10753.504 | G29: ='SX và bán PET'!G30+'SX và bán HD'!G30+'SX và bán PP'!G30+'SX và bán xơ sợi'!G30 -> 11025.175 | H29: ='SX và bán PET'!H30+'SX và bán HD'!H30+'SX và bán PP'!H30+'SX và bán xơ sợi'!H30 -> 11073.454 | I29: ='SX và bán PET'!I30+'SX và bán HD'!I30+'SX và bán PP'!I30+'SX và bán xơ sợi'!I30 -> 10325.593 | ... N29: ='SX và bán PET'!N30+'SX và bán HD'!N30+'SX và bán PP'!N30+'SX và bán xơ sợi'!N30 -> 11701.407
A30: FC | N30: =SUM(B30:M30) -> 0
A31: Sản lượng S&OP | N31: =SUM(B31:M31) -> 0
A32: SL SX | B32: T1 | C32: T2 | D32: T3 | E32: T4 | F32: T5 | G32: T6 | H32: T7 | I32: T8 | J32: T9 | K32: T10 | L32: T11 | M32: T12 | N32: Tổng
A33: 2020 | I33: 67 | J33: 85 | K33: 146 | L33: 155 | M33: 124 | N33: =SUM(B33:M33) -> 577
A34: 2021 | B34: 144 | C34: 6 | D34: 401 | E34: 695 | F34: 88 | G34: 30 | H34: 95 | I34: 65 | J34: 224 | K34: 223 | L34: 586 | M34: 1103 | N34: =SUM(B34:M34) -> 3660
A35: 2022 | B35: 397 | C35: 731.725 | D35: 523.515 | E35: 840 | F35: 978.766 | G35: 922.25 | H35: 393.4 | I35: 1058.7 | J35: 943.2825 | K35: 1124.227 | L35: 1198.873 | M35: 1582.667 | N35: =SUM(B35:M35) -> 10694.405
A38: 2023 | B38: T1 | C38: T2 | D38: T3 | E38: T4 | F38: T5 | G38: T6 | H38: T7 | I38: T8 | J38: T9 | K38: T10 | L38: T11 | M38: T12 | N38: Lũy kế
A39: SL SX - PET | B39: ='SX và bán PET'!B27 -> 1486.234 | C39: ='SX và bán PET'!C27 -> 2278.12 | D39: ='SX và bán PET'!D27 -> 4026.846 | E39: ='SX và bán PET'!E27 -> 3597.1 | F39: ='SX và bán PET'!F27 -> 4141.162 | G39: ='SX và bán PET'!G27 -> 3810.13 | H39: ='SX và bán PET'!H27 -> 3923.7 | I39: ='SX và bán PET'!I27 -> 3919.8 | ... M39: ='SX và bán PET'!M27 -> 3191.1 | N39: =SUM(B39:M39) -> 38500.671
A40: SL SX - HD | B40: ='SX và bán HD'!B27 -> 248.928 | C40: ='SX và bán HD'!C27 -> 338.13 | D40: ='SX và bán HD'!D27 -> 394.099 | E40: ='SX và bán HD'!E27 -> 394.501 | F40: ='SX và bán HD'!F27 -> 544.189 | G40: ='SX và bán HD'!G27 -> 389.34 | H40: ='SX và bán HD'!H27 -> 410.942 | I40: ='SX và bán HD'!I27 -> 305.041 | ... M40: ='SX và bán HD'!M27 -> 339.6438 | N40: =SUM(B40:M40) -> 4547.3688
A41: SL SX - PP | B41: ='SX và bán PP'!B27 -> 0.069 | C41: ='SX và bán PP'!C27 -> 0.996 | D41: ='SX và bán PP'!D27 -> 74.425 | E41: ='SX và bán PP'!E27 -> 27.87 | F41: ='SX và bán PP'!F27 -> 30.577 | G41: ='SX và bán PP'!G27 -> 0.015 | H41: ='SX và bán PP'!H27 -> 2.75 | I41: ='SX và bán PP'!I27 -> 79.0045 | ... M41: ='SX và bán PP'!M27 -> 22.2335 | N41: =SUM(B41:M41) -> 316.029
A42: SL Bán- PET | B42: ='Mua-bán PET'!B29 -> 3307.1493 | C42: ='Mua-bán PET'!C29 -> 5164.5 | D42: ='Mua-bán PET'!D29 -> 4052.3 | E42: ='Mua-bán PET'!E29 -> 3575.4 | F42: ='Mua-bán PET'!F29 -> 4207.0103 | G42: ='Mua-bán PET'!G29 -> 3249.983 | H42: ='Mua-bán PET'!H29 -> 4238.1491 | I42: ='Mua-bán PET'!I29 -> 4665.943 | ... M42: ='Mua-bán PET'!M29 -> 2365.25 | N42: =SUM(B42:M42) -> 41402.37
A43: SL Bán- HD | B43: ='Mua-bán HD'!B29 -> 180.85 | C43: ='Mua-bán HD'!C29 -> 311.5 | D43: ='Mua-bán HD'!D29 -> 474.825 | E43: ='Mua-bán HD'!E29 -> 268.85 | F43: ='Mua-bán HD'!F29 -> 351.625 | G43: ='Mua-bán HD'!G29 -> 399.225 | H43: ='Mua-bán HD'!H29 -> 271.425 | I43: ='Mua-bán HD'!I29 -> 506.875 | ... M43: ='Mua-bán HD'!M29 -> 387.65 | N43: =SUM(B43:M43) -> 4875.75
A44: SL Bán- PP | B44: 0 | C44: 0 | D44: 0 | E44: 0 | F44: ='Mua-bán-PP'!F28 -> 20.25 | G44: ='Mua-bán-PP'!G28 -> 24 | H44: ='Mua-bán-PP'!H28 -> 50.85 | I44: ='Mua-bán-PP'!I28 -> 16.55 | J44: ='Mua-bán-PP'!J28 -> 51.55 | K44: ='Mua-bán-PP'!K28 -> 27.775 | L44: ='Mua-bán-PP'!L28 -> 0 | M44: ='Mua-bán-PP'!M28 -> 23.75 | N44: =SUM(B44:M44) -> 214.725
B46: =B27/B28 -> 1.1446459 | C46: =C27/C28 -> 1.5007755 | D46: =D27/D28 -> 1.2672796 | E46: =E27/E28 -> 0.99194911 | F46: =F27/F28 -> 0.89410637 | G46: =G27/G28 -> 0.74262782 | H46: =H27/H28 -> 0.83383293 | I46: =I27/I28 -> 0.95415069 | ... M46: =M27/M28 -> 0.46812485
A47: KD

Sheet SX và bán PET
A26: 2025 | B26: T1 | C26: T2 | D26: T3 | E26: T4 | F26: T5 | G26: T6 | H26: T7 | I26: T8 | J26: T9 | K26: T10 | L26: T11 | M26: T12 | N26: Lũy kế
A27: SL SX | B27: 1486.234 | C27: 2278.12 | D27: 4026.846 | E27: 3597.1 | F27: 4141.162 | G27: 3810.13 | H27: 3923.7 | I27: 3919.8 | J27: 3826.3 | K27: 2438.2 | L27: 1861.979 | M27: 3191.1 | N27: =SUM(B27:M27) -> 38500.671
A28: SL Bán | B28: 3296.1493 | C28: 5148 | D28: 4019.3 | E28: 3574.4 | F28: 4207.0103 | G28: 3103.083 | H28: 3670.3491 | I28: 4344.593 | J28: 1787 | K28: 2337.42 | L28: 2027.64 | M28: =2849.2-528-66 -> 2255.2 | N28: =SUM(B28:M28) -> 39770.145
A29: SL Bán dự báo | B29: 2716.29 | C29: 3222.29 | D29: 3018.89 | E29: 3087.24 | F29: 4135.54 | G29: 3943.54 | H29: 4435.54 | I29: 4349.54 | J29: 5075.54 | K29: 5302.26 | L29: 4678.78 | M29: 4674.77 | N29: =SUM(B29:M29) -> 48640.22
A30: Tồn TP | B30: 7701.0797 | C30: 5308.6233 | D30: 5050.2033 | E30: 5030.5533 | F30: 5170.4481 | G30: 5643.9726 | H30: 5964.8315 | I30: 5556.696 | J30: 6887.2171 | K30: 8048.6274 | L30: 7371.3165 | M30: 7687.446 | N30: =M30 -> 7687.446

Sheet SX và bán HD
A26: 2025 | B26: T1 | C26: T2 | D26: T3 | E26: T4 | F26: T5 | G26: T6 | H26: T7 | I26: T8 | J26: T9 | K26: T10 | L26: T11 | M26: T12 | N26: Lũy kế
A27: SL SX | B27: 248.928 | C27: 338.13 | D27: 394.099 | E27: 394.501 | F27: 544.189 | G27: 389.34 | H27: 410.942 | I27: 305.041 | J27: 346.457 | K27: 438.994 | L27: 397.104 | M27: 339.6438 | N27: =SUM(B27:M27) -> 4547.3688
A28: SL Bán | B28: 180.85 | C28: 311.5 | D28: 474.825 | E28: 268.85 | F28: 351.625 | G28: 399.225 | H28: 271.425 | I28: 506.875 | J28: 608.125 | K28: 659.325 | L28: 455.475 | M28: 387.65 | N28: =SUM(B28:M28) -> 4875.75
A29: SL Bán dự báo | B29: 260 | C29: 366 | D29: 458.75 | E29: 673.25 | F29: 688.25 | G29: 721.25 | H29: 832.25 | I29: 907.75 | J29: 953.75 | K29: 977.25 | L29: 1082.75 | M29: 1078.75 | N29: =SUM(B29:M29) -> 9000
A30: Tồn TP | B30: 3744.9288 | C30: 3800.9818 | D30: 3612.9632 | E30: 3701.6711 | F30: 3814.8038 | G30: 3735.7371 | H30: 3823.3564 | I30: 3590.3818 | J30: 3317.671 | K30: 3161.4224 | L30: 2833.8098 | M30: 2734.19 | N30: =M30 -> 2734.19
A31: FC | N31: =SUM(B31:M31) -> 0
A32: Sản lượng S&OP | N32: =SUM(B32:M32) -> 0

Sheet SX và bán PP
A26: 2025 | B26: T1 | C26: T2 | D26: T3 | E26: T4 | F26: T5 | G26: T6 | H26: T7 | I26: T8 | J26: T9 | K26: T10 | L26: T11 | M26: T12 | N26: Lũy kế
A27: SL SX | B27: 0.069 | C27: 0.996 | D27: 74.425 | E27: 27.87 | F27: 30.577 | G27: 0.015 | H27: 2.75 | I27: 79.0045 | J27: 41.715 | K27: 36.374 | L27: 0 | M27: 22.2335 | N27: =SUM(B27:M27) -> 316.029
A28: SL Bán | B28: 0 | C28: 0.675 | D28: 52.925 | E28: 6.675 | F28: 20.25 | G28: 24 | H28: 50.85 | I28: 16.55 | J28: 51.55 | K28: 27.775 | L28: 0 | M28: 23.75 | N28: =SUM(B28:M28) -> 275
A29: SL Bán dự báo | B29: 50.94 | C29: 60.94 | D29: 86.44 | E29: 71.69 | F29: 91.69 | G29: 71.44 | H29: 101.44 | I29: 81.44 | J29: 101.44 | K29: 87.44 | L29: 107.44 | M29: 87.44 | N29: =SUM(B29:M29) -> 999.78
A30: Tồn kho TP | B30: 401.28175 | C30: 401.54175 | D30: 377.61745 | E30: 384.35495 | F30: 393.52975 | G30: 356.88755 | H30: 317.04505 | I30: 311.45955 | J30: 320.90955 | K30: 305.43805 | L30: 301.60765 | M30: 287.8925 | N30: =M30 -> 287.8925
I32: =I28/I29 -> 0.20321709 | J32: =J28/J29 -> 0.50818218

Sheet SX và bán xơ sợi
A26: 2025 | B26: T1 | C26: T2 | D26: T3 | E26: T4 | F26: T5 | G26: T6 | H26: T7 | I26: T8 | J26: T9 | K26: T10 | L26: T11 | M26: T12 | N26: Lũy kế
A27: SL SX | B27: 104.5 | C27: 340.02 | D27: 326.55 | E27: 68.778 | F27: 109.2 | G27: 30.808 | H27: 224.1 | I27: 265.1 | J27: 337.25 | K27: 260.35 | L27: 61.53 | M27: -1.9265 | N27: =SUM(B27:M27) -> 2126.2595
A28: SL Bán | B28: 11 | C28: 16.5 | D28: 33 | E28: 1 | F28: 0 | G28: 146.9 | H28: 567.8 | I28: 321.35 | J28: 202.65 | K28: 194.675 | L28: 27.3 | M28: 110.05 | N28: =SUM(B28:M28) -> 1632.225
A29: SL Bán dự báo | B29: 20 | C29: 0 | D29: 50 | E29: 50 | F29: 210 | G29: 210 | H29: 100 | I29: 100 | J29: 320 | K29: 100 | L29: 100 | M29: 100 | N29: =SUM(B29:M29) -> 1360
A30: Tồn kho TP | B30: 583.7257 | C30: 644.8636 | D30: 1201.2661 | E30: 1269.0181 | F30: 1374.7221 | G30: 1288.5773 | H30: 968.2208 | I30: 867.0558 | J30: 1002.6938 | K30: 1066.6112 | L30: 1100.2538 | M30: 991.8786 | N30: =M30 -> 991.8786

Sheet SL TP&BTP
A32: 2023 | B32: T1 | C32: T2 | D32: T3 | E32: T4 | F32: T5 | G32: T6 | H32: T7 | I32: T8 | J32: T9 | K32: T10 | L32: T11 | M32: T12 | N32: Lũy kế
A33: TP | B33: ='Tổng SX và bán'!B26 -> 1839.731 | C33: ='Tổng SX và bán'!C26 -> 2957.266 | D33: ='Tổng SX và bán'!D26 -> 4821.92 | E33: ='Tổng SX và bán'!E26 -> 4088.249 | F33: ='Tổng SX và bán'!F26 -> 4828.971 | G33: ='Tổng SX và bán'!G26 -> 4232.453 | H33: ='Tổng SX và bán'!H26 -> 4561.641 | I33: ='Tổng SX và bán'!I26 -> 4570.5645 | ... M33: ='Tổng SX và bán'!M26 -> 3552.8618 | N33: =SUM(B33:M33) -> 45506.346
A34: BTP | B34: 2053.664 | C34: 3101.153 | D34: 4388.925 | E34: 3271.282 | F34: 4243.4329 | G34: 4511.038 | H34: 4847.8631 | I34: 4681.2247 | J34: 4640.3549 | K34: 5647.4638 | L34: 6490.8777 | M34: ='Mua-bán HD'!M21 -> 0 | N34: =SUM(B34:M34) -> 47877.279

Sheet Data
B2: GIÁ MUA CHAI & VẢY PET NĂM 2022
F3: Tỷ giá | H3: 23147 | I3: 23135 | J3: 23142 | K3: 23194 | L3: 23204 | M3: 23160 | N3: 23141 | O3: 23161 | P3: 23161 | Q3: 23123 | R3: 23156 | S3: 23126 | T3: 23180 | U3: 23108 | V3: =U3 -> 23108 | W3: =V3 -> 23108 | X3: =W3 -> 23108
A4: Stt | B4: Mã SAP | C4: Tên hàng hóa SAP | D4: Mã SP | E4: Tên sản phẩm | F4: Diễn giải | G4: Đơn vị tính | H4: T1.21 | I4: T2.21 | J4: T3.21 | K4: T4.21 | L4: T5.21 | M4: T6.21 | N4: T7.21 | O4: T8.21 | P4: T9.21 | Q4: T10.21 | R4: T11.21 | S4: T12.21 | T4: T1.22 | U4: T2.22 | V4: T3.22 | W4: T4.22 | X4: T5.22 | Y4: T6.22 | Z4: T7.22 | AA4: T8.22 | AB4: T9.22 | AC4: T10.22 | AD4: T11.22 | AE4: T12.22
A5: 1 | B5: 150000001 | D5: B0 | E5: B0 - Chai PET xá | F5: Chai xá các loại | G5: đồng /kg | H5: 9000 | I5: 9000 | J5: 9000 | K5: 9000 | L5: 9000 | M5: 9000 | N5: 9000 | O5: 9000 | P5: 9000 | Q5: 9000 | R5: 9500 | S5: 9500 | T5: 10000 | U5: 10500 | V5: 10500 | W5: =V5 -> 10500
A6: 2 | B6: 150000003 | C6: Chai PET _DB01 | D6: B1 | E6: B1 - Chai PET tuyển nước ngọt | F6: Chai tuyển ép kiện, tách nhãn | G6: đồng /kg | H6: 15800 | I6: 15800 | J6: 15800 | K6: 15800 | L6: 15800 | M6: 15800 | N6: 15800 | O6: 15800 | P6: 15800 | Q6: 15800 | R6: 15800 | S6: 16000 | T6: 16000 | U6: 16000 | V6: 16700 | W6: =V6 -> 16700
A7: 3 | B7: 150000007 | C7: Vảy PET DBF01-CR | D7: A4 | E7: A4 - Vảy PET tuyển -RL mua ngoài | F7: Vảy PET tuyển RL | G7: đồng /kg | H7: 18000 | I7: 18000 | J7: 18000 | K7: 18000 | L7: 18000 | M7: 18000 | N7: 18000 | O7: 18000 | P7: 18000 | Q7: 19000 | R7: 19000 | S7: 19000 | T7: 19000 | U7: 19000 | V7: 19700 | W7: 21500 | X7: 21500
A8: 4 | B8: 110000329 | C8: Hạt rPET WSS01 | D8: WSS01 | E8: WSS01 - Hạt rPET (IV 0.78) | F8: Giá FOB - WSS01 | G8: đồng /kg | H8: =H10*H3/1000 -> 28933.75 | I8: =I10*I3/1000 -> 28918.75 | J8: =J10*J3/1000 -> 28927.5 | K8: =K10*K3/1000 -> 28992.5 | L8: =L10*L3/1000 -> 29005 | M8: =M10*M3/1000 -> 28950 | N8: =N10*N3/1000 -> 29389.07 | O8: =O10*O3/1000 -> 29414.47 | ... X8: =X10*X3/1000 -> #REF!
A9: 5 | B9: 110000329 | C9: Hạt rPET WSS01 | D9: WSS01 | E9: WSS01 - Hạt rPET (IV 0.78) | F9: Giá EXW - WSS01 | G9: $ /tấn | H9: =H10-20 -> 1230 | I9: =I10-20 -> 1230 | J9: =J10-20 -> 1230 | K9: =K10-20 -> 1230 | L9: =L10-20 -> 1230 | M9: =M10-20 -> 1230 | N9: =N10-20 -> 1250 | O9: =O10-20 -> 1250 | ... U9: =U10-20 -> 1300 | V9: 1450 | W9: 1550 | X9: =#REF! -> #REF!
A10: 6 | B10: 110000329 | C10: Hạt rPET WSS01 | D10: WSS01 | E10: WSS01 - Hạt rPET (IV 0.78) | F10: Giá FOB - WSS01 | G10: $ /tấn | H10: 1250 | I10: 1250 | J10: 1250 | K10: 1250 | L10: 1250 | M10: 1250 | N10: 1270 | O10: 1270 | P10: 1270 | Q10: 1270 | R10: 1320 | S10: 1320 | T10: 1320 | U10: 1320 | V10: =V9+20 -> 1470 | W10: =W9+20 -> 1570 | X10: =X9+20 -> #REF!
A11: 7 | B11: 110000330 | C11: Hạt rPET SS01 | D11: SS01 | E11: SS01 - Hạt rPET (IV 0.82) | F11: Giá FOB - SS01 | G11: $ /tấn | H11: =H10+30 -> 1280 | I11: =I10+30 -> 1280 | J11: =J10+30 -> 1280 | K11: =K10+30 -> 1280 | L11: =L10+30 -> 1280 | M11: =M10+30 -> 1280 | N11: =N10+30 -> 1300 | O11: =O10+30 -> 1300 | ... R11: =R10+30 -> 1350 | S11: =S10+50 -> 1370 | T11: =T10+50 -> 1370 | U11: =U10+50 -> 1370 | V11: =V10+100 -> 1570 | W11: =W10+100 -> 1670 | X11: =X10+100 -> #REF!
A12: 8 | B12: 160009895 | C12: Vảy PET DT-DBF01 | D12: DBF01 | E12: DBF01 - Vảy rPET | F12: DBF01 - Vảy rPET | G12: $ /tấn | P12: =P10-100 -> 1170 | Q12: =Q10-100 -> 1170 | R12: =R10-100 -> 1220 | S12: =S10-100 -> 1220 | T12: =T10-100 -> 1220 | U12: =U10-100 -> 1220 | V12: =V10-100 -> 1370 | W12: =W10-100 -> 1470 | X12: =X10-100 -> #REF!
A13: 9 | D13: ICIS | E13: ICIS giá rPET ($ /tấn) | F13: ICIS giá rPET | G13: $ /tấn | O13: 1300 | P13: 1300 | Q13: 1350 | R13: 1350 | S13: 1350 | T13: 1350 | U13: 1500 | V13: 1525 | W13: 1525 | X13: 1550
A14: 10 | D14: ICIS | E14: ICIS giá rPET (Đồng /kg) | F14: ICIS giá rPET | G14: đồng /kg | O14: =O13*O3/1000 -> 30109.3 | P14: =P13*P3/1000 -> 30109.3 | Q14: =Q13*Q3/1000 -> 31216.05 | R14: =R13*R3/1000 -> 31260.6 | S14: =S13*S3/1000 -> 31220.1 | T14: =T13*T3/1000 -> 31293 | U14: =U13*U3/1000 -> 34662 | V14: =V13*V3/1000 -> 35239.7 | ... X14: =X13*X3/1000 -> 35817.4

Sheet Data2
A1: MA TRẬN GIÁ BÁN HẠT rPET WSS01
L2: Lấy giá CIF - 60 USD
A3: Tháng | B3: Giá mua vảy PET A4 | C3: % tăng tháng này | D3: DTR_FOB | F3: ICIS_FOB rPET | H3: FOB ICIS vs DTR | I3: DTR_giá bán EXW | K3: % lãi gộp Vảy /Giá bán trong nước | L3: Đối Thủ FENC_FOB Taiwan Giá cao
B4: (đ/kg) | C4: so với tháng trước | D4: Đồng/kg | E4: USD/tấn | F4: tại ĐNA (đ/kg) | G4: tại ĐNA (USD/tấn) | H4: (USD/tấn) | I4: Đồng/kg | J4: rPET WSS01 (USD/tấn)
A5: T1.21 | B5: =HLOOKUP($A5,Data!$D$4:$AE$12,4,0) -> 18000 | D5: =HLOOKUP($A5,Data!$D$4:$AE$12,5,0) -> 28933.75 | E5: =HLOOKUP($A5,Data!$D$4:$AE$12,7,0) -> 1250 | J5: =HLOOKUP($A5,Data!$D$4:$AE$12,6,0) -> 1230
A6: T2.21 | B6: =HLOOKUP($A6,Data!$D$4:$AE$12,4,0) -> 18000 | C6: =B6/B5-1 -> 0 | D6: =HLOOKUP($A6,Data!$D$4:$AE$12,5,0) -> 28918.75 | E6: =HLOOKUP($A6,Data!$D$4:$AE$12,7,0) -> 1250 | J6: =HLOOKUP($A6,Data!$D$4:$AE$12,6,0) -> 1230
A7: T3.21 | B7: =HLOOKUP($A7,Data!$D$4:$AE$12,4,0) -> 18000 | C7: =B7/B6-1 -> 0 | D7: =HLOOKUP($A7,Data!$D$4:$AE$12,5,0) -> 28927.5 | E7: =HLOOKUP($A7,Data!$D$4:$AE$12,7,0) -> 1250 | J7: =HLOOKUP($A7,Data!$D$4:$AE$12,6,0) -> 1230
A8: T4.21 | B8: =HLOOKUP($A8,Data!$D$4:$AE$12,4,0) -> 18000 | C8: =B8/B7-1 -> 0 | D8: =HLOOKUP($A8,Data!$D$4:$AE$12,5,0) -> 28992.5 | E8: =HLOOKUP($A8,Data!$D$4:$AE$12,7,0) -> 1250 | J8: =HLOOKUP($A8,Data!$D$4:$AE$12,6,0) -> 1230
A9: T5.21 | B9: =HLOOKUP($A9,Data!$D$4:$AE$12,4,0) -> 18000 | C9: =B9/B8-1 -> 0 | D9: =HLOOKUP($A9,Data!$D$4:$AE$12,5,0) -> 29005 | E9: =HLOOKUP($A9,Data!$D$4:$AE$12,7,0) -> 1250 | J9: =HLOOKUP($A9,Data!$D$4:$AE$12,6,0) -> 1230
A10: T6.21 | B10: =HLOOKUP($A10,Data!$D$4:$AE$12,4,0) -> 18000 | C10: =B10/B9-1 -> 0 | D10: =HLOOKUP($A10,Data!$D$4:$AE$12,5,0) -> 28950 | E10: =HLOOKUP($A10,Data!$D$4:$AE$12,7,0) -> 1250 | J10: =HLOOKUP($A10,Data!$D$4:$AE$12,6,0) -> 1230
A11: T7.21 | B11: =HLOOKUP($A11,Data!$D$4:$AE$12,4,0) -> 18000 | C11: =B11/B10-1 -> 0 | D11: =HLOOKUP($A11,Data!$D$4:$AE$12,5,0) -> 29389.07 | E11: =HLOOKUP($A11,Data!$D$4:$AE$12,7,0) -> 1270 | J11: =HLOOKUP($A11,Data!$D$4:$AE$12,6,0) -> 1250
A12: T8.21 | B12: =HLOOKUP($A12,Data!$D$4:$AE$12,4,0) -> 18000 | C12: =B12/B11-1 -> 0 | D12: =HLOOKUP($A12,Data!$D$4:$AE$12,5,0) -> 29414.47 | E12: =HLOOKUP($A12,Data!$D$4:$AE$12,7,0) -> 1270 | F12: =HLOOKUP($A12,Data!$D$4:$AE$14,11,0) -> 30109.3 | G12: =HLOOKUP($A12,Data!$D$4:$AE$13,10,0) -> 1300 | H12: =G12-E12 -> 30 | J12: =HLOOKUP($A12,Data!$D$4:$AE$12,6,0) -> 1250 | L12: 1350
A13: T9.21 | B13: =HLOOKUP($A13,Data!$D$4:$AE$12,4,0) -> 18000 | C13: =B13/B12-1 -> 0 | D13: =HLOOKUP($A13,Data!$D$4:$AE$12,5,0) -> 29414.47 | E13: =HLOOKUP($A13,Data!$D$4:$AE$12,7,0) -> 1270 | F13: =HLOOKUP($A13,Data!$D$4:$AE$14,11,0) -> 30109.3 | G13: =HLOOKUP($A13,Data!$D$4:$AE$13,10,0) -> 1300 | H13: =G13-E13 -> 30 | J13: =HLOOKUP($A13,Data!$D$4:$AE$12,6,0) -> 1250 | L13: 1350
A14: T10.21 | B14: =HLOOKUP($A14,Data!$D$4:$AE$12,4,0) -> 19000 | C14: =B14/B13-1 -> 0.055555556 | D14: =HLOOKUP($A14,Data!$D$4:$AE$12,5,0) -> 29366.21 | E14: =HLOOKUP($A14,Data!$D$4:$AE$12,7,0) -> 1270 | F14: =HLOOKUP($A14,Data!$D$4:$AE$14,11,0) -> 31216.05 | G14: =HLOOKUP($A14,Data!$D$4:$AE$13,10,0) -> 1350 | H14: =G14-E14 -> 80 | J14: =HLOOKUP($A14,Data!$D$4:$AE$12,6,0) -> 1250 | K14: =1-(B14/D14) -> 0.35299788 | L14: =1350-60 -> 1290
A15: T11.21 | B15: =HLOOKUP($A15,Data!$D$4:$AE$12,4,0) -> 19000 | C15: =B15/B14-1 -> 0 | D15: =HLOOKUP($A15,Data!$D$4:$AE$12,5,0) -> 30565.92 | E15: =HLOOKUP($A15,Data!$D$4:$AE$12,7,0) -> 1320 | F15: =HLOOKUP($A15,Data!$D$4:$AE$14,11,0) -> 31260.6 | G15: =HLOOKUP($A15,Data!$D$4:$AE$13,10,0) -> 1350 | H15: =G15-E15 -> 30 | I15: =J15*23156/1000 -> 30102.8 | J15: =HLOOKUP($A15,Data!$D$4:$AE$12,6,0) -> 1300 | K15: =1-(B15/I15) -> 0.36882948 | L15: =1350-60 -> 1290
A16: T12.21 | B16: =HLOOKUP($A16,Data!$D$4:$AE$12,4,0) -> 19000 | C16: =B16/B15-1 -> 0 | D16: =HLOOKUP($A16,Data!$D$4:$AE$12,5,0) -> 30526.32 | E16: =HLOOKUP($A16,Data!$D$4:$AE$12,7,0) -> 1320 | F16: =HLOOKUP($A16,Data!$D$4:$AE$14,11,0) -> 31220.1 | G16: =HLOOKUP($A16,Data!$D$4:$AE$13,10,0) -> 1350 | H16: =G16-E16 -> 30 | I16: =J16*23126/1000 -> 30063.8 | J16: =HLOOKUP($A16,Data!$D$4:$AE$12,6,0) -> 1300 | K16: =1-(B16/I16) -> 0.3680107 | L16: =1350-60 -> 1290
A17: T1.22 | B17: =HLOOKUP($A17,Data!$D$4:$AE$12,4,0) -> 19000 | C17: =B17/B16-1 -> 0 | D17: =HLOOKUP($A17,Data!$D$4:$AE$12,5,0) -> 30597.6 | E17: =HLOOKUP($A17,Data!$D$4:$AE$12,7,0) -> 1320 | F17: =HLOOKUP($A17,Data!$D$4:$AE$14,11,0) -> 31293 | G17: =HLOOKUP($A17,Data!$D$4:$AE$13,10,0) -> 1350 | H17: =G17-E17 -> 30 | I17: =J17*23180/1000 -> 30134 | J17: =HLOOKUP($A17,Data!$D$4:$AE$12,6,0) -> 1300 | K17: =1-(B17/I17) -> 0.36948298 | L17: =1400-60 -> 1340
A18: T2.22 | B18: =HLOOKUP($A18,Data!$D$4:$AE$12,4,0) -> 19000 | C18: =B18/B17-1 -> 0 | D18: =HLOOKUP($A18,Data!$D$4:$AE$12,5,0) -> 30502.56 | E18: =HLOOKUP($A18,Data!$D$4:$AE$12,7,0) -> 1320 | F18: =HLOOKUP($A18,Data!$D$4:$AE$14,11,0) -> 34662 | G18: =HLOOKUP($A18,Data!$D$4:$AE$13,10,0) -> 1500 | H18: =G18-E18 -> 180 | I18: =J18*23108/1000 -> 30040.4 | J18: =HLOOKUP($A18,Data!$D$4:$AE$12,6,0) -> 1300 | K18: =1-(B18/I18) -> 0.36751841 | L18: =2040-60 -> 1980
A19: T3.22 | B19: =HLOOKUP($A19,Data!$D$4:$AE$12,4,0) -> 19700 | C19: =B19/B18-1 -> 0.036842105 | D19: =HLOOKUP($A19,Data!$D$4:$AE$12,5,0) -> 33968.76 | E19: =HLOOKUP($A19,Data!$D$4:$AE$12,7,0) -> 1470 | F19: =HLOOKUP($A19,Data!$D$4:$AE$14,11,0) -> 35239.7 | G19: =HLOOKUP($A19,Data!$D$4:$AE$13,10,0) -> 1525 | H19: =G19-E19 -> 55 | I19: =J19*23108/1000 -> 33506.6 | J19: =HLOOKUP($A19,Data!$D$4:$AE$12,6,0) -> 1450 | K19: =1-(B19/I19) -> 0.41205613 | L19: =2040-60 -> 1980
A20: T4.22 | B20: =HLOOKUP($A20,Data!$D$4:$AE$12,4,0) -> 21500 | C20: =B20/B19-1 -> 0.091370558 | D20: =HLOOKUP($A20,Data!$D$4:$AE$12,5,0) -> 36279.56 | E20: =HLOOKUP($A20,Data!$D$4:$AE$12,7,0) -> 1570 | F20: =HLOOKUP($A20,Data!$D$4:$AE$14,11,0) -> 35239.7 | G20: =HLOOKUP($A20,Data!$D$4:$AE$13,10,0) -> 1525 | H20: =G20-E20 -> -45 | I20: =J20*23108/1000 -> 35817.4 | J20: =HLOOKUP($A20,Data!$D$4:$AE$12,6,0) -> 1550 | K20: =1-(B20/I20) -> 0.39973309 | L20: =2040-60 -> 1980
A21: T5.22 | B21: 21500 | C21: =B21/B20-1 -> 0 | D21: =HLOOKUP($A21,Data!$D$4:$AE$12,5,0) -> #REF! | E21: =HLOOKUP($A21,Data!$D$4:$AE$12,7,0) -> #REF! | F21: =HLOOKUP($A21,Data!$D$4:$AE$14,11,0) -> 35817.4 | G21: =HLOOKUP($A21,Data!$D$4:$AE$13,10,0) -> 1550 | H21: =G21-E21 -> #REF! | I21: =J21*23108/1000 -> #REF! | J21: =HLOOKUP($A21,Data!$D$4:$AE$12,6,0) -> #REF! | K21: =1-(B21/I21) -> #REF! | L21: =2050-60 -> 1990
A22: T6.22 | B22: 21500 | C22: =B22/B21-1 -> 0 | D22: =#REF! -> #REF! | E22: =#REF! -> #REF! | F22: =G22*23150/1000 -> 37665.05 | G22: 1627 | I22: =#REF! -> #REF! | J22: =#REF! -> #REF! | K22: =1-(B22/I22) -> #REF! | M22: TG: 23.315 đ/usd
A23: T7.22 | B23: 21500 | C23: =B23/B22-1 -> 0 | D23: 36279.56 | E23: 1570 | F23: =G23*23150/1000 -> 37040 | G23: 1600 | H23: =G23-E23 -> 30 | I23: =J23*23108/1000 -> 35817.4 | J23: 1550 | K23: =1-(B23/I23) -> 0.39973309 | L23: =2040-60 -> 1980
B26: 19000

Sheet ICIS
B2: ICIS Dashboard Price History
B3: Generated | C3: 02 Mar 2022 07:16:15
B4: Data | C4: Price History
B5: Date Range | C5: From 02 Mar 2021 to 02 Mar 2022
B6: Original Currency | C6: USD | D6: USD | E6: USD
B7: Original Unit | C7: tonne | D7: tonne | E7: tonne
B8: Original Frequency | C8: Weekly | D8: Weekly | E8: Weekly
B9: Selected Currency | C9: USD | D9: USD | E9: USD
B10: Selected Unit | C10: tonne | D10: tonne | E10: tonne
B11: Selected Frequency | C11: Original Quoted Frequency | D11: Original Quoted Frequency | E11: Original Quoted Frequency
B13: Date | C13: RPET Pellets FOB Asia SE Assessment Spot 0-6 Weeks Full Market Range Weekly (Low) : USD/tonne | D13: RPET Pellets FOB Asia SE Assessment Spot 0-6 Weeks Full Market Range Weekly (High) : USD/tonne | E13: RPET Pellets FOB Asia SE Assessment Spot 0-6 Weeks Full Market Range Weekly (Mid) : USD/tonne
B14: 07-Sep-2021 | C14: 1300 | D14: 1400 | E14: 1350
B15: 14-Sep-2021 | C15: 1200 | D15: 1400 | E15: 1300
B16: 21-Sep-2021 | C16: 1200 | D16: 1400 | E16: 1300
B17: 28-Sep-2021 | C17: 1200 | D17: 1400 | E17: 1300
B18: 05-Oct-2021 | C18: 1200 | D18: 1400 | E18: 1300
B19: 12-Oct-2021 | C19: 1200 | D19: 1500 | E19: 1350
B20: 19-Oct-2021 | C20: 1200 | D20: 1500 | E20: 1350
B21: 26-Oct-2021 | C21: 1200 | D21: 1500 | E21: 1350
B22: 02-Nov-2021 | C22: 1200 | D22: 1500 | E22: 1350
B23: 09-Nov-2021 | C23: 1200 | D23: 1500 | E23: 1350
B24: 16-Nov-2021 | C24: 1200 | D24: 1500 | E24: 1350
B25: 23-Nov-2021 | C25: 1200 | D25: 1500 | E25: 1350
... B38: 01-Mar-2022 | C38: 1400 | D38: 1650 | E38: 1525
