Workbook

Sheet >Slide

Sheet Slide 1
D1: (đã trừ cp hoa hồng) | E1: (đã trừ cp hoa hồng)
B2: Doanh thu hàng tháng | C2: Doanh thu LK | D2: LN hàng tháng | E2: LN LK | G2: Cp hoa hồng | H2: Cp hoa hồng LK
B3: tr.đ | C3: tr.đ | D3: tr.đ | E3: tr.đ | G3: tr.đ | H3: tr.đ
A4: 1 | B4: =SUMIFS('Điều chỉnh'!$G$10:$BE$10,'Điều chỉnh'!$G$1:$BE$1,'Slide 1'!$A4,'Điều chỉnh'!$G$4:$BE$4,"Sau đ/c") -> 0 | C4: =SUM(B$4:B4) -> 0 | D4: =SUMIFS('Điều chỉnh'!$G$15:$BE$15,'Điều chỉnh'!$G$1:$BE$1,'Slide 1'!$A4,'Điều chỉnh'!$G$4:$BE$4,"Sau đ/c") -> 0 | E4: =SUM(D$4:D4) -> 0 | G4: =SUMIFS('Điều chỉnh'!$G$14:$BE$14,'Điều chỉnh'!$G$1:$BE$1,'Slide 1'!$A4,'Điều chỉnh'!$G$4:$BE$4,"Sau đ/c") -> 0 | H4: =SUM(G$4:G4) -> 0
A5: 2 | B5: =SUMIFS('Điều chỉnh'!$G$10:$BE$10,'Điều chỉnh'!$G$1:$BE$1,'Slide 1'!$A5,'Điều chỉnh'!$G$4:$BE$4,"Sau đ/c") -> 7465.5 | C5: =SUM(B$4:B5) -> 7465.5 | D5: =SUMIFS('Điều chỉnh'!$G$15:$BE$15,'Điều chỉnh'!$G$1:$BE$1,'Slide 1'!$A5,'Điều chỉnh'!$G$4:$BE$4,"Sau đ/c") -> 810.58177 | E5: =SUM(D$4:D5) -> 810.58177 | G5: =SUMIFS('Điều chỉnh'!$G$14:$BE$14,'Điều chỉnh'!$G$1:$BE$1,'Slide 1'!$A5,'Điều chỉnh'!$G$4:$BE$4,"Sau đ/c") -> 553.55 | H5: =SUM(G$4:G5) -> 553.55 | J5: 0
A6: 3 | B6: =SUMIFS('Điều chỉnh'!$G$10:$BE$10,'Điều chỉnh'!$G$1:$BE$1,'Slide 1'!$A6,'Điều chỉnh'!$G$4:$BE$4,"Sau đ/c") -> 2755 | C6: =SUM(B$4:B6) -> 10220.5 | D6: =SUMIFS('Điều chỉnh'!$G$15:$BE$15,'Điều chỉnh'!$G$1:$BE$1,'Slide 1'!$A6,'Điều chỉnh'!$G$4:$BE$4,"Sau đ/c") -> 421.15388 | E6: =SUM(D$4:D6) -> 1231.7356 | G6: =SUMIFS('Điều chỉnh'!$G$14:$BE$14,'Điều chỉnh'!$G$1:$BE$1,'Slide 1'!$A6,'Điều chỉnh'!$G$4:$BE$4,"Sau đ/c") -> 205.5 | H6: =SUM(G$4:G6) -> 759.05 | J6: 0
A7: 4 | B7: =SUMIFS('Điều chỉnh'!$G$10:$BE$10,'Điều chỉnh'!$G$1:$BE$1,'Slide 1'!$A7,'Điều chỉnh'!$G$4:$BE$4,"Sau đ/c") -> 2242.5 | C7: =SUM(B$4:B7) -> 12463 | D7: =SUMIFS('Điều chỉnh'!$G$15:$BE$15,'Điều chỉnh'!$G$1:$BE$1,'Slide 1'!$A7,'Điều chỉnh'!$G$4:$BE$4,"Sau đ/c") -> 197.16733 | E7: =SUM(D$4:D7) -> 1428.903 | G7: =SUMIFS('Điều chỉnh'!$G$14:$BE$14,'Điều chỉnh'!$G$1:$BE$1,'Slide 1'!$A7,'Điều chỉnh'!$G$4:$BE$4,"Sau đ/c") -> 164.25 | H7: =SUM(G$4:G7) -> 923.3 | J7: 0
A8: 5 | B8: =SUMIFS('Điều chỉnh'!$G$10:$BE$10,'Điều chỉnh'!$G$1:$BE$1,'Slide 1'!$A8,'Điều chỉnh'!$G$4:$BE$4,"Sau đ/c") -> 1360 | C8: =SUM(B$4:B8) -> 13823 | D8: =SUMIFS('Điều chỉnh'!$G$15:$BE$15,'Điều chỉnh'!$G$1:$BE$1,'Slide 1'!$A8,'Điều chỉnh'!$G$4:$BE$4,"Sau đ/c") -> -87.625129 | E8: =SUM(D$4:D8) -> 1341.2778 | G8: =SUMIFS('Điều chỉnh'!$G$14:$BE$14,'Điều chỉnh'!$G$1:$BE$1,'Slide 1'!$A8,'Điều chỉnh'!$G$4:$BE$4,"Sau đ/c") -> 96 | H8: =SUM(G$4:G8) -> 1019.3 | J8: 0
A9: 6 | B9: =SUMIFS('Điều chỉnh'!$G$10:$BE$10,'Điều chỉnh'!$G$1:$BE$1,'Slide 1'!$A9,'Điều chỉnh'!$G$4:$BE$4,"Sau đ/c") -> 1780 | C9: =SUM(B$4:B9) -> 15603 | D9: =SUMIFS('Điều chỉnh'!$G$15:$BE$15,'Điều chỉnh'!$G$1:$BE$1,'Slide 1'!$A9,'Điều chỉnh'!$G$4:$BE$4,"Sau đ/c") -> 97.09175 | E9: =SUM(D$4:D9) -> 1438.3696 | G9: =SUMIFS('Điều chỉnh'!$G$14:$BE$14,'Điều chỉnh'!$G$1:$BE$1,'Slide 1'!$A9,'Điều chỉnh'!$G$4:$BE$4,"Sau đ/c") -> 128 | H9: =SUM(G$4:G9) -> 1147.3 | J9: 0
A10: 7 | B10: =SUMIFS('Điều chỉnh'!$G$10:$BE$10,'Điều chỉnh'!$G$1:$BE$1,'Slide 1'!$A10,'Điều chỉnh'!$G$4:$BE$4,"Sau đ/c") -> 340 | C10: =SUM(B$4:B10) -> 15943 | D10: =SUMIFS('Điều chỉnh'!$G$15:$BE$15,'Điều chỉnh'!$G$1:$BE$1,'Slide 1'!$A10,'Điều chỉnh'!$G$4:$BE$4,"Sau đ/c") -> -19.77894 | E10: =SUM(D$4:D10) -> 1418.5907 | G10: =SUMIFS('Điều chỉnh'!$G$14:$BE$14,'Điều chỉnh'!$G$1:$BE$1,'Slide 1'!$A10,'Điều chỉnh'!$G$4:$BE$4,"Sau đ/c") -> 24 | H10: =SUM(G$4:G10) -> 1171.3 | J10: 32.319144
A11: 8 | B11: =SUMIFS('Điều chỉnh'!$G$10:$BE$10,'Điều chỉnh'!$G$1:$BE$1,'Slide 1'!$A11,'Điều chỉnh'!$G$4:$BE$4,"Sau đ/c") -> 1456 | C11: =SUM(B$4:B11) -> 17399 | D11: =SUMIFS('Điều chỉnh'!$G$15:$BE$15,'Điều chỉnh'!$G$1:$BE$1,'Slide 1'!$A11,'Điều chỉnh'!$G$4:$BE$4,"Sau đ/c") -> 185.52896 | E11: =SUM(D$4:D11) -> 1604.1196 | G11: =SUMIFS('Điều chỉnh'!$G$14:$BE$14,'Điều chỉnh'!$G$1:$BE$1,'Slide 1'!$A11,'Điều chỉnh'!$G$4:$BE$4,"Sau đ/c") -> 105.6 | H11: =SUM(G$4:G11) -> 1276.9 | J11: 0
A12: 9 | B12: =SUMIFS('Điều chỉnh'!$G$10:$BE$10,'Điều chỉnh'!$G$1:$BE$1,'Slide 1'!$A12,'Điều chỉnh'!$G$4:$BE$4,"Sau đ/c") -> 4056.5 | C12: =SUM(B$4:B12) -> 21455.5 | D12: =SUMIFS('Điều chỉnh'!$G$15:$BE$15,'Điều chỉnh'!$G$1:$BE$1,'Slide 1'!$A12,'Điều chỉnh'!$G$4:$BE$4,"Sau đ/c") -> 99.271437 | E12: =SUM(D$4:D12) -> 1703.391 | G12: =SUMIFS('Điều chỉnh'!$G$14:$BE$14,'Điều chỉnh'!$G$1:$BE$1,'Slide 1'!$A12,'Điều chỉnh'!$G$4:$BE$4,"Sau đ/c") -> 295.65 | H12: =SUM(G$4:G12) -> 1572.55 | J12: 0
A13: 10 | B13: =SUMIFS('Điều chỉnh'!$G$10:$BE$10,'Điều chỉnh'!$G$1:$BE$1,'Slide 1'!$A13,'Điều chỉnh'!$G$4:$BE$4,"Sau đ/c") -> 2456 | C13: =SUM(B$4:B13) -> 23911.5 | D13: =SUMIFS('Điều chỉnh'!$G$15:$BE$15,'Điều chỉnh'!$G$1:$BE$1,'Slide 1'!$A13,'Điều chỉnh'!$G$4:$BE$4,"Sau đ/c") -> 73.634926 | E13: =SUM(D$4:D13) -> 1777.026 | G13: =SUMIFS('Điều chỉnh'!$G$14:$BE$14,'Điều chỉnh'!$G$1:$BE$1,'Slide 1'!$A13,'Điều chỉnh'!$G$4:$BE$4,"Sau đ/c") -> 176.6 | H13: =SUM(G$4:G13) -> 1749.15 | J13: 0
A14: 11 | B14: =SUMIFS('Điều chỉnh'!$G$10:$BE$10,'Điều chỉnh'!$G$1:$BE$1,'Slide 1'!$A14,'Điều chỉnh'!$G$4:$BE$4,"Sau đ/c") -> 2869 | C14: =SUM(B$4:B14) -> 26780.5 | D14: =SUMIFS('Điều chỉnh'!$G$15:$BE$15,'Điều chỉnh'!$G$1:$BE$1,'Slide 1'!$A14,'Điều chỉnh'!$G$4:$BE$4,"Sau đ/c") -> 168.24299 | E14: =SUM(D$4:D14) -> 1945.269 | G14: =SUMIFS('Điều chỉnh'!$G$14:$BE$14,'Điều chỉnh'!$G$1:$BE$1,'Slide 1'!$A14,'Điều chỉnh'!$G$4:$BE$4,"Sau đ/c") -> 206.9 | H14: =SUM(G$4:G14) -> 1956.05 | J14: 0
A15: 12 | B15: =SUMIFS('Điều chỉnh'!$G$10:$BE$10,'Điều chỉnh'!$G$1:$BE$1,'Slide 1'!$A15,'Điều chỉnh'!$G$4:$BE$4,"Sau đ/c") -> 1785 | C15: =SUM(B$4:B15) -> 28565.5 | D15: =SUMIFS('Điều chỉnh'!$G$15:$BE$15,'Điều chỉnh'!$G$1:$BE$1,'Slide 1'!$A15,'Điều chỉnh'!$G$4:$BE$4,"Sau đ/c") -> -248.50507 | E15: =SUM(D$4:D15) -> 1696.7639 | G15: =SUMIFS('Điều chỉnh'!$G$14:$BE$14,'Điều chỉnh'!$G$1:$BE$1,'Slide 1'!$A15,'Điều chỉnh'!$G$4:$BE$4,"Sau đ/c") -> 128.5 | H15: =SUM(G$4:G15) -> 2084.55 | J15: -248.50507

Sheet Slide 2
B2: SL bán hàng | C2: SL bán hàng LK
B3: tấn | C3: tấn
A4: 1 | B4: =SUMIFS('Điều chỉnh'!$G$6:$BE$6,'Điều chỉnh'!$G$1:$BE$1,'Slide 1'!$A4,'Điều chỉnh'!$G$4:$BE$4,"Sau đ/c") -> 0 | C4: =SUM(B$4:B4) -> 0
A5: 2 | B5: =SUMIFS('Điều chỉnh'!$G$6:$BE$6,'Điều chỉnh'!$G$1:$BE$1,'Slide 1'!$A5,'Điều chỉnh'!$G$4:$BE$4,"Sau đ/c") -> 386 | C5: =SUM(B$4:B5) -> 386
A6: 3 | B6: =SUMIFS('Điều chỉnh'!$G$6:$BE$6,'Điều chỉnh'!$G$1:$BE$1,'Slide 1'!$A6,'Điều chỉnh'!$G$4:$BE$4,"Sau đ/c") -> 140 | C6: =SUM(B$4:B6) -> 526
A7: 4 | B7: =SUMIFS('Điều chỉnh'!$G$6:$BE$6,'Điều chỉnh'!$G$1:$BE$1,'Slide 1'!$A7,'Điều chỉnh'!$G$4:$BE$4,"Sau đ/c") -> 120 | C7: =SUM(B$4:B7) -> 646
A8: 5 | B8: =SUMIFS('Điều chỉnh'!$G$6:$BE$6,'Điều chỉnh'!$G$1:$BE$1,'Slide 1'!$A8,'Điều chỉnh'!$G$4:$BE$4,"Sau đ/c") -> 80 | C8: =SUM(B$4:B8) -> 726
A9: 6 | B9: =SUMIFS('Điều chỉnh'!$G$6:$BE$6,'Điều chỉnh'!$G$1:$BE$1,'Slide 1'!$A9,'Điều chỉnh'!$G$4:$BE$4,"Sau đ/c") -> 100 | C9: =SUM(B$4:B9) -> 826
A10: 7 | B10: =SUMIFS('Điều chỉnh'!$G$6:$BE$6,'Điều chỉnh'!$G$1:$BE$1,'Slide 1'!$A10,'Điều chỉnh'!$G$4:$BE$4,"Sau đ/c") -> 20 | C10: =SUM(B$4:B10) -> 846
A11: 8 | B11: =SUMIFS('Điều chỉnh'!$G$6:$BE$6,'Điều chỉnh'!$G$1:$BE$1,'Slide 1'!$A11,'Điều chỉnh'!$G$4:$BE$4,"Sau đ/c") -> 80 | C11: =SUM(B$4:B11) -> 926
A12: 9 | B12: =SUMIFS('Điều chỉnh'!$G$6:$BE$6,'Điều chỉnh'!$G$1:$BE$1,'Slide 1'!$A12,'Điều chỉnh'!$G$4:$BE$4,"Sau đ/c") -> 220 | C12: =SUM(B$4:B12) -> 1146
A13: 10 | B13: =SUMIFS('Điều chỉnh'!$G$6:$BE$6,'Điều chỉnh'!$G$1:$BE$1,'Slide 1'!$A13,'Điều chỉnh'!$G$4:$BE$4,"Sau đ/c") -> 138 | C13: =SUM(B$4:B13) -> 1284
A14: 11 | B14: =SUMIFS('Điều chỉnh'!$G$6:$BE$6,'Điều chỉnh'!$G$1:$BE$1,'Slide 1'!$A14,'Điều chỉnh'!$G$4:$BE$4,"Sau đ/c") -> 160 | C14: =SUM(B$4:B14) -> 1444
A15: 12 | B15: =SUMIFS('Điều chỉnh'!$G$6:$BE$6,'Điều chỉnh'!$G$1:$BE$1,'Slide 1'!$A15,'Điều chỉnh'!$G$4:$BE$4,"Sau đ/c") -> 100 | C15: =SUM(B$4:B15) -> 1544

Sheet Slide 3
B2: Đvt: tấn
B3: STT | C3: Mã -SAP | D3: Tên hàng | E3: 1 | F3: 2 | G3: 3 | H3: 4 | I3: 5 | J3: 6 | K3: 7 | L3: 8 | M3: 9 | N3: 10 | O3: 11 | P3: 12 | Q3: Tổng
B4: 1 | C4: 160012429 | D4: Đầu Keo PET Sau Băm | E4: {=-SUMPRODUCT('Bán hàng-Break-down BOM'!$D$6:$AA$15*('Bán hàng-Break-down BOM'!$D$3:$AA$3=E$3)*('Bán hàng-Break-down BOM'!$B$6:$B$15=$C4))/10^3} -> 0 | F4: {=-SUMPRODUCT('Bán hàng-Break-down BOM'!$D$6:$AA$15*('Bán hàng-Break-down BOM'!$D$3:$AA$3=F$3)*('Bán hàng-Break-down BOM'!$B$6:$B$15=$C4))/10^3} -> 101.33477 | G4: {=-SUMPRODUCT('Bán hàng-Break-down BOM'!$D$6:$AA$15*('Bán hàng-Break-down BOM'!$D$3:$AA$3=G$3)*('Bán hàng-Break-down BOM'!$B$6:$B$15=$C4))/10^3} -> 32.518983 | H4: {=-SUMPRODUCT('Bán hàng-Break-down BOM'!$D$6:$AA$15*('Bán hàng-Break-down BOM'!$D$3:$AA$3=H$3)*('Bán hàng-Break-down BOM'!$B$6:$B$15=$C4))/10^3} -> 34.597628 | I4: {=-SUMPRODUCT('Bán hàng-Break-down BOM'!$D$6:$AA$15*('Bán hàng-Break-down BOM'!$D$3:$AA$3=I$3)*('Bán hàng-Break-down BOM'!$B$6:$B$15=$C4))/10^3} -> 34.484032 | J4: {=-SUMPRODUCT('Bán hàng-Break-down BOM'!$D$6:$AA$15*('Bán hàng-Break-down BOM'!$D$3:$AA$3=J$3)*('Bán hàng-Break-down BOM'!$B$6:$B$15=$C4))/10^3} -> 56.542726 | K4: {=-SUMPRODUCT('Bán hàng-Break-down BOM'!$D$6:$AA$15*('Bán hàng-Break-down BOM'!$D$3:$AA$3=K$3)*('Bán hàng-Break-down BOM'!$B$6:$B$15=$C4))/10^3} -> 9.6723529 | L4: {=-SUMPRODUCT('Bán hàng-Break-down BOM'!$D$6:$AA$15*('Bán hàng-Break-down BOM'!$D$3:$AA$3=L$3)*('Bán hàng-Break-down BOM'!$B$6:$B$15=$C4))/10^3} -> 44.18369 | ... P4: {=-SUMPRODUCT('Bán hàng-Break-down BOM'!$D$6:$AA$15*('Bán hàng-Break-down BOM'!$D$3:$AA$3=P$3)*('Bán hàng-Break-down BOM'!$B$6:$B$15=$C4))/10^3} -> 16.221904 | Q4: =SUM(E4:P4) -> 544.10462
B5: 2 | C5: 160012269 | D5: Phó Sản PET Zigzag Quay đầu | E5: {=-SUMPRODUCT('Bán hàng-Break-down BOM'!$D$6:$AA$15*('Bán hàng-Break-down BOM'!$D$3:$AA$3=E$3)*('Bán hàng-Break-down BOM'!$B$6:$B$15=$C5))/10^3} -> 0 | F5: {=-SUMPRODUCT('Bán hàng-Break-down BOM'!$D$6:$AA$15*('Bán hàng-Break-down BOM'!$D$3:$AA$3=F$3)*('Bán hàng-Break-down BOM'!$B$6:$B$15=$C5))/10^3} -> 0 | G5: {=-SUMPRODUCT('Bán hàng-Break-down BOM'!$D$6:$AA$15*('Bán hàng-Break-down BOM'!$D$3:$AA$3=G$3)*('Bán hàng-Break-down BOM'!$B$6:$B$15=$C5))/10^3} -> 0 | H5: {=-SUMPRODUCT('Bán hàng-Break-down BOM'!$D$6:$AA$15*('Bán hàng-Break-down BOM'!$D$3:$AA$3=H$3)*('Bán hàng-Break-down BOM'!$B$6:$B$15=$C5))/10^3} -> 0 | I5: {=-SUMPRODUCT('Bán hàng-Break-down BOM'!$D$6:$AA$15*('Bán hàng-Break-down BOM'!$D$3:$AA$3=I$3)*('Bán hàng-Break-down BOM'!$B$6:$B$15=$C5))/10^3} -> 0 | J5: {=-SUMPRODUCT('Bán hàng-Break-down BOM'!$D$6:$AA$15*('Bán hàng-Break-down BOM'!$D$3:$AA$3=J$3)*('Bán hàng-Break-down BOM'!$B$6:$B$15=$C5))/10^3} -> 0 | K5: {=-SUMPRODUCT('Bán hàng-Break-down BOM'!$D$6:$AA$15*('Bán hàng-Break-down BOM'!$D$3:$AA$3=K$3)*('Bán hàng-Break-down BOM'!$B$6:$B$15=$C5))/10^3} -> 0 | L5: {=-SUMPRODUCT('Bán hàng-Break-down BOM'!$D$6:$AA$15*('Bán hàng-Break-down BOM'!$D$3:$AA$3=L$3)*('Bán hàng-Break-down BOM'!$B$6:$B$15=$C5))/10^3} -> 2.955e-05 | ... P5: {=-SUMPRODUCT('Bán hàng-Break-down BOM'!$D$6:$AA$15*('Bán hàng-Break-down BOM'!$D$3:$AA$3=P$3)*('Bán hàng-Break-down BOM'!$B$6:$B$15=$C5))/10^3} -> 0 | Q5: =SUM(E5:P5) -> 0.00029
B6: 3 | C6: 160012268 | D6: Phó Sản PET Tomra Cổng 2 | E6: {=-SUMPRODUCT('Bán hàng-Break-down BOM'!$D$6:$AA$15*('Bán hàng-Break-down BOM'!$D$3:$AA$3=E$3)*('Bán hàng-Break-down BOM'!$B$6:$B$15=$C6))/10^3} -> 0 | F6: {=-SUMPRODUCT('Bán hàng-Break-down BOM'!$D$6:$AA$15*('Bán hàng-Break-down BOM'!$D$3:$AA$3=F$3)*('Bán hàng-Break-down BOM'!$B$6:$B$15=$C6))/10^3} -> 0 | G6: {=-SUMPRODUCT('Bán hàng-Break-down BOM'!$D$6:$AA$15*('Bán hàng-Break-down BOM'!$D$3:$AA$3=G$3)*('Bán hàng-Break-down BOM'!$B$6:$B$15=$C6))/10^3} -> 0 | H6: {=-SUMPRODUCT('Bán hàng-Break-down BOM'!$D$6:$AA$15*('Bán hàng-Break-down BOM'!$D$3:$AA$3=H$3)*('Bán hàng-Break-down BOM'!$B$6:$B$15=$C6))/10^3} -> 0 | I6: {=-SUMPRODUCT('Bán hàng-Break-down BOM'!$D$6:$AA$15*('Bán hàng-Break-down BOM'!$D$3:$AA$3=I$3)*('Bán hàng-Break-down BOM'!$B$6:$B$15=$C6))/10^3} -> 0 | J6: {=-SUMPRODUCT('Bán hàng-Break-down BOM'!$D$6:$AA$15*('Bán hàng-Break-down BOM'!$D$3:$AA$3=J$3)*('Bán hàng-Break-down BOM'!$B$6:$B$15=$C6))/10^3} -> 0 | K6: {=-SUMPRODUCT('Bán hàng-Break-down BOM'!$D$6:$AA$15*('Bán hàng-Break-down BOM'!$D$3:$AA$3=K$3)*('Bán hàng-Break-down BOM'!$B$6:$B$15=$C6))/10^3} -> 0 | L6: {=-SUMPRODUCT('Bán hàng-Break-down BOM'!$D$6:$AA$15*('Bán hàng-Break-down BOM'!$D$3:$AA$3=L$3)*('Bán hàng-Break-down BOM'!$B$6:$B$15=$C6))/10^3} -> 2.955e-05 | ... P6: {=-SUMPRODUCT('Bán hàng-Break-down BOM'!$D$6:$AA$15*('Bán hàng-Break-down BOM'!$D$3:$AA$3=P$3)*('Bán hàng-Break-down BOM'!$B$6:$B$15=$C6))/10^3} -> 0 | Q6: =SUM(E6:P6) -> 0.00029
B7: 4 | C7: 160012396 | D7: Vảy PET B4_A3 | E7: {=-SUMPRODUCT('Bán hàng-Break-down BOM'!$D$6:$AA$15*('Bán hàng-Break-down BOM'!$D$3:$AA$3=E$3)*('Bán hàng-Break-down BOM'!$B$6:$B$15=$C7))/10^3} -> 0 | F7: {=-SUMPRODUCT('Bán hàng-Break-down BOM'!$D$6:$AA$15*('Bán hàng-Break-down BOM'!$D$3:$AA$3=F$3)*('Bán hàng-Break-down BOM'!$B$6:$B$15=$C7))/10^3} -> 43.35162 | G7: {=-SUMPRODUCT('Bán hàng-Break-down BOM'!$D$6:$AA$15*('Bán hàng-Break-down BOM'!$D$3:$AA$3=G$3)*('Bán hàng-Break-down BOM'!$B$6:$B$15=$C7))/10^3} -> 9.7531435 | H7: {=-SUMPRODUCT('Bán hàng-Break-down BOM'!$D$6:$AA$15*('Bán hàng-Break-down BOM'!$D$3:$AA$3=H$3)*('Bán hàng-Break-down BOM'!$B$6:$B$15=$C7))/10^3} -> 8.5544932 | I7: {=-SUMPRODUCT('Bán hàng-Break-down BOM'!$D$6:$AA$15*('Bán hàng-Break-down BOM'!$D$3:$AA$3=I$3)*('Bán hàng-Break-down BOM'!$B$6:$B$15=$C7))/10^3} -> 6.5134549 | J7: {=-SUMPRODUCT('Bán hàng-Break-down BOM'!$D$6:$AA$15*('Bán hàng-Break-down BOM'!$D$3:$AA$3=J$3)*('Bán hàng-Break-down BOM'!$B$6:$B$15=$C7))/10^3} -> 14.111316 | K7: {=-SUMPRODUCT('Bán hàng-Break-down BOM'!$D$6:$AA$15*('Bán hàng-Break-down BOM'!$D$3:$AA$3=K$3)*('Bán hàng-Break-down BOM'!$B$6:$B$15=$C7))/10^3} -> 3.9090196 | L7: {=-SUMPRODUCT('Bán hàng-Break-down BOM'!$D$6:$AA$15*('Bán hàng-Break-down BOM'!$D$3:$AA$3=L$3)*('Bán hàng-Break-down BOM'!$B$6:$B$15=$C7))/10^3} -> 6.5425681 | ... P7: {=-SUMPRODUCT('Bán hàng-Break-down BOM'!$D$6:$AA$15*('Bán hàng-Break-down BOM'!$D$3:$AA$3=P$3)*('Bán hàng-Break-down BOM'!$B$6:$B$15=$C7))/10^3} -> 15.148101 | Q7: =SUM(E7:P7) -> 177.89135
B8: 5 | C8: 160012801 | D8: Vảy PET GC Dây Đai | E8: {=-SUMPRODUCT('Bán hàng-Break-down BOM'!$D$6:$AA$15*('Bán hàng-Break-down BOM'!$D$3:$AA$3=E$3)*('Bán hàng-Break-down BOM'!$B$6:$B$15=$C8))/10^3} -> 0 | F8: {=-SUMPRODUCT('Bán hàng-Break-down BOM'!$D$6:$AA$15*('Bán hàng-Break-down BOM'!$D$3:$AA$3=F$3)*('Bán hàng-Break-down BOM'!$B$6:$B$15=$C8))/10^3} -> 251.62409 | G8: {=-SUMPRODUCT('Bán hàng-Break-down BOM'!$D$6:$AA$15*('Bán hàng-Break-down BOM'!$D$3:$AA$3=G$3)*('Bán hàng-Break-down BOM'!$B$6:$B$15=$C8))/10^3} -> 102.95372 | H8: {=-SUMPRODUCT('Bán hàng-Break-down BOM'!$D$6:$AA$15*('Bán hàng-Break-down BOM'!$D$3:$AA$3=H$3)*('Bán hàng-Break-down BOM'!$B$6:$B$15=$C8))/10^3} -> 81.647879 | I8: {=-SUMPRODUCT('Bán hàng-Break-down BOM'!$D$6:$AA$15*('Bán hàng-Break-down BOM'!$D$3:$AA$3=I$3)*('Bán hàng-Break-down BOM'!$B$6:$B$15=$C8))/10^3} -> 41.188461 | J8: {=-SUMPRODUCT('Bán hàng-Break-down BOM'!$D$6:$AA$15*('Bán hàng-Break-down BOM'!$D$3:$AA$3=J$3)*('Bán hàng-Break-down BOM'!$B$6:$B$15=$C8))/10^3} -> 31.378426 | K8: {=-SUMPRODUCT('Bán hàng-Break-down BOM'!$D$6:$AA$15*('Bán hàng-Break-down BOM'!$D$3:$AA$3=K$3)*('Bán hàng-Break-down BOM'!$B$6:$B$15=$C8))/10^3} -> 7.2180392 | L8: {=-SUMPRODUCT('Bán hàng-Break-down BOM'!$D$6:$AA$15*('Bán hàng-Break-down BOM'!$D$3:$AA$3=L$3)*('Bán hàng-Break-down BOM'!$B$6:$B$15=$C8))/10^3} -> 32.913106 | ... P8: {=-SUMPRODUCT('Bán hàng-Break-down BOM'!$D$6:$AA$15*('Bán hàng-Break-down BOM'!$D$3:$AA$3=P$3)*('Bán hàng-Break-down BOM'!$B$6:$B$15=$C8))/10^3} -> 72.629995 | Q8: =SUM(E8:P8) -> 879.59736
B9: 6 | C9: 160012397 | D9: Vảy PET B4_A3.RN | E9: {=-SUMPRODUCT('Bán hàng-Break-down BOM'!$D$6:$AA$15*('Bán hàng-Break-down BOM'!$D$3:$AA$3=E$3)*('Bán hàng-Break-down BOM'!$B$6:$B$15=$C9))/10^3} -> 0 | F9: {=-SUMPRODUCT('Bán hàng-Break-down BOM'!$D$6:$AA$15*('Bán hàng-Break-down BOM'!$D$3:$AA$3=F$3)*('Bán hàng-Break-down BOM'!$B$6:$B$15=$C9))/10^3} -> 0 | G9: {=-SUMPRODUCT('Bán hàng-Break-down BOM'!$D$6:$AA$15*('Bán hàng-Break-down BOM'!$D$3:$AA$3=G$3)*('Bán hàng-Break-down BOM'!$B$6:$B$15=$C9))/10^3} -> 0 | H9: {=-SUMPRODUCT('Bán hàng-Break-down BOM'!$D$6:$AA$15*('Bán hàng-Break-down BOM'!$D$3:$AA$3=H$3)*('Bán hàng-Break-down BOM'!$B$6:$B$15=$C9))/10^3} -> 0 | I9: {=-SUMPRODUCT('Bán hàng-Break-down BOM'!$D$6:$AA$15*('Bán hàng-Break-down BOM'!$D$3:$AA$3=I$3)*('Bán hàng-Break-down BOM'!$B$6:$B$15=$C9))/10^3} -> 0 | J9: {=-SUMPRODUCT('Bán hàng-Break-down BOM'!$D$6:$AA$15*('Bán hàng-Break-down BOM'!$D$3:$AA$3=J$3)*('Bán hàng-Break-down BOM'!$B$6:$B$15=$C9))/10^3} -> 0 | K9: {=-SUMPRODUCT('Bán hàng-Break-down BOM'!$D$6:$AA$15*('Bán hàng-Break-down BOM'!$D$3:$AA$3=K$3)*('Bán hàng-Break-down BOM'!$B$6:$B$15=$C9))/10^3} -> 0 | L9: {=-SUMPRODUCT('Bán hàng-Break-down BOM'!$D$6:$AA$15*('Bán hàng-Break-down BOM'!$D$3:$AA$3=L$3)*('Bán hàng-Break-down BOM'!$B$6:$B$15=$C9))/10^3} -> 0 | ... P9: {=-SUMPRODUCT('Bán hàng-Break-down BOM'!$D$6:$AA$15*('Bán hàng-Break-down BOM'!$D$3:$AA$3=P$3)*('Bán hàng-Break-down BOM'!$B$6:$B$15=$C9))/10^3} -> 0 | Q9: =SUM(E9:P9) -> 0
B10: 7 | C10: 160012607 | D10: Phó Sản PET Zigzag Sau Lựa | E10: {=-SUMPRODUCT('Bán hàng-Break-down BOM'!$D$6:$AA$15*('Bán hàng-Break-down BOM'!$D$3:$AA$3=E$3)*('Bán hàng-Break-down BOM'!$B$6:$B$15=$C10))/10^3} -> 0 | F10: {=-SUMPRODUCT('Bán hàng-Break-down BOM'!$D$6:$AA$15*('Bán hàng-Break-down BOM'!$D$3:$AA$3=F$3)*('Bán hàng-Break-down BOM'!$B$6:$B$15=$C10))/10^3} -> 0 | G10: {=-SUMPRODUCT('Bán hàng-Break-down BOM'!$D$6:$AA$15*('Bán hàng-Break-down BOM'!$D$3:$AA$3=G$3)*('Bán hàng-Break-down BOM'!$B$6:$B$15=$C10))/10^3} -> 0 | H10: {=-SUMPRODUCT('Bán hàng-Break-down BOM'!$D$6:$AA$15*('Bán hàng-Break-down BOM'!$D$3:$AA$3=H$3)*('Bán hàng-Break-down BOM'!$B$6:$B$15=$C10))/10^3} -> 0 | I10: {=-SUMPRODUCT('Bán hàng-Break-down BOM'!$D$6:$AA$15*('Bán hàng-Break-down BOM'!$D$3:$AA$3=I$3)*('Bán hàng-Break-down BOM'!$B$6:$B$15=$C10))/10^3} -> 0 | J10: {=-SUMPRODUCT('Bán hàng-Break-down BOM'!$D$6:$AA$15*('Bán hàng-Break-down BOM'!$D$3:$AA$3=J$3)*('Bán hàng-Break-down BOM'!$B$6:$B$15=$C10))/10^3} -> 0 | K10: {=-SUMPRODUCT('Bán hàng-Break-down BOM'!$D$6:$AA$15*('Bán hàng-Break-down BOM'!$D$3:$AA$3=K$3)*('Bán hàng-Break-down BOM'!$B$6:$B$15=$C10))/10^3} -> 0 | L10: {=-SUMPRODUCT('Bán hàng-Break-down BOM'!$D$6:$AA$15*('Bán hàng-Break-down BOM'!$D$3:$AA$3=L$3)*('Bán hàng-Break-down BOM'!$B$6:$B$15=$C10))/10^3} -> 0 | ... P10: {=-SUMPRODUCT('Bán hàng-Break-down BOM'!$D$6:$AA$15*('Bán hàng-Break-down BOM'!$D$3:$AA$3=P$3)*('Bán hàng-Break-down BOM'!$B$6:$B$15=$C10))/10^3} -> 0 | Q10: =SUM(E10:P10) -> 0
B11: 8 | C11: 160012395 | D11: Vảy PET B4_A2 | E11: {=-SUMPRODUCT('Bán hàng-Break-down BOM'!$D$6:$AA$15*('Bán hàng-Break-down BOM'!$D$3:$AA$3=E$3)*('Bán hàng-Break-down BOM'!$B$6:$B$15=$C11))/10^3} -> 0 | F11: {=-SUMPRODUCT('Bán hàng-Break-down BOM'!$D$6:$AA$15*('Bán hàng-Break-down BOM'!$D$3:$AA$3=F$3)*('Bán hàng-Break-down BOM'!$B$6:$B$15=$C11))/10^3} -> 1.9209573 | G11: {=-SUMPRODUCT('Bán hàng-Break-down BOM'!$D$6:$AA$15*('Bán hàng-Break-down BOM'!$D$3:$AA$3=G$3)*('Bán hàng-Break-down BOM'!$B$6:$B$15=$C11))/10^3} -> 0 | H11: {=-SUMPRODUCT('Bán hàng-Break-down BOM'!$D$6:$AA$15*('Bán hàng-Break-down BOM'!$D$3:$AA$3=H$3)*('Bán hàng-Break-down BOM'!$B$6:$B$15=$C11))/10^3} -> 0 | I11: {=-SUMPRODUCT('Bán hàng-Break-down BOM'!$D$6:$AA$15*('Bán hàng-Break-down BOM'!$D$3:$AA$3=I$3)*('Bán hàng-Break-down BOM'!$B$6:$B$15=$C11))/10^3} -> 0.33926486 | J11: {=-SUMPRODUCT('Bán hàng-Break-down BOM'!$D$6:$AA$15*('Bán hàng-Break-down BOM'!$D$3:$AA$3=J$3)*('Bán hàng-Break-down BOM'!$B$6:$B$15=$C11))/10^3} -> 0.65773514 | K11: {=-SUMPRODUCT('Bán hàng-Break-down BOM'!$D$6:$AA$15*('Bán hàng-Break-down BOM'!$D$3:$AA$3=K$3)*('Bán hàng-Break-down BOM'!$B$6:$B$15=$C11))/10^3} -> 0 | L11: {=-SUMPRODUCT('Bán hàng-Break-down BOM'!$D$6:$AA$15*('Bán hàng-Break-down BOM'!$D$3:$AA$3=L$3)*('Bán hàng-Break-down BOM'!$B$6:$B$15=$C11))/10^3} -> 0 | ... P11: {=-SUMPRODUCT('Bán hàng-Break-down BOM'!$D$6:$AA$15*('Bán hàng-Break-down BOM'!$D$3:$AA$3=P$3)*('Bán hàng-Break-down BOM'!$B$6:$B$15=$C11))/10^3} -> 0 | Q11: =SUM(E11:P11) -> 2.9179573
B12: 9 | C12: 160012394 | D12: Vảy PET B4_A1 | E12: {=-SUMPRODUCT('Bán hàng-Break-down BOM'!$D$6:$AA$15*('Bán hàng-Break-down BOM'!$D$3:$AA$3=E$3)*('Bán hàng-Break-down BOM'!$B$6:$B$15=$C12))/10^3} -> 0 | F12: {=-SUMPRODUCT('Bán hàng-Break-down BOM'!$D$6:$AA$15*('Bán hàng-Break-down BOM'!$D$3:$AA$3=F$3)*('Bán hàng-Break-down BOM'!$B$6:$B$15=$C12))/10^3} -> 0 | G12: {=-SUMPRODUCT('Bán hàng-Break-down BOM'!$D$6:$AA$15*('Bán hàng-Break-down BOM'!$D$3:$AA$3=G$3)*('Bán hàng-Break-down BOM'!$B$6:$B$15=$C12))/10^3} -> 0 | H12: {=-SUMPRODUCT('Bán hàng-Break-down BOM'!$D$6:$AA$15*('Bán hàng-Break-down BOM'!$D$3:$AA$3=H$3)*('Bán hàng-Break-down BOM'!$B$6:$B$15=$C12))/10^3} -> 0 | I12: {=-SUMPRODUCT('Bán hàng-Break-down BOM'!$D$6:$AA$15*('Bán hàng-Break-down BOM'!$D$3:$AA$3=I$3)*('Bán hàng-Break-down BOM'!$B$6:$B$15=$C12))/10^3} -> 0.67478657 | J12: {=-SUMPRODUCT('Bán hàng-Break-down BOM'!$D$6:$AA$15*('Bán hàng-Break-down BOM'!$D$3:$AA$3=J$3)*('Bán hàng-Break-down BOM'!$B$6:$B$15=$C12))/10^3} -> 1.3082134 | K12: {=-SUMPRODUCT('Bán hàng-Break-down BOM'!$D$6:$AA$15*('Bán hàng-Break-down BOM'!$D$3:$AA$3=K$3)*('Bán hàng-Break-down BOM'!$B$6:$B$15=$C12))/10^3} -> 0 | L12: {=-SUMPRODUCT('Bán hàng-Break-down BOM'!$D$6:$AA$15*('Bán hàng-Break-down BOM'!$D$3:$AA$3=L$3)*('Bán hàng-Break-down BOM'!$B$6:$B$15=$C12))/10^3} -> 0 | ... P12: {=-SUMPRODUCT('Bán hàng-Break-down BOM'!$D$6:$AA$15*('Bán hàng-Break-down BOM'!$D$3:$AA$3=P$3)*('Bán hàng-Break-down BOM'!$B$6:$B$15=$C12))/10^3} -> 0 | Q12: =SUM(E12:P12) -> 1.983
B13: 10 | C13: 160012787 | D13: Phó Sản PP Trắng Sữa Bụi | E13: {=-SUMPRODUCT('Bán hàng-Break-down BOM'!$D$6:$AA$15*('Bán hàng-Break-down BOM'!$D$3:$AA$3=E$3)*('Bán hàng-Break-down BOM'!$B$6:$B$15=$C13))/10^3} -> 0 | F13: {=-SUMPRODUCT('Bán hàng-Break-down BOM'!$D$6:$AA$15*('Bán hàng-Break-down BOM'!$D$3:$AA$3=F$3)*('Bán hàng-Break-down BOM'!$B$6:$B$15=$C13))/10^3} -> 0.13337852 | G13: {=-SUMPRODUCT('Bán hàng-Break-down BOM'!$D$6:$AA$15*('Bán hàng-Break-down BOM'!$D$3:$AA$3=G$3)*('Bán hàng-Break-down BOM'!$B$6:$B$15=$C13))/10^3} -> 0 | H13: {=-SUMPRODUCT('Bán hàng-Break-down BOM'!$D$6:$AA$15*('Bán hàng-Break-down BOM'!$D$3:$AA$3=H$3)*('Bán hàng-Break-down BOM'!$B$6:$B$15=$C13))/10^3} -> 0 | I13: {=-SUMPRODUCT('Bán hàng-Break-down BOM'!$D$6:$AA$15*('Bán hàng-Break-down BOM'!$D$3:$AA$3=I$3)*('Bán hàng-Break-down BOM'!$B$6:$B$15=$C13))/10^3} -> 0 | J13: {=-SUMPRODUCT('Bán hàng-Break-down BOM'!$D$6:$AA$15*('Bán hàng-Break-down BOM'!$D$3:$AA$3=J$3)*('Bán hàng-Break-down BOM'!$B$6:$B$15=$C13))/10^3} -> 0 | K13: {=-SUMPRODUCT('Bán hàng-Break-down BOM'!$D$6:$AA$15*('Bán hàng-Break-down BOM'!$D$3:$AA$3=K$3)*('Bán hàng-Break-down BOM'!$B$6:$B$15=$C13))/10^3} -> 0 | L13: {=-SUMPRODUCT('Bán hàng-Break-down BOM'!$D$6:$AA$15*('Bán hàng-Break-down BOM'!$D$3:$AA$3=L$3)*('Bán hàng-Break-down BOM'!$B$6:$B$15=$C13))/10^3} -> 0 | ... P13: {=-SUMPRODUCT('Bán hàng-Break-down BOM'!$D$6:$AA$15*('Bán hàng-Break-down BOM'!$D$3:$AA$3=P$3)*('Bán hàng-Break-down BOM'!$B$6:$B$15=$C13))/10^3} -> 0 | Q13: =SUM(E13:P13) -> 0.13337852
B14: TỔNG | E14: =SUM(E4:E13) -> 0 | F14: =SUM(F4:F13) -> 398.36482 | G14: =SUM(G4:G13) -> 145.22584 | H14: =SUM(H4:H13) -> 124.8 | I14: =SUM(I4:I13) -> 83.2 | J14: =SUM(J4:J13) -> 103.99842 | K14: =SUM(K4:K13) -> 20.799412 | L14: =SUM(L4:L13) -> 83.639423 | ... Q14: =SUM(Q4:Q13) -> 1606.6282
Q15: =Q14+SUM('Bán hàng-Break-down BOM'!AB6:AB15)/10^3 -> 0

Sheet GB
A1: 110000428 | B1: Dây đai PET
B3: I. DOANH THU EXW
B5: CHỈ TIÊU | C5: Ghi chú | D5: Sản lượng | E5: Đơn giá | F5: Giá trị
D6: (tấn) | E6: (đ/kg) | F6: (tr.đ)
B7: Doanh thu | C7: [1] | D7: 826 | E7: 18889.831 | F7: =D7*E7/10^3 -> 15603
B8: CP bán hàng trực tiếp | C8: [2] = [2.1]+[2.2] | E8: =SUM(E9:E10) -> 6388.9831 | F8: =SUM(F9:F10) -> 5277.3
B9: Chi phí gia công | C9: [2.1] | D9: =D7 -> 826 | E9: 5000 | F9: =D9*E9/10^3 -> 4130
B10: Chi phí hoa hồng | C10: [2.2] | D10: =D9 -> 826 | E10: =(E7-E9)*10% -> 1388.9831 | F10: =D10*E10/10^3 -> 1147.3
B11: Doanh thu EXW | C11: [3]=[2]-[1] | D11: =D7 -> 826 | E11: =E7-E8 -> 12500.847 | F11: =D11*E11/10^3 -> 10325.7
B13: II. TÍNH TOÁN ĐƠN GIÁ
B15: CƠ CẤU NGUYÊN LIỆU | C15: Ghi chú | D15: Sản lượng (*) | E15: Đơn giá (**) | F15: Giá trị | H15: Đơn giá đề xuất | I15: Doanh thu | K15: Đơn giá theo SAP | L15: Giá trị
D16: (tấn) | E16: (đ/kg) | F16: (tr.đ) | H16: (đ/kg) | I16: (tr.đ) | K16: (đ/kg) | L16: (tr.đ)
A17: 160012394 | B17: Vảy PET B4_A1 | C17: [1] | D17: 1.983 | E17: =K17 -> 28951.971 | F17: =D17*E17/10^3 -> 57.411758 | H17: =$F$11*F17/$F$22/D17*10^3 -> 33719.055 | I17: =D17*H17/10^3 -> 66.864887 | K17: 28951.971 | L17: =D17*K17/10^3 -> 57.411758
A18: 160012395 | B18: Vảy PET B4_A2 | C18: [2] | D18: 2.9179573 | E18: =K18 -> 22614 | F18: =D18*E18/10^3 -> 65.986686 | H18: =$F$11*F18/$F$22/D18*10^3 -> 26337.506 | I18: =D18*H18/10^3 -> 76.851718 | K18: 22614 | L18: =D18*K18/10^3 -> 65.986686
A19: 160012396 | B19: Vảy PET B4_A3 | C19: [3] | D19: 82.284027 | E19: =K19 -> 22400.569 | F19: =D19*E19/10^3 -> 1843.209 | H19: =$F$11*F19/$F$22/D19*10^3 -> 26088.933 | I19: =D19*H19/10^3 -> 2146.7025 | K19: 22400.569 | L19: =D19*K19/10^3 -> 1843.209
A20: 160012429 | B20: Đầu Keo PET Sau Băm | C20: [4] | D20: 259.47814 | E20: 8935 | F20: =D20*E20/10^3 -> 2318.4372 | H20: =$F$11*F20/$F$22/D20*10^3 -> 10406.192 | I20: =D20*H20/10^3 -> 2700.1793 | K20: 23598.367 | L20: =D20*K20/10^3 -> 6123.2606
A21: 160012801 | B21: Vảy PET GC Dây Đai | C21: [5] | D21: 508.79257 | E21: =K21 -> 9003.3611 | F21: =D21*E21/10^3 -> 4580.8432 | H21: =$F$11*F21/$F$22/D21*10^3 -> 10485.809 | I21: =D21*H21/10^3 -> 5335.1016 | K21: =9040.32171775628-36.9606335562544 -> 9003.3611 | L21: =D21*K21/10^3 -> 4580.8432
B22: Tổng | C22: [6]=[1]+[2]+[3]+[4]+[5] | D22: =SUM(D17:D21) -> 855.4557 | E22: =IFERROR(F22/D22*10^3,0) -> 10363.936 | F22: =SUM(F17:F21) -> 8865.8879 | I22: =SUM(I17:I21) -> 10325.7 | K22: =IFERROR(L22/D22*10^3,0) -> 14811.651 | L22: =SUM(L17:L21) -> 12670.711
B24: (*): Sản lượng cấu thành 750 tấn bán trong 6 tháng đầu năm 2025
B25: (**): Đơn giá đã điều chỉnh theo giá thị trường cho phó sản (đầu keo PET)
B31: Đầu Keo PET Sau Băm | C31: 23598.367
B32: Vảy PET B4_A1 | C32: 28951.971
B33: Vảy PET B4_A2 | C33: 22614
B34: Vảy PET B4_A3 | C34: 22400.569
B35: Vảy PET GC Dây Đai | C35: 9040.3217

Sheet GB-v2
A1: 110000428 | C1: Dây đai PET
E3: TH1: HIỆN TRẠNG 6 THÁNG ĐẦU NĂM 2025 | J3: TH2: BÁN PHÓ SẢN NHƯNG VẪN ĐẢM BẢO LỢI NHUẬN
C5: CHỈ TIÊU | E5: Ghi chú | F5: Sản lượng | G5: Đơn giá | H5: Giá trị
F6: (tấn) | G6: (đ/kg) | H6: (tr.đ)
C7: Doanh thu | E7: [1] | F7: 826 | G7: 18889.831 | H7: =F7*G7/10^3 -> 15603
C8: CP bán hàng trực tiếp | E8: [2] = [2.1]+[2.2] | G8: =SUM(G9:G10) -> 6388.9831 | H8: =SUM(H9:H10) -> 5277.3
C9: Chi phí gia công | E9: [2.1] | F9: =F7 -> 826 | G9: 5000 | H9: =F9*G9/10^3 -> 4130
C10: Chi phí hoa hồng | E10: [2.2] | F10: =F9 -> 826 | G10: =(G7-G9)*10% -> 1388.9831 | H10: =F10*G10/10^3 -> 1147.3
C11: Doanh thu EXW | E11: [3]=[2]-[1] | F11: =F7 -> 826 | G11: =G7-G8 -> 12500.847 | H11: =F11*G11/10^3 -> 10325.7
C15: CƠ CẤU NGUYÊN LIỆU | E15: Ghi chú | F15: Sản lượng (*) | G15: Đơn giá theo SAP | H15: Giá trị | J15: Đơn giá đề xuất | K15: Doanh thu | Q15: Đơn giá (**) | R15: Giá trị
F16: (tấn) | G16: (đ/kg) | H16: (tr.đ) | J16: (đ/kg) | K16: (tr.đ) | Q16: (đ/kg) | R16: (tr.đ)
A17: 160012394 | C17: Vảy PET B4_A1 | E17: [1] | F17: 1.983 | G17: 28951.971 | H17: =F17*G17/10^3 -> 57.411758 | J17: =$H$11*R17/$R$22/F17*10^3 -> 33719.055 | K17: =F17*J17/10^3 -> 66.864887 | Q17: =G17 -> 28951.971 | R17: =F17*Q17/10^3 -> 57.411758
A18: 160012395 | C18: Vảy PET B4_A2 | E18: [2] | F18: 2.9179573 | G18: 22614 | H18: =F18*G18/10^3 -> 65.986686 | J18: =$H$11*R18/$R$22/F18*10^3 -> 26337.506 | K18: =F18*J18/10^3 -> 76.851718 | Q18: =G18 -> 22614 | R18: =F18*Q18/10^3 -> 65.986686
A19: 160012396 | C19: Vảy PET B4_A3 | E19: [3] | F19: 82.284027 | G19: 22400.569 | H19: =F19*G19/10^3 -> 1843.209 | J19: =$H$11*R19/$R$22/F19*10^3 -> 26088.933 | K19: =F19*J19/10^3 -> 2146.7025 | Q19: =G19 -> 22400.569 | R19: =F19*Q19/10^3 -> 1843.209
A20: 160012429 | C20: Đầu Keo PET Sau Băm | E20: [4] | F20: 259.47814 | G20: 23598.367 | H20: =F20*G20/10^3 -> 6123.2606 | J20: =$H$11*R20/$R$22/F20*10^3 -> 10406.192 | K20: =F20*J20/10^3 -> 2700.1793 | Q20: 8935 | R20: =F20*Q20/10^3 -> 2318.4372
A21: 160012801 | C21: Vảy PET GC Dây Đai | E21: [5] | F21: 508.79257 | G21: =9040.32171775628-36.9606335562544 -> 9003.3611 | H21: =F21*G21/10^3 -> 4580.8432 | J21: =$H$11*R21/$R$22/F21*10^3 -> 10485.809 | K21: =F21*J21/10^3 -> 5335.1016 | Q21: =G21 -> 9003.3611 | R21: =F21*Q21/10^3 -> 4580.8432
C22: Tổng | E22: [6]=[1]+[2]+[3]+[4]+[5] | F22: =SUM(F17:F21) -> 855.4557 | G22: =IFERROR(H22/F22*10^3,0) -> 14811.651 | H22: =SUM(H17:H21) -> 12670.711 | K22: =SUM(K17:K21) -> 10325.7 | Q22: =IFERROR(R22/F22*10^3,0) -> 10363.936 | R22: =SUM(R17:R21) -> 8865.8879
Q24: (**): Đơn giá đã điều chỉnh theo giá thị trường cho phó sản (đầu keo PET)
C25: Lãi gộp sổ sách SAP | E25: [7] = [3]-[6] | H25: =H11-H22 -> -2345.0113 | K25: =K22-H22 -> -2345.0113
C31: Ghi chú:
C32: (*): Sản lượng cấu thành 750 tấn bán trong 6 tháng đầu năm 2025
C33: Ở cả 2 trường hợp: nếu định giá nguyên liệu theo giá thị trường (đầu keo PET) thì lợi nhuận mang lại là 1.4 tỷ

Sheet >Working

Sheet Điều chỉnh
G1: 1 | H1: =G1 -> 1 | I1: =H1 -> 1 | K1: 2 | L1: =K1 -> 2 | M1: =L1 -> 2 | O1: 3 | P1: =O1 -> 3 | Q1: =P1 -> 3 | S1: 4 | T1: =S1 -> 4 | U1: =T1 -> 4 | W1: 5 | X1: =W1 -> 5 | Y1: =X1 -> 5 | AA1: 6 | AB1: =AA1 -> 6 | AC1: =AB1 -> 6 | AE1: 7 | AF1: =AE1 -> 7 | AG1: =AF1 -> 7 | AI1: 8 | AJ1: =AI1 -> 8 | AK1: =AJ1 -> 8 | AM1: 9 | AN1: =AM1 -> 9 | AO1: =AN1 -> 9 | AQ1: 10 | AR1: =AQ1 -> 10 | AS1: =AR1 -> 10 | AU1: 11 | AV1: =AU1 -> 11 | AW1: =AV1 -> 11 | AY1: 12 | AZ1: =AY1 -> 12 | BA1: =AZ1 -> 12 | BC1: =BC14/BC6*10^3 -> 1350.0972 | BE1: =BE12/BE6*10^3 -> 2449.0375
D3: DÂY ĐAI PET | E3: Đvt | G3: ="Tháng "&TEXT(G$1,"00") -> Tháng 01 | K3: ="Tháng "&TEXT(K$1,"00") -> Tháng 02 | O3: ="Tháng "&TEXT(O$1,"00") -> Tháng 03 | S3: ="Tháng "&TEXT(S$1,"00") -> Tháng 04 | W3: ="Tháng "&TEXT(W$1,"00") -> Tháng 05 | AA3: ="Tháng "&TEXT(AA$1,"00") -> Tháng 06 | AE3: ="Tháng "&TEXT(AE$1,"00") -> Tháng 07 | AI3: ="Tháng "&TEXT(AI$1,"00") -> Tháng 08 | AM3: ="Tháng "&TEXT(AM$1,"00") -> Tháng 09 | AQ3: ="Tháng "&TEXT(AQ$1,"00") -> Tháng 10 | AU3: ="Tháng "&TEXT(AU$1,"00") -> Tháng 11 | AY3: ="Tháng "&TEXT(AY$1,"00") -> Tháng 12 | BC3: TỔNG
G4: Trước đ/c | H4: Điều chỉnh | I4: Sau đ/c | K4: Trước đ/c | L4: Điều chỉnh | M4: Sau đ/c | O4: Trước đ/c | P4: Điều chỉnh | Q4: Sau đ/c | S4: Trước đ/c | T4: Điều chỉnh | U4: Sau đ/c | W4: Trước đ/c | X4: Điều chỉnh | Y4: Sau đ/c | AA4: Trước đ/c | AB4: Điều chỉnh | AC4: Sau đ/c | AE4: Trước đ/c | AF4: Điều chỉnh | AG4: Sau đ/c | AI4: Trước đ/c | AJ4: Điều chỉnh | AK4: Sau đ/c | AM4: Trước đ/c | AN4: Điều chỉnh | AO4: Sau đ/c | AQ4: Trước đ/c | AR4: Điều chỉnh | AS4: Sau đ/c | AU4: Trước đ/c | AV4: Điều chỉnh | AW4: Sau đ/c | AY4: Trước đ/c | AZ4: Điều chỉnh | BA4: Sau đ/c | BC4: Trước đ/c | BD4: Điều chỉnh | BE4: Sau đ/c
D6: Số lượng | E6: tấn | I6: =G6+H6 -> 0 | K6: 386 | M6: =K6+L6 -> 386 | O6: 140 | Q6: =O6+P6 -> 140 | S6: 120 | U6: =S6+T6 -> 120 | W6: 80 | Y6: =W6+X6 -> 80 | AA6: 100 | AC6: =AA6+AB6 -> 100 | AE6: 20 | AG6: =AE6+AF6 -> 20 | AI6: 80 | AK6: =AI6+AJ6 -> 80 | AM6: 220 | AO6: 220 | AQ6: 138 | AS6: =AQ6+AR6 -> 138 | AU6: 160 | AW6: =AU6+AV6 -> 160 | AY6: 100 | BA6: =AY6+AZ6 -> 100 | BC6: =SUMIFS($G6:$BA6,$G$4:$BA$4,BC$4) -> 1544 | BE6: =SUMIFS($G6:$BA6,$G$4:$BA$4,BE$4) -> 1544
D7: Giá bán | E7: đ/kg | I7: =G7+H7 -> 0 | K7: 19340.674 | M7: =K7+L7 -> 19340.674 | O7: 19678.571 | Q7: =O7+P7 -> 19678.571 | S7: 18687.5 | U7: =S7+T7 -> 18687.5 | W7: 17000 | Y7: =W7+X7 -> 17000 | AA7: 17800 | AC7: =AA7+AB7 -> 17800 | AE7: 17000 | AG7: =AE7+AF7 -> 17000 | AI7: 18200 | AK7: =AI7+AJ7 -> 18200 | AM7: 18438.636 | AO7: =AM7+AN7 -> 18438.636 | AQ7: 17797.101 | AS7: =AQ7+AR7 -> 17797.101 | AU7: 17931.25 | AW7: =AU7+AV7 -> 17931.25 | AY7: 17850 | BA7: =AY7+AZ7 -> 17850 | BC7: =IFERROR(SUMIFS($G10:$BA10,$G$4:$BA$4,BC$4)/BC$6*10^3,0) -> 18500.972 | BE7: =BC7+BD7 -> 18500.972
D8: GVĐV | E8: đ/kg | I8: =G8+H8 -> 0 | K8: 19523.461 | L8: =IFERROR(SUMIFS(L$21:L$33,$B$21:$B$33,"X")/K6*10^3,0) -> -3716.808 | M8: =K8+L8 -> 15806.653 | O8: 18725.828 | P8: =IFERROR(SUMIFS(P$21:P$33,$B$21:$B$33,"X")/O6*10^3,0) -> -3523.3555 | Q8: =O8+P8 -> 15202.472 | S8: 20034.899 | T8: =IFERROR(SUMIFS(T$21:T$33,$B$21:$B$33,"X")/S6*10^3,0) -> -4359.2098 | U8: =S8+T8 -> 15675.689 | W8: 23286.81 | X8: =IFERROR(SUMIFS(X$21:X$33,$B$21:$B$33,"X")/W6*10^3,0) -> -6391.4961 | Y8: =W8+X8 -> 16895.314 | AA8: 23759.066 | AB8: =IFERROR(SUMIFS(AB$21:AB$33,$B$21:$B$33,"X")/AA6*10^3,0) -> -8209.9838 | AC8: =AA8+AB8 -> 15549.082 | AE8: 23733.496 | AF8: =IFERROR(SUMIFS(AF$21:AF$33,$B$21:$B$33,"X")/AE6*10^3,0) -> -6944.5494 | AG8: =AE8+AF8 -> 16788.947 | AI8: 22508.845 | AJ8: =IFERROR(SUMIFS(AJ$21:AJ$33,$B$21:$B$33,"X")/AI6*10^3,0) -> -7947.9565 | AK8: =AI8+AJ8 -> 14560.888 | AM8: 22904.606 | AN8: =IFERROR(SUMIFS(AN$21:AN$33,$B$21:$B$33,"X")/AM6*10^3,0) -> -6261.0675 | AO8: =AM8+AN8 -> 16643.539 | AQ8: 22108.052 | AR8: =IFERROR(SUMIFS(AR$21:AR$33,$B$21:$B$33,"X")/AQ6*10^3,0) -> -6124.2474 | AS8: =AQ8+AR8 -> 15983.805 | AU8: 20611.435 | AV8: =IFERROR(SUMIFS(AV$21:AV$33,$B$21:$B$33,"X")/AU6*10^3,0) -> -5024.8291 | AW8: =AU8+AV8 -> 15586.606 | AY8: 21246.659 | AZ8: =IFERROR(SUMIFS(AZ$21:AZ$33,$B$21:$B$33,"X")/AY6*10^3,0) -> -2196.608 | BA8: =AY8+AZ8 -> 19050.051 | BC8: =IFERROR(SUMIFS($G11:$BA11,$G$4:$BA$4,BC$4)/BC6*10^3,0) -> 21106.547 | BD8: =IFERROR(SUMIFS(BD$21:BD$33,$B$21:$B$33,"X")/BC6*10^3,0) -> -5054.6133 | BE8: =BC8+BD8 -> 16051.934
D10: Doanh thu | E10: tr.đ | G10: =G6*G7/10^3 -> 0 | H10: =I10-G10 -> 0 | I10: =I6*I7/10^3 -> 0 | K10: =K6*K7/10^3 -> 7465.5 | L10: =M10-K10 -> 0 | M10: =M6*M7/10^3 -> 7465.5 | O10: =O6*O7/10^3 -> 2755 | P10: =Q10-O10 -> 0 | Q10: =Q6*Q7/10^3 -> 2755 | S10: =S6*S7/10^3 -> 2242.5 | T10: =U10-S10 -> 0 | U10: =U6*U7/10^3 -> 2242.5 | W10: =W6*W7/10^3 -> 1360 | X10: =Y10-W10 -> 0 | Y10: =Y6*Y7/10^3 -> 1360 | AA10: =AA6*AA7/10^3 -> 1780 | AB10: =AC10-AA10 -> 0 | AC10: =AC6*AC7/10^3 -> 1780 | AE10: =AE6*AE7/10^3 -> 340 | AF10: =AG10-AE10 -> 0 | AG10: =AG6*AG7/10^3 -> 340 | AI10: =AI6*AI7/10^3 -> 1456 | AJ10: =AK10-AI10 -> 0 | AK10: =AK6*AK7/10^3 -> 1456 | AM10: =AM6*AM7/10^3 -> 4056.5 | AN10: =AO10-AM10 -> 0 | AO10: =AO6*AO7/10^3 -> 4056.5 | AQ10: =AQ6*AQ7/10^3 -> 2456 | AR10: =AS10-AQ10 -> 0 | AS10: =AS6*AS7/10^3 -> 2456 | AU10: =AU6*AU7/10^3 -> 2869 | AV10: =AW10-AU10 -> 0 | AW10: =AW6*AW7/10^3 -> 2869 | AY10: =AY6*AY7/10^3 -> 1785 | AZ10: =BA10-AY10 -> 0 | BA10: =BA6*BA7/10^3 -> 1785 | BC10: =BC6*BC7/10^3 -> 28565.5 | BD10: =BE10-BC10 -> 0 | BE10: =BE6*BE7/10^3 -> 28565.5
D11: GVHB | E11: tr.đ | G11: =G8*G6/10^3 -> 0 | H11: =I11-G11 -> 0 | I11: =I8*I6/10^3 -> 0 | K11: =K8*K6/10^3 -> 7536.0561 | L11: =M11-K11 -> -1434.6879 | M11: =M8*M6/10^3 -> 6101.3682 | O11: =O8*O6/10^3 -> 2621.6159 | P11: =Q11-O11 -> -493.26977 | Q11: =Q8*Q6/10^3 -> 2128.3461 | S11: =S8*S6/10^3 -> 2404.1878 | T11: =U11-S11 -> -523.10517 | U11: =U8*U6/10^3 -> 1881.0827 | W11: =W8*W6/10^3 -> 1862.9448 | X11: =Y11-W11 -> -511.31969 | Y11: =Y8*Y6/10^3 -> 1351.6251 | AA11: =AA8*AA6/10^3 -> 2375.9066 | AB11: =AC11-AA11 -> -820.99838 | AC11: =AC8*AC6/10^3 -> 1554.9082 | AE11: =AE8*AE6/10^3 -> 474.66993 | AF11: =AG11-AE11 -> -138.89099 | AG11: =AG8*AG6/10^3 -> 335.77894 | AI11: =AI8*AI6/10^3 -> 1800.7076 | AJ11: =AK11-AI11 -> -635.83652 | AK11: =AK8*AK6/10^3 -> 1164.871 | AM11: =AM8*AM6/10^3 -> 5039.0134 | AN11: =AO11-AM11 -> -1377.4348 | AO11: =AO8*AO6/10^3 -> 3661.5786 | AQ11: =AQ8*AQ6/10^3 -> 3050.9112 | AR11: =AS11-AQ11 -> -845.14614 | AS11: =AS8*AS6/10^3 -> 2205.7651 | AU11: =AU8*AU6/10^3 -> 3297.8297 | AV11: =AW11-AU11 -> -803.97265 | AW11: =AW8*AW6/10^3 -> 2493.857 | AY11: =AY8*AY6/10^3 -> 2124.6659 | AZ11: =BA11-AY11 -> -219.6608 | BA11: =BA8*BA6/10^3 -> 1905.0051 | BC11: =BC8*BC6/10^3 -> 32588.509 | BD11: =BE11-BC11 -> -7804.3229 | BE11: =BE8*BE6/10^3 -> 24784.186
D12: Lãi gộp | E12: tr.đ | G12: =G10-G11 -> 0 | H12: =I12-G12 -> 0 | I12: =I10-I11 -> 0 | K12: =K10-K11 -> -70.556136 | L12: =M12-K12 -> 1434.6879 | M12: =M10-M11 -> 1364.1318 | O12: =O10-O11 -> 133.3841 | P12: =Q12-O12 -> 493.26977 | Q12: =Q10-Q11 -> 626.65388 | S12: =S10-S11 -> -161.68784 | T12: =U12-S12 -> 523.10517 | U12: =U10-U11 -> 361.41733 | W12: =W10-W11 -> -502.94482 | X12: =Y12-W12 -> 511.31969 | Y12: =Y10-Y11 -> 8.374871 | AA12: =AA10-AA11 -> -595.90663 | AB12: =AC12-AA12 -> 820.99838 | AC12: =AC10-AC11 -> 225.09175 | AE12: =AE10-AE11 -> -134.66993 | AF12: =AG12-AE12 -> 138.89099 | AG12: =AG10-AG11 -> 4.2210597 | AI12: =AI10-AI11 -> -344.70757 | AJ12: =AK12-AI12 -> 635.83652 | AK12: =AK10-AK11 -> 291.12896 | AM12: =AM10-AM11 -> -982.51341 | AN12: =AO12-AM12 -> 1377.4348 | AO12: =AO10-AO11 -> 394.92144 | AQ12: =AQ10-AQ11 -> -594.91121 | AR12: =AS12-AQ12 -> 845.14614 | AS12: =AS10-AS11 -> 250.23493 | AU12: =AU10-AU11 -> -428.82966 | AV12: =AW12-AU12 -> 803.97265 | AW12: =AW10-AW11 -> 375.14299 | AY12: =AY10-AY11 -> -339.66588 | AZ12: =BA12-AY12 -> 219.6608 | BA12: =BA10-BA11 -> -120.00507 | BC12: =BC10-BC11 -> -4023.009 | BD12: =BE12-BC12 -> 7804.3229 | BE12: =BE10-BE11 -> 3781.3139
D13: %LG | G13: =IFERROR(G12/G$10,0) -> 0 | I13: =IFERROR(I12/I$10,0) -> 0 | K13: =IFERROR(K12/K$10,0) -> -0.0094509592 | M13: =IFERROR(M12/M$10,0) -> 0.18272477 | O13: =IFERROR(O12/O$10,0) -> 0.048415282 | Q13: =IFERROR(Q12/Q$10,0) -> 0.22746057 | S13: =IFERROR(S12/S$10,0) -> -0.072101603 | U13: =IFERROR(U12/U$10,0) -> 0.16116715 | W13: =IFERROR(W12/W$10,0) -> -0.36981236 | Y13: =IFERROR(Y12/Y$10,0) -> 0.0061579934 | AA13: =IFERROR(AA12/AA$10,0) -> -0.334779 | AC13: =IFERROR(AC12/AC$10,0) -> 0.12645604 | AE13: =IFERROR(AE12/AE$10,0) -> -0.39608803 | AG13: =IFERROR(AG12/AG$10,0) -> 0.012414882 | AI13: =IFERROR(AI12/AI$10,0) -> -0.2367497 | AK13: =IFERROR(AK12/AK$10,0) -> 0.19995121 | AM13: =IFERROR(AM12/AM$10,0) -> -0.24220718 | AO13: =IFERROR(AO12/AO$10,0) -> 0.097355217 | AQ13: =IFERROR(AQ12/AQ$10,0) -> -0.24222769 | AS13: =IFERROR(AS12/AS$10,0) -> 0.10188718 | AU13: =IFERROR(AU12/AU$10,0) -> -0.14947008 | AW13: =IFERROR(AW12/AW$10,0) -> 0.1307574 | AY13: =IFERROR(AY12/AY$10,0) -> -0.19028901 | BA13: =IFERROR(BA12/BA$10,0) -> -0.067229731 | BC13: =IFERROR(BC12/BC$10,0) -> -0.14083454 | BE13: =IFERROR(BE12/BE$10,0) -> 0.13237345
D14: Chi phí hoa hồng | E14: tr.đ | I14: =G14+H14 -> 0 | K14: =(K7-5000)*K6*10%/10^3 -> 553.55 | M14: =K14+L14 -> 553.55 | O14: =(O7-5000)*O6*10%/10^3 -> 205.5 | Q14: =O14+P14 -> 205.5 | S14: =(S7-5000)*S6*10%/10^3 -> 164.25 | U14: =S14+T14 -> 164.25 | W14: =(W7-5000)*W6*10%/10^3 -> 96 | Y14: =W14+X14 -> 96 | AA14: =(AA7-5000)*AA6*10%/10^3 -> 128 | AC14: =AA14+AB14 -> 128 | AE14: 24 | AG14: =AE14+AF14 -> 24 | AI14: 105.6 | AK14: =AI14+AJ14 -> 105.6 | AM14: =(AM7-5000)*10%*AM6/10^3 -> 295.65 | AO14: =AM14+AN14 -> 295.65 | AQ14: =(AQ7-5000)*10%*AQ6/10^3 -> 176.6 | AS14: =AQ14+AR14 -> 176.6 | AU14: =(AU7-5000)*10%*AU6/10^3 -> 206.9 | AW14: =AU14+AV14 -> 206.9 | AY14: =(AY7-5000)*10%*AY6/10^3 -> 128.5 | BA14: =AY14+AZ14 -> 128.5 | BC14: =SUMIFS($G14:$BA14,$G$4:$BA$4,BC$4) -> 2084.55 | BE14: =BC14+BD14 -> 2084.55
D15: Lãi gộp sau Cp hoa hồng | E15: tr.đ | G15: =G12-G14 -> 0 | I15: =I12-I14 -> 0 | K15: =K12-K14 -> -624.10614 | M15: =M12-M14 -> 810.58177 | O15: =O12-O14 -> -72.115897 | Q15: =Q12-Q14 -> 421.15388 | S15: =S12-S14 -> -325.93784 | U15: =U12-U14 -> 197.16733 | W15: =W12-W14 -> -598.94482 | Y15: =Y12-Y14 -> -87.625129 | AA15: =AA12-AA14 -> -723.90663 | AC15: =AC12-AC14 -> 97.09175 | AE15: =AE12-AE14 -> -158.66993 | AG15: =AG12-AG14 -> -19.77894 | AI15: =AI12-AI14 -> -450.30757 | AK15: =AK12-AK14 -> 185.52896 | AM15: =AM12-AM14 -> -1278.1634 | AO15: =AO12-AO14 -> 99.271437 | AQ15: =AQ12-AQ14 -> -771.51121 | AS15: =AS12-AS14 -> 73.634926 | AU15: =AU12-AU14 -> -635.72966 | AW15: =AW12-AW14 -> 168.24299 | AY15: =AY12-AY14 -> -468.16588 | BA15: =BA12-BA14 -> -248.50507 | BC15: =BC12-BC14 -> -6107.559 | BE15: =BE12-BE14 -> 1696.7639
D16: %LG-sau hoa hồng | G16: =IFERROR(G15/G$10,0) -> 0 | I16: =IFERROR(I15/I$10,0) -> 0 | K16: =IFERROR(K15/K$10,0) -> -0.083598706 | M16: =IFERROR(M15/M$10,0) -> 0.10857702 | O16: =IFERROR(O15/O$10,0) -> -0.026176369 | Q16: =IFERROR(Q15/Q$10,0) -> 0.15286892 | S16: =IFERROR(S15/S$10,0) -> -0.14534575 | U16: =IFERROR(U15/U$10,0) -> 0.087923 | W16: =IFERROR(W15/W$10,0) -> -0.4404006 | Y16: =IFERROR(Y15/Y$10,0) -> -0.064430242 | AA16: =IFERROR(AA15/AA$10,0) -> -0.40668912 | AC16: =IFERROR(AC15/AC$10,0) -> 0.054545927 | AE16: =IFERROR(AE15/AE$10,0) -> -0.46667626 | AG16: =IFERROR(AG15/AG$10,0) -> -0.058173354 | AI16: =IFERROR(AI15/AI$10,0) -> -0.30927718 | AK16: =IFERROR(AK15/AK$10,0) -> 0.12742373 | AM16: =IFERROR(AM15/AM$10,0) -> -0.3150902 | AO16: =IFERROR(AO15/AO$10,0) -> 0.024472189 | AQ16: =IFERROR(AQ15/AQ$10,0) -> -0.31413323 | AS16: =IFERROR(AS15/AS$10,0) -> 0.029981647 | AU16: =IFERROR(AU15/AU$10,0) -> -0.2215858 | AW16: =IFERROR(AW15/AW$10,0) -> 0.058641682 | AY16: =IFERROR(AY15/AY$10,0) -> -0.2622778 | BA16: =IFERROR(BA15/BA$10,0) -> -0.13921853 | BC16: =IFERROR(BC15/BC$10,0) -> -0.21380893 | BE16: =IFERROR(BE15/BE$10,0) -> 0.059399061
D19: ĐIỀU CHỈNH NVL BOM
A21: Phó sản PET làm dây đai | B21: X | C21: 160012269 | D21: Phó Sản PET Zigzag Quay đầu | E21: tr.đ | G21: =G22*G23/10^3 -> 0 | H21: =I21-G21 -> 0 | I21: =I22*I23/10^3 -> 0 | K21: =K22*K23/10^3 -> 0 | L21: =M21-K21 -> 0 | M21: =M22*M23/10^3 -> 0 | O21: =O22*O23/10^3 -> 0 | P21: =Q21-O21 -> 0 | Q21: =Q22*Q23/10^3 -> 0 | S21: =S22*S23/10^3 -> 0 | T21: =U21-S21 -> 0 | U21: =U22*U23/10^3 -> 0 | W21: =W22*W23/10^3 -> 0 | X21: =Y21-W21 -> 0 | Y21: =Y22*Y23/10^3 -> 0 | AA21: =AA22*AA23/10^3 -> 0 | AB21: =AC21-AA21 -> 0 | AC21: =AC22*AC23/10^3 -> 0 | AE21: =AE22*AE23/10^3 -> 0 | AF21: =AG21-AE21 -> 0 | AG21: =AG22*AG23/10^3 -> 0 | AI21: =AI22*AI23/10^3 -> 0.00056711432 | AJ21: =AK21-AI21 -> -0.00033071432 | AK21: =AK22*AK23/10^3 -> 0.0002364 | AM21: =AM22*AM23/10^3 -> 0.0049984746 | AN21: =AO21-AM21 -> -0.0029148746 | AO21: =AO22*AO23/10^3 -> 0.0020836 | AQ21: =AQ22*AQ23/10^3 -> 0 | AR21: =AS21-AQ21 -> 0 | AS21: =AS22*AS23/10^3 -> 0 | AU21: =AU22*AU23/10^3 -> 0 | AV21: =AW21-AU21 -> 0 | AW21: =AW22*AW23/10^3 -> 0 | AY21: =AY22*AY23/10^3 -> 0 | AZ21: =BA21-AY21 -> 0 | BA21: =BA22*BA23/10^3 -> 0 | BC21: =BC22*BC23/10^3 -> 0.0055655889 | BD21: =BE21-BC21 -> -0.0032455889 | BE21: =SUMIFS($G21:$BA21,$G$4:$BA$4,BE$4) -> 0.00232
B22: =C21 -> 160012269 | D22: Sản lượng | E22: tấn | G22: {=-SUMPRODUCT('Bán hàng-Break-down BOM'!$D$6:$AA$15*('Bán hàng-Break-down BOM'!$B$6:$B$15=$B22)*('Bán hàng-Break-down BOM'!$D$3:$AA$3=G$1))/10^3} -> 0 | I22: =G22+H22 -> 0 | K22: {=-SUMPRODUCT('Bán hàng-Break-down BOM'!$D$6:$AA$15*('Bán hàng-Break-down BOM'!$B$6:$B$15=$B22)*('Bán hàng-Break-down BOM'!$D$3:$AA$3=K$1))/10^3} -> 0 | M22: =K22+L22 -> 0 | O22: {=-SUMPRODUCT('Bán hàng-Break-down BOM'!$D$6:$AA$15*('Bán hàng-Break-down BOM'!$B$6:$B$15=$B22)*('Bán hàng-Break-down BOM'!$D$3:$AA$3=O$1))/10^3} -> 0 | Q22: =O22+P22 -> 0 | S22: {=-SUMPRODUCT('Bán hàng-Break-down BOM'!$D$6:$AA$15*('Bán hàng-Break-down BOM'!$B$6:$B$15=$B22)*('Bán hàng-Break-down BOM'!$D$3:$AA$3=S$1))/10^3} -> 0 | U22: =S22+T22 -> 0 | W22: {=-SUMPRODUCT('Bán hàng-Break-down BOM'!$D$6:$AA$15*('Bán hàng-Break-down BOM'!$B$6:$B$15=$B22)*('Bán hàng-Break-down BOM'!$D$3:$AA$3=W$1))/10^3} -> 0 | Y22: =W22+X22 -> 0 | AA22: {=-SUMPRODUCT('Bán hàng-Break-down BOM'!$D$6:$AA$15*('Bán hàng-Break-down BOM'!$B$6:$B$15=$B22)*('Bán hàng-Break-down BOM'!$D$3:$AA$3=AA$1))/10^3} -> 0 | AC22: =AA22+AB22 -> 0 | AE22: {=-SUMPRODUCT('Bán hàng-Break-down BOM'!$D$6:$AA$15*('Bán hàng-Break-down BOM'!$B$6:$B$15=$B22)*('Bán hàng-Break-down BOM'!$D$3:$AA$3=AE$1))/10^3} -> 0 | AG22: =AE22+AF22 -> 0 | AI22: {=-SUMPRODUCT('Bán hàng-Break-down BOM'!$D$6:$AA$15*('Bán hàng-Break-down BOM'!$B$6:$B$15=$B22)*('Bán hàng-Break-down BOM'!$D$3:$AA$3=AI$1))/10^3} -> 2.955e-05 | AK22: =AI22+AJ22 -> 2.955e-05 | AM22: {=-SUMPRODUCT('Bán hàng-Break-down BOM'!$D$6:$AA$15*('Bán hàng-Break-down BOM'!$B$6:$B$15=$B22)*('Bán hàng-Break-down BOM'!$D$3:$AA$3=AM$1))/10^3} -> 0.00026045 | AO22: =AM22+AN22 -> 0.00026045 | AQ22: {=-SUMPRODUCT('Bán hàng-Break-down BOM'!$D$6:$AA$15*('Bán hàng-Break-down BOM'!$B$6:$B$15=$B22)*('Bán hàng-Break-down BOM'!$D$3:$AA$3=AQ$1))/10^3} -> 0 | AS22: =AQ22+AR22 -> 0 | AU22: {=-SUMPRODUCT('Bán hàng-Break-down BOM'!$D$6:$AA$15*('Bán hàng-Break-down BOM'!$B$6:$B$15=$B22)*('Bán hàng-Break-down BOM'!$D$3:$AA$3=AU$1))/10^3} -> 0 | AW22: =AU22+AV22 -> 0 | AY22: {=-SUMPRODUCT('Bán hàng-Break-down BOM'!$D$6:$AA$15*('Bán hàng-Break-down BOM'!$B$6:$B$15=$B22)*('Bán hàng-Break-down BOM'!$D$3:$AA$3=AY$1))/10^3} -> 0 | BA22: =AY22+AZ22 -> 0 | BC22: =SUMIFS($G22:$BA22,$G$4:$BA$4,BC$4) -> 0.00029 | BE22: =BC22+BD22 -> 0.00029
B23: =B22 -> 160012269 | D23: ĐG | E23: đ/kg | G23: {=IFERROR(SUMPRODUCT('Bán hàng-Break-down BOM'!$D$30:$AA$39*('Bán hàng-Break-down BOM'!$B$30:$B$39=$B23)*('Bán hàng-Break-down BOM'!$D$3:$AA$3=G$1))/G22/10^3,0)} -> 0 | H23: =INDEX(MD!$G$3:$G$8,MATCH('Điều chỉnh'!$B23,MD!$A$3:$A$8,0))-G23 -> 8000 | I23: =G23+H23 -> 8000 | K23: {=IFERROR(SUMPRODUCT('Bán hàng-Break-down BOM'!$D$30:$AA$39*('Bán hàng-Break-down BOM'!$B$30:$B$39=$B23)*('Bán hàng-Break-down BOM'!$D$3:$AA$3=K$1))/K22/10^3,0)} -> 0 | L23: =INDEX(MD!$G$3:$G$8,MATCH('Điều chỉnh'!$B23,MD!$A$3:$A$8,0))-K23 -> 8000 | M23: =K23+L23 -> 8000 | O23: {=IFERROR(SUMPRODUCT('Bán hàng-Break-down BOM'!$D$30:$AA$39*('Bán hàng-Break-down BOM'!$B$30:$B$39=$B23)*('Bán hàng-Break-down BOM'!$D$3:$AA$3=O$1))/O22/10^3,0)} -> 0 | P23: =INDEX(MD!$G$3:$G$8,MATCH('Điều chỉnh'!$B23,MD!$A$3:$A$8,0))-O23 -> 8000 | Q23: =O23+P23 -> 8000 | S23: {=IFERROR(SUMPRODUCT('Bán hàng-Break-down BOM'!$D$30:$AA$39*('Bán hàng-Break-down BOM'!$B$30:$B$39=$B23)*('Bán hàng-Break-down BOM'!$D$3:$AA$3=S$1))/S22/10^3,0)} -> 0 | T23: =INDEX(MD!$G$3:$G$8,MATCH('Điều chỉnh'!$B23,MD!$A$3:$A$8,0))-S23 -> 8000 | U23: =S23+T23 -> 8000 | W23: {=IFERROR(SUMPRODUCT('Bán hàng-Break-down BOM'!$D$30:$AA$39*('Bán hàng-Break-down BOM'!$B$30:$B$39=$B23)*('Bán hàng-Break-down BOM'!$D$3:$AA$3=W$1))/W22/10^3,0)} -> 0 | X23: =INDEX(MD!$G$3:$G$8,MATCH('Điều chỉnh'!$B23,MD!$A$3:$A$8,0))-W23 -> 8000 | Y23: =W23+X23 -> 8000 | AA23: {=IFERROR(SUMPRODUCT('Bán hàng-Break-down BOM'!$D$30:$AA$39*('Bán hàng-Break-down BOM'!$B$30:$B$39=$B23)*('Bán hàng-Break-down BOM'!$D$3:$AA$3=AA$1))/AA22/10^3,0)} -> 0 | AB23: =INDEX(MD!$G$3:$G$8,MATCH('Điều chỉnh'!$B23,MD!$A$3:$A$8,0))-AA23 -> 8000 | AC23: =AA23+AB23 -> 8000 | AE23: {=IFERROR(SUMPRODUCT('Bán hàng-Break-down BOM'!$D$30:$AA$39*('Bán hàng-Break-down BOM'!$B$30:$B$39=$B23)*('Bán hàng-Break-down BOM'!$D$3:$AA$3=AE$1))/AE22/10^3,0)} -> 0 | AF23: =INDEX(MD!$G$3:$G$8,MATCH('Điều chỉnh'!$B23,MD!$A$3:$A$8,0))-AE23 -> 8000 | AG23: =AE23+AF23 -> 8000 | AI23: {=IFERROR(SUMPRODUCT('Bán hàng-Break-down BOM'!$D$30:$AA$39*('Bán hàng-Break-down BOM'!$B$30:$B$39=$B23)*('Bán hàng-Break-down BOM'!$D$3:$AA$3=AI$1))/AI22/10^3,0)} -> 19191.686 | AJ23: =INDEX(MD!$G$3:$G$8,MATCH('Điều chỉnh'!$B23,MD!$A$3:$A$8,0))-AI23 -> -11191.686 | AK23: =AI23+AJ23 -> 8000 | AM23: {=IFERROR(SUMPRODUCT('Bán hàng-Break-down BOM'!$D$30:$AA$39*('Bán hàng-Break-down BOM'!$B$30:$B$39=$B23)*('Bán hàng-Break-down BOM'!$D$3:$AA$3=AM$1))/AM22/10^3,0)} -> 19191.686 | AN23: =INDEX(MD!$G$3:$G$8,MATCH('Điều chỉnh'!$B23,MD!$A$3:$A$8,0))-AM23 -> -11191.686 | AO23: =AM23+AN23 -> 8000 | AQ23: {=IFERROR(SUMPRODUCT('Bán hàng-Break-down BOM'!$D$30:$AA$39*('Bán hàng-Break-down BOM'!$B$30:$B$39=$B23)*('Bán hàng-Break-down BOM'!$D$3:$AA$3=AQ$1))/AQ22/10^3,0)} -> 0 | AR23: =INDEX(MD!$G$3:$G$8,MATCH('Điều chỉnh'!$B23,MD!$A$3:$A$8,0))-AQ23 -> 8000 | AS23: =AQ23+AR23 -> 8000 | AU23: =INDEX(MD!$F$3:$F$8,MATCH('Điều chỉnh'!$B23,MD!$A$3:$A$8,0)) -> 19192 | AV23: =INDEX(MD!$G$3:$G$8,MATCH('Điều chỉnh'!$B23,MD!$A$3:$A$8,0))-AU23 -> -11192 | AW23: =AU23+AV23 -> 8000 | AY23: =INDEX(MD!$F$3:$F$8,MATCH('Điều chỉnh'!$B23,MD!$A$3:$A$8,0)) -> 19192 | AZ23: =INDEX(MD!$G$3:$G$8,MATCH('Điều chỉnh'!$B23,MD!$A$3:$A$8,0))-AY23 -> -11192 | BA23: =AY23+AZ23 -> 8000 | BC23: =IFERROR(SUMIFS($G21:$BA21,$G$4:$BA$4,BC$4)/BC22,0)*10^3 -> 19191.686 | BD23: =IFERROR(SUMIFS($G21:$BA21,$G$4:$BA$4,BE$4)/BE22*10^3-BC23,0) -> -11191.686 | BE23: =BC23+BD23 -> 8000
A24: Đầu Keo PET | B24: X | C24: 160012429 | D24: Đầu Keo PET Sau Băm | E24: tr.đ | G24: =G25*G26/10^3 -> 0 | H24: =I24-G24 -> 0 | I24: =I25*I26/10^3 -> 0 | K24: =K25*K26/10^3 -> 2340.1141 | L24: =M24-K24 -> -1434.6879 | M24: =M25*M26/10^3 -> 905.42621 | O24: =O25*O26/10^3 -> 783.82689 | P24: =Q24-O24 -> -493.26977 | Q24: =Q25*Q26/10^3 -> 290.55711 | S24: =S25*S26/10^3 -> 832.23498 | T24: =U24-S24 -> -523.10517 | U24: =U25*U26/10^3 -> 309.12981 | W24: =W25*W26/10^3 -> 819.43452 | X24: =Y24-W24 -> -511.31969 | Y24: =Y25*Y26/10^3 -> 308.11483 | AA24: =AA25*AA26/10^3 -> 1326.2076 | AB24: =AC24-AA24 -> -820.99838 | AC24: =AC25*AC26/10^3 -> 505.20926 | AE24: =AE25*AE26/10^3 -> 225.31346 | AF24: =AG24-AE24 -> -138.89099 | AG24: =AG25*AG26/10^3 -> 86.422474 | AI24: =AI25*AI26/10^3 -> 1027.149 | AJ24: =AK24-AI24 -> -632.36775 | AK24: =AK25*AK26/10^3 -> 394.78127 | AM24: =AM25*AM26/10^3 -> 2198.4293 | AN24: =AO24-AM24 -> -1346.8615 | AO24: =AO25*AO26/10^3 -> 851.56773 | AQ24: =AQ25*AQ26/10^3 -> 1380.0699 | AR24: =AS24-AQ24 -> -845.14614 | AS24: =AS25*AS26/10^3 -> 534.92374 | AU24: =AU25*AU26/10^3 -> 1334.4723 | AV24: =AW24-AU24 -> -803.97265 | AW24: =AW25*AW26/10^3 -> 530.49964 | AY24: =AY25*AY26/10^3 -> 364.60352 | AZ24: =BA24-AY24 -> -219.6608 | BA24: =BA25*BA26/10^3 -> 144.94271 | BC24: =BC25*BC26/10^3 -> 12631.856 | BD24: =BE24-BC24 -> -7770.2808 | BE24: =SUMIFS($G24:$BA24,$G$4:$BA$4,BE$4) -> 4861.5748
B25: =C24 -> 160012429 | D25: Sản lượng | E25: tấn | G25: {=-SUMPRODUCT('Bán hàng-Break-down BOM'!$D$6:$AA$15*('Bán hàng-Break-down BOM'!$B$6:$B$15=$B25)*('Bán hàng-Break-down BOM'!$D$3:$AA$3=G$1))/10^3} -> 0 | I25: =G25+H25 -> 0 | K25: {=-SUMPRODUCT('Bán hàng-Break-down BOM'!$D$6:$AA$15*('Bán hàng-Break-down BOM'!$B$6:$B$15=$B25)*('Bán hàng-Break-down BOM'!$D$3:$AA$3=K$1))/10^3} -> 101.33477 | M25: =K25+L25 -> 101.33477 | O25: {=-SUMPRODUCT('Bán hàng-Break-down BOM'!$D$6:$AA$15*('Bán hàng-Break-down BOM'!$B$6:$B$15=$B25)*('Bán hàng-Break-down BOM'!$D$3:$AA$3=O$1))/10^3} -> 32.518983 | Q25: =O25+P25 -> 32.518983 | S25: {=-SUMPRODUCT('Bán hàng-Break-down BOM'!$D$6:$AA$15*('Bán hàng-Break-down BOM'!$B$6:$B$15=$B25)*('Bán hàng-Break-down BOM'!$D$3:$AA$3=S$1))/10^3} -> 34.597628 | U25: =S25+T25 -> 34.597628 | W25: {=-SUMPRODUCT('Bán hàng-Break-down BOM'!$D$6:$AA$15*('Bán hàng-Break-down BOM'!$B$6:$B$15=$B25)*('Bán hàng-Break-down BOM'!$D$3:$AA$3=W$1))/10^3} -> 34.484032 | Y25: =W25+X25 -> 34.484032 | AA25: {=-SUMPRODUCT('Bán hàng-Break-down BOM'!$D$6:$AA$15*('Bán hàng-Break-down BOM'!$B$6:$B$15=$B25)*('Bán hàng-Break-down BOM'!$D$3:$AA$3=AA$1))/10^3} -> 56.542726 | AC25: =AA25+AB25 -> 56.542726 | AE25: {=-SUMPRODUCT('Bán hàng-Break-down BOM'!$D$6:$AA$15*('Bán hàng-Break-down BOM'!$B$6:$B$15=$B25)*('Bán hàng-Break-down BOM'!$D$3:$AA$3=AE$1))/10^3} -> 9.6723529 | AG25: =AE25+AF25 -> 9.6723529 | AI25: {=-SUMPRODUCT('Bán hàng-Break-down BOM'!$D$6:$AA$15*('Bán hàng-Break-down BOM'!$B$6:$B$15=$B25)*('Bán hàng-Break-down BOM'!$D$3:$AA$3=AI$1))/10^3} -> 44.18369 | AK25: =AI25+AJ25 -> 44.18369 | AM25: {=-SUMPRODUCT('Bán hàng-Break-down BOM'!$D$6:$AA$15*('Bán hàng-Break-down BOM'!$B$6:$B$15=$B25)*('Bán hàng-Break-down BOM'!$D$3:$AA$3=AM$1))/10^3} -> 95.306965 | AO25: =AM25+AN25 -> 95.306965 | AQ25: {=-SUMPRODUCT('Bán hàng-Break-down BOM'!$D$6:$AA$15*('Bán hàng-Break-down BOM'!$B$6:$B$15=$B25)*('Bán hàng-Break-down BOM'!$D$3:$AA$3=AQ$1))/10^3} -> 59.868354 | AS25: =AQ25+AR25 -> 59.868354 | AU25: {=-SUMPRODUCT('Bán hàng-Break-down BOM'!$D$6:$AA$15*('Bán hàng-Break-down BOM'!$B$6:$B$15=$B25)*('Bán hàng-Break-down BOM'!$D$3:$AA$3=AU$1))/10^3} -> 59.373211 | AW25: =AU25+AV25 -> 59.373211 | AY25: {=-SUMPRODUCT('Bán hàng-Break-down BOM'!$D$6:$AA$15*('Bán hàng-Break-down BOM'!$B$6:$B$15=$B25)*('Bán hàng-Break-down BOM'!$D$3:$AA$3=AY$1))/10^3} -> 16.221904 | BA25: =AY25+AZ25 -> 16.221904 | BC25: =SUMIFS($G25:$BA25,$G$4:$BA$4,BC$4) -> 544.10462 | BE25: =BC25+BD25 -> 544.10462
B26: =B25 -> 160012429 | D26: ĐG | E26: đ/kg | G26: {=IFERROR(SUMPRODUCT('Bán hàng-Break-down BOM'!$D$30:$AA$39*('Bán hàng-Break-down BOM'!$B$30:$B$39=$B26)*('Bán hàng-Break-down BOM'!$D$3:$AA$3=G$1))/G25/10^3,0)} -> 0 | H26: =INDEX(MD!$G$3:$G$8,MATCH('Điều chỉnh'!$B26,MD!$A$3:$A$8,0))-G26 -> 8935 | I26: =G26+H26 -> 8935 | K26: {=IFERROR(SUMPRODUCT('Bán hàng-Break-down BOM'!$D$30:$AA$39*('Bán hàng-Break-down BOM'!$B$30:$B$39=$B26)*('Bán hàng-Break-down BOM'!$D$3:$AA$3=K$1))/K25/10^3,0)} -> 23092.903 | L26: =INDEX(MD!$G$3:$G$8,MATCH('Điều chỉnh'!$B26,MD!$A$3:$A$8,0))-K26 -> -14157.903 | M26: =K26+L26 -> 8935 | O26: {=IFERROR(SUMPRODUCT('Bán hàng-Break-down BOM'!$D$30:$AA$39*('Bán hàng-Break-down BOM'!$B$30:$B$39=$B26)*('Bán hàng-Break-down BOM'!$D$3:$AA$3=O$1))/O25/10^3,0)} -> 24103.672 | P26: =INDEX(MD!$G$3:$G$8,MATCH('Điều chỉnh'!$B26,MD!$A$3:$A$8,0))-O26 -> -15168.672 | Q26: =O26+P26 -> 8935 | S26: {=IFERROR(SUMPRODUCT('Bán hàng-Break-down BOM'!$D$30:$AA$39*('Bán hàng-Break-down BOM'!$B$30:$B$39=$B26)*('Bán hàng-Break-down BOM'!$D$3:$AA$3=S$1))/S25/10^3,0)} -> 24054.683 | T26: =INDEX(MD!$G$3:$G$8,MATCH('Điều chỉnh'!$B26,MD!$A$3:$A$8,0))-S26 -> -15119.683 | U26: =S26+T26 -> 8935 | W26: {=IFERROR(SUMPRODUCT('Bán hàng-Break-down BOM'!$D$30:$AA$39*('Bán hàng-Break-down BOM'!$B$30:$B$39=$B26)*('Bán hàng-Break-down BOM'!$D$3:$AA$3=W$1))/W25/10^3,0)} -> 23762.723 | X26: =INDEX(MD!$G$3:$G$8,MATCH('Điều chỉnh'!$B26,MD!$A$3:$A$8,0))-W26 -> -14827.723 | Y26: =W26+X26 -> 8935 | AA26: {=IFERROR(SUMPRODUCT('Bán hàng-Break-down BOM'!$D$30:$AA$39*('Bán hàng-Break-down BOM'!$B$30:$B$39=$B26)*('Bán hàng-Break-down BOM'!$D$3:$AA$3=AA$1))/AA25/10^3,0)} -> 23454.964 | AB26: =INDEX(MD!$G$3:$G$8,MATCH('Điều chỉnh'!$B26,MD!$A$3:$A$8,0))-AA26 -> -14519.964 | AC26: =AA26+AB26 -> 8935 | AE26: {=IFERROR(SUMPRODUCT('Bán hàng-Break-down BOM'!$D$30:$AA$39*('Bán hàng-Break-down BOM'!$B$30:$B$39=$B26)*('Bán hàng-Break-down BOM'!$D$3:$AA$3=AE$1))/AE25/10^3,0)} -> 23294.587 | AF26: =INDEX(MD!$G$3:$G$8,MATCH('Điều chỉnh'!$B26,MD!$A$3:$A$8,0))-AE26 -> -14359.587 | AG26: =AE26+AF26 -> 8935 | AI26: {=IFERROR(SUMPRODUCT('Bán hàng-Break-down BOM'!$D$30:$AA$39*('Bán hàng-Break-down BOM'!$B$30:$B$39=$B26)*('Bán hàng-Break-down BOM'!$D$3:$AA$3=AI$1))/AI25/10^3,0)} -> 23247.244 | AJ26: =INDEX(MD!$G$3:$G$8,MATCH('Điều chỉnh'!$B26,MD!$A$3:$A$8,0))-AI26 -> -14312.244 | AK26: =AI26+AJ26 -> 8935 | AM26: {=IFERROR(SUMPRODUCT('Bán hàng-Break-down BOM'!$D$30:$AA$39*('Bán hàng-Break-down BOM'!$B$30:$B$39=$B26)*('Bán hàng-Break-down BOM'!$D$3:$AA$3=AM$1))/AM25/10^3,0)} -> 23066.827 | AN26: =INDEX(MD!$G$3:$G$8,MATCH('Điều chỉnh'!$B26,MD!$A$3:$A$8,0))-AM26 -> -14131.827 | AO26: =AM26+AN26 -> 8935 | AQ26: {=IFERROR(SUMPRODUCT('Bán hàng-Break-down BOM'!$D$30:$AA$39*('Bán hàng-Break-down BOM'!$B$30:$B$39=$B26)*('Bán hàng-Break-down BOM'!$D$3:$AA$3=AQ$1))/AQ25/10^3,0)} -> 23051.742 | AR26: =INDEX(MD!$G$3:$G$8,MATCH('Điều chỉnh'!$B26,MD!$A$3:$A$8,0))-AQ26 -> -14116.742 | AS26: =AQ26+AR26 -> 8935 | AU26: =INDEX(MD!$F$3:$F$8,MATCH('Điều chỉnh'!$B26,MD!$A$3:$A$8,0)) -> 22476 | AV26: =INDEX(MD!$G$3:$G$8,MATCH('Điều chỉnh'!$B26,MD!$A$3:$A$8,0))-AU26 -> -13541 | AW26: =AU26+AV26 -> 8935 | AY26: =INDEX(MD!$F$3:$F$8,MATCH('Điều chỉnh'!$B26,MD!$A$3:$A$8,0)) -> 22476 | AZ26: =INDEX(MD!$G$3:$G$8,MATCH('Điều chỉnh'!$B26,MD!$A$3:$A$8,0))-AY26 -> -13541 | BA26: =AY26+AZ26 -> 8935 | BC26: =IFERROR(SUMIFS($G24:$BA24,$G$4:$BA$4,BC$4)/BC25,0)*10^3 -> 23215.858 | BD26: =IFERROR(SUMIFS($G24:$BA24,$G$4:$BA$4,BE$4)/BE25*10^3-BC26,0) -> -14280.858 | BE26: =BC26+BD26 -> 8935
A27: Phó sản PET làm dây đai | B27: X | C27: 160012607 | D27: Phó Sản PET Zigzag Sau Lựa | E27: tr.đ | G27: =G28*G29/10^3 -> 0 | H27: =I27-G27 -> 0 | I27: =I28*I29/10^3 -> 0 | K27: =K28*K29/10^3 -> 0 | L27: =M27-K27 -> 0 | M27: =M28*M29/10^3 -> 0 | O27: =O28*O29/10^3 -> 0 | P27: =Q27-O27 -> 0 | Q27: =Q28*Q29/10^3 -> 0 | S27: =S28*S29/10^3 -> 0 | T27: =U27-S27 -> 0 | U27: =U28*U29/10^3 -> 0 | W27: =W28*W29/10^3 -> 0 | X27: =Y27-W27 -> 0 | Y27: =Y28*Y29/10^3 -> 0 | AA27: =AA28*AA29/10^3 -> 0 | AB27: =AC27-AA27 -> 0 | AC27: =AC28*AC29/10^3 -> 0 | AE27: =AE28*AE29/10^3 -> 0 | AF27: =AG27-AE27 -> 0 | AG27: =AG28*AG29/10^3 -> 0 | AI27: =AI28*AI29/10^3 -> 0 | AJ27: =AK27-AI27 -> 0 | AK27: =AK28*AK29/10^3 -> 0 | AM27: =AM28*AM29/10^3 -> 0 | AN27: =AO27-AM27 -> 0 | AO27: =AO28*AO29/10^3 -> 0 | AQ27: =AQ28*AQ29/10^3 -> 0 | AR27: =AS27-AQ27 -> 0 | AS27: =AS28*AS29/10^3 -> 0 | AU27: =AU28*AU29/10^3 -> 0 | AV27: =AW27-AU27 -> 0 | AW27: =AW28*AW29/10^3 -> 0 | AY27: =AY28*AY29/10^3 -> 0 | AZ27: =BA27-AY27 -> 0 | BA27: =BA28*BA29/10^3 -> 0 | BC27: =BC28*BC29/10^3 -> 0 | BD27: =BE27-BC27 -> 0 | BE27: =SUMIFS($G27:$BA27,$G$4:$BA$4,BE$4) -> 0
B28: =C27 -> 160012607 | D28: Sản lượng | E28: tấn | G28: {=-SUMPRODUCT('Bán hàng-Break-down BOM'!$D$6:$AA$15*('Bán hàng-Break-down BOM'!$B$6:$B$15=$B28)*('Bán hàng-Break-down BOM'!$D$3:$AA$3=G$1))/10^3} -> 0 | I28: =G28+H28 -> 0 | K28: {=-SUMPRODUCT('Bán hàng-Break-down BOM'!$D$6:$AA$15*('Bán hàng-Break-down BOM'!$B$6:$B$15=$B28)*('Bán hàng-Break-down BOM'!$D$3:$AA$3=K$1))/10^3} -> 0 | M28: =K28+L28 -> 0 | O28: {=-SUMPRODUCT('Bán hàng-Break-down BOM'!$D$6:$AA$15*('Bán hàng-Break-down BOM'!$B$6:$B$15=$B28)*('Bán hàng-Break-down BOM'!$D$3:$AA$3=O$1))/10^3} -> 0 | Q28: =O28+P28 -> 0 | S28: {=-SUMPRODUCT('Bán hàng-Break-down BOM'!$D$6:$AA$15*('Bán hàng-Break-down BOM'!$B$6:$B$15=$B28)*('Bán hàng-Break-down BOM'!$D$3:$AA$3=S$1))/10^3} -> 0 | U28: =S28+T28 -> 0 | W28: {=-SUMPRODUCT('Bán hàng-Break-down BOM'!$D$6:$AA$15*('Bán hàng-Break-down BOM'!$B$6:$B$15=$B28)*('Bán hàng-Break-down BOM'!$D$3:$AA$3=W$1))/10^3} -> 0 | Y28: =W28+X28 -> 0 | AA28: {=-SUMPRODUCT('Bán hàng-Break-down BOM'!$D$6:$AA$15*('Bán hàng-Break-down BOM'!$B$6:$B$15=$B28)*('Bán hàng-Break-down BOM'!$D$3:$AA$3=AA$1))/10^3} -> 0 | AC28: =AA28+AB28 -> 0 | AE28: {=-SUMPRODUCT('Bán hàng-Break-down BOM'!$D$6:$AA$15*('Bán hàng-Break-down BOM'!$B$6:$B$15=$B28)*('Bán hàng-Break-down BOM'!$D$3:$AA$3=AE$1))/10^3} -> 0 | AG28: =AE28+AF28 -> 0 | AI28: {=-SUMPRODUCT('Bán hàng-Break-down BOM'!$D$6:$AA$15*('Bán hàng-Break-down BOM'!$B$6:$B$15=$B28)*('Bán hàng-Break-down BOM'!$D$3:$AA$3=AI$1))/10^3} -> 0 | AK28: =AI28+AJ28 -> 0 | AM28: {=-SUMPRODUCT('Bán hàng-Break-down BOM'!$D$6:$AA$15*('Bán hàng-Break-down BOM'!$B$6:$B$15=$B28)*('Bán hàng-Break-down BOM'!$D$3:$AA$3=AM$1))/10^3} -> 0 | AO28: =AM28+AN28 -> 0 | AQ28: {=-SUMPRODUCT('Bán hàng-Break-down BOM'!$D$6:$AA$15*('Bán hàng-Break-down BOM'!$B$6:$B$15=$B28)*('Bán hàng-Break-down BOM'!$D$3:$AA$3=AQ$1))/10^3} -> 0 | AS28: =AQ28+AR28 -> 0 | AU28: {=-SUMPRODUCT('Bán hàng-Break-down BOM'!$D$6:$AA$15*('Bán hàng-Break-down BOM'!$B$6:$B$15=$B28)*('Bán hàng-Break-down BOM'!$D$3:$AA$3=AU$1))/10^3} -> 0 | AW28: =AU28+AV28 -> 0 | AY28: {=-SUMPRODUCT('Bán hàng-Break-down BOM'!$D$6:$AA$15*('Bán hàng-Break-down BOM'!$B$6:$B$15=$B28)*('Bán hàng-Break-down BOM'!$D$3:$AA$3=AY$1))/10^3} -> 0 | BA28: =AY28+AZ28 -> 0 | BC28: =SUMIFS($G28:$BA28,$G$4:$BA$4,BC$4) -> 0 | BE28: =BC28+BD28 -> 0
B29: =B28 -> 160012607 | D29: ĐG | E29: đ/kg | G29: {=IFERROR(SUMPRODUCT('Bán hàng-Break-down BOM'!$D$30:$AA$39*('Bán hàng-Break-down BOM'!$B$30:$B$39=$B29)*('Bán hàng-Break-down BOM'!$D$3:$AA$3=G$1))/G28/10^3,0)} -> 0 | H29: =INDEX(MD!$G$3:$G$8,MATCH('Điều chỉnh'!$B29,MD!$A$3:$A$8,0))-G29 -> 8000 | I29: =G29+H29 -> 8000 | K29: {=IFERROR(SUMPRODUCT('Bán hàng-Break-down BOM'!$D$30:$AA$39*('Bán hàng-Break-down BOM'!$B$30:$B$39=$B29)*('Bán hàng-Break-down BOM'!$D$3:$AA$3=K$1))/K28/10^3,0)} -> 0 | L29: =INDEX(MD!$G$3:$G$8,MATCH('Điều chỉnh'!$B29,MD!$A$3:$A$8,0))-K29 -> 8000 | M29: =K29+L29 -> 8000 | O29: {=IFERROR(SUMPRODUCT('Bán hàng-Break-down BOM'!$D$30:$AA$39*('Bán hàng-Break-down BOM'!$B$30:$B$39=$B29)*('Bán hàng-Break-down BOM'!$D$3:$AA$3=O$1))/O28/10^3,0)} -> 0 | P29: =INDEX(MD!$G$3:$G$8,MATCH('Điều chỉnh'!$B29,MD!$A$3:$A$8,0))-O29 -> 8000 | Q29: =O29+P29 -> 8000 | S29: {=IFERROR(SUMPRODUCT('Bán hàng-Break-down BOM'!$D$30:$AA$39*('Bán hàng-Break-down BOM'!$B$30:$B$39=$B29)*('Bán hàng-Break-down BOM'!$D$3:$AA$3=S$1))/S28/10^3,0)} -> 0 | T29: =INDEX(MD!$G$3:$G$8,MATCH('Điều chỉnh'!$B29,MD!$A$3:$A$8,0))-S29 -> 8000 | U29: =S29+T29 -> 8000 | W29: {=IFERROR(SUMPRODUCT('Bán hàng-Break-down BOM'!$D$30:$AA$39*('Bán hàng-Break-down BOM'!$B$30:$B$39=$B29)*('Bán hàng-Break-down BOM'!$D$3:$AA$3=W$1))/W28/10^3,0)} -> 0 | X29: =INDEX(MD!$G$3:$G$8,MATCH('Điều chỉnh'!$B29,MD!$A$3:$A$8,0))-W29 -> 8000 | Y29: =W29+X29 -> 8000 | AA29: {=IFERROR(SUMPRODUCT('Bán hàng-Break-down BOM'!$D$30:$AA$39*('Bán hàng-Break-down BOM'!$B$30:$B$39=$B29)*('Bán hàng-Break-down BOM'!$D$3:$AA$3=AA$1))/AA28/10^3,0)} -> 0 | AB29: =INDEX(MD!$G$3:$G$8,MATCH('Điều chỉnh'!$B29,MD!$A$3:$A$8,0))-AA29 -> 8000 | AC29: =AA29+AB29 -> 8000 | AE29: {=IFERROR(SUMPRODUCT('Bán hàng-Break-down BOM'!$D$30:$AA$39*('Bán hàng-Break-down BOM'!$B$30:$B$39=$B29)*('Bán hàng-Break-down BOM'!$D$3:$AA$3=AE$1))/AE28/10^3,0)} -> 0 | AF29: =INDEX(MD!$G$3:$G$8,MATCH('Điều chỉnh'!$B29,MD!$A$3:$A$8,0))-AE29 -> 8000 | AG29: =AE29+AF29 -> 8000 | AI29: {=IFERROR(SUMPRODUCT('Bán hàng-Break-down BOM'!$D$30:$AA$39*('Bán hàng-Break-down BOM'!$B$30:$B$39=$B29)*('Bán hàng-Break-down BOM'!$D$3:$AA$3=AI$1))/AI28/10^3,0)} -> 0 | AJ29: =INDEX(MD!$G$3:$G$8,MATCH('Điều chỉnh'!$B29,MD!$A$3:$A$8,0))-AI29 -> 8000 | AK29: =AI29+AJ29 -> 8000 | AM29: {=IFERROR(SUMPRODUCT('Bán hàng-Break-down BOM'!$D$30:$AA$39*('Bán hàng-Break-down BOM'!$B$30:$B$39=$B29)*('Bán hàng-Break-down BOM'!$D$3:$AA$3=AM$1))/AM28/10^3,0)} -> 0 | AN29: =INDEX(MD!$G$3:$G$8,MATCH('Điều chỉnh'!$B29,MD!$A$3:$A$8,0))-AM29 -> 8000 | AO29: =AM29+AN29 -> 8000 | AQ29: {=IFERROR(SUMPRODUCT('Bán hàng-Break-down BOM'!$D$30:$AA$39*('Bán hàng-Break-down BOM'!$B$30:$B$39=$B29)*('Bán hàng-Break-down BOM'!$D$3:$AA$3=AQ$1))/AQ28/10^3,0)} -> 0 | AR29: =INDEX(MD!$G$3:$G$8,MATCH('Điều chỉnh'!$B29,MD!$A$3:$A$8,0))-AQ29 -> 8000 | AS29: =AQ29+AR29 -> 8000 | AU29: =INDEX(MD!$F$3:$F$8,MATCH('Điều chỉnh'!$B29,MD!$A$3:$A$8,0)) -> 19192 | AV29: =INDEX(MD!$G$3:$G$8,MATCH('Điều chỉnh'!$B29,MD!$A$3:$A$8,0))-AU29 -> -11192 | AW29: =AU29+AV29 -> 8000 | AY29: =INDEX(MD!$F$3:$F$8,MATCH('Điều chỉnh'!$B29,MD!$A$3:$A$8,0)) -> 19192 | AZ29: =INDEX(MD!$G$3:$G$8,MATCH('Điều chỉnh'!$B29,MD!$A$3:$A$8,0))-AY29 -> -11192 | BA29: =AY29+AZ29 -> 8000 | BC29: =IFERROR(SUMIFS($G27:$BA27,$G$4:$BA$4,BC$4)/BC28,0)*10^3 -> 0 | BD29: =IFERROR(SUMIFS($G27:$BA27,$G$4:$BA$4,BE$4)/BE28*10^3-BC29,0) -> 0 | BE29: =BC29+BD29 -> 0
A30: Phó sản PET làm dây đai | B30: X | C30: 160012268 | D30: Phó Sản PET Tomra Cổng 2 | E30: tr.đ | G30: =G31*G32/10^3 -> 0 | H30: =I30-G30 -> 0 | I30: =I31*I32/10^3 -> 0 | K30: =K31*K32/10^3 -> 0 | L30: =M30-K30 -> 0 | M30: =M31*M32/10^3 -> 0 | O30: =O31*O32/10^3 -> 0 | P30: =Q30-O30 -> 0 | Q30: =Q31*Q32/10^3 -> 0 | S30: =S31*S32/10^3 -> 0 | T30: =U30-S30 -> 0 | U30: =U31*U32/10^3 -> 0 | W30: =W31*W32/10^3 -> 0 | X30: =Y30-W30 -> 0 | Y30: =Y31*Y32/10^3 -> 0 | AA30: =AA31*AA32/10^3 -> 0 | AB30: =AC30-AA30 -> 0 | AC30: =AC31*AC32/10^3 -> 0 | AE30: =AE31*AE32/10^3 -> 0 | AF30: =AG30-AE30 -> 0 | AG30: =AG31*AG32/10^3 -> 0 | AI30: =AI31*AI32/10^3 -> 3.4687511 | AJ30: =AK30-AI30 -> -3.4684408 | AK30: =AK31*AK32/10^3 -> 0.000310275 | AM30: =AM31*AM32/10^3 -> 30.573138 | AN30: =AO30-AM30 -> -30.570403 | AO30: =AO31*AO32/10^3 -> 0.002734725 | AQ30: =AQ31*AQ32/10^3 -> 0 | AR30: =AS30-AQ30 -> 0 | AS30: =AS31*AS32/10^3 -> 0 | AU30: =AU31*AU32/10^3 -> 0 | AV30: =AW30-AU30 -> 0 | AW30: =AW31*AW32/10^3 -> 0 | AY30: =AY31*AY32/10^3 -> 0 | AZ30: =BA30-AY30 -> 0 | BA30: =BA31*BA32/10^3 -> 0 | BC30: =BC31*BC32/10^3 -> 34.041889 | BD30: =BE30-BC30 -> -34.038844 | BE30: =SUMIFS($G30:$BA30,$G$4:$BA$4,BE$4) -> 0.003045
B31: =C30 -> 160012268 | D31: Sản lượng | E31: tấn | G31: {=-SUMPRODUCT('Bán hàng-Break-down BOM'!$D$6:$AA$15*('Bán hàng-Break-down BOM'!$B$6:$B$15=$B31)*('Bán hàng-Break-down BOM'!$D$3:$AA$3=G$1))/10^3} -> 0 | I31: =G31+H31 -> 0 | K31: {=-SUMPRODUCT('Bán hàng-Break-down BOM'!$D$6:$AA$15*('Bán hàng-Break-down BOM'!$B$6:$B$15=$B31)*('Bán hàng-Break-down BOM'!$D$3:$AA$3=K$1))/10^3} -> 0 | M31: =K31+L31 -> 0 | O31: {=-SUMPRODUCT('Bán hàng-Break-down BOM'!$D$6:$AA$15*('Bán hàng-Break-down BOM'!$B$6:$B$15=$B31)*('Bán hàng-Break-down BOM'!$D$3:$AA$3=O$1))/10^3} -> 0 | Q31: =O31+P31 -> 0 | S31: {=-SUMPRODUCT('Bán hàng-Break-down BOM'!$D$6:$AA$15*('Bán hàng-Break-down BOM'!$B$6:$B$15=$B31)*('Bán hàng-Break-down BOM'!$D$3:$AA$3=S$1))/10^3} -> 0 | U31: =S31+T31 -> 0 | W31: {=-SUMPRODUCT('Bán hàng-Break-down BOM'!$D$6:$AA$15*('Bán hàng-Break-down BOM'!$B$6:$B$15=$B31)*('Bán hàng-Break-down BOM'!$D$3:$AA$3=W$1))/10^3} -> 0 | Y31: =W31+X31 -> 0 | AA31: {=-SUMPRODUCT('Bán hàng-Break-down BOM'!$D$6:$AA$15*('Bán hàng-Break-down BOM'!$B$6:$B$15=$B31)*('Bán hàng-Break-down BOM'!$D$3:$AA$3=AA$1))/10^3} -> 0 | AC31: =AA31+AB31 -> 0 | AE31: {=-SUMPRODUCT('Bán hàng-Break-down BOM'!$D$6:$AA$15*('Bán hàng-Break-down BOM'!$B$6:$B$15=$B31)*('Bán hàng-Break-down BOM'!$D$3:$AA$3=AE$1))/10^3} -> 0 | AG31: =AE31+AF31 -> 0 | AI31: {=-SUMPRODUCT('Bán hàng-Break-down BOM'!$D$6:$AA$15*('Bán hàng-Break-down BOM'!$B$6:$B$15=$B31)*('Bán hàng-Break-down BOM'!$D$3:$AA$3=AI$1))/10^3} -> 2.955e-05 | AK31: =AI31+AJ31 -> 2.955e-05 | AM31: {=-SUMPRODUCT('Bán hàng-Break-down BOM'!$D$6:$AA$15*('Bán hàng-Break-down BOM'!$B$6:$B$15=$B31)*('Bán hàng-Break-down BOM'!$D$3:$AA$3=AM$1))/10^3} -> 0.00026045 | AO31: =AM31+AN31 -> 0.00026045 | AQ31: {=-SUMPRODUCT('Bán hàng-Break-down BOM'!$D$6:$AA$15*('Bán hàng-Break-down BOM'!$B$6:$B$15=$B31)*('Bán hàng-Break-down BOM'!$D$3:$AA$3=AQ$1))/10^3} -> 0 | AS31: =AQ31+AR31 -> 0 | AU31: {=-SUMPRODUCT('Bán hàng-Break-down BOM'!$D$6:$AA$15*('Bán hàng-Break-down BOM'!$B$6:$B$15=$B31)*('Bán hàng-Break-down BOM'!$D$3:$AA$3=AU$1))/10^3} -> 0 | AW31: =AU31+AV31 -> 0 | AY31: {=-SUMPRODUCT('Bán hàng-Break-down BOM'!$D$6:$AA$15*('Bán hàng-Break-down BOM'!$B$6:$B$15=$B31)*('Bán hàng-Break-down BOM'!$D$3:$AA$3=AY$1))/10^3} -> 0 | BA31: =AY31+AZ31 -> 0 | BC31: =SUMIFS($G31:$BA31,$G$4:$BA$4,BC$4) -> 0.00029 | BE31: =BC31+BD31 -> 0.00029
B32: =B31 -> 160012268 | D32: ĐG | E32: đ/kg | G32: {=IFERROR(SUMPRODUCT('Bán hàng-Break-down BOM'!$D$30:$AA$39*('Bán hàng-Break-down BOM'!$B$30:$B$39=$B32)*('Bán hàng-Break-down BOM'!$D$3:$AA$3=G$1))/G31/10^3,0)} -> 0 | H32: =INDEX(MD!$G$3:$G$8,MATCH('Điều chỉnh'!$B32,MD!$A$3:$A$8,0))-G32 -> 10500 | I32: =G32+H32 -> 10500 | K32: {=IFERROR(SUMPRODUCT('Bán hàng-Break-down BOM'!$D$30:$AA$39*('Bán hàng-Break-down BOM'!$B$30:$B$39=$B32)*('Bán hàng-Break-down BOM'!$D$3:$AA$3=K$1))/K31/10^3,0)} -> 0 | L32: =INDEX(MD!$G$3:$G$8,MATCH('Điều chỉnh'!$B32,MD!$A$3:$A$8,0))-K32 -> 10500 | M32: =K32+L32 -> 10500 | O32: {=IFERROR(SUMPRODUCT('Bán hàng-Break-down BOM'!$D$30:$AA$39*('Bán hàng-Break-down BOM'!$B$30:$B$39=$B32)*('Bán hàng-Break-down BOM'!$D$3:$AA$3=O$1))/O31/10^3,0)} -> 0 | P32: =INDEX(MD!$G$3:$G$8,MATCH('Điều chỉnh'!$B32,MD!$A$3:$A$8,0))-O32 -> 10500 | Q32: =O32+P32 -> 10500 | S32: {=IFERROR(SUMPRODUCT('Bán hàng-Break-down BOM'!$D$30:$AA$39*('Bán hàng-Break-down BOM'!$B$30:$B$39=$B32)*('Bán hàng-Break-down BOM'!$D$3:$AA$3=S$1))/S31/10^3,0)} -> 0 | T32: =INDEX(MD!$G$3:$G$8,MATCH('Điều chỉnh'!$B32,MD!$A$3:$A$8,0))-S32 -> 10500 | U32: =S32+T32 -> 10500 | W32: {=IFERROR(SUMPRODUCT('Bán hàng-Break-down BOM'!$D$30:$AA$39*('Bán hàng-Break-down BOM'!$B$30:$B$39=$B32)*('Bán hàng-Break-down BOM'!$D$3:$AA$3=W$1))/W31/10^3,0)} -> 0 | X32: =INDEX(MD!$G$3:$G$8,MATCH('Điều chỉnh'!$B32,MD!$A$3:$A$8,0))-W32 -> 10500 | Y32: =W32+X32 -> 10500 | AA32: {=IFERROR(SUMPRODUCT('Bán hàng-Break-down BOM'!$D$30:$AA$39*('Bán hàng-Break-down BOM'!$B$30:$B$39=$B32)*('Bán hàng-Break-down BOM'!$D$3:$AA$3=AA$1))/AA31/10^3,0)} -> 0 | AB32: =INDEX(MD!$G$3:$G$8,MATCH('Điều chỉnh'!$B32,MD!$A$3:$A$8,0))-AA32 -> 10500 | AC32: =AA32+AB32 -> 10500 | AE32: {=IFERROR(SUMPRODUCT('Bán hàng-Break-down BOM'!$D$30:$AA$39*('Bán hàng-Break-down BOM'!$B$30:$B$39=$B32)*('Bán hàng-Break-down BOM'!$D$3:$AA$3=AE$1))/AE31/10^3,0)} -> 0 | AF32: =INDEX(MD!$G$3:$G$8,MATCH('Điều chỉnh'!$B32,MD!$A$3:$A$8,0))-AE32 -> 10500 | AG32: =AE32+AF32 -> 10500 | AI32: {=IFERROR(SUMPRODUCT('Bán hàng-Break-down BOM'!$D$30:$AA$39*('Bán hàng-Break-down BOM'!$B$30:$B$39=$B32)*('Bán hàng-Break-down BOM'!$D$3:$AA$3=AI$1))/AI31/10^3,0)} -> 1.1738582e+08 | AJ32: =INDEX(MD!$G$3:$G$8,MATCH('Điều chỉnh'!$B32,MD!$A$3:$A$8,0))-AI32 -> -1.1737532e+08 | AK32: =AI32+AJ32 -> 10500 | AM32: {=IFERROR(SUMPRODUCT('Bán hàng-Break-down BOM'!$D$30:$AA$39*('Bán hàng-Break-down BOM'!$B$30:$B$39=$B32)*('Bán hàng-Break-down BOM'!$D$3:$AA$3=AM$1))/AM31/10^3,0)} -> 1.1738582e+08 | AN32: =INDEX(MD!$G$3:$G$8,MATCH('Điều chỉnh'!$B32,MD!$A$3:$A$8,0))-AM32 -> -1.1737532e+08 | AO32: =AM32+AN32 -> 10500 | AQ32: {=IFERROR(SUMPRODUCT('Bán hàng-Break-down BOM'!$D$30:$AA$39*('Bán hàng-Break-down BOM'!$B$30:$B$39=$B32)*('Bán hàng-Break-down BOM'!$D$3:$AA$3=AQ$1))/AQ31/10^3,0)} -> 0 | AR32: =INDEX(MD!$G$3:$G$8,MATCH('Điều chỉnh'!$B32,MD!$A$3:$A$8,0))-AQ32 -> 10500 | AS32: =AQ32+AR32 -> 10500 | AU32: =INDEX(MD!$F$3:$F$8,MATCH('Điều chỉnh'!$B32,MD!$A$3:$A$8,0)) -> 19736 | AV32: =INDEX(MD!$G$3:$G$8,MATCH('Điều chỉnh'!$B32,MD!$A$3:$A$8,0))-AU32 -> -9236 | AW32: =AU32+AV32 -> 10500 | AY32: =INDEX(MD!$F$3:$F$8,MATCH('Điều chỉnh'!$B32,MD!$A$3:$A$8,0)) -> 19736 | AZ32: =INDEX(MD!$G$3:$G$8,MATCH('Điều chỉnh'!$B32,MD!$A$3:$A$8,0))-AY32 -> -9236 | BA32: =AY32+AZ32 -> 10500 | BC32: =IFERROR(SUMIFS($G30:$BA30,$G$4:$BA$4,BC$4)/BC31,0)*10^3 -> 1.1738582e+08 | BD32: =IFERROR(SUMIFS($G30:$BA30,$G$4:$BA$4,BE$4)/BE31*10^3-BC32,0) -> -1.1737532e+08 | BE32: =BC32+BD32 -> 10500

Sheet Trình bày
C1: Từ tháng: | D1: 1
C2: Đến tháng: | D2: 12
B4: STT | C4: CHỈ TIÊU | D4: ="Từ tháng "&D1&" đến tháng "&D2 -> Từ tháng 1 đến tháng 12
D5: Cơ cấu liệu | E5: Sản lượng | F5: Đơn giá | G5: Tổng | H5: % giá bán
E6: (tấn) | F6: (đ/kg) | G6: (tr. VND)
B7: 1 | C7: Doanh thu | E7: {=SUMPRODUCT('Slide 2'!$B$4:$B$15*('Slide 2'!$A$4:$A$15>=$D$1)*('Slide 2'!$A$4:$A$15<=$D$2))} -> 1544 | F7: {=IFERROR(SUMPRODUCT('Slide 1'!$B$4:$B$15*('Slide 1'!$A$4:$A$15>=$D$1)*('Slide 1'!$A$4:$A$15<=$D$2))*10^3/$E$7,0)} -> 18500.972 | G7: =E7*F7/10^3 -> 28565.5 | H7: =IFERROR(F7/F$7,0) -> 1 | N7: =G7 -> 28565.5
B8: 2 | C8: Giá vốn hàng bán | F8: =F9+F13+F14 -> 16051.934 | G8: =G9+G13+G14 -> 24784.186 | H8: =IFERROR(F8/F$7,0) -> 0.86762655 | N8: =N9+N13+N14 -> 26480.95
B9: 2.1 | C9: Nguyên vật liệu | F9: =IFERROR(G9/E$7,0)*10^3 -> 10621.117 | G9: =SUM(G10:G12) -> 16399.004 | H9: =IFERROR(F9/F$7,0) -> 0.57408427 | N9: =SUM(N10:N12) -> 18029.626
C10: Đầu keo PET | D10: =E10/E$7 -> 0.33866243 | E10: {=-SUMPRODUCT('Bán hàng-Break-down BOM'!$D$6:$AA$15*('Bán hàng-Break-down BOM'!$A$6:$A$15=$C10)*('Bán hàng-Break-down BOM'!$D$3:$AA$3<=$D$2)*('Bán hàng-Break-down BOM'!$D$3:$AA$3>=$D$1))/10^3+$E$13*SUMPRODUCT('Bán hàng-Break-down BOM'!$D$6:$AA$15*('Bán hàng-Break-down BOM'!$A$6:$A$15=$C10)*('Bán hàng-Break-down BOM'!$D$3:$AA$3<=$D$2)*('Bán hàng-Break-down BOM'!$D$3:$AA$3>=$D$1))/10^3/$E$27} -> 522.89479 | F10: {=IFERROR(SUMPRODUCT('Bán hàng-Break-down BOM'!$D$57:$AA$66*('Bán hàng-Break-down BOM'!$A$57:$A$66=$C10)*('Bán hàng-Break-down BOM'!$D$3:$AA$3>=$D$1)*('Bán hàng-Break-down BOM'!$D$3:$AA$3<=$D$2))/10^6*$G$30/SUM($D$10:$D$13)/$E10*10^3,0) +IFERROR(SUMPRODUCT('Điều chỉnh'!$G$21:$BA$32*('Điều chỉnh'!$A$21:$A$32=$C10)*('Điều chỉnh'!$G$4:$BA$4="Điều chỉnh")*('Điều chỉnh'!$G$1:$BA$1>=$D$1)*('Điều chỉnh'!$G$1:$BA$1<=$D$2))/($E10*(1+$D$13)),0)*10^3} -> 8940.9859 | G10: =E10*F10/10^3 -> 4675.1949 | H10: =IFERROR(F10/F$7,0) -> 0.48327116 | N10: =G10*O10 -> 5140.0692 | O10: 1.0994342 | P10: =N10/E10*10^3 -> 9830.0258
C11: Phó sản PET làm dây đai | D11: =E11/E$7 -> 0.54756371 | E11: {=-SUMPRODUCT('Bán hàng-Break-down BOM'!$D$6:$AA$15*('Bán hàng-Break-down BOM'!$A$6:$A$15=$C11)*('Bán hàng-Break-down BOM'!$D$3:$AA$3<=$D$2)*('Bán hàng-Break-down BOM'!$D$3:$AA$3>=$D$1))/10^3+$E$13*SUMPRODUCT('Bán hàng-Break-down BOM'!$D$6:$AA$15*('Bán hàng-Break-down BOM'!$A$6:$A$15=$C11)*('Bán hàng-Break-down BOM'!$D$3:$AA$3<=$D$2)*('Bán hàng-Break-down BOM'!$D$3:$AA$3>=$D$1))/10^3/$E$27} -> 845.43836 | F11: {=IFERROR(SUMPRODUCT('Bán hàng-Break-down BOM'!$D$57:$AA$66*('Bán hàng-Break-down BOM'!$A$57:$A$66=$C11)*('Bán hàng-Break-down BOM'!$D$3:$AA$3>=$D$1)*('Bán hàng-Break-down BOM'!$D$3:$AA$3<=$D$2))/10^6*$G$30/SUM($D$10:$D$13)/$E11*10^3,0) +IFERROR(SUMPRODUCT('Điều chỉnh'!$G$21:$BA$32*('Điều chỉnh'!$A$21:$A$32=$C11)*('Điều chỉnh'!$G$4:$BA$4="Điều chỉnh")*('Điều chỉnh'!$G$1:$BA$1>=$D$1)*('Điều chỉnh'!$G$1:$BA$1<=$D$2))/($E11*(1+$D$13)),0)*10^3} -> 9215.6109 | G11: =E11*F11/10^3 -> 7791.231 | H11: =IFERROR(F11/F$7,0) -> 0.49811497 | N11: =G11*O11 -> 8565.9459 | O11: =O10 -> 1.0994342 | P11: =N11/E11*10^3 -> 10131.958
C12: Vảy PET B4 | D12: =E12/E$7 -> 0.11377387 | E12: {=-SUMPRODUCT('Bán hàng-Break-down BOM'!$D$6:$AA$15*('Bán hàng-Break-down BOM'!$A$6:$A$15=$C12)*('Bán hàng-Break-down BOM'!$D$3:$AA$3<=$D$2)*('Bán hàng-Break-down BOM'!$D$3:$AA$3>=$D$1))/10^3+$E$13*SUMPRODUCT('Bán hàng-Break-down BOM'!$D$6:$AA$15*('Bán hàng-Break-down BOM'!$A$6:$A$15=$C12)*('Bán hàng-Break-down BOM'!$D$3:$AA$3<=$D$2)*('Bán hàng-Break-down BOM'!$D$3:$AA$3>=$D$1))/10^3/$E$27} -> 175.66685 | F12: {=IFERROR(SUMPRODUCT('Bán hàng-Break-down BOM'!$D$57:$AA$66*('Bán hàng-Break-down BOM'!$A$57:$A$66=$C12)*('Bán hàng-Break-down BOM'!$D$3:$AA$3>=$D$1)*('Bán hàng-Break-down BOM'!$D$3:$AA$3<=$D$2))/10^6*$G$30/SUM($D$10:$D$13)/$E12*10^3,0)} -> 22386.571 | G12: =E12*F12/10^3 -> 3932.5783 | H12: =IFERROR(F12/F$7,0) -> 1.2100214 | N12: =G12*O12 -> 4323.6112 | O12: =O11 -> 1.0994342 | P12: =N12/E12*10^3 -> 24612.562
B13: 2.2 | C13: Hao hụt | D13: =E13/E$7 -> 0.040562333 | E13: {=-SUMPRODUCT('Bán hàng-Break-down BOM'!$D$6:$AA$15*('Bán hàng-Break-down BOM'!$D$3:$AA$3<=$D$2)*('Bán hàng-Break-down BOM'!$D$3:$AA$3>=$D$1))/10^3-E7} -> 62.628243 | F13: =IFERROR(G13/$E$7,0)*10^3 -> 430.81728 | G13: =D$13*SUM(G10:G12) -> 665.18188 | H13: =IFERROR(F13/F$7,0) -> 0.023286198 | N13: =D13*N9 -> 731.32371
B14: 2.3 | C14: Gia công | E14: =E$7 -> 1544 | F14: 5000 | G14: =E14*F14/10^3 -> 7720 | H14: =IFERROR(F14/F$7,0) -> 0.27025608 | N14: =G14 -> 7720
B15: 3 | C15: Lãi gộp | F15: =F7-F8 -> 2449.0375 | G15: =G7-G8 -> 3781.3139 | H15: =IFERROR(F15/F$7,0) -> 0.13237345 | N15: =N7-N8 -> 2084.55
C16: %Lãi gộp | F16: =IFERROR(F15/F$7,0) -> 0.13237345 | G16: =IFERROR(G15/G$7,0) -> 0.13237345
C17: Chi phí hoa hồng | E17: =E$7 -> 1544 | F17: =(F7-5000)*10% -> 1350.0972 | G17: =E17*F17/10^3 -> 2084.55 | H17: =IFERROR(F17/F$7,0) -> 0.072974392 | N17: =G17 -> 2084.55
C18: %Cp hoa hồng | F18: =IFERROR(F17/F$7,0) -> 0.072974392 | G18: =IFERROR(G17/G$7,0) -> 0.072974392
B19: 4 | C19: Lãi gộp sau hoa hồng | F19: =F15-F17 -> 1098.9403 | G19: =G15-G17 -> 1696.7639 | H19: =IFERROR(F19/F$7,0) -> 0.059399061 | N19: =N15-N17 -> 1.0004442e-11
C20: %Lãi gộp sau hoa hồng | F20: =IFERROR(F19/F$7,0) -> 0.059399061 | G20: =IFERROR(G19/G$7,0) -> 0.059399061
B22: 5 | C22: Dòng tiền thu | F22: =G22/E7*10^3 -> 12150.874 | G22: =G7-G14-G17 -> 18760.95
C27: Tổng NVL | E27: {=-SUMPRODUCT('Bán hàng-Break-down BOM'!$D$6:$AA$15*('Bán hàng-Break-down BOM'!$D$3:$AA$3<=$D$2)*('Bán hàng-Break-down BOM'!$D$3:$AA$3>=$D$1))/10^3} -> 1606.6282 | G27: {=SUMPRODUCT('Bán hàng-Break-down BOM'!$D$57:$AA$66*('Bán hàng-Break-down BOM'!$D$3:$AA$3<=$D$2)*('Bán hàng-Break-down BOM'!$D$3:$AA$3>=$D$1))/10^6} -> 24957.411 | H27: =G27/$E$27*10^3 -> 15534.03
C28: GVHB-PL | G28: {=SUMPRODUCT('Điều chỉnh'!$G$11:$BA$11*('Điều chỉnh'!$G$4:$BA$4="Trước đ/c")*('Điều chỉnh'!$G$1:$BA$1>=$D$1)*('Điều chỉnh'!$G$1:$BA$1<=$D$2))} -> 32588.509
C29: Tổng NVL-PL | G29: =G28-G14 -> 24868.509 | H29: =G29/$E$27*10^3 -> 15478.695
C30: Hệ số điều chỉnh | G30: =IFERROR(G29/G27,0) -> 0.99643786

Sheet Trình bày (2)
C1: Từ tháng: | D1: 1
C2: Đến tháng: | D2: 12
B4: STT | C4: CHỈ TIÊU | D4: ="Từ tháng "&D1&" đến tháng "&D2 -> Từ tháng 1 đến tháng 12
D5: Cơ cấu liệu | E5: Sản lượng | F5: Đơn giá | G5: Tổng | H5: % giá bán
E6: (tấn) | F6: (đ/kg) | G6: (tr. VND)
B7: 1 | C7: Doanh thu | E7: {=SUMPRODUCT('Slide 2'!$B$4:$B$15*('Slide 2'!$A$4:$A$15>=$D$1)*('Slide 2'!$A$4:$A$15<=$D$2))} -> 1544 | F7: {=IFERROR(SUMPRODUCT('Slide 1'!$B$4:$B$15*('Slide 1'!$A$4:$A$15>=$D$1)*('Slide 1'!$A$4:$A$15<=$D$2))*10^3/$E$7,0)} -> 18500.972 | G7: =E7*F7/10^3 -> 28565.5 | H7: =IFERROR(F7/F$7,0) -> 1 | N7: =G7 -> 28565.5 | P7: =N7 -> 28565.5
B8: 2 | C8: Giá vốn hàng bán | F8: =F9+F13+F14 -> 16051.934 | G8: =G9+G13+G14 -> 24784.186 | H8: =IFERROR(F8/F$7,0) -> 0.86762655 | N8: =N9+N13+N14 -> 23507.095 | P8: =P9+P13+P14 -> 26480.95
B9: 2.1 | C9: Nguyên vật liệu | F9: =IFERROR(G9/E$7,0)*10^3 -> 10621.117 | G9: =SUM(G10:G12) -> 16399.004 | H9: =IFERROR(F9/F$7,0) -> 0.57408427 | N9: =SUM(N10:N12) -> 15171.695 | P9: =SUM(P10:P12) -> 18029.626
C10: Đầu keo PET | D10: =E10/E$7 -> 0.33866243 | E10: {=-SUMPRODUCT('Bán hàng-Break-down BOM'!$D$6:$AA$15*('Bán hàng-Break-down BOM'!$A$6:$A$15=$C10)*('Bán hàng-Break-down BOM'!$D$3:$AA$3<=$D$2)*('Bán hàng-Break-down BOM'!$D$3:$AA$3>=$D$1))/10^3+$E$13*SUMPRODUCT('Bán hàng-Break-down BOM'!$D$6:$AA$15*('Bán hàng-Break-down BOM'!$A$6:$A$15=$C10)*('Bán hàng-Break-down BOM'!$D$3:$AA$3<=$D$2)*('Bán hàng-Break-down BOM'!$D$3:$AA$3>=$D$1))/10^3/$E$27} -> 522.89479 | F10: {=IFERROR(SUMPRODUCT('Bán hàng-Break-down BOM'!$D$57:$AA$66*('Bán hàng-Break-down BOM'!$A$57:$A$66=$C10)*('Bán hàng-Break-down BOM'!$D$3:$AA$3>=$D$1)*('Bán hàng-Break-down BOM'!$D$3:$AA$3<=$D$2))/10^6*$G$30/SUM($D$10:$D$13)/$E10*10^3,0) +IFERROR(SUMPRODUCT('Điều chỉnh'!$G$21:$BA$32*('Điều chỉnh'!$A$21:$A$32=$C10)*('Điều chỉnh'!$G$4:$BA$4="Điều chỉnh")*('Điều chỉnh'!$G$1:$BA$1>=$D$1)*('Điều chỉnh'!$G$1:$BA$1<=$D$2))/($E10*(1+$D$13)),0)*10^3} -> 8940.9859 | G10: =E10*F10/10^3 -> 4675.1949 | H10: =IFERROR(F10/F$7,0) -> 0.48327116 | N10: =G10 -> 4675.1949 | P10: =N10*Q10 -> 5555.8733 | Q10: 1.1883725 | R10: =P10/E10*10^3 -> 10625.222
C11: Phó sản PET làm dây đai | D11: =E11/E$7 -> 0.54756371 | E11: {=-SUMPRODUCT('Bán hàng-Break-down BOM'!$D$6:$AA$15*('Bán hàng-Break-down BOM'!$A$6:$A$15=$C11)*('Bán hàng-Break-down BOM'!$D$3:$AA$3<=$D$2)*('Bán hàng-Break-down BOM'!$D$3:$AA$3>=$D$1))/10^3+$E$13*SUMPRODUCT('Bán hàng-Break-down BOM'!$D$6:$AA$15*('Bán hàng-Break-down BOM'!$A$6:$A$15=$C11)*('Bán hàng-Break-down BOM'!$D$3:$AA$3<=$D$2)*('Bán hàng-Break-down BOM'!$D$3:$AA$3>=$D$1))/10^3/$E$27} -> 845.43836 | F11: {=IFERROR(SUMPRODUCT('Bán hàng-Break-down BOM'!$D$57:$AA$66*('Bán hàng-Break-down BOM'!$A$57:$A$66=$C11)*('Bán hàng-Break-down BOM'!$D$3:$AA$3>=$D$1)*('Bán hàng-Break-down BOM'!$D$3:$AA$3<=$D$2))/10^6*$G$30/SUM($D$10:$D$13)/$E11*10^3,0) +IFERROR(SUMPRODUCT('Điều chỉnh'!$G$21:$BA$32*('Điều chỉnh'!$A$21:$A$32=$C11)*('Điều chỉnh'!$G$4:$BA$4="Điều chỉnh")*('Điều chỉnh'!$G$1:$BA$1>=$D$1)*('Điều chỉnh'!$G$1:$BA$1<=$D$2))/($E11*(1+$D$13)),0)*10^3} -> 9215.6109 | G11: =E11*F11/10^3 -> 7791.231 | H11: =IFERROR(F11/F$7,0) -> 0.49811497 | N11: =G11 -> 7791.231 | P11: =N11*Q11 -> 9258.885 | Q11: =Q10 -> 1.1883725 | R11: =P11/E11*10^3 -> 10951.579
C12: Vảy PET B4 | D12: =E12/E$7 -> 0.11377387 | E12: {=-SUMPRODUCT('Bán hàng-Break-down BOM'!$D$6:$AA$15*('Bán hàng-Break-down BOM'!$A$6:$A$15=$C12)*('Bán hàng-Break-down BOM'!$D$3:$AA$3<=$D$2)*('Bán hàng-Break-down BOM'!$D$3:$AA$3>=$D$1))/10^3+$E$13*SUMPRODUCT('Bán hàng-Break-down BOM'!$D$6:$AA$15*('Bán hàng-Break-down BOM'!$A$6:$A$15=$C12)*('Bán hàng-Break-down BOM'!$D$3:$AA$3<=$D$2)*('Bán hàng-Break-down BOM'!$D$3:$AA$3>=$D$1))/10^3/$E$27} -> 175.66685 | F12: {=IFERROR(SUMPRODUCT('Bán hàng-Break-down BOM'!$D$57:$AA$66*('Bán hàng-Break-down BOM'!$A$57:$A$66=$C12)*('Bán hàng-Break-down BOM'!$D$3:$AA$3>=$D$1)*('Bán hàng-Break-down BOM'!$D$3:$AA$3<=$D$2))/10^6*$G$30/SUM($D$10:$D$13)/$E12*10^3,0)} -> 22386.571 | G12: =E12*F12/10^3 -> 3932.5783 | H12: =IFERROR(F12/F$7,0) -> 1.2100214 | N12: =15400*E12/10^3 -> 2705.2695 | P12: =N12*Q12 -> 3214.868 | Q12: =Q11 -> 1.1883725 | R12: =P12/E12*10^3 -> 18300.937
B13: 2.2 | C13: Hao hụt | D13: =E13/E$7 -> 0.040562333 | E13: {=-SUMPRODUCT('Bán hàng-Break-down BOM'!$D$6:$AA$15*('Bán hàng-Break-down BOM'!$D$3:$AA$3<=$D$2)*('Bán hàng-Break-down BOM'!$D$3:$AA$3>=$D$1))/10^3-E7} -> 62.628243 | F13: =IFERROR(G13/$E$7,0)*10^3 -> 430.81728 | G13: =D$13*SUM(G10:G12) -> 665.18188 | H13: =IFERROR(F13/F$7,0) -> 0.023286198 | N13: =D13*N9 -> 615.39936 | P13: =D13*P9 -> 731.32371
B14: 2.3 | C14: Gia công | E14: =E$7 -> 1544 | F14: 5000 | G14: =E14*F14/10^3 -> 7720 | H14: =IFERROR(F14/F$7,0) -> 0.27025608 | N14: =G14 -> 7720 | P14: =G14 -> 7720
B15: 3 | C15: Lãi gộp | F15: =F7-F8 -> 2449.0375 | G15: =G7-G8 -> 3781.3139 | H15: =IFERROR(F15/F$7,0) -> 0.13237345 | N15: =N7-N8 -> 5058.4053 | P15: =P7-P8 -> 2084.55
C16: %Lãi gộp | F16: =IFERROR(F15/F$7,0) -> 0.13237345 | G16: =IFERROR(G15/G$7,0) -> 0.13237345
C17: Chi phí hoa hồng | E17: =E$7 -> 1544 | F17: =(F7-5000)*10% -> 1350.0972 | G17: =E17*F17/10^3 -> 2084.55 | H17: =IFERROR(F17/F$7,0) -> 0.072974392 | N17: =G17 -> 2084.55 | P17: =G17 -> 2084.55
C18: %Cp hoa hồng | F18: =IFERROR(F17/F$7,0) -> 0.072974392 | G18: =IFERROR(G17/G$7,0) -> 0.072974392
B19: 4 | C19: Lãi gộp sau hoa hồng | F19: =F15-F17 -> 1098.9403 | G19: =G15-G17 -> 1696.7639 | H19: =IFERROR(F19/F$7,0) -> 0.059399061 | N19: =N15-N17 -> 2973.8553 | P19: =P15-P17 -> 1.7280399e-11
C20: %Lãi gộp sau hoa hồng | F20: =IFERROR(F19/F$7,0) -> 0.059399061 | G20: =IFERROR(G19/G$7,0) -> 0.059399061
B22: 5 | C22: Dòng tiền thu | F22: =G22/E7*10^3 -> 12150.874 | G22: =G7-G14-G17 -> 18760.95
C27: Tổng NVL | E27: {=-SUMPRODUCT('Bán hàng-Break-down BOM'!$D$6:$AA$15*('Bán hàng-Break-down BOM'!$D$3:$AA$3<=$D$2)*('Bán hàng-Break-down BOM'!$D$3:$AA$3>=$D$1))/10^3} -> 1606.6282 | G27: {=SUMPRODUCT('Bán hàng-Break-down BOM'!$D$57:$AA$66*('Bán hàng-Break-down BOM'!$D$3:$AA$3<=$D$2)*('Bán hàng-Break-down BOM'!$D$3:$AA$3>=$D$1))/10^6} -> 24957.411 | H27: =G27/$E$27*10^3 -> 15534.03
C28: GVHB-PL | G28: {=SUMPRODUCT('Điều chỉnh'!$G$11:$BA$11*('Điều chỉnh'!$G$4:$BA$4="Trước đ/c")*('Điều chỉnh'!$G$1:$BA$1>=$D$1)*('Điều chỉnh'!$G$1:$BA$1<=$D$2))} -> 32588.509
C29: Tổng NVL-PL | G29: =G28-G14 -> 24868.509 | H29: =G29/$E$27*10^3 -> 15478.695
C30: Hệ số điều chỉnh | G30: =IFERROR(G29/G27,0) -> 0.99643786

Sheet Bán hàng-Break-down BOM
B1: BREAKDOWN SẢN LƯỢNG BÁN VỚI NVL CHÍNH (NGUYÊN TẮC: FIFO THEO THÁNG)
C2: Tháng lô | D2: N24-L11 | E2: 2 | F2: 2 | G2: 3 | H2: 3 | I2: 4 | J2: 4 | K2: 5 | L2: 5 | M2: 6 | N2: 6 | O2: 6 | P2: 7 | Q2: 8 | R2: 8 | S2: 9 | T2: 9 | U2: 10 | V2: 10 | W2: 10 | X2: 11 | AC2: =AC5-(NXT!C16-NXT!R16) -> 0
C3: Tháng bán | D3: 2 | E3: 2 | F3: 3 | G3: 3 | H3: 4 | I3: 4 | J3: 5 | K3: 5 | L3: 6 | M3: 6 | N3: 7 | O3: 8 | P3: 8 | Q3: 8 | R3: 9 | S3: 9 | T3: 10 | U3: 10 | V3: 11 | W3: 12 | X3: 12 | AC3: =1+AC5/SUM(AC6:AC15) -> 0.038461538 | AE3: =1+AE5/SUM(AE6:AE15) -> 0.038461538
B4: Material | C4: Material Description | AC4: =AE4 -> L10 | AE4: L10 | AH4: Đầu năm 2025 | AK4: Hao hụt | AL4: Hao hụt-FY24
B5: 110000428 | C5: Dây đai PET | D5: 124180 | E5: 261820 | F5: 26180 | G5: 113820 | H5: 56180 | I5: 63820 | J5: 56180 | K5: 23820 | L5: 46180 | M5: 53820 | N5: 20000 | O5: 28180 | P5: 40000 | Q5: 11820 | R5: 104180 | S5: 115820 | T5: 84180 | U5: 53820 | V5: 160000 | W5: 4180 | X5: 95820 | AB5: =SUM(D5:AA5) -> 1544000 | AC5: =AE5-X5 -> 99180 | AE5: =SUMIFS(Table1[Change in Quantity],Table1[Tự xếp lô],AE$4,Table1[Material],$B5) -> 195000 | AH5: 124180 | AK5: =AB5/SUM(AB6:AB15)+1 -> 0.038981166 | AL5: 0.035332764
A6: Phó sản PET làm dây đai | B6: 160012269 | C6: Phó Sản PET Zigzag Quay đầu | D6: 0 | E6: 0 | F6: 0 | G6: 0 | H6: 0 | I6: 0 | J6: 0 | K6: 0 | L6: 0 | M6: 0 | N6: 0 | O6: 0 | P6: 0 | Q6: -0.02955 | R6: -0.26045 | S6: 0 | T6: 0 | U6: 0 | V6: 0 | W6: 0 | X6: =AE6*X$5/AE$5 -> 0 | AB6: =SUM(D6:AA6) -> -0.29 | AC6: =AE6-X6 -> 0 | AE6: =SUMIFS(Table1[Change in Quantity],Table1[Tự xếp lô],AE$4,Table1[Material],$B6) -> 0 | AH6: 0
A7: Vảy PET B4 | B7: 160012394 | C7: Vảy PET B4_A1 | D7: 0 | E7: 0 | F7: 0 | G7: 0 | H7: 0 | I7: 0 | J7: 0 | K7: -674.78657 | L7: -1308.2134 | M7: 0 | N7: 0 | O7: 0 | P7: 0 | Q7: 0 | R7: 0 | S7: 0 | T7: 0 | U7: 0 | V7: 0 | W7: 0 | X7: =AE7*X$5/AE$5 -> 0 | AB7: =SUM(D7:AA7) -> -1983 | AC7: =AE7-X7 -> 0 | AD7: =AB7/(SUM($AB$6:$AB$15)) -> 0.0012342619 | AE7: =SUMIFS(Table1[Change in Quantity],Table1[Tự xếp lô],AE$4,Table1[Material],$B7) -> 0 | AH7: 0
A8: Vảy PET B4 | B8: 160012395 | C8: Vảy PET B4_A2 | D8: -1920.9573 | E8: 0 | F8: 0 | G8: 0 | H8: 0 | I8: 0 | J8: 0 | K8: -339.26486 | L8: -657.73514 | M8: 0 | N8: 0 | O8: 0 | P8: 0 | Q8: 0 | R8: 0 | S8: 0 | T8: 0 | U8: 0 | V8: 0 | W8: 0 | X8: =AE8*X$5/AE$5 -> 0 | AB8: =SUM(D8:AA8) -> -2917.9573 | AC8: =AE8-X8 -> 0 | AD8: =AB8/(SUM($AB$6:$AB$15)) -> 0.0018161994 | AE8: =SUMIFS(Table1[Change in Quantity],Table1[Tự xếp lô],AE$4,Table1[Material],$B8) -> 0 | AH8: -1920.9573
A9: Vảy PET B4 | B9: 160012396 | C9: Vảy PET B4_A3 | D9: -11866.855 | E9: -31484.764 | F9: -3148.2359 | G9: -6604.9076 | H9: -3260.0924 | I9: -5294.4008 | J9: -4660.5992 | K9: -1852.8557 | L9: -3592.1443 | M9: -10519.172 | N9: -3909.0196 | O9: -5507.8086 | P9: 0 | Q9: -1034.7595 | R9: -9120.2405 | S9: -17379.37 | T9: -12631.63 | U9: -7771.8055 | V9: -23104.587 | W9: -603.60734 | X9: =AE9*X$5/AE$5 -> -14544.493 | AB9: =SUM(D9:AA9) -> -177891.35 | AC9: =AE9-X9 -> -15054.507 | AD9: =AB9/(SUM($AB$6:$AB$15)) -> 0.1107234 | AE9: =SUMIFS(Table1[Change in Quantity],Table1[Tự xếp lô],AE$4,Table1[Material],$B9) -> -29599 | AH9: -11866.855
A10: Vảy PET B4 | B10: 160012397 | C10: Vảy PET B4_A3.RN | D10: 0 | E10: 0 | F10: 0 | G10: 0 | H10: 0 | I10: 0 | J10: 0 | K10: 0 | L10: 0 | M10: 0 | N10: 0 | O10: 0 | P10: 0 | Q10: 0 | R10: 0 | S10: 0 | T10: 0 | U10: 0 | V10: 0 | W10: 0 | X10: =AE10*X$5/AE$5 -> 0 | AB10: =SUM(D10:AA10) -> 0 | AC10: =AE10-X10 -> 0 | AD10: =AB10/(SUM($AB$6:$AB$15)) -> 0 | AE10: =SUMIFS(Table1[Change in Quantity],Table1[Tự xếp lô],AE$4,Table1[Material],$B10) -> 0 | AH10: 0
A11: Đầu keo PET | B11: 160012429 | C11: Đầu Keo PET Sau Băm | D11: -45679.843 | E11: -55654.932 | F11: -5565.0681 | G11: -26953.915 | H11: -13304.085 | I11: -21293.543 | J11: -18744.457 | K11: -15739.575 | L11: -30514.425 | M11: -26028.302 | N11: -9672.3529 | O11: -13628.345 | P11: -25970 | Q11: -4585.3448 | R11: -40414.655 | S11: -54892.31 | T11: -39896.69 | U11: -19971.664 | V11: -59373.211 | W11: -1551.1251 | X11: =AE11*X$5/AE$5 -> -14670.779 | AB11: =SUM(D11:AA11) -> -544104.62 | AC11: =AE11-X11 -> -15185.221 | AD11: =AB11/(SUM($AB$6:$AB$15)) -> 0.33866243 | AE11: =SUMIFS(Table1[Change in Quantity],Table1[Tự xếp lô],AE$4,Table1[Material],$B11) -> -29856 | AH11: -45679.843
A12: Phó sản PET làm dây đai | B12: 160012607 | C12: Phó Sản PET Zigzag Sau Lựa | D12: 0 | E12: 0 | F12: 0 | G12: 0 | H12: 0 | I12: 0 | J12: 0 | K12: 0 | L12: 0 | M12: 0 | N12: 0 | O12: 0 | P12: 0 | Q12: 0 | R12: 0 | S12: 0 | T12: 0 | U12: 0 | V12: 0 | W12: 0 | X12: =AE12*X$5/AE$5 -> 0 | AB12: =SUM(D12:AA12) -> 0 | AC12: =AE12-X12 -> 0 | AD12: =AB12/(SUM($AB$6:$AB$15)) -> 0 | AE12: =SUMIFS(Table1[Change in Quantity],Table1[Tự xếp lô],AE$4,Table1[Material],$B12) -> 0 | AH12: 0
A13: Phó sản PET làm dây đai | B13: 160012268 | C13: Phó Sản PET Tomra Cổng 2 | D13: 0 | E13: 0 | F13: 0 | G13: 0 | H13: 0 | I13: 0 | J13: 0 | K13: 0 | L13: 0 | M13: 0 | N13: 0 | O13: 0 | P13: 0 | Q13: -0.02955 | R13: -0.26045 | S13: 0 | T13: 0 | U13: 0 | V13: 0 | W13: 0 | X13: =AE13*X$5/AE$5 -> 0 | AB13: =SUM(D13:AA13) -> -0.29 | AC13: =AE13-X13 -> 0 | AD13: =AB13/(SUM($AB$6:$AB$15)) -> 1.8050224e-07 | AE13: =SUMIFS(Table1[Change in Quantity],Table1[Tự xếp lô],AE$4,Table1[Material],$B13) -> 0 | AH13: 0
A14: Phó sản PET làm dây đai | B14: 160012801 | C14: Vảy PET GC Dây Đai | D14: -70212.828 | E14: -181411.26 | F14: -18139.74 | G14: -84813.977 | H14: -41863.023 | I14: -39784.856 | J14: -35022.144 | K14: -6166.3174 | L14: -11954.683 | M14: -19423.744 | N14: -7218.0392 | O14: -10170.217 | P14: -15630 | Q14: -7112.8888 | R14: -62692.111 | S14: -48181.12 | T14: -35018.88 | U14: -28229.331 | V14: -83922.202 | W14: -2192.4675 | X14: =AE14*X$5/AE$5 -> -70437.528 | AB14: =SUM(D14:AA14) -> -879597.36 | AC14: =AE14-X14 -> -72907.472 | AD14: =AB14/(SUM($AB$6:$AB$15)) -> 0.54748033 | AE14: =SUMIFS(Table1[Change in Quantity],Table1[Tự xếp lô],AE$4,Table1[Material],$B14) -> -143345 | AH14: -70212.828
A15: Phó sản PET làm dây đai | B15: 160012787 | C15: Phó Sản PP Trắng Sữa Bụi | D15: -133.37852 | E15: 0 | F15: 0 | G15: 0 | H15: 0 | I15: 0 | J15: 0 | K15: 0 | L15: 0 | M15: 0 | N15: 0 | O15: 0 | P15: 0 | Q15: 0 | R15: 0 | S15: 0 | T15: 0 | U15: 0 | V15: 0 | W15: 0 | X15: =AE15*X$5/AE$5 -> 0 | AB15: =SUM(D15:AA15) -> -133.37852 | AC15: =AE15-X15 -> 0 | AD15: =AB15/(SUM($AB$6:$AB$15)) -> 8.3017661e-05 | AE15: =SUMIFS(Table1[Change in Quantity],Table1[Tự xếp lô],AE$4,Table1[Material],$B15) -> 0 | AH15: -133.37852
B17: ĐƠN GIÁ (VND/kg)
B18: 160012269 | C18: Phó Sản PET Zigzag Quay đầu | D18: 16668.966 | E18: {=SUMPRODUCT(Data!$S$3:$AD$12*(Data!$Q$3:$Q$12=$B18)*(Data!$S$2:$AD$2=E$2))} -> 16668.966 | F18: {=SUMPRODUCT(Data!$S$3:$AD$12*(Data!$Q$3:$Q$12=$B18)*(Data!$S$2:$AD$2=F$2))} -> 16668.966 | G18: {=SUMPRODUCT(Data!$S$3:$AD$12*(Data!$Q$3:$Q$12=$B18)*(Data!$S$2:$AD$2=G$2))} -> 16668.966 | H18: {=SUMPRODUCT(Data!$S$3:$AD$12*(Data!$Q$3:$Q$12=$B18)*(Data!$S$2:$AD$2=H$2))} -> 16668.966 | I18: {=SUMPRODUCT(Data!$S$3:$AD$12*(Data!$Q$3:$Q$12=$B18)*(Data!$S$2:$AD$2=I$2))} -> 19191.31 | J18: {=SUMPRODUCT(Data!$S$3:$AD$12*(Data!$Q$3:$Q$12=$B18)*(Data!$S$2:$AD$2=J$2))} -> 19191.31 | K18: {=SUMPRODUCT(Data!$S$3:$AD$12*(Data!$Q$3:$Q$12=$B18)*(Data!$S$2:$AD$2=K$2))} -> 19191.657 | L18: {=SUMPRODUCT(Data!$S$3:$AD$12*(Data!$Q$3:$Q$12=$B18)*(Data!$S$2:$AD$2=L$2))} -> 19191.657 | ... X18: {=SUMPRODUCT(Data!$S$3:$AD$12*(Data!$Q$3:$Q$12=$B18)*(Data!$S$2:$AD$2=X$2))} -> 19191.686
B19: 160012394 | C19: Vảy PET B4_A1
B20: 160012395 | C20: Vảy PET B4_A2
B21: 160012396 | C21: Vảy PET B4_A3
B22: 160012397 | C22: Vảy PET B4_A3.RN
B23: 160012429 | C23: Đầu Keo PET Sau Băm | D23: 22974.005 | E23: {=SUMPRODUCT(Data!$S$3:$AD$12*(Data!$Q$3:$Q$12=$B23)*(Data!$S$2:$AD$2=E$2))} -> 23190.491 | F23: {=SUMPRODUCT(Data!$S$3:$AD$12*(Data!$Q$3:$Q$12=$B23)*(Data!$S$2:$AD$2=F$2))} -> 23190.491 | G23: {=SUMPRODUCT(Data!$S$3:$AD$12*(Data!$Q$3:$Q$12=$B23)*(Data!$S$2:$AD$2=G$2))} -> 24292.212 | H23: {=SUMPRODUCT(Data!$S$3:$AD$12*(Data!$Q$3:$Q$12=$B23)*(Data!$S$2:$AD$2=H$2))} -> 24292.212 | I23: {=SUMPRODUCT(Data!$S$3:$AD$12*(Data!$Q$3:$Q$12=$B23)*(Data!$S$2:$AD$2=I$2))} -> 23906.276 | J23: {=SUMPRODUCT(Data!$S$3:$AD$12*(Data!$Q$3:$Q$12=$B23)*(Data!$S$2:$AD$2=J$2))} -> 23906.276 | K23: {=SUMPRODUCT(Data!$S$3:$AD$12*(Data!$Q$3:$Q$12=$B23)*(Data!$S$2:$AD$2=K$2))} -> 23591.764 | L23: {=SUMPRODUCT(Data!$S$3:$AD$12*(Data!$Q$3:$Q$12=$B23)*(Data!$S$2:$AD$2=L$2))} -> 23591.764 | ... X23: {=SUMPRODUCT(Data!$S$3:$AD$12*(Data!$Q$3:$Q$12=$B23)*(Data!$S$2:$AD$2=X$2))} -> 22970.669
B24: 160012607 | C24: Phó Sản PET Zigzag Sau Lựa | D24: 7752.3623 | E24: {=SUMPRODUCT(Data!$S$3:$AD$12*(Data!$Q$3:$Q$12=$B24)*(Data!$S$2:$AD$2=E$2))} -> 7817.0816 | F24: {=SUMPRODUCT(Data!$S$3:$AD$12*(Data!$Q$3:$Q$12=$B24)*(Data!$S$2:$AD$2=F$2))} -> 7817.0816 | G24: {=SUMPRODUCT(Data!$S$3:$AD$12*(Data!$Q$3:$Q$12=$B24)*(Data!$S$2:$AD$2=G$2))} -> 10637.342 | H24: {=SUMPRODUCT(Data!$S$3:$AD$12*(Data!$Q$3:$Q$12=$B24)*(Data!$S$2:$AD$2=H$2))} -> 10637.342 | I24: {=SUMPRODUCT(Data!$S$3:$AD$12*(Data!$Q$3:$Q$12=$B24)*(Data!$S$2:$AD$2=I$2))} -> 9952.5384 | J24: {=SUMPRODUCT(Data!$S$3:$AD$12*(Data!$Q$3:$Q$12=$B24)*(Data!$S$2:$AD$2=J$2))} -> 9952.5384 | K24: {=SUMPRODUCT(Data!$S$3:$AD$12*(Data!$Q$3:$Q$12=$B24)*(Data!$S$2:$AD$2=K$2))} -> 9760.3752 | L24: {=SUMPRODUCT(Data!$S$3:$AD$12*(Data!$Q$3:$Q$12=$B24)*(Data!$S$2:$AD$2=L$2))} -> 9760.3752 | ... X24: {=SUMPRODUCT(Data!$S$3:$AD$12*(Data!$Q$3:$Q$12=$B24)*(Data!$S$2:$AD$2=X$2))} -> 8383.0283
B25: 160012268 | C25: Phó Sản PET Tomra Cổng 2 | D25: 17414.078 | E25: {=SUMPRODUCT(Data!$S$3:$AD$12*(Data!$Q$3:$Q$12=$B25)*(Data!$S$2:$AD$2=E$2))} -> 14606.876 | F25: {=SUMPRODUCT(Data!$S$3:$AD$12*(Data!$Q$3:$Q$12=$B25)*(Data!$S$2:$AD$2=F$2))} -> 14606.876 | G25: {=SUMPRODUCT(Data!$S$3:$AD$12*(Data!$Q$3:$Q$12=$B25)*(Data!$S$2:$AD$2=G$2))} -> 14710.345 | H25: {=SUMPRODUCT(Data!$S$3:$AD$12*(Data!$Q$3:$Q$12=$B25)*(Data!$S$2:$AD$2=H$2))} -> 14710.345 | I25: {=SUMPRODUCT(Data!$S$3:$AD$12*(Data!$Q$3:$Q$12=$B25)*(Data!$S$2:$AD$2=I$2))} -> 1010841.4 | J25: {=SUMPRODUCT(Data!$S$3:$AD$12*(Data!$Q$3:$Q$12=$B25)*(Data!$S$2:$AD$2=J$2))} -> 1010841.4 | K25: {=SUMPRODUCT(Data!$S$3:$AD$12*(Data!$Q$3:$Q$12=$B25)*(Data!$S$2:$AD$2=K$2))} -> 1010841.4 | L25: {=SUMPRODUCT(Data!$S$3:$AD$12*(Data!$Q$3:$Q$12=$B25)*(Data!$S$2:$AD$2=L$2))} -> 1010841.4 | ... X25: {=SUMPRODUCT(Data!$S$3:$AD$12*(Data!$Q$3:$Q$12=$B25)*(Data!$S$2:$AD$2=X$2))} -> 0
B26: 160012801 | C26: Vảy PET GC Dây Đai
B27: 160012787 | C27: Phó Sản PP Trắng Sữa Bụi
B29: GIÁ TRỊ (TR.Đ)
B30: 160012269 | C30: Phó Sản PET Zigzag Quay đầu | D30: =-D18*D6 -> 0 | E30: =-E18*E6 -> 0 | F30: =-F18*F6 -> 0 | G30: =-G18*G6 -> 0 | H30: =-H18*H6 -> 0 | I30: =-I18*I6 -> 0 | J30: =-J18*J6 -> 0 | K30: =-K18*K6 -> 0 | ... X30: =-X18*X6 -> 0
B31: 160012394 | C31: Vảy PET B4_A1
B32: 160012395 | C32: Vảy PET B4_A2
B33: 160012396 | C33: Vảy PET B4_A3
B34: 160012397 | C34: Vảy PET B4_A3.RN
B35: 160012429 | C35: Đầu Keo PET Sau Băm | D35: =-D23*D11 -> 1.0494489e+09 | E35: =-E23*E11 -> 1.2906652e+09 | F35: =-F23*F11 -> 1.2905666e+08 | G35: =-G23*G11 -> 6.5477023e+08 | H35: =-H23*H11 -> 3.2318566e+08 | I35: =-I23*I11 -> 5.0904932e+08 | J35: =-J23*J11 -> 4.4811017e+08 | K35: =-K23*K11 -> 3.7132435e+08 | ... X35: =-X23*X11 -> 3.369976e+08
B36: 160012607 | C36: Phó Sản PET Zigzag Sau Lựa | D36: =-D24*D12 -> 0 | E36: =-E24*E12 -> 0 | F36: =-F24*F12 -> 0 | G36: =-G24*G12 -> 0 | H36: =-H24*H12 -> 0 | I36: =-I24*I12 -> 0 | J36: =-J24*J12 -> 0 | K36: =-K24*K12 -> 0 | ... X36: =-X24*X12 -> 0
B37: 160012268 | C37: Phó Sản PET Tomra Cổng 2 | D37: =-D25*D13 -> 0 | E37: =-E25*E13 -> 0 | F37: =-F25*F13 -> 0 | G37: =-G25*G13 -> 0 | H37: =-H25*H13 -> 0 | I37: =-I25*I13 -> 0 | J37: =-J25*J13 -> 0 | K37: =-K25*K13 -> 0 | ... X37: =-X25*X13 -> 0
B38: 160012801 | C38: Vảy PET GC Dây Đai
B39: 160012787 | C39: Phó Sản PP Trắng Sữa Bụi
B44: ĐƠN GIÁ (VND/kg)-FULL
A45: Phó sản PET làm dây đai | B45: 160012269 | C45: Phó Sản PET Zigzag Quay đầu | D45: 16668.966 | E45: {=SUMPRODUCT(Data!$S$3:$AD$12*(Data!$Q$3:$Q$12=$B45)*(Data!$S$2:$AD$2=E$2))} -> 16668.966 | F45: {=SUMPRODUCT(Data!$S$3:$AD$12*(Data!$Q$3:$Q$12=$B45)*(Data!$S$2:$AD$2=F$2))} -> 16668.966 | G45: {=SUMPRODUCT(Data!$S$3:$AD$12*(Data!$Q$3:$Q$12=$B45)*(Data!$S$2:$AD$2=G$2))} -> 16668.966 | H45: {=SUMPRODUCT(Data!$S$3:$AD$12*(Data!$Q$3:$Q$12=$B45)*(Data!$S$2:$AD$2=H$2))} -> 16668.966 | I45: {=SUMPRODUCT(Data!$S$3:$AD$12*(Data!$Q$3:$Q$12=$B45)*(Data!$S$2:$AD$2=I$2))} -> 19191.31 | J45: {=SUMPRODUCT(Data!$S$3:$AD$12*(Data!$Q$3:$Q$12=$B45)*(Data!$S$2:$AD$2=J$2))} -> 19191.31 | K45: {=SUMPRODUCT(Data!$S$3:$AD$12*(Data!$Q$3:$Q$12=$B45)*(Data!$S$2:$AD$2=K$2))} -> 19191.657 | L45: {=SUMPRODUCT(Data!$S$3:$AD$12*(Data!$Q$3:$Q$12=$B45)*(Data!$S$2:$AD$2=L$2))} -> 19191.657 | ... X45: {=SUMPRODUCT(Data!$S$3:$AD$12*(Data!$Q$3:$Q$12=$B45)*(Data!$S$2:$AD$2=X$2))} -> 19191.686
A46: Vảy PET B4 | B46: 160012394 | C46: Vảy PET B4_A1 | E46: {=SUMPRODUCT(Data!$S$3:$AD$12*(Data!$Q$3:$Q$12=$B46)*(Data!$S$2:$AD$2=E$2))} -> 0 | F46: {=SUMPRODUCT(Data!$S$3:$AD$12*(Data!$Q$3:$Q$12=$B46)*(Data!$S$2:$AD$2=F$2))} -> 0 | G46: {=SUMPRODUCT(Data!$S$3:$AD$12*(Data!$Q$3:$Q$12=$B46)*(Data!$S$2:$AD$2=G$2))} -> 0 | H46: {=SUMPRODUCT(Data!$S$3:$AD$12*(Data!$Q$3:$Q$12=$B46)*(Data!$S$2:$AD$2=H$2))} -> 0 | I46: {=SUMPRODUCT(Data!$S$3:$AD$12*(Data!$Q$3:$Q$12=$B46)*(Data!$S$2:$AD$2=I$2))} -> 0 | J46: {=SUMPRODUCT(Data!$S$3:$AD$12*(Data!$Q$3:$Q$12=$B46)*(Data!$S$2:$AD$2=J$2))} -> 0 | K46: {=SUMPRODUCT(Data!$S$3:$AD$12*(Data!$Q$3:$Q$12=$B46)*(Data!$S$2:$AD$2=K$2))} -> 28951.971 | L46: {=SUMPRODUCT(Data!$S$3:$AD$12*(Data!$Q$3:$Q$12=$B46)*(Data!$S$2:$AD$2=L$2))} -> 28951.971 | ... X46: {=SUMPRODUCT(Data!$S$3:$AD$12*(Data!$Q$3:$Q$12=$B46)*(Data!$S$2:$AD$2=X$2))} -> 28951.971
A47: Vảy PET B4 | B47: 160012395 | C47: Vảy PET B4_A2 | D47: 21803.2 | E47: {=SUMPRODUCT(Data!$S$3:$AD$12*(Data!$Q$3:$Q$12=$B47)*(Data!$S$2:$AD$2=E$2))} -> 0 | F47: {=SUMPRODUCT(Data!$S$3:$AD$12*(Data!$Q$3:$Q$12=$B47)*(Data!$S$2:$AD$2=F$2))} -> 0 | G47: {=SUMPRODUCT(Data!$S$3:$AD$12*(Data!$Q$3:$Q$12=$B47)*(Data!$S$2:$AD$2=G$2))} -> 0 | H47: {=SUMPRODUCT(Data!$S$3:$AD$12*(Data!$Q$3:$Q$12=$B47)*(Data!$S$2:$AD$2=H$2))} -> 0 | I47: {=SUMPRODUCT(Data!$S$3:$AD$12*(Data!$Q$3:$Q$12=$B47)*(Data!$S$2:$AD$2=I$2))} -> 0 | J47: {=SUMPRODUCT(Data!$S$3:$AD$12*(Data!$Q$3:$Q$12=$B47)*(Data!$S$2:$AD$2=J$2))} -> 0 | K47: {=SUMPRODUCT(Data!$S$3:$AD$12*(Data!$Q$3:$Q$12=$B47)*(Data!$S$2:$AD$2=K$2))} -> 22614 | L47: {=SUMPRODUCT(Data!$S$3:$AD$12*(Data!$Q$3:$Q$12=$B47)*(Data!$S$2:$AD$2=L$2))} -> 22614 | ... X47: {=SUMPRODUCT(Data!$S$3:$AD$12*(Data!$Q$3:$Q$12=$B47)*(Data!$S$2:$AD$2=X$2))} -> 22614
A48: Vảy PET B4 | B48: 160012396 | C48: Vảy PET B4_A3 | D48: 22398.555 | E48: {=SUMPRODUCT(Data!$S$3:$AD$12*(Data!$Q$3:$Q$12=$B48)*(Data!$S$2:$AD$2=E$2))} -> 22400.044 | F48: {=SUMPRODUCT(Data!$S$3:$AD$12*(Data!$Q$3:$Q$12=$B48)*(Data!$S$2:$AD$2=F$2))} -> 22400.044 | G48: {=SUMPRODUCT(Data!$S$3:$AD$12*(Data!$Q$3:$Q$12=$B48)*(Data!$S$2:$AD$2=G$2))} -> 22400.902 | H48: {=SUMPRODUCT(Data!$S$3:$AD$12*(Data!$Q$3:$Q$12=$B48)*(Data!$S$2:$AD$2=H$2))} -> 22400.902 | I48: {=SUMPRODUCT(Data!$S$3:$AD$12*(Data!$Q$3:$Q$12=$B48)*(Data!$S$2:$AD$2=I$2))} -> 22400.98 | J48: {=SUMPRODUCT(Data!$S$3:$AD$12*(Data!$Q$3:$Q$12=$B48)*(Data!$S$2:$AD$2=J$2))} -> 22400.98 | K48: {=SUMPRODUCT(Data!$S$3:$AD$12*(Data!$Q$3:$Q$12=$B48)*(Data!$S$2:$AD$2=K$2))} -> 22400.98 | L48: {=SUMPRODUCT(Data!$S$3:$AD$12*(Data!$Q$3:$Q$12=$B48)*(Data!$S$2:$AD$2=L$2))} -> 22400.98 | ... X48: {=SUMPRODUCT(Data!$S$3:$AD$12*(Data!$Q$3:$Q$12=$B48)*(Data!$S$2:$AD$2=X$2))} -> 22401
A49: Vảy PET B4 | B49: 160012397 | C49: Vảy PET B4_A3.RN | E49: {=SUMPRODUCT(Data!$S$3:$AD$12*(Data!$Q$3:$Q$12=$B49)*(Data!$S$2:$AD$2=E$2))} -> 0 | F49: {=SUMPRODUCT(Data!$S$3:$AD$12*(Data!$Q$3:$Q$12=$B49)*(Data!$S$2:$AD$2=F$2))} -> 0 | G49: {=SUMPRODUCT(Data!$S$3:$AD$12*(Data!$Q$3:$Q$12=$B49)*(Data!$S$2:$AD$2=G$2))} -> 0 | H49: {=SUMPRODUCT(Data!$S$3:$AD$12*(Data!$Q$3:$Q$12=$B49)*(Data!$S$2:$AD$2=H$2))} -> 0 | I49: {=SUMPRODUCT(Data!$S$3:$AD$12*(Data!$Q$3:$Q$12=$B49)*(Data!$S$2:$AD$2=I$2))} -> 0 | J49: {=SUMPRODUCT(Data!$S$3:$AD$12*(Data!$Q$3:$Q$12=$B49)*(Data!$S$2:$AD$2=J$2))} -> 0 | K49: {=SUMPRODUCT(Data!$S$3:$AD$12*(Data!$Q$3:$Q$12=$B49)*(Data!$S$2:$AD$2=K$2))} -> 0 | L49: {=SUMPRODUCT(Data!$S$3:$AD$12*(Data!$Q$3:$Q$12=$B49)*(Data!$S$2:$AD$2=L$2))} -> 0 | ... X49: {=SUMPRODUCT(Data!$S$3:$AD$12*(Data!$Q$3:$Q$12=$B49)*(Data!$S$2:$AD$2=X$2))} -> 0
A50: Đầu keo PET | B50: 160012429 | C50: Đầu Keo PET Sau Băm | D50: 22974.005 | E50: {=SUMPRODUCT(Data!$S$3:$AD$12*(Data!$Q$3:$Q$12=$B50)*(Data!$S$2:$AD$2=E$2))} -> 23190.491 | F50: {=SUMPRODUCT(Data!$S$3:$AD$12*(Data!$Q$3:$Q$12=$B50)*(Data!$S$2:$AD$2=F$2))} -> 23190.491 | G50: {=SUMPRODUCT(Data!$S$3:$AD$12*(Data!$Q$3:$Q$12=$B50)*(Data!$S$2:$AD$2=G$2))} -> 24292.212 | H50: {=SUMPRODUCT(Data!$S$3:$AD$12*(Data!$Q$3:$Q$12=$B50)*(Data!$S$2:$AD$2=H$2))} -> 24292.212 | I50: {=SUMPRODUCT(Data!$S$3:$AD$12*(Data!$Q$3:$Q$12=$B50)*(Data!$S$2:$AD$2=I$2))} -> 23906.276 | J50: {=SUMPRODUCT(Data!$S$3:$AD$12*(Data!$Q$3:$Q$12=$B50)*(Data!$S$2:$AD$2=J$2))} -> 23906.276 | K50: {=SUMPRODUCT(Data!$S$3:$AD$12*(Data!$Q$3:$Q$12=$B50)*(Data!$S$2:$AD$2=K$2))} -> 23591.764 | L50: {=SUMPRODUCT(Data!$S$3:$AD$12*(Data!$Q$3:$Q$12=$B50)*(Data!$S$2:$AD$2=L$2))} -> 23591.764 | ... X50: {=SUMPRODUCT(Data!$S$3:$AD$12*(Data!$Q$3:$Q$12=$B50)*(Data!$S$2:$AD$2=X$2))} -> 22970.669
A51: Phó sản PET làm dây đai | B51: 160012607 | C51: Phó Sản PET Zigzag Sau Lựa | D51: 7752.3623 | E51: {=SUMPRODUCT(Data!$S$3:$AD$12*(Data!$Q$3:$Q$12=$B51)*(Data!$S$2:$AD$2=E$2))} -> 7817.0816 | F51: {=SUMPRODUCT(Data!$S$3:$AD$12*(Data!$Q$3:$Q$12=$B51)*(Data!$S$2:$AD$2=F$2))} -> 7817.0816 | G51: {=SUMPRODUCT(Data!$S$3:$AD$12*(Data!$Q$3:$Q$12=$B51)*(Data!$S$2:$AD$2=G$2))} -> 10637.342 | H51: {=SUMPRODUCT(Data!$S$3:$AD$12*(Data!$Q$3:$Q$12=$B51)*(Data!$S$2:$AD$2=H$2))} -> 10637.342 | I51: {=SUMPRODUCT(Data!$S$3:$AD$12*(Data!$Q$3:$Q$12=$B51)*(Data!$S$2:$AD$2=I$2))} -> 9952.5384 | J51: {=SUMPRODUCT(Data!$S$3:$AD$12*(Data!$Q$3:$Q$12=$B51)*(Data!$S$2:$AD$2=J$2))} -> 9952.5384 | K51: {=SUMPRODUCT(Data!$S$3:$AD$12*(Data!$Q$3:$Q$12=$B51)*(Data!$S$2:$AD$2=K$2))} -> 9760.3752 | L51: {=SUMPRODUCT(Data!$S$3:$AD$12*(Data!$Q$3:$Q$12=$B51)*(Data!$S$2:$AD$2=L$2))} -> 9760.3752 | ... X51: {=SUMPRODUCT(Data!$S$3:$AD$12*(Data!$Q$3:$Q$12=$B51)*(Data!$S$2:$AD$2=X$2))} -> 8383.0283
A52: Phó sản PET làm dây đai | B52: 160012268 | C52: Phó Sản PET Tomra Cổng 2 | D52: 17414.078 | E52: {=SUMPRODUCT(Data!$S$3:$AD$12*(Data!$Q$3:$Q$12=$B52)*(Data!$S$2:$AD$2=E$2))} -> 14606.876 | F52: {=SUMPRODUCT(Data!$S$3:$AD$12*(Data!$Q$3:$Q$12=$B52)*(Data!$S$2:$AD$2=F$2))} -> 14606.876 | G52: {=SUMPRODUCT(Data!$S$3:$AD$12*(Data!$Q$3:$Q$12=$B52)*(Data!$S$2:$AD$2=G$2))} -> 14710.345 | H52: {=SUMPRODUCT(Data!$S$3:$AD$12*(Data!$Q$3:$Q$12=$B52)*(Data!$S$2:$AD$2=H$2))} -> 14710.345 | I52: {=SUMPRODUCT(Data!$S$3:$AD$12*(Data!$Q$3:$Q$12=$B52)*(Data!$S$2:$AD$2=I$2))} -> 1010841.4 | J52: {=SUMPRODUCT(Data!$S$3:$AD$12*(Data!$Q$3:$Q$12=$B52)*(Data!$S$2:$AD$2=J$2))} -> 1010841.4 | K52: {=SUMPRODUCT(Data!$S$3:$AD$12*(Data!$Q$3:$Q$12=$B52)*(Data!$S$2:$AD$2=K$2))} -> 1010841.4 | L52: {=SUMPRODUCT(Data!$S$3:$AD$12*(Data!$Q$3:$Q$12=$B52)*(Data!$S$2:$AD$2=L$2))} -> 1010841.4 | ... X52: {=SUMPRODUCT(Data!$S$3:$AD$12*(Data!$Q$3:$Q$12=$B52)*(Data!$S$2:$AD$2=X$2))} -> 0
A53: Phó sản PET làm dây đai | B53: 160012801 | C53: Vảy PET GC Dây Đai | D53: 9380.586 | E53: {=SUMPRODUCT(Data!$S$3:$AD$12*(Data!$Q$3:$Q$12=$B53)*(Data!$S$2:$AD$2=E$2))} -> 9029.1862 | F53: {=SUMPRODUCT(Data!$S$3:$AD$12*(Data!$Q$3:$Q$12=$B53)*(Data!$S$2:$AD$2=F$2))} -> 9029.1862 | G53: {=SUMPRODUCT(Data!$S$3:$AD$12*(Data!$Q$3:$Q$12=$B53)*(Data!$S$2:$AD$2=G$2))} -> 8790.6146 | H53: {=SUMPRODUCT(Data!$S$3:$AD$12*(Data!$Q$3:$Q$12=$B53)*(Data!$S$2:$AD$2=H$2))} -> 8790.6146 | I53: {=SUMPRODUCT(Data!$S$3:$AD$12*(Data!$Q$3:$Q$12=$B53)*(Data!$S$2:$AD$2=I$2))} -> 9324.9408 | J53: {=SUMPRODUCT(Data!$S$3:$AD$12*(Data!$Q$3:$Q$12=$B53)*(Data!$S$2:$AD$2=J$2))} -> 9324.9408 | K53: {=SUMPRODUCT(Data!$S$3:$AD$12*(Data!$Q$3:$Q$12=$B53)*(Data!$S$2:$AD$2=K$2))} -> 9360.7066 | L53: {=SUMPRODUCT(Data!$S$3:$AD$12*(Data!$Q$3:$Q$12=$B53)*(Data!$S$2:$AD$2=L$2))} -> 9360.7066 | ... X53: {=SUMPRODUCT(Data!$S$3:$AD$12*(Data!$Q$3:$Q$12=$B53)*(Data!$S$2:$AD$2=X$2))} -> 10113.061
A54: Phó sản PET làm dây đai | B54: 160012787 | C54: Phó Sản PP Trắng Sữa Bụi | D54: 5000 | E54: {=SUMPRODUCT(Data!$S$3:$AD$12*(Data!$Q$3:$Q$12=$B54)*(Data!$S$2:$AD$2=E$2))} -> 5000 | F54: {=SUMPRODUCT(Data!$S$3:$AD$12*(Data!$Q$3:$Q$12=$B54)*(Data!$S$2:$AD$2=F$2))} -> 5000 | G54: {=SUMPRODUCT(Data!$S$3:$AD$12*(Data!$Q$3:$Q$12=$B54)*(Data!$S$2:$AD$2=G$2))} -> 5000 | H54: {=SUMPRODUCT(Data!$S$3:$AD$12*(Data!$Q$3:$Q$12=$B54)*(Data!$S$2:$AD$2=H$2))} -> 5000 | I54: {=SUMPRODUCT(Data!$S$3:$AD$12*(Data!$Q$3:$Q$12=$B54)*(Data!$S$2:$AD$2=I$2))} -> 5000 | J54: {=SUMPRODUCT(Data!$S$3:$AD$12*(Data!$Q$3:$Q$12=$B54)*(Data!$S$2:$AD$2=J$2))} -> 5000 | K54: {=SUMPRODUCT(Data!$S$3:$AD$12*(Data!$Q$3:$Q$12=$B54)*(Data!$S$2:$AD$2=K$2))} -> 5000 | L54: {=SUMPRODUCT(Data!$S$3:$AD$12*(Data!$Q$3:$Q$12=$B54)*(Data!$S$2:$AD$2=L$2))} -> 5000 | ... X54: {=SUMPRODUCT(Data!$S$3:$AD$12*(Data!$Q$3:$Q$12=$B54)*(Data!$S$2:$AD$2=X$2))} -> 5000
B56: GIÁ TRỊ (TR.Đ)-FULL | D56: =SUM(D57:D66) -> 2.0164367e+09 | E56: =SUM(E57:E66) -> 3.6339213e+09 | F56: =SUM(F57:F66) -> 3.6336437e+08 | G56: =SUM(G57:G66) -> 1.5482931e+09 | H56: =SUM(H57:H66) -> 7.6421637e+08 | I56: =SUM(I57:I66) -> 9.9864052e+08 | J56: =SUM(J57:J66) -> 8.7909157e+08 | K56: =SUM(K57:K66) -> 4.9775976e+08 | ... X56: =SUM(X57:X66) -> 1.3751478e+09
A57: Phó sản PET làm dây đai | B57: 160012269 | C57: Phó Sản PET Zigzag Quay đầu | D57: =-D45*D6 -> 0 | E57: =-E45*E6 -> 0 | F57: =-F45*F6 -> 0 | G57: =-G45*G6 -> 0 | H57: =-H45*H6 -> 0 | I57: =-I45*I6 -> 0 | J57: =-J45*J6 -> 0 | K57: =-K45*K6 -> 0 | ... X57: =-X45*X6 -> 0
A58: Vảy PET B4 | B58: 160012394 | C58: Vảy PET B4_A1 | D58: =-D46*D7 -> 0 | E58: =-E46*E7 -> 0 | F58: =-F46*F7 -> 0 | G58: =-G46*G7 -> 0 | H58: =-H46*H7 -> 0 | I58: =-I46*I7 -> 0 | J58: =-J46*J7 -> 0 | K58: =-K46*K7 -> 19536401 | ... X58: =-X46*X7 -> 0
A59: Vảy PET B4 | B59: 160012395 | C59: Vảy PET B4_A2 | D59: =-D47*D8 -> 41883016 | E59: =-E47*E8 -> 0 | F59: =-F47*F8 -> 0 | G59: =-G47*G8 -> 0 | H59: =-H47*H8 -> 0 | I59: =-I47*I8 -> 0 | J59: =-J47*J8 -> 0 | K59: =-K47*K8 -> 7672135.5 | ... X59: =-X47*X8 -> 0
A60: Vảy PET B4 | B60: 160012396 | C60: Vảy PET B4_A3 | D60: =-D48*D9 -> 2.6580041e+08 | E60: =-E48*E9 -> 7.052601e+08 | F60: =-F48*F9 -> 70520623 | G60: =-G48*G9 -> 1.4795589e+08 | H60: =-H48*H9 -> 73029010 | I60: =-I48*I9 -> 1.1859977e+08 | J60: =-J48*J9 -> 1.0440199e+08 | K60: =-K48*K9 -> 41505784 | ... X60: =-X48*X9 -> 3.2581119e+08
A61: Vảy PET B4 | B61: 160012397 | C61: Vảy PET B4_A3.RN | D61: =-D49*D10 -> 0 | E61: =-E49*E10 -> 0 | F61: =-F49*F10 -> 0 | G61: =-G49*G10 -> 0 | H61: =-H49*H10 -> 0 | I61: =-I49*I10 -> 0 | J61: =-J49*J10 -> 0 | K61: =-K49*K10 -> 0 | ... X61: =-X49*X10 -> 0
A62: Đầu keo PET | B62: 160012429 | C62: Đầu Keo PET Sau Băm | D62: =-D50*D11 -> 1.0494489e+09 | E62: =-E50*E11 -> 1.2906652e+09 | F62: =-F50*F11 -> 1.2905666e+08 | G62: =-G50*G11 -> 6.5477023e+08 | H62: =-H50*H11 -> 3.2318566e+08 | I62: =-I50*I11 -> 5.0904932e+08 | J62: =-J50*J11 -> 4.4811017e+08 | K62: =-K50*K11 -> 3.7132435e+08 | ... X62: =-X50*X11 -> 3.369976e+08
A63: Phó sản PET làm dây đai | B63: 160012607 | C63: Phó Sản PET Zigzag Sau Lựa | D63: =-D51*D12 -> 0 | E63: =-E51*E12 -> 0 | F63: =-F51*F12 -> 0 | G63: =-G51*G12 -> 0 | H63: =-H51*H12 -> 0 | I63: =-I51*I12 -> 0 | J63: =-J51*J12 -> 0 | K63: =-K51*K12 -> 0 | ... X63: =-X51*X12 -> 0
A64: Phó sản PET làm dây đai | B64: 160012268 | C64: Phó Sản PET Tomra Cổng 2 | D64: =-D52*D13 -> 0 | E64: =-E52*E13 -> 0 | F64: =-F52*F13 -> 0 | G64: =-G52*G13 -> 0 | H64: =-H52*H13 -> 0 | I64: =-I52*I13 -> 0 | J64: =-J52*J13 -> 0 | K64: =-K52*K13 -> 0 | ... X64: =-X52*X13 -> 0
A65: Phó sản PET làm dây đai | B65: 160012801 | C65: Vảy PET GC Dây Đai | D65: =-D53*D14 -> 6.5863748e+08 | E65: =-E53*E14 -> 1.637996e+09 | F65: =-F53*F14 -> 1.6378709e+08 | G65: =-G53*G14 -> 7.4556699e+08 | H65: =-H53*H14 -> 3.680017e+08 | I65: =-I53*I14 -> 3.7099143e+08 | J65: =-J53*J14 -> 3.2657942e+08 | K65: =-K53*K14 -> 57721088 | ... X65: =-X53*X14 -> 7.1233901e+08
A66: Phó sản PET làm dây đai | B66: 160012787 | C66: Phó Sản PP Trắng Sữa Bụi | D66: =-D54*D15 -> 666892.59 | E66: =-E54*E15 -> 0 | F66: =-F54*F15 -> 0 | G66: =-G54*G15 -> 0 | H66: =-H54*H15 -> 0 | I66: =-I54*I15 -> 0 | J66: =-J54*J15 -> 0 | K66: =-K54*K15 -> 0 | ... X66: =-X54*X15 -> 0

Sheet Cơ cấu dây đai-YTD0325
A2: STT | B2: Mã SKU | C2: Tên SKU | D2: %Cơ cấu Nguyên vật liệu | F2: ĐƠN GIÁ SAP | I2: ĐƠN GIÁ THEO THỊ TRƯỜNG
F3: Nguyên vật liệu | G3: Đơn giá Dây đai | I3: Nguyên vật liệu | J3: Đơn giá Dây đai | M3: Sản lượng | N3: Giá trị | O3: Hao hụt | P3: Sản lượng-Nếu không có hao hụt
F4: (đồng/kg) | G4: (đồng/kg) | I4: (đồng/kg) | J4: (đồng/kg)
A5: 1 | B5: 160012396 | C5: Vảy PET B4_A3 | D5: =$M5/$M$12 -> 0.116891 | F5: =N5/M5 -> 22400.827 | G5: =($D5+$D$8*$D5/SUM($D$5:$D$7))*F5 -> 2521.6929 | I5: =F5 -> 22400.827 | J5: =($D5+$D$8*$D5/SUM($D$5:$D$7))*I5 -> 2521.6929 | M5: =-SUMIFS(Table1[Change in Quantity],Table1[Material],$B5) -> 199299.16 | N5: =-SUMIFS(Table1[Giá trị điều chỉnh],Table1[Material],$B5) -> 4.4644661e+09 | O5: =$O$10*M5/$M$10 -> 7364.8905 | P5: =M5-O5 -> 191934.27 | Q5: =P5/$P$10 -> 0.11257142 | R5: =Q5*F5 -> 2521.6929
A6: 2 | B6: 160012429 | C6: Đầu Keo PET Sau Băm | D6: =$M6/$M$12 -> 0.34240117 | F6: =N6/M6 -> 23305.934 | G6: =($D6+$D$8*$D6/SUM($D$5:$D$7))*F6 -> 7685.0873 | I6: 8935 | J6: =($D6+$D$8*$D6/SUM($D$5:$D$7))*I6 -> 2946.2993 | M6: =-SUMIFS(Table1[Change in Quantity],Table1[Material],$B6) -> 583794 | N6: =-SUMIFS(Table1[Giá trị điều chỉnh],Table1[Material],$B6) -> 1.3605864e+10 | O6: =$O$10*M6/$M$10 -> 21573.492 | P6: =M6-O6 -> 562220.51 | Q6: =P6/$P$10 -> 0.3297481 | R6: =Q6*F6 -> 7685.0873
A7: 3 | B7: 160012801 | C7: Phó Sản PET GC Dây Đai | D7: =$M7/$M$12 -> 0.57907977 | F7: =N7/M7 -> 9448.1074 | G7: =($D7+$D$8*$D7/SUM($D$5:$D$7))*F7 -> 5269.0251 | I7: =F7 -> 9448.1074 | J7: =($D7+$D$8*$D7/SUM($D$5:$D$7))*I7 -> 5269.0251 | M7: =-SUMIFS(Table1[Change in Quantity],Table1[Material],$B7) -> 987331 | N7: =-SUMIFS(Table1[Giá trị điều chỉnh],Table1[Material],$B7) -> 9.3284093e+09 | O7: =$O$10*M7/$M$10 -> 36485.777 | P7: =M7-O7 -> 950845.22 | Q7: =P7/$P$10 -> 0.55768048 | R7: =Q7*F7 -> 5269.0251
A8: 4 | C8: Hao hụt | D8: =1-SUM(D5:D7) -> -0.038371941 | G8: =-$D8*SUM(G5:G7) -> 593.83669 | J8: =-$D8*SUM(J5:J7) -> 412.0002
A9: 5 | C9: Giá gia công | G9: 5000 | J9: 5000
A10: 6 | C10: Tổng | D10: =SUM(D5:D9) -> 1 | G10: =SUM(G5:G9) -> 21069.642 | J10: =SUM(J5:J9) -> 16149.017 | M10: =SUM(M5:M9) -> 1770424.2 | N10: =SUM(N5:N9) -> 2.739874e+10 | O10: =M10-M12 -> 65424.16 | P10: =SUM(P5:P9) -> 1705000
A12: Ghi chú: Cơ cấu theo 3 tháng đầu năm 2025 | L12: Dây đai PET: | M12: =SUMIFS(Table1[Change in Quantity],Table1[Material],"110000428") -> 1705000

Sheet Xem xét
D1: T01 | H1: T03 | L1: T04
A2: 110000428 | B2: Dây đai PET | D2: 288000 | E2: =F2/D2 -> 18879.464 | F2: =-SUM(F4:F7) -> 5.4372857e+09 | H2: 170000 | I2: =J2/H2 -> 18602.997 | J2: =-SUM(J4:J7) -> 3.1625095e+09 | L2: 120000 | M2: =N2/L2 -> 20647.767 | N2: =-SUM(N4:N7) -> 2.4777321e+09
B4: Phí gia công | D4: =-D2 -> -288000 | E4: 5000 | F4: =D4*E4 -> -1440000000 | H4: =-H2 -> -170000 | I4: 5000 | J4: =H4*I4 -> -850000000 | L4: =-L2 -> -120000 | M4: 5000 | N4: =L4*M4 -> -600000000
A5: 160012396 | B5: Vảy PET B4_A3 | D5: -34633 | E5: =INDEX(Data!$T$3:$T$12,MATCH($A5,Data!$Q$3:$Q$12,0)) -> 22400.044 | F5: =D5*E5 -> -7.7578072e+08 | H5: -9865 | I5: =INDEX(Data!$U$3:$U$12,MATCH($A5,Data!$Q$3:$Q$12,0)) -> 22400.902 | J5: =H5*I5 -> -2.209849e+08 | L5: -9955 | M5: =INDEX(Data!$V$3:$V$12,MATCH($A5,Data!$Q$3:$Q$12,0)) -> 22400.98 | N5: =L5*M5 -> -2.2300176e+08
A6: 160012429 | B6: Đầu Keo PET Sau Băm | D6: -61220 | E6: =INDEX(Data!$T$3:$T$12,MATCH($A6,Data!$Q$3:$Q$12,0)) -> 23190.491 | F6: =D6*E6 -> -1.4197218e+09 | H6: -40258 | I6: =INDEX(Data!$U$3:$U$12,MATCH($A6,Data!$Q$3:$Q$12,0)) -> 24292.212 | J6: =H6*I6 -> -9.7795589e+08 | L6: -40038 | M6: =INDEX(Data!$V$3:$V$12,MATCH($A6,Data!$Q$3:$Q$12,0)) -> 23906.276 | N6: =L6*M6 -> -9.5715948e+08
A7: 160012801 | B7: Vảy PET GC Dây Đai | D7: -199551 | E7: =INDEX(Data!$T$3:$T$12,MATCH($A7,Data!$Q$3:$Q$12,0)) -> 9029.1862 | F7: =D7*E7 -> -1.8017831e+09 | H7: -126677 | I7: =INDEX(Data!$U$3:$U$12,MATCH($A7,Data!$Q$3:$Q$12,0)) -> 8790.6146 | J7: =H7*I7 -> -1.1135687e+09 | L7: -74807 | M7: =INDEX(Data!$V$3:$V$12,MATCH($A7,Data!$Q$3:$Q$12,0)) -> 9324.9408 | N7: =L7*M7 -> -6.9757085e+08

Sheet MD
A2: Mã SKU | B2: Tên SKU | C2: Áp dụng từ: | D2: Tháng | F2: SAP | G2: Giá thị trường | H2: Ghi chú
A3: 160012269 | B3: Phó Sản PET Zigzag Quay đầu | C3: 45292 | D3: =MONTH(C3) -> 1 | F3: 19192 | G3: =INDEX('PS-2024'!$AG$6:$AG$88,MATCH($A3,'PS-2024'!$F$6:$F$88,0)) -> 8000
A4: 160012429 | B4: Đầu Keo PET Sau Băm | C4: 45292 | D4: =MONTH(C4) -> 1 | F4: 22476 | G4: =G11+850*1.1+N("850đ/kg là chi phí băm trung bình YTD0724 và thêm 10% dự phòng") -> 8935 | H4: làm từ 160012357 | Phó Sản PET Đầu Keo (băm)
A5: 160012607 | B5: Phó Sản PET Zigzag Sau Lựa | C5: 45292 | D5: =MONTH(C5) -> 1 | F5: 19192 | G5: =INDEX('PS-2024'!$AG$6:$AG$88,MATCH($A5,'PS-2024'!$F$6:$F$88,0)) -> 8000
A6: 160012268 | B6: Phó Sản PET Tomra Cổng 2 | C6: 45292 | D6: =MONTH(C6) -> 1 | F6: 19736 | G6: =INDEX('PS-2024'!$AG$6:$AG$88,MATCH($A6,'PS-2024'!$F$6:$F$88,0)) -> 10500 | H6: Tháng 08 có tạo BOM và chạy giá thành lại: 8.554
A7: 160012801 | B7: Phó Sản PET GC Dây Đai | C7: 45505 | D7: =MONTH(C7) -> 8 | F7: 1 | G7: 8619 | H7: Mã mới/tháng 8 thì chạy giá là 8.619
A8: 160012801 | B8: Phó Sản PET GC Dây Đai | C8: 45536 | D8: =MONTH(C8) -> 9 | F8: 8619 | G8: 8619 | H8: Mã mới/tháng 8 thì chạy giá là 8.619
A11: 160012357 | B11: Phó Sản PET Đầu Keo | G11: =INDEX('PS-2024'!$AG$6:$AG$88,MATCH($A11,'PS-2024'!$F$6:$F$88,0)) -> 8000
A19: Các lệnh Order băm để ra đầu keo PET
A20: 8001366
A21: 8001455
A22: 8001563
A23: 8001644
A24: 8001703
A25: 8001836
A26: 8001903
A27: 8001984
A28: 8002042
A29: 8002085
A30: 8002132
... A48: 8003240

Sheet NXT
B3: 110000428 | C3: Dây đai PET
A5: Tháng | B5: ĐK | C5: Nhập | D5: Xuất | E5: CK | H5: Bán T02 | I5: Bán T03 | J5: Bán T04 | K5: Bán T05 | L5: Bán T06 | M5: Bán T07 | N5: Bán T08 | O5: Bán T09 | P5: Bán T10 | Q5: Bán T11 | R5: Bán T12 | T5: Tổng
A6: 1 | B6: 124180 | E6: =B6+C6-D6 -> 124180 | G6: N24-L11 | H6: 124180 | T6: =SUM(H6:S6) -> 124180 | U6: =B6-T6 -> 0
A7: 2 | B7: =E6 -> 124180 | C7: 288000 | D7: 386000 | E7: =B7+C7-D7 -> 26180 | G7: L01 | H7: 261820 | I7: 26180 | T7: =SUM(H7:S7) -> 288000 | U7: =C7-T7 -> 0
A8: 3 | B8: =E7 -> 26180 | C8: 170000 | D8: 140000 | E8: =B8+C8-D8 -> 56180 | G8: L02 | I8: 113820 | J8: 56180 | T8: =SUM(H8:S8) -> 170000 | U8: =C8-T8 -> 0
A9: 4 | B9: =E8 -> 56180 | C9: 120000 | D9: 120000 | E9: =B9+C9-D9 -> 56180 | G9: L03 | J9: 63820 | K9: 56180 | T9: =SUM(H9:S9) -> 120000 | U9: =C9-T9 -> 0
A10: 5 | B10: =E9 -> 56180 | C10: 70000 | D10: 80000 | E10: =B10+C10-D10 -> 46180 | G10: L04 | K10: 23820 | L10: 46180 | T10: =SUM(H10:S10) -> 70000 | U10: =C10-T10 -> 0
A11: 6 | B11: =E10 -> 46180 | C11: 102000 | D11: 100000 | E11: =B11+C11-D11 -> 48180 | G11: L05 | L11: 53820 | M11: 20000 | N11: 28180 | T11: =SUM(H11:S11) -> 102000 | U11: =C11-T11 -> 0
A12: 7 | B12: =E11 -> 48180 | C12: 40000 | D12: 20000 | E12: =B12+C12-D12 -> 68180 | G12: L06 | N12: 40000 | T12: =SUM(H12:S12) -> 40000 | U12: =C12-T12 -> 0
A13: 8 | B13: =E12 -> 68180 | C13: 116000 | D13: 80000 | E13: =B13+C13-D13 -> 104180 | G13: L07 | N13: 11820 | O13: 104180 | T13: =SUM(H13:S13) -> 116000 | U13: =C13-T13 -> 0
A14: 9 | B14: =E13 -> 104180 | C14: 200000 | D14: 220000 | E14: =B14+C14-D14 -> 84180 | G14: L08 | O14: 115820 | P14: 84180 | T14: =SUM(H14:S14) -> 200000 | U14: =C14-T14 -> 0
A15: 10 | B15: =E14 -> 84180 | C15: 218000 | D15: 138000 | E15: =B15+C15-D15 -> 164180 | G15: L09 | P15: 53820 | Q15: 160000 | R15: 4180 | T15: =SUM(H15:S15) -> 218000 | U15: =T15-C15 -> 0
A16: 11 | B16: =E15 -> 164180 | C16: 195000 | D16: 160000 | E16: =B16+C16-D16 -> 199180 | G16: L10 | R16: 95820 | T16: =SUM(H16:S16) -> 95820
A17: 12 | B17: =E16 -> 199180 | C17: 186000 | D17: 100000 | E17: =B17+C17-D17 -> 285180 | G17: Tổng | H17: =SUM(H6:H16) -> 386000 | I17: =SUM(I6:I16) -> 140000 | J17: =SUM(J6:J16) -> 120000 | K17: =SUM(K6:K16) -> 80000 | L17: =SUM(L6:L16) -> 100000 | M17: =SUM(M6:M16) -> 20000 | N17: =SUM(N6:N16) -> 80000 | O17: =SUM(O6:O16) -> 220000 | ... T17: =SUM(T6:T16) -> 1544000
H18: =H17-D7 -> 0 | I18: =I17-D8 -> 0 | J18: =J17-D9 -> 0 | K18: =K17-D10 -> 0 | L18: =L17-D11 -> 0 | M18: =M17-D12 -> 0 | N18: =N17-D13 -> 0 | O18: =O17-D14 -> 0 | P18: =P17-D15 -> 0 | Q18: =Q17-D16 -> 0 | R18: =R17-D17 -> 0

Sheet Detail1
A1: Details for Sum of Change in Quantity - Material Description: Dây đai PET, Material: 110000428, Month: 2
A3: Month | B3: Item | C3: Material | D3: Material Description | E3: Plant | F3: Change in Quantity | G3: Unit of Measure | H3: Value change | I3: Currency | J3: Item type | K3: Tự xếp lô | L3: Giá trung bình | M3: Giá tồn kho | N3: Giá trị điều chỉnh
A4: 2 | B4: 1 | C4: 110000428 | D4: Dây đai PET | E4: 1101 | F4: 108000 | G4: KG | H4: 1620000000 | I4: VND | J4: UP | K4: L01 | L4: 15000 | M4: 0 | N4: 0
A5: 2 | B5: 1 | C5: 110000428 | D5: Dây đai PET | E5: 1101 | F5: 180000 | G5: KG | H5: 2700000000 | I5: VND | J5: UP | K5: L01 | L5: 15000 | M5: 0 | N5: 0

Sheet PV_Data
B1: Tỷ lệ hao hụt | C1: =C13/SUM(C6:C12) -> 0.02506398 | D1: =D13/SUM(D6:D12) -> 0.038461538 | E1: =E13/SUM(E6:E12) -> 0.038461538 | F1: =F13/SUM(F6:F12) -> 0.038461538 | G1: =G13/SUM(G6:G12) -> 0.038434345 | H1: =H13/SUM(H6:H12) -> 0.038461538 | I1: =I13/SUM(I6:I12) -> 0.071707254 | J1: =J13/SUM(J6:J12) -> 0.038461538 | ... N1: =N13/SUM(N6:N12) -> 0.038572548
A3: Sum of Change in Quantity | C3: Month
A4: Material | B4: Material Description | C4: 2 | D4: 3 | E4: 4 | F4: 5 | G4: 6 | H4: 7 | I4: 8 | J4: 9 | K4: 10 | L4: 11 | M4: 12 | N4: Grand Total
A5: 110000428 | B5: Dây đai PET | C5: 288000 | D5: 170000 | E5: 120000 | F5: 70000 | G5: 102000 | H5: 40000 | I5: 116000 | J5: 200000 | K5: 218000 | L5: 195000 | M5: 186000 | N5: 1705000
A6: 160012269 | B6: Phó Sản PET Zigzag Quay đầu | I6: -0.29 | N6: -0.29
A7: 160012394 | B7: Vảy PET B4_A1 | F7: -1983 | N7: -1983 | P7: =M7/M$5 -> 0
A8: 160012395 | B8: Vảy PET B4_A2 | F8: -997 | N8: -997 | P8: =M8/M$5 -> 0
A9: 160012396 | B9: Vảy PET B4_A3 | C9: -34633 | D9: -9865 | E9: -9955 | F9: -5445 | G9: -19936 | I9: -10155 | J9: -30011 | K9: -31480 | L9: -29599 | M9: -18220.16 | N9: -199299.16 | P9: =M9/M$5 -> -0.097957849
A10: 160012429 | B10: Đầu Keo PET Sau Băm | C10: -61220 | D10: -40258 | E10: -40038 | F10: -46254 | G10: -49329 | H10: -25970 | I10: -45000 | J10: -94789 | K10: -80896 | L10: -29856 | M10: -70184 | N10: -583794 | P10: =M10/M$5 -> -0.37733333
A11: 160012268 | B11: Phó Sản PET Tomra Cổng 2 | I11: -0.29 | N11: -0.29 | P11: =M11/M$5 -> 0
A12: 160012801 | B12: Vảy PET GC Dây Đai | C12: -199551 | D12: -126677 | E12: -74807 | F12: -18121 | G12: -36812 | H12: -15630 | I12: -69805 | J12: -83200 | K12: -114344 | L12: -143345 | M12: -105039 | N12: -987331 | P12: =M12/M$5 -> -0.56472581
A13: Grand Total | C13: -7404 | D13: -6800 | E13: -4800 | F13: -2800 | G13: -4077 | H13: -1600 | I13: -8960.58 | J13: -8000 | K13: -8720 | L13: -7800 | M13: -7443.16 | N13: -68404.74
C15: =C12/C5 -> -0.69288542 | D15: =D12/D5 -> -0.74515882 | E15: =E12/E5 -> -0.62339167 | F15: =F12/F5 -> -0.25887143 | G15: =G12/G5 -> -0.36090196 | H15: =H12/H5 -> -0.39075 | I15: =I12/I5 -> -0.60176724 | J15: =J12/J5 -> -0.416 | ... M15: =M12/M5 -> -0.56472581

Sheet CAPEX
A3: USD | C3: 735300
A4: EXR | C4: 25000
A5: Giá trị | C5: =C3*C4 -> 18382500000
A6: Số tháng khấu hao | C6: 180
A7: Công suất | C7: 129.6-201.6 tấn/tháng
A8: Sản xuất | B8: kg | C8: 120000
C9: =C5/C6/C8 -> 851.04167

Sheet PS-YTD0623
B1: THUYẾT MINH PHÓ SẢN CÓ GIÁ TRÊN SAP PHÁT SINH TỪ THÁNG 1/2023 => THÁNG 6.2023
A2: Stt | B2: Mã | C2: Tên vật tư | D2: ĐƠN GIÁ | I2: Phát sinh từ T1=>T6.2023 | J2: GIÁ TRỊ
D3: ĐVT | E3: Đơn giá đang ghi nhận SAP trong 6 tháng qua | F3: Đơn giá phương án 2 : Phó sản tính theo giá thành sản xuất thực tế | G3: Chênh lệch PÁ 2 sv. PÁ 1 | H3: % Chênh lệch PÁ 2 sv. PÁ 1 | J3: Tồn trên SAP (triệu VND) | K3: Tính theo PA2 (triệu VND) | L3: Chênh lệch | M3: % Chênh lệch PÁ 2 sv PÁ 1
A5: 1 | B5: 160012245 | C5: Chai B2-SPL | D5: vnđ/kg | E5: 11500 | F5: 15604 | G5: =F5-E5 -> 4104 | H5: =G5/E5 -> 0.35686957 | I5: 0.084 | J5: 0.966 | K5: =F5*I5/10^3 -> 1.310736 | L5: =K5-J5 -> 0.344736 | M5: =IFERROR(L5/J5,) -> 0.35686957 | N5: PET | O5: =L5*10^6 -> 344736 | Q5: =J5/I5*10^3 -> 11500 | R5: =Q5-E5 -> 0
A6: 2 | B6: 160012246 | C6: Chai B3-SPL | D6: vnđ/kg | E6: 14819.837 | F6: 15604 | G6: =F6-E6 -> 784.16335 | H6: =G6/E6 -> 0.05291309 | I6: 40.405 | J6: 598.7955 | K6: =F6*I6/10^3 -> 630.47962 | L6: =K6-J6 -> 31.68412 | M6: =IFERROR(L6/J6,) -> 0.05291309 | N6: PET | O6: =L6*10^6 -> 31684120 | Q6: =J6/I6*10^3 -> 14819.837 | R6: =Q6-E6 -> 0
A7: 3 | B7: 160012247 | C7: Chai B6-SPL | D7: vnđ/kg | E7: 9000 | F7: 15604 | G7: =F7-E7 -> 6604 | H7: =G7/E7 -> 0.73377778 | I7: 1.867 | J7: 16.803 | K7: =F7*I7/10^3 -> 29.132668 | L7: =K7-J7 -> 12.329668 | M7: =IFERROR(L7/J7,) -> 0.73377778 | N7: PET | O7: =L7*10^6 -> 12329668 | Q7: =J7/I7*10^3 -> 9000 | R7: =Q7-E7 -> 0
A8: 4 | B8: 160012250 | C8: Chai B8 (chai dơ) – SPL | D8: vnđ/kg | E8: 9281.5495 | F8: 15604 | I8: 418.754 | J8: 3886.686 | K8: =F8*I8/10^3 -> 6534.2374 | L8: =K8-J8 -> 2647.5514 | M8: =IFERROR(L8/J8,) -> 0.6811848 | N8: PET | O8: =L8*10^6 -> 2647551416 | Q8: =J8/I8*10^3 -> 9281.5495 | R8: =Q8-E8 -> 0
A9: 5 | B9: 160012251 | C9: Chai B4-SPL | D9: vnđ/kg | E9: 10500 | F9: 15604 | I9: 1.034 | J9: 10.857 | K9: =F9*I9/10^3 -> 16.134536 | L9: =K9-J9 -> 5.277536 | M9: =IFERROR(L9/J9,) -> 0.48609524 | N9: PET | O9: =L9*10^6 -> 5277536 | Q9: =J9/I9*10^3 -> 10500 | R9: =Q9-E9 -> 0
A10: 6 | B10: 160012252 | C10: Chai B5-SPL | D10: vnđ/kg | E10: 10500 | F10: 15604 | I10: 2.861 | J10: 30.0405 | K10: =F10*I10/10^3 -> 44.643044 | L10: =K10-J10 -> 14.602544 | M10: =IFERROR(L10/J10,) -> 0.48609524 | N10: PET | O10: =L10*10^6 -> 14602544 | Q10: =J10/I10*10^3 -> 10500 | R10: =Q10-E10 -> 0
A11: 7 | B11: 160012268 | C11: Vảy PET Tách màu Torma | D11: vnđ/kg | E11: 8000 | F11: 19736 | I11: 475.086 | J11: 3800.688 | K11: =F11*I11/10^3 -> 9376.2973 | L11: =K11-J11 -> 5575.6093 | M11: =IFERROR(L11/J11,) -> 1.467 | N11: PET | O11: =L11*10^6 -> 5.5756093e+09 | Q11: =J11/I11*10^3 -> 8000 | R11: =Q11-E11 -> 0
A12: 8 | B12: 160012269 | C12: Vảy PET Zigzag | D12: vnđ/kg | E12: 8000 | F12: 19192 | I12: 605.169 | J12: 4841.352 | K12: =F12*I12/10^3 -> 11614.403 | L12: =K12-J12 -> 6773.0514 | M12: =IFERROR(L12/J12,) -> 1.399 | N12: PET | O12: =L12*10^6 -> 6.7730514e+09 | Q12: =J12/I12*10^3 -> 8000 | R12: =Q12-E12 -> 0
A13: 9 | B13: 160012270 | C13: Phó sản vảy HDPE trong loại 1 | D13: vnđ/kg | E13: 11000 | F13: 23389 | I13: 28.877 | J13: 317.647 | K13: =F13*I13/10^3 -> 675.40415 | L13: =K13-J13 -> 357.75715 | M13: =IFERROR(L13/J13,) -> 1.1262727 | N13: HDPE | Q13: =J13/I13*10^3 -> 11000 | R13: =Q13-E13 -> 0
A14: 10 | B14: 160012271 | C14: Phó sản vảy HDPE trong loại 2 | D14: vnđ/kg | E14: 10000 | F14: 23389 | G14: =F14-E14 -> 13389 | H14: =G14/E14 -> 1.3389 | I14: 102.233 | J14: 1022.33 | K14: =F14*I14/10^3 -> 2391.1276 | L14: =K14-J14 -> 1368.7976 | M14: =IFERROR(L14/J14,) -> 1.3389 | N14: HDPE | Q14: =J14/I14*10^3 -> 10000 | R14: =Q14-E14 -> 0
A15: 11 | B15: 160012272 | C15: Phó sản vảy HDPE trong to | D15: vnđ/kg | E15: 9000 | F15: 23389 | G15: =F15-E15 -> 14389 | H15: =G15/E15 -> 1.5987778 | I15: 26.197 | J15: 235.773 | K15: =F15*I15/10^3 -> 612.72163 | L15: =K15-J15 -> 376.94863 | M15: =IFERROR(L15/J15,) -> 1.5987778 | N15: HDPE | Q15: =J15/I15*10^3 -> 9000 | R15: =Q15-E15 -> 0
A16: 12 | B16: 160012274 | C16: Vảy HDPE Zigzag | D16: vnđ/kg | E16: 1000 | F16: 10500 | G16: =F16-E16 -> 9500 | H16: =G16/E16 -> 9.5 | I16: 1.535 | J16: 1.535 | K16: =F16*I16/10^3 -> 16.1175 | L16: =K16-J16 -> 14.5825 | M16: =IFERROR(L16/J16,) -> 9.5 | N16: HDPE | Q16: =J16/I16*10^3 -> 1000 | R16: =Q16-E16 -> 0
A17: 13 | B17: 160012334 | C17: Bụi sàn rung | D17: vnđ/kg | E17: 1000 | F17: 10500 | G17: =F17-E17 -> 9500 | H17: =G17/E17 -> 9.5 | I17: 49.252 | J17: 49.252 | K17: =F17*I17/10^3 -> 517.146 | L17: =K17-J17 -> 467.894 | M17: =IFERROR(L17/J17,) -> 9.5 | N17: PET | O17: =L17*10^6 -> 4.67894e+08 | Q17: =J17/I17*10^3 -> 1000 | R17: =Q17-E17 -> 0
A18: 14 | B18: 160012335 | C18: Olefin (Nắp, HDPE…) B1/B8 | D18: vnđ/kg | E18: 7350 | F18: 17014 | G18: =F18-E18 -> 9664 | H18: =G18/E18 -> 1.3148299 | I18: 84.527 | J18: 621.27345 | K18: =F18*I18/10^3 -> 1438.1424 | L18: =K18-J18 -> 816.86893 | M18: =IFERROR(L18/J18,) -> 1.3148299 | N18: HDPE | Q18: =J18/I18*10^3 -> 7350 | R18: =Q18-E18 -> 0
A19: 15 | B19: 160012336 | C19: Bụi cám | D19: vnđ/kg | E19: 3150 | F19: 10500 | G19: =F19-E19 -> 7350 | H19: =G19/E19 -> 2.3333333 | I19: 80.9505 | J19: 254.99408 | K19: =F19*I19/10^3 -> 849.98025 | L19: =K19-J19 -> 594.98618 | M19: =IFERROR(L19/J19,) -> 2.3333333 | N19: PET | O19: =L19*10^6 -> 594986175 | Q19: =J19/I19*10^3 -> 3150 | R19: =Q19-E19 -> 0
A20: 16 | B20: 160012338 | C20: Olefin (Nắp, HDPE…) B2 | D20: vnđ/kg | E20: 6914.8122 | F20: 13014 | G20: =F20-E20 -> 6099.1878 | H20: =G20/E20 -> 0.88204677 | I20: 17.229 | J20: 119.1353 | K20: =F20*I20/10^3 -> 224.21821 | L20: =K20-J20 -> 105.08291 | M20: =IFERROR(L20/J20,) -> 0.88204677 | N20: HDPE | Q20: =J20/I20*10^3 -> 6914.8122 | R20: =Q20-E20 -> 0
A21: 17 | B21: 160012339 | C21: Olefin (Nắp, HDPE…) B3 | D21: vnđ/kg | E21: 6955.9135 | F21: 17014 | G21: =F21-E21 -> 10058.087 | H21: =G21/E21 -> 1.4459764 | I21: 51.239 | J21: 356.41405 | K21: =F21*I21/10^3 -> 871.78035 | L21: =K21-J21 -> 515.3663 | M21: =IFERROR(L21/J21,) -> 1.4459764 | N21: HDPE | Q21: =J21/I21*10^3 -> 6955.9135 | R21: =Q21-E21 -> 0
A22: 18 | B22: 160012340 | C22: Olefin (Nắp, HDPE…) B5 | D22: vnđ/kg | E22: 7350 | F22: 12014 | G22: =F22-E22 -> 4664 | H22: =G22/E22 -> 0.63455782 | I22: 3.84 | J22: 28.224 | K22: =F22*I22/10^3 -> 46.13376 | L22: =K22-J22 -> 17.90976 | M22: =IFERROR(L22/J22,) -> 0.63455782 | N22: HDPE | Q22: =J22/I22*10^3 -> 7350 | R22: =Q22-E22 -> 0
A23: 19 | B23: 160012344 | C23: Đầu keo HD thổi trong | D23: vnđ/kg | E23: 6500 | F23: 23389 | I23: 6.136 | J23: 39.884 | K23: =F23*I23/10^3 -> 143.5149 | L23: =K23-J23 -> 103.6309 | M23: =IFERROR(L23/J23,) -> 2.5983077 | N23: HDPE | Q23: =J23/I23*10^3 -> 6500 | R23: =Q23-E23 -> 0
A24: 20 | B24: 160012345 | C24: Phó sản máy Meyer | D24: vnđ/kg | E24: 1000 | F24: 21500 | I24: 4.051 | J24: 4.051 | K24: =F24*I24/10^3 -> 87.0965 | L24: =K24-J24 -> 83.0455 | M24: =IFERROR(L24/J24,) -> 20.5 | N24: HDPE | Q24: =J24/I24*10^3 -> 1000 | R24: =Q24-E24 -> 0
A25: 21 | B25: 160012346 | C25: Phó sản bụi HD ép chìm | D25: vnđ/kg | E25: 8000 | F25: 16000 | I25: 1.326 | J25: 10.608 | K25: =F25*I25/10^3 -> 21.216 | L25: =K25-J25 -> 10.608 | M25: =IFERROR(L25/J25,) -> 1 | N25: HDPE | Q25: =J25/I25*10^3 -> 8000 | R25: =Q25-E25 -> 0
A26: 22 | B26: 160012348 | C26: Phó sản hạt HD thổi màu | D26: vnđ/kg | E26: 6500 | F26: 23389 | I26: 0.622 | J26: 4.043 | K26: =F26*I26/10^3 -> 14.547958 | L26: =K26-J26 -> 10.504958 | M26: =IFERROR(L26/J26,) -> 2.5983077 | N26: HDPE | Q26: =J26/I26*10^3 -> 6500 | R26: =Q26-E26 -> 0
A27: 23 | B27: 160012357 | C27: Đầu keo PET | D27: vnđ/kg | E27: 1 | F27: 22050 | I27: 20.796 | J27: 0.020796 | K27: =F27*I27/10^3 -> 458.5518 | L27: =K27-J27 -> 458.531 | M27: =IFERROR(L27/J27,) -> 22049 | N27: PET | O27: =L27*10^6 -> 458531004 | Q27: =J27/I27*10^3 -> 1 | R27: =Q27-E27 -> 0
A28: 24 | B28: 160012361 | C28: Phó sản bụi HD thổi | D28: vnđ/kg | E28: 2000 | F28: 10500 | I28: 1.34 | J28: 2.68 | K28: =F28*I28/10^3 -> 14.07 | L28: =K28-J28 -> 11.39 | M28: =IFERROR(L28/J28,) -> 4.25 | N28: HDPE | Q28: =J28/I28*10^3 -> 2000 | R28: =Q28-E28 -> 0
A29: 25 | B29: 800006224 | C29: Olefin (Nắp, HDPE…) B1/B8 | D29: vnđ/kg
A30: 26 | B30: 800006225 | C30: Bụi sàn rung | D30: vnđ/kg
A31: 27 | B31: 800006226 | C31: Nhãn, PVC, OPP… | D31: vnđ/kg
A32: 28 | B32: 800006227 | C32: Bụi cám | D32: vnđ/kg
A33: 29 | B33: 800006229 | C33: Đầu đuôi keo | D33: vnđ/kg
A34: 30 | B34: 800006230 | C34: Xả, hư | D34: vnđ/kg
A35: 31 | B35: 800006231 | C35: Đầu keo HDPE trong | D35: vnđ/kg
A36: 32 | B36: 800006233 | C36: Phế khác (dây, bao, kẽm..) | D36: vnđ/kg
I37: =SUM(I5:I36) -> 2025.4105 | J37: =SUM(J5:J36) -> 16254.053 | K37: =SUM(K5:K36) -> 36628.408 | L37: =SUM(L5:L36) -> 20374.355 | M37: =IFERROR(L37/J37,) -> 1.2534939
A38: Kết Luận Tổng : - Ghi nhận giảm giá vốn hàng bán và tăng giá trị hàng tồn kho 20, 37 tỷ
K39: Người Lập
K46: Giang Văn Lộc
B48: Giám đốc điều hành | D48: Giám đốc tài chính | I48: Kế Toán Trưởng | K48: Người Lập | O48: =SUM(O5:O27) -> 16581861943
B54: Huỳnh Ngọc Thạch | D54: Hoàng Thị Hồng Hạnh | I54: Giang Văn Lộc | K54: Vũ Trần Đình Tùng Lâm

Sheet PS-2024
G1: ĐỀ XUẤT GIÁ PHÓ SẢN
AC2: Phương Phương cung cấp
C3: STT | D3: Ngành | E3: Loại PS | F3: Material | G3: Material Description | H3: Công đoạn | J3: NVL chính | K3: CP SX | L3: ĐG SX | N3: HTK 30.04.24 | R3: GIÁ KH SAP HIỆN TẠI | T3: ĐG trước 30.06.24 | V3: Giá PS thị trường | AC3: Người xác nhận | AD3: Ghi chú | AE3: Ghi chú-Danh | AG3: GIÁ PS TT-FINAL | AI3: HTK 31.05.24 - SAP | AN3: +/- FINAL vs HTK | AR3: ĐG SAP T08 | BM3: Tổng CP | BN3: Băm | BO3: Băm bình | BP3: Rửa | BQ3: Băm + Rửa | BR3: Băm + Rửa + Tách màu | BS3: Rửa + Tách màu | BT3: Tách màu | BU3: Tạo hạt | BV3: NC-TC | BX3: Băm | BY3: Băm bình | BZ3: Rửa | CA3: Băm + Rửa | CB3: Băm + Rửa + Tách màu | CC3: Rửa + Tách màu | CD3: Tách màu | CE3: Tạo hạt | CF3: NC-TC | CH3: Băm | CI3: Băm bình | CJ3: Rửa | CK3: Băm + Rửa | CL3: Băm + Rửa + Tách màu | CM3: Rửa + Tách màu | CN3: Tách màu | CO3: Tạo hạt | CP3: NC-TC
A4: Ngành | B4: Loại PS | N4: Sản lượng | O4: Gtrị | P4: ĐG | V4: Giá thị trường khu vực Trung Tâm | W4: Giá thị trường khu vực Trung Tâm-Min | X4: Giá thị trường khu vực Trung Tâm-Max | Y4: Giá thị trường khu vực Đông Nam Bộ 2 | Z4: Giá thị trường khu vực Miền Tây 1 | AA4: Giá thị trường khu vực Tây Nguyên | AB4: Giá TT-Chốt | AD4: Mã tương đương chất lượng | AE4: Mã tương đương chất lượng | AI4: SL | AJ4: Gtrị | AK4: ĐG | AL4: Gtrị - ĐG mới | AN4: ĐG | AO4: Gtrị | CR4: Check-CP
J5: đ/kg | K5: đ/kg | L5: đ/kg | N5: tấn | O5: tr.đ | P5: đ/kg | R5: đ/kg | T5: đ/kg | V5: đ/kg | W5: đ/kg | X5: đ/kg | Y5: đ/kg | Z5: đ/kg | AA5: đ/kg | AB5: đ/kg | AG5: đ/kg | AI5: tấn | AJ5: tr.đ | AK5: đ/kg | AN5: tr.đ | AO5: tr.đ
D6: TỔNG | N6: =N8+N39+N77 -> 3110.6767 | O6: =O8+O39+O77 -> 36000.661 | P6: =O6/N6*10^3 -> 11573.257 | AI6: =AI8+AI39+AI77 -> 3234.1134 | AJ6: =AJ8+AJ39+AJ77 -> 37307.383 | AK6: =AJ6/AI6*10^3 -> 11535.583 | AL6: =AL8+AL39+AL77 -> 22217.419 | AO6: =AO8+AO39+AO77 -> -15089.965
A8: PET | C8: =IF($F8<>"",COUNTA($F$8:F8),"") | D8: A. PET | N8: =N9+N14+N24+N18 -> 2250.1492 | O8: =O9+O14+O24+O18 -> 26240.746 | P8: =O8/N8*10^3 -> 11661.781 | AI8: =AI9+AI14+AI24+AI18 -> 2382.7189 | AJ8: =AJ9+AJ14+AJ24+AJ18 -> 27471.615 | AK8: =AJ8/AI8*10^3 -> 11529.524 | AL8: =AL9+AL14+AL24+AL18 -> 16596.395 | AO8: =AO9+AO14+AO24+AO18 -> -10875.22
A9: PET | C9: =IF($F9<>"",COUNTA($F$8:F9),"") | E9: A.1 Bụi | N9: =SUM(N10:N13) -> 1008.8389 | O9: =SUM(O10:O13) -> 10972.759 | P9: =O9/N9*10^3 -> 10876.621 | AI9: =SUM(AI10:AI13) -> 1239.787 | AJ9: =SUM(AJ10:AJ13) -> 13497.119 | AK9: =AJ9/AI9*10^3 -> 10886.643 | AL9: =SUM(AL10:AL13) -> 6198.935 | AO9: =SUM(AO10:AO13) -> -7298.184
A10: PET | B10: Bụi | C10: =IF($F10<>"",COUNTA($F$8:F10),"") -> 1 | F10: 160012334 | G10: Phó Sản PET Bụi Sàn Rung | H10: Băm + Rửa | J10: 17800 | K10: 1632.0344 | L10: =SUM(J10:K10) -> 19432.034 | N10: 175.489 | O10: 1730.6057 | P10: =IFERROR(O10/N10,0)*10^3 -> 9861.6191 | R10: 10500 | T10: 1000 | V10: 1,500đ - 1,800đ | W10: =IFERROR(_xlfn.NUMBERVALUE(IF(V10=0,0,LEFT($V10,LEN($V10)-SEARCH("đ",$V10)-4))),$V10) -> 1500 | X10: =IFERROR(IF(V10=0,0,_xlfn.NUMBERVALUE(MID($V10,SEARCH("- ",$V10)+2,LEN($V10)-SEARCH("- ",$V10)-2))),$V10) -> 1800 | Y10: 3000 | Z10: 2000 | AA10: 5000 | AB10: =IF(MAX(W10:AA10)=0,"Không có",MAX(W10:AA10)) -> 5000 | AG10: 5000 | AI10: 189.3561 | AJ10: 1876.2102 | AK10: =IFERROR(AJ10/AI10,0)*10^3 -> 9908.3696 | AL10: =AG10*AI10/10^3 -> 946.7805 | AN10: =AG10-AK10 -> -4908.3696 | AO10: =AL10-AJ10 -> -929.42972 | AR10: 10500 | AS10: =AR10-R10 -> 0 | BM10: =SUM(BN10:BV10) -> 1632.0344 | BN10: =BX10*CH10 -> 0 | BO10: =BY10*CI10 -> 0 | BP10: =BZ10*CJ10 -> 0 | BQ10: =CA10*CK10 -> 1632.0344 | BR10: =CB10*CL10 -> 0 | BS10: =CC10*CM10 -> 0 | BT10: =CD10*CN10 -> 0 | BU10: =CE10*CO10 -> 0 | BV10: =CF10*CP10 -> 0 | BX10: 0 | BY10: 0 | BZ10: 0 | CA10: 5440.1147 | CB10: 0 | CC10: 0 | CD10: 0 | CE10: 0 | CF10: 0 | CH10: 0 | CI10: 0 | CJ10: 0 | CK10: 0.3 | CL10: 0 | CM10: 0 | CN10: 0 | CO10: 0 | CP10: 0 | CR10: =K10-BM10 -> 0
A11: PET | B11: Bụi | C11: =IF($F11<>"",COUNTA($F$8:F11),"") -> 2 | F11: 160012336 | G11: Phó Sản PET Bụi Cám | H11: Băm + Rửa | J11: 17800 | K11: 3808.0803 | L11: =SUM(J11:K11) -> 21608.08 | N11: 759.5475 | O11: 8513.3915 | P11: =IFERROR(O11/N11,0)*10^3 -> 11208.504 | R11: 12600 | T11: 3150 | V11: 1,500đ - 1,800đ | W11: =IFERROR(_xlfn.NUMBERVALUE(IF(V11=0,0,LEFT($V11,LEN($V11)-SEARCH("đ",$V11)-4))),$V11) -> 1500 | X11: =IFERROR(IF(V11=0,0,_xlfn.NUMBERVALUE(MID($V11,SEARCH("- ",$V11)+2,LEN($V11)-SEARCH("- ",$V11)-2))),$V11) -> 1800 | Y11: 3000 | Z11: 2000 | AA11: 5000 | AB11: =IF(MAX(W11:AA11)=0,"Không có",MAX(W11:AA11)) -> 5000 | AE11: Mã này đang tách ra 4 mã TANK (A,B 1.5k/kg; C/D: 5.5k/kg - a. Hồng) | AG11: 5000 | AI11: 972.8834 | AJ11: 10852.824 | AK11: =IFERROR(AJ11/AI11,0)*10^3 -> 11155.318 | AL11: =AG11*AI11/10^3 -> 4864.417 | AN11: =AG11-AK11 -> -6155.3181 | AO11: =AL11-AJ11 -> -5988.4068 | AR11: 12600 | AS11: =AR11-R11 -> 0 | BM11: =SUM(BN11:BV11) -> 3808.0803 | BN11: =BX11*CH11 -> 0 | BO11: =BY11*CI11 -> 0 | BP11: =BZ11*CJ11 -> 0 | BQ11: =CA11*CK11 -> 3808.0803 | BR11: =CB11*CL11 -> 0 | BS11: =CC11*CM11 -> 0 | BT11: =CD11*CN11 -> 0 | BU11: =CE11*CO11 -> 0 | BV11: =CF11*CP11 -> 0 | BX11: 0 | BY11: 0 | BZ11: 0 | CA11: 5440.1147 | CB11: 0 | CC11: 0 | CD11: 0 | CE11: 0 | CF11: 0 | CH11: 0 | CI11: 0 | CJ11: 0 | CK11: 0.7 | CL11: 0 | CM11: 0 | CN11: 0 | CO11: 0 | CP11: 0 | CR11: =K11-BM11 -> 0
A12: PET | B12: Bụi | C12: =IF($F12<>"",COUNTA($F$8:F12),"") -> 3 | F12: 160012423 | G12: Phó Sản PET Bụi Vảy | H12: Tạo hạt | J12: 17800 | K12: 2688.8932 | L12: =SUM(J12:K12) -> 20488.893 | N12: 9.4844 | O12: 98.907816 | P12: =IFERROR(O12/N12,0)*10^3 -> 10428.474 | R12: 10500 | V12: 1,500đ - 1,800đ | W12: =IFERROR(_xlfn.NUMBERVALUE(IF(V12=0,0,LEFT($V12,LEN($V12)-SEARCH("đ",$V12)-4))),$V12) -> 1500 | X12: =IFERROR(IF(V12=0,0,_xlfn.NUMBERVALUE(MID($V12,SEARCH("- ",$V12)+2,LEN($V12)-SEARCH("- ",$V12)-2))),$V12) -> 1800 | Y12: 3000 | Z12: 2000 | AA12: 5000 | AB12: =IF(MAX(W12:AA12)=0,"Không có",MAX(W12:AA12)) -> 5000 | AG12: 5000 | AI12: 9.7215 | AJ12: 101.39737 | AK12: =IFERROR(AJ12/AI12,0)*10^3 -> 10430.218 | AL12: =AG12*AI12/10^3 -> 48.6075 | AN12: =AG12-AK12 -> -5430.2182 | AO12: =AL12-AJ12 -> -52.789866 | AR12: 10500 | AS12: =AR12-R12 -> 0 | BM12: =SUM(BN12:BV12) -> 2688.8932 | BN12: =BX12*CH12 -> 2058.8819 | BO12: =BY12*CI12 -> 0 | BP12: =BZ12*CJ12 -> 338.12328 | BQ12: =CA12*CK12 -> 0 | BR12: =CB12*CL12 -> 0 | BS12: =CC12*CM12 -> 0 | BT12: =CD12*CN12 -> 0 | BU12: =CE12*CO12 -> 291.88799 | BV12: =CF12*CP12 -> 0 | BX12: 2058.8819 | BY12: 0 | BZ12: 3381.2328 | CA12: 0 | CB12: 0 | CC12: 0 | CD12: 0 | CE12: 2918.8799 | CF12: 0 | CH12: 1 | CI12: 0 | CJ12: 0.1 | CK12: 0 | CL12: 0 | CM12: 0 | CN12: 0 | CO12: 0.1 | CP12: 0 | CR12: =K12-BM12 -> 0
A13: PET | B13: Bụi | C13: =IF($F13<>"",COUNTA($F$8:F13),"") -> 4 | F13: 160012430 | G13: Phó Sản PET Bụi Xúc Bồn | H13: Băm + Rửa | J13: 17800 | K13: 3808.0803 | L13: =SUM(J13:K13) -> 21608.08 | N13: 64.318 | O13: 629.85362 | P13: =IFERROR(O13/N13,0)*10^3 -> 9792.8049 | R13: 10500 | V13: 1,500đ - 1,800đ | W13: =IFERROR(_xlfn.NUMBERVALUE(IF(V13=0,0,LEFT($V13,LEN($V13)-SEARCH("đ",$V13)-4))),$V13) -> 1500 | X13: =IFERROR(IF(V13=0,0,_xlfn.NUMBERVALUE(MID($V13,SEARCH("- ",$V13)+2,LEN($V13)-SEARCH("- ",$V13)-2))),$V13) -> 1800 | Y13: 3000 | Z13: 2000 | AA13: 5000 | AB13: =IF(MAX(W13:AA13)=0,"Không có",MAX(W13:AA13)) -> 5000 | AG13: 5000 | AI13: 67.826 | AJ13: 666.68762 | AK13: =IFERROR(AJ13/AI13,0)*10^3 -> 9829.3814 | AL13: =AG13*AI13/10^3 -> 339.13 | AN13: =AG13-AK13 -> -4829.3814 | AO13: =AL13-AJ13 -> -327.55762 | AR13: 10500 | AS13: =AR13-R13 -> 0 | BM13: =SUM(BN13:BV13) -> 3808.0803 | BN13: =BX13*CH13 -> 0 | BO13: =BY13*CI13 -> 0 | BP13: =BZ13*CJ13 -> 0 | BQ13: =CA13*CK13 -> 3808.0803 | BR13: =CB13*CL13 -> 0 | BS13: =CC13*CM13 -> 0 | BT13: =CD13*CN13 -> 0 | BU13: =CE13*CO13 -> 0 | BV13: =CF13*CP13 -> 0 | BX13: 0 | BY13: 0 | BZ13: 0 | CA13: 5440.1147 | CB13: 0 | CC13: 0 | CD13: 0 | CE13: 0 | CF13: 0 | CH13: 0 | CI13: 0 | CJ13: 0 | CK13: 0.7 | CL13: 0 | CM13: 0 | CN13: 0 | CO13: 0 | CP13: 0 | CR13: =K13-BM13 -> 0
A14: PET | C14: =IF($F14<>"",COUNTA($F$8:F14),"") | E14: A.2 Tomra | N14: =SUM(N15:N17) -> 368.1677 | O14: =SUM(O15:O17) -> 5145.9524 | P14: =O14/N14*10^3 -> 13977.197 | AI14: =SUM(AI15:AI17) -> 451.1227 | AJ14: =SUM(AJ15:AJ17) -> 6788.0161 | AK14: =AJ14/AI14*10^3 -> 15046.94 | AL14: =SUM(AL15:AL17) -> 4216.7708 | AO14: =SUM(AO15:AO17) -> -2571.2452
A15: PET | B15: Tomra | C15: =IF($F15<>"",COUNTA($F$8:F15),"") -> 5 | F15: 160012268 | G15: Phó Sản PET Tomra Cổng 2 | H15: Rửa | J15: 17800 | K15: 4763.8681 | L15: =SUM(J15:K15) -> 22563.868 | N15: 263.7147 | O15: 4669.89 | P15: =IFERROR(O15/N15,0)*10^3 -> 17708.114 | R15: 19736 | V15: 0 | W15: =IFERROR(_xlfn.NUMBERVALUE(IF(V15=0,0,LEFT($V15,LEN($V15)-SEARCH("đ",$V15)-4))),$V15) -> 0 | X15: =IFERROR(IF(V15=0,0,_xlfn.NUMBERVALUE(MID($V15,SEARCH("- ",$V15)+2,LEN($V15)-SEARCH("- ",$V15)-2))),$V15) -> 0 | Y15: 10500 | Z15: 0 | AA15: 0 | AB15: =IF(MAX(W15:AA15)=0,"Không có",MAX(W15:AA15)) -> 10500 | AG15: 10500 | AI15: 346.1637 | AJ15: 6280.0938 | AK15: =IFERROR(AJ15/AI15,0)*10^3 -> 18141.977 | AL15: =AG15*AI15/10^3 -> 3634.7189 | AN15: =AG15-AK15 -> -7641.9769 | AO15: =AL15-AJ15 -> -2645.375 | AR15: 8554 | AS15: =AR15-R15 -> -11182 | BM15: =SUM(BN15:BV15) -> 4763.8681 | BN15: =BX15*CH15 -> 2058.8819 | BO15: =BY15*CI15 -> 0 | BP15: =BZ15*CJ15 -> 2704.9862 | BQ15: =CA15*CK15 -> 0 | BR15: =CB15*CL15 -> 0 | BS15: =CC15*CM15 -> 0 | BT15: =CD15*CN15 -> 0 | BU15: =CE15*CO15 -> 0 | BV15: =CF15*CP15 -> 0 | BX15: 2058.8819 | BY15: 0 | BZ15: 3381.2328 | CA15: 0 | CB15: 0 | CC15: 0 | CD15: 0 | CE15: 0 | CF15: 0 | CH15: 1 | CI15: 0 | CJ15: 0.8 | CK15: 0 | CL15: 0 | CM15: 0 | CN15: 0 | CO15: 0 | CP15: 0 | CR15: =K15-BM15 -> 0
A16: PET | B16: Tomra | C16: =IF($F16<>"",COUNTA($F$8:F16),"") -> 6 | F16: 160012419 | G16: Phó Sản PET Tomra Cổng 3 | H16: Rửa | J16: 17800 | K16: 4763.8681 | L16: =SUM(J16:K16) -> 22563.868 | N16: 61.781 | O16: 379.85944 | P16: =IFERROR(O16/N16,0)*10^3 -> 6148.4832 | R16: 8000 | T16: 8000 | V16: 0 | W16: =IFERROR(_xlfn.NUMBERVALUE(IF(V16=0,0,LEFT($V16,LEN($V16)-SEARCH("đ",$V16)-4))),$V16) -> 0 | X16: =IFERROR(IF(V16=0,0,_xlfn.NUMBERVALUE(MID($V16,SEARCH("- ",$V16)+2,LEN($V16)-SEARCH("- ",$V16)-2))),$V16) -> 0 | Y16: 9500 | Z16: 0 | AA16: 0 | AB16: =IF(MAX(W16:AA16)=0,"Không có",MAX(W16:AA16)) -> 9500 | AG16: 8000 | AI16: 53.435 | AJ16: 353.20722 | AK16: =IFERROR(AJ16/AI16,0)*10^3 -> 6610.035 | AL16: =AG16*AI16/10^3 -> 427.48 | AN16: =AG16-AK16 -> 1389.965 | AO16: =AL16-AJ16 -> 74.272778 | AR16: 8000 | AS16: =AR16-R16 -> 0 | BM16: =SUM(BN16:BV16) -> 4763.8681 | BN16: =BX16*CH16 -> 2058.8819 | BO16: =BY16*CI16 -> 0 | BP16: =BZ16*CJ16 -> 2704.9862 | BQ16: =CA16*CK16 -> 0 | BR16: =CB16*CL16 -> 0 | BS16: =CC16*CM16 -> 0 | BT16: =CD16*CN16 -> 0 | BU16: =CE16*CO16 -> 0 | BV16: =CF16*CP16 -> 0 | BX16: 2058.8819 | BY16: 0 | BZ16: 3381.2328 | CA16: 0 | CB16: 0 | CC16: 0 | CD16: 0 | CE16: 0 | CF16: 0 | CH16: 1 | CI16: 0 | CJ16: 0.8 | CK16: 0 | CL16: 0 | CM16: 0 | CN16: 0 | CO16: 0 | CP16: 0 | CR16: =K16-BM16 -> 0
A17: PET | B17: Tomra | C17: =IF($F17<>"",COUNTA($F$8:F17),"") -> 7 | F17: 160012608 | G17: Phó Sản PET Tomra Cổng 3 Sau Lựa | H17: Rửa | J17: 17800 | K17: 4763.8681 | L17: =SUM(J17:K17) -> 22563.868 | N17: 42.672 | O17: 96.202978 | P17: =IFERROR(O17/N17,0)*10^3 -> 2254.4755 | R17: 8000 | T17: 8000 | W17: =IFERROR(_xlfn.NUMBERVALUE(IF(V17=0,0,LEFT($V17,LEN($V17)-SEARCH("đ",$V17)-4))),$V17) | X17: =IFERROR(IF(V17=0,0,_xlfn.NUMBERVALUE(MID($V17,SEARCH("- ",$V17)+2,LEN($V17)-SEARCH("- ",$V17)-2))),$V17) | AB17: =IF(MAX(W17:AA17)=0,"Không có",MAX(W17:AA17)) -> Không có | AC17: Anh Giang | AD17: 3000 | AG17: 3000 | AI17: 51.524 | AJ17: 154.71501 | AK17: =IFERROR(AJ17/AI17,0)*10^3 -> 3002.7756 | AL17: =AG17*AI17/10^3 -> 154.572 | AN17: =AG17-AK17 -> -2.7755609 | AO17: =AL17-AJ17 -> -0.143008 | AR17: 8000 | AS17: =AR17-R17 -> 0 | BM17: =SUM(BN17:BV17) -> 4763.8681 | BN17: =BX17*CH17 -> 2058.8819 | BO17: =BY17*CI17 -> 0 | BP17: =BZ17*CJ17 -> 2704.9862 | BQ17: =CA17*CK17 -> 0 | BR17: =CB17*CL17 -> 0 | BS17: =CC17*CM17 -> 0 | BT17: =CD17*CN17 -> 0 | BU17: =CE17*CO17 -> 0 | BV17: =CF17*CP17 -> 0 | BX17: 2058.8819 | BY17: 0 | BZ17: 3381.2328 | CA17: 0 | CB17: 0 | CC17: 0 | CD17: 0 | CE17: 0 | CF17: 0 | CH17: 1 | CI17: 0 | CJ17: 0.8 | CK17: 0 | CL17: 0 | CM17: 0 | CN17: 0 | CO17: 0 | CP17: 0 | CR17: =K17-BM17 -> 0
A18: PET | C18: =IF($F18<>"",COUNTA($F$8:F18),"") | E18: A.3 Zigzag PET | N18: =SUM(N19:N23) -> 473.16909 | O18: =SUM(O19:O23) -> 4229.5229 | P18: =O18/N18*10^3 -> 8938.7134 | AI18: =SUM(AI19:AI23) -> 387.13529 | AJ18: =SUM(AJ19:AJ23) -> 2810.4952 | AK18: =AJ18/AI18*10^3 -> 7259.7235 | AL18: =SUM(AL19:AL23) -> 3097.0823 | AO18: =SUM(AO19:AO23) -> 286.58715
A19: PET | B19: Zigzag PET | C19: =IF($F19<>"",COUNTA($F$8:F19),"") -> 8 | F19: 160012269 | G19: Phó Sản PET Zigzag Quay đầu | H19: Rửa | J19: 17800 | K19: 4763.8681 | L19: =SUM(J19:K19) -> 22563.868 | N19: 185.62409 | O19: 2904.8256 | P19: =IFERROR(O19/N19,0)*10^3 -> 15648.969 | R19: 19192 | T19: 8000 | V19: 0 | W19: =IFERROR(_xlfn.NUMBERVALUE(IF(V19=0,0,LEFT($V19,LEN($V19)-SEARCH("đ",$V19)-4))),$V19) -> 0 | X19: =IFERROR(IF(V19=0,0,_xlfn.NUMBERVALUE(MID($V19,SEARCH("- ",$V19)+2,LEN($V19)-SEARCH("- ",$V19)-2))),$V19) -> 0 | Y19: 11000 | Z19: 0 | AA19: 0 | AB19: =IF(MAX(W19:AA19)=0,"Không có",MAX(W19:AA19)) -> 11000 | AG19: 8000 | AI19: 61.23909 | AJ19: 958.32859 | AK19: =IFERROR(AJ19/AI19,0)*10^3 -> 15648.969 | AL19: =AG19*AI19/10^3 -> 489.91272 | AN19: =AG19-AK19 -> -7648.9686 | AO19: =AL19-AJ19 -> -468.41587 | AR19: 19192 | AS19: =AR19-R19 -> 0 | BM19: =SUM(BN19:BV19) -> 4763.8681 | BN19: =BX19*CH19 -> 2058.8819 | BO19: =BY19*CI19 -> 0 | BP19: =BZ19*CJ19 -> 2704.9862 | BQ19: =CA19*CK19 -> 0 | BR19: =CB19*CL19 -> 0 | BS19: =CC19*CM19 -> 0 | BT19: =CD19*CN19 -> 0 | BU19: =CE19*CO19 -> 0 | BV19: =CF19*CP19 -> 0 | BX19: 2058.8819 | BY19: 0 | BZ19: 3381.2328 | CA19: 0 | CB19: 0 | CC19: 0 | CD19: 0 | CE19: 0 | CF19: 0 | CH19: 1 | CI19: 0 | CJ19: 0.8 | CK19: 0 | CL19: 0 | CM19: 0 | CN19: 0 | CO19: 0 | CP19: 0 | CR19: =K19-BM19 -> 0
A20: PET | B20: Zigzag PET | C20: =IF($F20<>"",COUNTA($F$8:F20),"") -> 9 | F20: 160012311 | G20: Phó Sản PET Zigzag | H20: Băm + Rửa | J20: 17800 | K20: 4352.0917 | L20: =SUM(J20:K20) -> 22152.092 | N20: 23.579 | O20: 235.7819 | P20: =IFERROR(O20/N20,0)*10^3 -> 9999.6563 | R20: 10000 | T20: 8000 | V20: 0 | W20: =IFERROR(_xlfn.NUMBERVALUE(IF(V20=0,0,LEFT($V20,LEN($V20)-SEARCH("đ",$V20)-4))),$V20) -> 0 | X20: =IFERROR(IF(V20=0,0,_xlfn.NUMBERVALUE(MID($V20,SEARCH("- ",$V20)+2,LEN($V20)-SEARCH("- ",$V20)-2))),$V20) -> 0 | Y20: 11000 | Z20: 0 | AA20: 0 | AB20: =IF(MAX(W20:AA20)=0,"Không có",MAX(W20:AA20)) -> 11000 | AG20: 8000 | AI20: 31.314 | AJ20: 313.1319 | AK20: =IFERROR(AJ20/AI20,0)*10^3 -> 9999.7412 | AL20: =AG20*AI20/10^3 -> 250.512 | AN20: =AG20-AK20 -> -1999.7412 | AO20: =AL20-AJ20 -> -62.619896 | AR20: 10000 | AS20: =AR20-R20 -> 0 | BM20: =SUM(BN20:BV20) -> 4352.0917 | BN20: =BX20*CH20 -> 0 | BO20: =BY20*CI20 -> 0 | BP20: =BZ20*CJ20 -> 0 | BQ20: =CA20*CK20 -> 4352.0917 | BR20: =CB20*CL20 -> 0 | BS20: =CC20*CM20 -> 0 | BT20: =CD20*CN20 -> 0 | BU20: =CE20*CO20 -> 0 | BV20: =CF20*CP20 -> 0 | BX20: 0 | BY20: 0 | BZ20: 0 | CA20: 5440.1147 | CB20: 0 | CC20: 0 | CD20: 0 | CE20: 0 | CF20: 0 | CH20: 0 | CI20: 0 | CJ20: 0 | CK20: 0.8 | CL20: 0 | CM20: 0 | CN20: 0 | CO20: 0 | CP20: 0 | CR20: =K20-BM20 -> 0
A21: PET | B21: Zigzag PET | C21: =IF($F21<>"",COUNTA($F$8:F21),"") -> 10 | F21: 160012445 | G21: Phó Sản PET ZigZag B5 | H21: Rửa | J21: 17800 | K21: 4763.8681 | L21: =SUM(J21:K21) -> 22563.868 | N21: 11.99 | O21: 203.83 | P21: =IFERROR(O21/N21,0)*10^3 -> 17000 | R21: 17000 | T21: 8000 | V21: 0 | W21: =IFERROR(_xlfn.NUMBERVALUE(IF(V21=0,0,LEFT($V21,LEN($V21)-SEARCH("đ",$V21)-4))),$V21) -> 0 | X21: =IFERROR(IF(V21=0,0,_xlfn.NUMBERVALUE(MID($V21,SEARCH("- ",$V21)+2,LEN($V21)-SEARCH("- ",$V21)-2))),$V21) -> 0 | Y21: 9500 | Z21: 0 | AA21: 0 | AB21: =IF(MAX(W21:AA21)=0,"Không có",MAX(W21:AA21)) -> 9500 | AG21: 8000 | AI21: 11.99 | AJ21: 203.83 | AK21: =IFERROR(AJ21/AI21,0)*10^3 -> 17000 | AL21: =AG21*AI21/10^3 -> 95.92 | AN21: =AG21-AK21 -> -9000 | AO21: =AL21-AJ21 -> -107.91 | AR21: 17000 | AS21: =AR21-R21 -> 0 | BM21: =SUM(BN21:BV21) -> 4763.8681 | BN21: =BX21*CH21 -> 2058.8819 | BO21: =BY21*CI21 -> 0 | BP21: =BZ21*CJ21 -> 2704.9862 | BQ21: =CA21*CK21 -> 0 | BR21: =CB21*CL21 -> 0 | BS21: =CC21*CM21 -> 0 | BT21: =CD21*CN21 -> 0 | BU21: =CE21*CO21 -> 0 | BV21: =CF21*CP21 -> 0 | BX21: 2058.8819 | BY21: 0 | BZ21: 3381.2328 | CA21: 0 | CB21: 0 | CC21: 0 | CD21: 0 | CE21: 0 | CF21: 0 | CH21: 1 | CI21: 0 | CJ21: 0.8 | CK21: 0 | CL21: 0 | CM21: 0 | CN21: 0 | CO21: 0 | CP21: 0 | CR21: =K21-BM21 -> 0
A22: PET | B22: Zigzag PET | C22: =IF($F22<>"",COUNTA($F$8:F22),"") -> 11 | F22: 160012446 | G22: Phó Sản PET ZigZag B7 | H22: Rửa | J22: 17800 | K22: 4763.8681 | L22: =SUM(J22:K22) -> 22563.868 | N22: 6.463 | O22: 76.851608 | P22: =IFERROR(O22/N22,0)*10^3 -> 11891.012 | R22: 12000 | T22: 8000 | W22: =IFERROR(_xlfn.NUMBERVALUE(IF(V22=0,0,LEFT($V22,LEN($V22)-SEARCH("đ",$V22)-4))),$V22) | X22: =IFERROR(IF(V22=0,0,_xlfn.NUMBERVALUE(MID($V22,SEARCH("- ",$V22)+2,LEN($V22)-SEARCH("- ",$V22)-2))),$V22) | AB22: =IF(MAX(W22:AA22)=0,"Không có",MAX(W22:AA22)) -> Không có | AC22: Anh Giang | AD22: Sẽ cho quay đầu, chạy chung với vảy, giá giữ nguyên | AG22: 8000 | AI22: 6.463 | AJ22: 76.851608 | AK22: =IFERROR(AJ22/AI22,0)*10^3 -> 11891.012 | AL22: =AG22*AI22/10^3 -> 51.704 | AN22: =AG22-AK22 -> -3891.0116 | AO22: =AL22-AJ22 -> -25.147608 | AR22: 12000 | AS22: =AR22-R22 -> 0 | BM22: =SUM(BN22:BV22) -> 4763.8681 | BN22: =BX22*CH22 -> 2058.8819 | BO22: =BY22*CI22 -> 0 | BP22: =BZ22*CJ22 -> 2704.9862 | BQ22: =CA22*CK22 -> 0 | BR22: =CB22*CL22 -> 0 | BS22: =CC22*CM22 -> 0 | BT22: =CD22*CN22 -> 0 | BU22: =CE22*CO22 -> 0 | BV22: =CF22*CP22 -> 0 | BX22: 2058.8819 | BY22: 0 | BZ22: 3381.2328 | CA22: 0 | CB22: 0 | CC22: 0 | CD22: 0 | CE22: 0 | CF22: 0 | CH22: 1 | CI22: 0 | CJ22: 0.8 | CK22: 0 | CL22: 0 | CM22: 0 | CN22: 0 | CO22: 0 | CP22: 0 | CR22: =K22-BM22 -> 0
A23: PET | B23: Zigzag PET | C23: =IF($F23<>"",COUNTA($F$8:F23),"") -> 12 | F23: 160012607 | G23: Phó Sản PET Zigzag Sau Lựa | H23: Rửa | J23: 17800 | K23: 4763.8681 | L23: =SUM(J23:K23) -> 22563.868 | N23: 245.513 | O23: 808.23384 | P23: =IFERROR(O23/N23,0)*10^3 -> 3292.0206 | R23: 8000 | T23: 8000 | W23: =IFERROR(_xlfn.NUMBERVALUE(IF(V23=0,0,LEFT($V23,LEN($V23)-SEARCH("đ",$V23)-4))),$V23) | X23: =IFERROR(IF(V23=0,0,_xlfn.NUMBERVALUE(MID($V23,SEARCH("- ",$V23)+2,LEN($V23)-SEARCH("- ",$V23)-2))),$V23) | AB23: =IF(MAX(W23:AA23)=0,"Không có",MAX(W23:AA23)) -> Không có | AC23: Anh Giang | AD23: 3000 | AG23: 8000 | AI23: 276.1292 | AJ23: 1258.3531 | AK23: =IFERROR(AJ23/AI23,0)*10^3 -> 4557.117 | AL23: =AG23*AI23/10^3 -> 2209.0336 | AN23: =AG23-AK23 -> 3442.883 | AO23: =AL23-AJ23 -> 950.68053 | AR23: 8000 | AS23: =AR23-R23 -> 0 | BM23: =SUM(BN23:BV23) -> 4763.8681 | BN23: =BX23*CH23 -> 2058.8819 | BO23: =BY23*CI23 -> 0 | BP23: =BZ23*CJ23 -> 2704.9862 | BQ23: =CA23*CK23 -> 0 | BR23: =CB23*CL23 -> 0 | BS23: =CC23*CM23 -> 0 | BT23: =CD23*CN23 -> 0 | BU23: =CE23*CO23 -> 0 | BV23: =CF23*CP23 -> 0 | BX23: 2058.8819 | BY23: 0 | BZ23: 3381.2328 | CA23: 0 | CB23: 0 | CC23: 0 | CD23: 0 | CE23: 0 | CF23: 0 | CH23: 1 | CI23: 0 | CJ23: 0.8 | CK23: 0 | CL23: 0 | CM23: 0 | CN23: 0 | CO23: 0 | CP23: 0 | CR23: =K23-BM23 -> 0
A24: PET | C24: =IF($F24<>"",COUNTA($F$8:F24),"") | E24: A.4 Khác | N24: =SUM(N25:N37) -> 399.9735 | O24: =SUM(O25:O37) -> 5892.5122 | P24: =O24/N24*10^3 -> 14732.256 | AI24: =SUM(AI25:AI37) -> 304.67394 | AJ24: =SUM(AJ25:AJ37) -> 4375.9851 | AK24: =AJ24/AI24*10^3 -> 14362.847 | AL24: =SUM(AL25:AL37) -> 3083.6068 | AO24: =SUM(AO25:AO37) -> -1292.3783
A25: PET | B25: Nắp HD Ép | C25: =IF($F25<>"",COUNTA($F$8:F25),"") -> 13 | F25: 160012335 | G25: Phó Sản PET B1/B8 Vảy-Nắp | H25: Băm | J25: 17800 | K25: 2058.8819 | L25: =SUM(J25:K25) -> 19858.882 | N25: 83.9885 | O25: 1433.6387 | P25: =IFERROR(O25/N25,0)*10^3 -> 17069.464 | R25: 17014 | T25: 8000 | V25: 4,500đ - 9,000đ | W25: =IFERROR(_xlfn.NUMBERVALUE(IF(V25=0,0,LEFT($V25,LEN($V25)-SEARCH("đ",$V25)-4))),$V25) -> 4500 | X25: =IFERROR(IF(V25=0,0,_xlfn.NUMBERVALUE(MID($V25,SEARCH("- ",$V25)+2,LEN($V25)-SEARCH("- ",$V25)-2))),$V25) -> 9000 | Y25: 8500 | Z25: 9500 | AA25: 10500 | AB25: =IF(MAX(W25:AA25)=0,"Không có",MAX(W25:AA25)) -> 10500 | AG25: 8000 | AI25: 23.543 | AJ25: 401.25652 | AK25: =IFERROR(AJ25/AI25,0)*10^3 -> 17043.559 | AL25: =AG25*AI25/10^3 -> 188.344 | AN25: =AG25-AK25 -> -9043.5595 | AO25: =AL25-AJ25 -> -212.91252 | AR25: 17014 | AS25: =AR25-R25 -> 0 | BM25: =SUM(BN25:BV25) -> 2058.8819 | BN25: =BX25*CH25 -> 2058.8819 | BO25: =BY25*CI25 -> 0 | BP25: =BZ25*CJ25 -> 0 | BQ25: =CA25*CK25 -> 0 | BR25: =CB25*CL25 -> 0 | BS25: =CC25*CM25 -> 0 | BT25: =CD25*CN25 -> 0 | BU25: =CE25*CO25 -> 0 | BV25: =CF25*CP25 -> 0 | BX25: 2058.8819 | BY25: 0 | BZ25: 0 | CA25: 0 | CB25: 0 | CC25: 0 | CD25: 0 | CE25: 0 | CF25: 0 | CH25: 1 | CI25: 0 | CJ25: 0 | CK25: 0 | CL25: 0 | CM25: 0 | CN25: 0 | CO25: 0 | CP25: 0 | CR25: =K25-BM25 -> 0
A26: PET | B26: Nắp HD Ép | C26: =IF($F26<>"",COUNTA($F$8:F26),"") -> 14 | F26: 160012338 | G26: Phó Sản PET B2 Vảy-Nắp | H26: Băm | J26: 17800 | K26: 2058.8819 | L26: =SUM(J26:K26) -> 19858.882 | N26: 31.75 | O26: 498.88787 | P26: =IFERROR(O26/N26,0)*10^3 -> 15713.004 | R26: 17014 | T26: 8000 | V26: 4,500đ - 9,000đ | W26: =IFERROR(_xlfn.NUMBERVALUE(IF(V26=0,0,LEFT($V26,LEN($V26)-SEARCH("đ",$V26)-4))),$V26) -> 4500 | X26: =IFERROR(IF(V26=0,0,_xlfn.NUMBERVALUE(MID($V26,SEARCH("- ",$V26)+2,LEN($V26)-SEARCH("- ",$V26)-2))),$V26) -> 9000 | Y26: 8500 | Z26: 9500 | AA26: 10500 | AB26: =IF(MAX(W26:AA26)=0,"Không có",MAX(W26:AA26)) -> 10500 | AG26: 8000 | AI26: 19.559 | AJ26: 310.55507 | AK26: =IFERROR(AJ26/AI26,0)*10^3 -> 15877.86 | AL26: =AG26*AI26/10^3 -> 156.472 | AN26: =AG26-AK26 -> -7877.8604 | AO26: =AL26-AJ26 -> -154.08307 | AR26: 17014 | AS26: =AR26-R26 -> 0 | BM26: =SUM(BN26:BV26) -> 2058.8819 | BN26: =BX26*CH26 -> 2058.8819 | BO26: =BY26*CI26 -> 0 | BP26: =BZ26*CJ26 -> 0 | BQ26: =CA26*CK26 -> 0 | BR26: =CB26*CL26 -> 0 | BS26: =CC26*CM26 -> 0 | BT26: =CD26*CN26 -> 0 | BU26: =CE26*CO26 -> 0 | BV26: =CF26*CP26 -> 0 | BX26: 2058.8819 | BY26: 0 | BZ26: 0 | CA26: 0 | CB26: 0 | CC26: 0 | CD26: 0 | CE26: 0 | CF26: 0 | CH26: 1 | CI26: 0 | CJ26: 0 | CK26: 0 | CL26: 0 | CM26: 0 | CN26: 0 | CO26: 0 | CP26: 0 | CR26: =K26-BM26 -> 0
A27: PET | B27: Nắp HD Ép | C27: =IF($F27<>"",COUNTA($F$8:F27),"") -> 15 | F27: 160012339 | G27: Phó Sản PET B3 Vảy-Nắp | H27: Băm | J27: 17800 | K27: 2058.8819 | L27: =SUM(J27:K27) -> 19858.882 | N27: 38.573 | O27: 590.42499 | P27: =IFERROR(O27/N27,0)*10^3 -> 15306.691 | R27: 17014 | T27: 8000 | V27: 4,500đ - 9,000đ | W27: =IFERROR(_xlfn.NUMBERVALUE(IF(V27=0,0,LEFT($V27,LEN($V27)-SEARCH("đ",$V27)-4))),$V27) -> 4500 | X27: =IFERROR(IF(V27=0,0,_xlfn.NUMBERVALUE(MID($V27,SEARCH("- ",$V27)+2,LEN($V27)-SEARCH("- ",$V27)-2))),$V27) -> 9000 | Y27: 8500 | Z27: 9500 | AA27: 10500 | AB27: =IF(MAX(W27:AA27)=0,"Không có",MAX(W27:AA27)) -> 10500 | AG27: 8000 | AI27: 11.36 | AJ27: 173.88401 | AK27: =IFERROR(AJ27/AI27,0)*10^3 -> 15306.691 | AL27: =AG27*AI27/10^3 -> 90.88 | AN27: =AG27-AK27 -> -7306.6909 | AO27: =AL27-AJ27 -> -83.004009 | AR27: 17014 | AS27: =AR27-R27 -> 0 | BM27: =SUM(BN27:BV27) -> 2058.8819 | BN27: =BX27*CH27 -> 2058.8819 | BO27: =BY27*CI27 -> 0 | BP27: =BZ27*CJ27 -> 0 | BQ27: =CA27*CK27 -> 0 | BR27: =CB27*CL27 -> 0 | BS27: =CC27*CM27 -> 0 | BT27: =CD27*CN27 -> 0 | BU27: =CE27*CO27 -> 0 | BV27: =CF27*CP27 -> 0 | BX27: 2058.8819 | BY27: 0 | BZ27: 0 | CA27: 0 | CB27: 0 | CC27: 0 | CD27: 0 | CE27: 0 | CF27: 0 | CH27: 1 | CI27: 0 | CJ27: 0 | CK27: 0 | CL27: 0 | CM27: 0 | CN27: 0 | CO27: 0 | CP27: 0 | CR27: =K27-BM27 -> 0
A28: PET | B28: Nắp HD Ép | C28: =IF($F28<>"",COUNTA($F$8:F28),"") -> 16 | F28: 160012340 | G28: Phó Sản PET B5 Vảy-Nắp | H28: Băm | J28: 17800 | K28: 2058.8819 | L28: =SUM(J28:K28) -> 19858.882 | N28: 6.88 | O28: 104.30482 | P28: =IFERROR(O28/N28,0)*10^3 -> 15160.584 | R28: 17014 | T28: 8000 | V28: 4,500đ - 9,000đ | W28: =IFERROR(_xlfn.NUMBERVALUE(IF(V28=0,0,LEFT($V28,LEN($V28)-SEARCH("đ",$V28)-4))),$V28) -> 4500 | X28: =IFERROR(IF(V28=0,0,_xlfn.NUMBERVALUE(MID($V28,SEARCH("- ",$V28)+2,LEN($V28)-SEARCH("- ",$V28)-2))),$V28) -> 9000 | Y28: 8500 | Z28: 9500 | AA28: 10500 | AB28: =IF(MAX(W28:AA28)=0,"Không có",MAX(W28:AA28)) -> 10500 | AG28: 8000 | AI28: 6.88 | AJ28: 104.30482 | AK28: =IFERROR(AJ28/AI28,0)*10^3 -> 15160.584 | AL28: =AG28*AI28/10^3 -> 55.04 | AN28: =AG28-AK28 -> -7160.584 | AO28: =AL28-AJ28 -> -49.264818 | AR28: 17014 | AS28: =AR28-R28 -> 0 | BM28: =SUM(BN28:BV28) -> 2058.8819 | BN28: =BX28*CH28 -> 2058.8819 | BO28: =BY28*CI28 -> 0 | BP28: =BZ28*CJ28 -> 0 | BQ28: =CA28*CK28 -> 0 | BR28: =CB28*CL28 -> 0 | BS28: =CC28*CM28 -> 0 | BT28: =CD28*CN28 -> 0 | BU28: =CE28*CO28 -> 0 | BV28: =CF28*CP28 -> 0 | BX28: 2058.8819 | BY28: 0 | BZ28: 0 | CA28: 0 | CB28: 0 | CC28: 0 | CD28: 0 | CE28: 0 | CF28: 0 | CH28: 1 | CI28: 0 | CJ28: 0 | CK28: 0 | CL28: 0 | CM28: 0 | CN28: 0 | CO28: 0 | CP28: 0 | CR28: =K28-BM28 -> 0
A29: PET | B29: Nắp HD Ép | C29: =IF($F29<>"",COUNTA($F$8:F29),"") -> 17 | F29: 160012399 | G29: Phó Sản PET B4 Vảy-Nắp | H29: Băm | J29: 17800 | K29: 2058.8819 | L29: =SUM(J29:K29) -> 19858.882 | N29: 7.739 | O29: 97.734967 | P29: =IFERROR(O29/N29,0)*10^3 -> 12628.888 | R29: 17000 | V29: 4,500đ - 9,000đ | W29: =IFERROR(_xlfn.NUMBERVALUE(IF(V29=0,0,LEFT($V29,LEN($V29)-SEARCH("đ",$V29)-4))),$V29) -> 4500 | X29: =IFERROR(IF(V29=0,0,_xlfn.NUMBERVALUE(MID($V29,SEARCH("- ",$V29)+2,LEN($V29)-SEARCH("- ",$V29)-2))),$V29) -> 9000 | Y29: 8500 | Z29: 9500 | AA29: 10500 | AB29: =IF(MAX(W29:AA29)=0,"Không có",MAX(W29:AA29)) -> 10500 | AG29: 10500 | AI29: 7.739 | AJ29: 97.734967 | AK29: =IFERROR(AJ29/AI29,0)*10^3 -> 12628.888 | AL29: =AG29*AI29/10^3 -> 81.2595 | AN29: =AG29-AK29 -> -2128.8884 | AO29: =AL29-AJ29 -> -16.475467 | AR29: 17000 | AS29: =AR29-R29 -> 0 | BM29: =SUM(BN29:BV29) -> 2058.8819 | BN29: =BX29*CH29 -> 2058.8819 | BO29: =BY29*CI29 -> 0 | BP29: =BZ29*CJ29 -> 0 | BQ29: =CA29*CK29 -> 0 | BR29: =CB29*CL29 -> 0 | BS29: =CC29*CM29 -> 0 | BT29: =CD29*CN29 -> 0 | BU29: =CE29*CO29 -> 0 | BV29: =CF29*CP29 -> 0 | BX29: 2058.8819 | BY29: 0 | BZ29: 0 | CA29: 0 | CB29: 0 | CC29: 0 | CD29: 0 | CE29: 0 | CF29: 0 | CH29: 1 | CI29: 0 | CJ29: 0 | CK29: 0 | CL29: 0 | CM29: 0 | CN29: 0 | CO29: 0 | CP29: 0 | CR29: =K29-BM29 -> 0
A30: PET | B30: Hạt lẫn màu, kim loại | C30: =IF($F30<>"",COUNTA($F$8:F30),"") -> 18 | F30: 160012418 | G30: Phó Sản PET Hạt Lẫn Kim Loại | H30: Tạo hạt | J30: 17800 | K30: 8358.9945 | L30: =SUM(J30:K30) -> 26158.995 | N30: 71.335 | O30: 1421.9702 | P30: =IFERROR(O30/N30,0)*10^3 -> 19933.696 | R30: 20000 | T30: 15000 | V30: 0 | W30: =IFERROR(_xlfn.NUMBERVALUE(IF(V30=0,0,LEFT($V30,LEN($V30)-SEARCH("đ",$V30)-4))),$V30) -> 0 | X30: =IFERROR(IF(V30=0,0,_xlfn.NUMBERVALUE(MID($V30,SEARCH("- ",$V30)+2,LEN($V30)-SEARCH("- ",$V30)-2))),$V30) -> 0 | Y30: 15000 | Z30: 12000 | AA30: 0 | AB30: =IF(MAX(W30:AA30)=0,"Không có",MAX(W30:AA30)) -> 15000 | AG30: 15000 | AI30: 80.926 | AJ30: 1613.7902 | AK30: =IFERROR(AJ30/AI30,0)*10^3 -> 19941.554 | AL30: =AG30*AI30/10^3 -> 1213.89 | AN30: =AG30-AK30 -> -4941.5545 | AO30: =AL30-AJ30 -> -399.90024 | AR30: 20000 | AS30: =AR30-R30 -> 0 | BM30: =SUM(BN30:BV30) -> 8358.9945 | BN30: =BX30*CH30 -> 2058.8819 | BO30: =BY30*CI30 -> 0 | BP30: =BZ30*CJ30 -> 3381.2328 | BQ30: =CA30*CK30 -> 0 | BR30: =CB30*CL30 -> 0 | BS30: =CC30*CM30 -> 0 | BT30: =CD30*CN30 -> 0 | BU30: =CE30*CO30 -> 2918.8799 | BV30: =CF30*CP30 -> 0 | BX30: 2058.8819 | BY30: 0 | BZ30: 3381.2328 | CA30: 0 | CB30: 0 | CC30: 0 | CD30: 0 | CE30: 2918.8799 | CF30: 0 | CH30: 1 | CI30: 0 | CJ30: 1 | CK30: 0 | CL30: 0 | CM30: 0 | CN30: 0 | CO30: 1 | CP30: 0 | CR30: =K30-BM30 -> 0
A31: PET | B31: Vảy lẫn kim loại | C31: =IF($F31<>"",COUNTA($F$8:F31),"") -> 19 | F31: 160012417 | G31: Phó Sản PET HAD | H31: Tạo hạt | J31: 17800 | K31: 6315.7786 | L31: =SUM(J31:K31) -> 24115.779 | N31: 86.504 | O31: 864.41133 | P31: =IFERROR(O31/N31,0)*10^3 -> 9992.7324 | R31: 10000 | T31: 9500 | V31: 0 | W31: =IFERROR(_xlfn.NUMBERVALUE(IF(V31=0,0,LEFT($V31,LEN($V31)-SEARCH("đ",$V31)-4))),$V31) -> 0 | X31: =IFERROR(IF(V31=0,0,_xlfn.NUMBERVALUE(MID($V31,SEARCH("- ",$V31)+2,LEN($V31)-SEARCH("- ",$V31)-2))),$V31) -> 0 | Y31: 9500 | Z31: 0 | AA31: 0 | AB31: =IF(MAX(W31:AA31)=0,"Không có",MAX(W31:AA31)) -> 9500 | AG31: 9500 | AI31: 94.601 | AJ31: 945.54701 | AK31: =IFERROR(AJ31/AI31,0)*10^3 -> 9995.1058 | AL31: =AG31*AI31/10^3 -> 898.7095 | AN31: =AG31-AK31 -> -495.10583 | AO31: =AL31-AJ31 -> -46.837507 | AR31: 10000 | AS31: =AR31-R31 -> 0 | BM31: =SUM(BN31:BV31) -> 6315.7786 | BN31: =BX31*CH31 -> 2058.8819 | BO31: =BY31*CI31 -> 0 | BP31: =BZ31*CJ31 -> 3381.2328 | BQ31: =CA31*CK31 -> 0 | BR31: =CB31*CL31 -> 0 | BS31: =CC31*CM31 -> 0 | BT31: =CD31*CN31 -> 0 | BU31: =CE31*CO31 -> 875.66396 | BV31: =CF31*CP31 -> 0 | BX31: 2058.8819 | BY31: 0 | BZ31: 3381.2328 | CA31: 0 | CB31: 0 | CC31: 0 | CD31: 0 | CE31: 2918.8799 | CF31: 0 | CH31: 1 | CI31: 0 | CJ31: 1 | CK31: 0 | CL31: 0 | CM31: 0 | CN31: 0 | CO31: 0.3 | CP31: 0 | CR31: =K31-BM31 -> 0
A32: PET | B32: Đầu keo | C32: =IF($F32<>"",COUNTA($F$8:F32),"") -> 20 | F32: 160012357 | G32: Phó Sản PET Đầu Keo | H32: Tạo hạt | J32: 17800 | K32: 6607.6666 | L32: =SUM(J32:K32) -> 24407.667 | N32: 6.658 | O32: 146.8089 | P32: =IFERROR(O32/N32,0)*10^3 -> 22050 | R32: 22050 | V32: 0 | W32: =IFERROR(_xlfn.NUMBERVALUE(IF(V32=0,0,LEFT($V32,LEN($V32)-SEARCH("đ",$V32)-4))),$V32) -> 0 | X32: =IFERROR(IF(V32=0,0,_xlfn.NUMBERVALUE(MID($V32,SEARCH("- ",$V32)+2,LEN($V32)-SEARCH("- ",$V32)-2))),$V32) -> 0 | Y32: 8000 | Z32: 8000 | AA32: 8000 | AB32: =IF(MAX(W32:AA32)=0,"Không có",MAX(W32:AA32)) -> 8000 | AG32: 8000 | AI32: 2.131039 | AJ32: 46.98941 | AK32: =IFERROR(AJ32/AI32,0)*10^3 -> 22050 | AL32: =AG32*AI32/10^3 -> 17.048312 | AN32: =AG32-AK32 -> -14050 | AO32: =AL32-AJ32 -> -29.941098 | AR32: 22050 | AS32: =AR32-R32 -> 0 | BM32: =SUM(BN32:BV32) -> 6607.6666 | BN32: =BX32*CH32 -> 2058.8819 | BO32: =BY32*CI32 -> 0 | BP32: =BZ32*CJ32 -> 3381.2328 | BQ32: =CA32*CK32 -> 0 | BR32: =CB32*CL32 -> 0 | BS32: =CC32*CM32 -> 0 | BT32: =CD32*CN32 -> 0 | BU32: =CE32*CO32 -> 1167.5519 | BV32: =CF32*CP32 -> 0 | BX32: 2058.8819 | BY32: 0 | BZ32: 3381.2328 | CA32: 0 | CB32: 0 | CC32: 0 | CD32: 0 | CE32: 2918.8799 | CF32: 0 | CH32: 1 | CI32: 0 | CJ32: 1 | CK32: 0 | CL32: 0 | CM32: 0 | CN32: 0 | CO32: 0.4 | CP32: 0 | CR32: =K32-BM32 -> 0
A33: PET | B33: Đầu keo | C33: =IF($F33<>"",COUNTA($F$8:F33),"") -> 21 | F33: 160012441 | G33: Phó Sản PET Đầu Keo Dính Lưới | H33: Tạo hạt | J33: 17800 | K33: 6607.6666 | L33: =SUM(J33:K33) -> 24407.667 | N33: 7.311 | O33: 161.20755 | P33: =IFERROR(O33/N33,0)*10^3 -> 22050 | R33: 22050 | W33: =IFERROR(_xlfn.NUMBERVALUE(IF(V33=0,0,LEFT($V33,LEN($V33)-SEARCH("đ",$V33)-4))),$V33) | X33: =IFERROR(IF(V33=0,0,_xlfn.NUMBERVALUE(MID($V33,SEARCH("- ",$V33)+2,LEN($V33)-SEARCH("- ",$V33)-2))),$V33) | AB33: =IF(MAX(W33:AA33)=0,"Không có",MAX(W33:AA33)) -> Không có | AC33: Anh Giang | AD33: Không phát sinh nữa, giá ~3000 | AG33: 3000 | AI33: 7.311 | AJ33: 161.20755 | AK33: =IFERROR(AJ33/AI33,0)*10^3 -> 22050 | AL33: =AG33*AI33/10^3 -> 21.933 | AN33: =AG33-AK33 -> -19050 | AO33: =AL33-AJ33 -> -139.27455 | AR33: 22050 | AS33: =AR33-R33 -> 0 | BM33: =SUM(BN33:BV33) -> 6607.6666 | BN33: =BX33*CH33 -> 2058.8819 | BO33: =BY33*CI33 -> 0 | BP33: =BZ33*CJ33 -> 3381.2328 | BQ33: =CA33*CK33 -> 0 | BR33: =CB33*CL33 -> 0 | BS33: =CC33*CM33 -> 0 | BT33: =CD33*CN33 -> 0 | BU33: =CE33*CO33 -> 1167.5519 | BV33: =CF33*CP33 -> 0 | BX33: 2058.8819 | BY33: 0 | BZ33: 3381.2328 | CA33: 0 | CB33: 0 | CC33: 0 | CD33: 0 | CE33: 2918.8799 | CF33: 0 | CH33: 1 | CI33: 0 | CJ33: 1 | CK33: 0 | CL33: 0 | CM33: 0 | CN33: 0 | CO33: 0.4 | CP33: 0 | CR33: =K33-BM33 -> 0
A34: PET | B34: Vảy tạp tuyển nổi 2 | C34: =IF($F34<>"",COUNTA($F$8:F34),"") -> 22 | F34: 160012431 | G34: Phó Sản PET Tuyển nổi 2 | H34: Băm + Rửa | J34: 17800 | K34: 4352.0917 | L34: =SUM(J34:K34) -> 22152.092 | N34: 26.86 | O34: 281.95412 | P34: =IFERROR(O34/N34,0)*10^3 -> 10497.175 | R34: 10500 | T34: 10500 | V34: 0 | W34: =IFERROR(_xlfn.NUMBERVALUE(IF(V34=0,0,LEFT($V34,LEN($V34)-SEARCH("đ",$V34)-4))),$V34) -> 0 | X34: =IFERROR(IF(V34=0,0,_xlfn.NUMBERVALUE(MID($V34,SEARCH("- ",$V34)+2,LEN($V34)-SEARCH("- ",$V34)-2))),$V34) -> 0 | Y34: 11000 | Z34: 0 | AA34: 0 | AB34: =IF(MAX(W34:AA34)=0,"Không có",MAX(W34:AA34)) -> 11000 | AG34: 10500 | AI34: 14.9489 | AJ34: 156.94679 | AK34: =IFERROR(AJ34/AI34,0)*10^3 -> 10498.886 | AL34: =AG34*AI34/10^3 -> 156.96345 | AN34: =AG34-AK34 -> 1.1143964 | AO34: =AL34-AJ34 -> 0.016659 | AR34: 10500 | AS34: =AR34-R34 -> 0 | BM34: =SUM(BN34:BV34) -> 4352.0917 | BN34: =BX34*CH34 -> 0 | BO34: =BY34*CI34 -> 0 | BP34: =BZ34*CJ34 -> 0 | BQ34: =CA34*CK34 -> 4352.0917 | BR34: =CB34*CL34 -> 0 | BS34: =CC34*CM34 -> 0 | BT34: =CD34*CN34 -> 0 | BU34: =CE34*CO34 -> 0 | BV34: =CF34*CP34 -> 0 | BX34: 0 | BY34: 0 | BZ34: 0 | CA34: 5440.1147 | CB34: 0 | CC34: 0 | CD34: 0 | CE34: 0 | CF34: 0 | CH34: 0 | CI34: 0 | CJ34: 0 | CK34: 0.8 | CL34: 0 | CM34: 0 | CN34: 0 | CO34: 0 | CP34: 0 | CR34: =K34-BM34 -> 0
A35: PET | B35: Bụi, vảy quét nền | C35: =IF($F35<>"",COUNTA($F$8:F35),"") -> 23 | F35: 160012420 | G35: Phó Sản PET Quét Nền | H35: Băm + Rửa | J35: 17800 | K35: 544.01147 | L35: =SUM(J35:K35) -> 18344.011 | N35: 16.351 | O35: 171.12073 | P35: =IFERROR(O35/N35,0)*10^3 -> 10465.459 | R35: 10500 | V35: 1,500đ - 1,800đ | W35: =IFERROR(_xlfn.NUMBERVALUE(IF(V35=0,0,LEFT($V35,LEN($V35)-SEARCH("đ",$V35)-4))),$V35) -> 1500 | X35: =IFERROR(IF(V35=0,0,_xlfn.NUMBERVALUE(MID($V35,SEARCH("- ",$V35)+2,LEN($V35)-SEARCH("- ",$V35)-2))),$V35) -> 1800 | Y35: 3000 | Z35: 2000 | AA35: 5000 | AB35: =IF(MAX(W35:AA35)=0,"Không có",MAX(W35:AA35)) -> 5000 | AG35: 5000 | AI35: 16.351 | AJ35: 171.12073 | AK35: =IFERROR(AJ35/AI35,0)*10^3 -> 10465.459 | AL35: =AG35*AI35/10^3 -> 81.755 | AN35: =AG35-AK35 -> -5465.4594 | AO35: =AL35-AJ35 -> -89.365726 | AR35: 10500 | AS35: =AR35-R35 -> 0 | BM35: =SUM(BN35:BV35) -> 544.01147 | BN35: =BX35*CH35 -> 0 | BO35: =BY35*CI35 -> 0 | BP35: =BZ35*CJ35 -> 0 | BQ35: =CA35*CK35 -> 544.01147 | BR35: =CB35*CL35 -> 0 | BS35: =CC35*CM35 -> 0 | BT35: =CD35*CN35 -> 0 | BU35: =CE35*CO35 -> 0 | BV35: =CF35*CP35 -> 0 | BX35: 0 | BY35: 0 | BZ35: 0 | CA35: 5440.1147 | CB35: 0 | CC35: 0 | CD35: 0 | CE35: 0 | CF35: 0 | CH35: 0 | CI35: 0 | CJ35: 0 | CK35: 0.1 | CL35: 0 | CM35: 0 | CN35: 0 | CO35: 0 | CP35: 0 | CR35: =K35-BM35 -> 0
A36: PET | B36: Hạt chưa kết tinh | C36: =IF($F36<>"",COUNTA($F$8:F36),"") -> 24 | F36: 160012421 | G36: Phó Sản PET Hạt Chưa Kết Tinh | H36: Tạo hạt | J36: 17800 | K36: 6899.5546 | L36: =SUM(J36:K36) -> 24699.555 | N36: 4.4 | O36: 96.8 | P36: =IFERROR(O36/N36,0)*10^3 -> 22000 | R36: 22000 | T36: 15000 | V36: 0 | W36: =IFERROR(_xlfn.NUMBERVALUE(IF(V36=0,0,LEFT($V36,LEN($V36)-SEARCH("đ",$V36)-4))),$V36) -> 0 | X36: =IFERROR(IF(V36=0,0,_xlfn.NUMBERVALUE(MID($V36,SEARCH("- ",$V36)+2,LEN($V36)-SEARCH("- ",$V36)-2))),$V36) -> 0 | Y36: 15000 | Z36: 0 | AA36: 0 | AB36: =IF(MAX(W36:AA36)=0,"Không có",MAX(W36:AA36)) -> 15000 | AG36: 15000 | AI36: 7.7 | AJ36: 169.4 | AK36: =IFERROR(AJ36/AI36,0)*10^3 -> 22000 | AL36: =AG36*AI36/10^3 -> 115.5 | AN36: =AG36-AK36 -> -7000 | AO36: =AL36-AJ36 -> -53.9 | AR36: 22000 | AS36: =AR36-R36 -> 0 | BM36: =SUM(BN36:BV36) -> 6899.5546 | BN36: =BX36*CH36 -> 2058.8819 | BO36: =BY36*CI36 -> 0 | BP36: =BZ36*CJ36 -> 3381.2328 | BQ36: =CA36*CK36 -> 0 | BR36: =CB36*CL36 -> 0 | BS36: =CC36*CM36 -> 0 | BT36: =CD36*CN36 -> 0 | BU36: =CE36*CO36 -> 1459.4399 | BV36: =CF36*CP36 -> 0 | BX36: 2058.8819 | BY36: 0 | BZ36: 3381.2328 | CA36: 0 | CB36: 0 | CC36: 0 | CD36: 0 | CE36: 2918.8799 | CF36: 0 | CH36: 1 | CI36: 0 | CJ36: 1 | CK36: 0 | CL36: 0 | CM36: 0 | CN36: 0 | CO36: 0.5 | CP36: 0 | CR36: =K36-BM36 -> 0
A37: PET | B37: Tạp dơ cát, đá, kim loại | C37: =IF($F37<>"",COUNTA($F$8:F37),"") -> 25 | F37: 160012422 | G37: Phó Sản PET Tromel | H37: Băm | J37: 17800 | K37: 2058.8819 | L37: =SUM(J37:K37) -> 19858.882 | N37: 11.624 | O37: 23.248 | P37: =IFERROR(O37/N37,0)*10^3 -> 2000 | R37: 2000 | V37: 500 | W37: =IFERROR(_xlfn.NUMBERVALUE(IF(V37=0,0,LEFT($V37,LEN($V37)-SEARCH("đ",$V37)-4))),$V37) -> 500 | X37: =IFERROR(IF(V37=0,0,_xlfn.NUMBERVALUE(MID($V37,SEARCH("- ",$V37)+2,LEN($V37)-SEARCH("- ",$V37)-2))),$V37) -> 500 | Y37: 0 | Z37: 0 | AA37: 0 | AB37: =IF(MAX(W37:AA37)=0,"Không có",MAX(W37:AA37)) -> 500 | AG37: 500 | AI37: 11.624 | AJ37: 23.248 | AK37: =IFERROR(AJ37/AI37,0)*10^3 -> 2000 | AL37: =AG37*AI37/10^3 -> 5.812 | AN37: =AG37-AK37 -> -1500 | AO37: =AL37-AJ37 -> -17.436 | AR37: 2000 | AS37: =AR37-R37 -> 0 | BM37: =SUM(BN37:BV37) -> 2058.8819 | BN37: =BX37*CH37 -> 2058.8819 | BO37: =BY37*CI37 -> 0 | BP37: =BZ37*CJ37 -> 0 | BQ37: =CA37*CK37 -> 0 | BR37: =CB37*CL37 -> 0 | BS37: =CC37*CM37 -> 0 | BT37: =CD37*CN37 -> 0 | BU37: =CE37*CO37 -> 0 | BV37: =CF37*CP37 -> 0 | BX37: 2058.8819 | BY37: 0 | BZ37: 0 | CA37: 0 | CB37: 0 | CC37: 0 | CD37: 0 | CE37: 0 | CF37: 0 | CH37: 1 | CI37: 0 | CJ37: 0 | CK37: 0 | CL37: 0 | CM37: 0 | CN37: 0 | CO37: 0 | CP37: 0 | CR37: =K37-BM37 -> 0
C38: =IF($F38<>"",COUNTA($F$8:F38),"")
C39: =IF($F39<>"",COUNTA($F$8:F39),"") | D39: B. HDPE | N39: =N40+N50+N56 -> 804.6875 | O39: =O40+O50+O56 -> 9156.3936 | P39: =O39/N39*10^3 -> 11378.819 | AI39: =AI40+AI50+AI56 -> 793.9935 | AJ39: =AJ40+AJ50+AJ56 -> 9206.8566 | AK39: =AJ39/AI39*10^3 -> 11595.632 | AL39: =AL40+AL50+AL56 -> 5427.792 | AO39: =AO40+AO50+AO56 -> -3779.0646
C40: =IF($F40<>"",COUNTA($F$8:F40),"") | E40: B.1 HD thổi ngả màu | N40: =SUM(N41:N49) -> 225.524 | O40: =SUM(O41:O49) -> 3567.1433 | P40: =O40/N40*10^3 -> 15817.134 | AI40: =SUM(AI41:AI49) -> 169.708 | AJ40: =SUM(AJ41:AJ49) -> 2862.9643 | AK40: =AJ40/AI40*10^3 -> 16869.943 | AL40: =SUM(AL41:AL49) -> 2306.177 | AO40: =SUM(AO41:AO49) -> -556.78733
A41: HDPE | B41: HD thổi ngả màu | C41: =IF($F41<>"",COUNTA($F$8:F41),"") -> 26 | F41: 160012271 | G41: Phó sản vảy HDPE trong loại 2 | H41: Rửa + Tách màu | J41: 21200 | K41: 2593.5697 | L41: =SUM(J41:K41) -> 23793.57 | N41: 76.27 | O41: 1193.2157 | P41: =IFERROR(O41/N41,0)*10^3 -> 15644.626 | R41: 23389 | T41: 8000 | V41: 21,200đ - 21,500đ | W41: =IFERROR(_xlfn.NUMBERVALUE(IF(V41=0,0,LEFT($V41,LEN($V41)-SEARCH("đ",$V41)-4))),$V41) -> 21200 | X41: =IFERROR(IF(V41=0,0,_xlfn.NUMBERVALUE(MID($V41,SEARCH("- ",$V41)+2,LEN($V41)-SEARCH("- ",$V41)-2))),$V41) -> 21500 | Y41: 14000 | Z41: 0 | AA41: 0 | AB41: =IF(MAX(W41:AA41)=0,"Không có",MAX(W41:AA41)) -> 21500 | AG41: 15000 | AI41: 40.581 | AJ41: 666.23043 | AK41: =IFERROR(AJ41/AI41,0)*10^3 -> 16417.3 | AL41: =AG41*AI41/10^3 -> 608.715 | AN41: =AG41-AK41 -> -1417.2995 | AO41: =AL41-AJ41 -> -57.515432 | AR41: 23389 | AS41: =AR41-R41 -> 0 | BM41: =SUM(BN41:BV41) -> 2593.5697 | BN41: =BX41*CH41 -> 0 | BO41: =BY41*CI41 -> 0 | BP41: =BZ41*CJ41 -> 0 | BQ41: =CA41*CK41 -> 0 | BR41: =CB41*CL41 -> 0 | BS41: =CC41*CM41 -> 2593.5697 | BT41: =CD41*CN41 -> 0 | BU41: =CE41*CO41 -> 0 | BV41: =CF41*CP41 -> 0 | BX41: 0 | BY41: 0 | BZ41: 0 | CA41: 0 | CB41: 0 | CC41: 2593.5697 | CD41: 0 | CE41: 0 | CF41: 0 | CH41: 0 | CI41: 0 | CJ41: 0 | CK41: 0 | CL41: 0 | CM41: 1 | CN41: 0 | CO41: 0 | CP41: 0 | CR41: =K41-BM41 -> 0
A42: HDPE | B42: HD thổi ngả màu | C42: =IF($F42<>"",COUNTA($F$8:F42),"") -> 27 | F42: 160012270 | G42: Phó sản vảy HDPE trong loại 1 | H42: Rửa + Tách màu | J42: 21200 | K42: 2593.5697 | L42: =SUM(J42:K42) -> 23793.57 | N42: 45.196 | O42: 762.66037 | P42: =IFERROR(O42/N42,0)*10^3 -> 16874.51 | R42: 23389 | T42: 8000 | V42: 23,000đ - 24,000đ | W42: =IFERROR(_xlfn.NUMBERVALUE(IF(V42=0,0,LEFT($V42,LEN($V42)-SEARCH("đ",$V42)-4))),$V42) -> 23000 | X42: =IFERROR(IF(V42=0,0,_xlfn.NUMBERVALUE(MID($V42,SEARCH("- ",$V42)+2,LEN($V42)-SEARCH("- ",$V42)-2))),$V42) -> 24000 | Y42: 15500 | Z42: 0 | AA42: 0 | AB42: =IF(MAX(W42:AA42)=0,"Không có",MAX(W42:AA42)) -> 24000 | AG42: 16000 | AI42: 41.823 | AJ42: 707.68192 | AK42: =IFERROR(AJ42/AI42,0)*10^3 -> 16920.879 | AL42: =AG42*AI42/10^3 -> 669.168 | AN42: =AG42-AK42 -> -920.87889 | AO42: =AL42-AJ42 -> -38.513918 | AR42: 23389 | AS42: =AR42-R42 -> 0 | BM42: =SUM(BN42:BV42) -> 2593.5697 | BN42: =BX42*CH42 -> 0 | BO42: =BY42*CI42 -> 0 | BP42: =BZ42*CJ42 -> 0 | BQ42: =CA42*CK42 -> 0 | BR42: =CB42*CL42 -> 0 | BS42: =CC42*CM42 -> 2593.5697 | BT42: =CD42*CN42 -> 0 | BU42: =CE42*CO42 -> 0 | BV42: =CF42*CP42 -> 0 | BX42: 0 | BY42: 0 | BZ42: 0 | CA42: 0 | CB42: 0 | CC42: 2593.5697 | CD42: 0 | CE42: 0 | CF42: 0 | CH42: 0 | CI42: 0 | CJ42: 0 | CK42: 0 | CL42: 0 | CM42: 1 | CN42: 0 | CO42: 0 | CP42: 0 | CR42: =K42-BM42 -> 0
A43: HDPE | B43: HD thổi ngả màu | C43: =IF($F43<>"",COUNTA($F$8:F43),"") -> 28 | F43: 160012457 | G43: Phó Sản HD Thổi Trong Vảy L1 QMT | H43: Rửa | J43: 21200 | K43: 1296.7848 | L43: =SUM(J43:K43) -> 22496.785 | N43: 25.219 | O43: 479.161 | P43: =IFERROR(O43/N43,0)*10^3 -> 19000 | R43: 19000 | W43: =IFERROR(_xlfn.NUMBERVALUE(IF(V43=0,0,LEFT($V43,LEN($V43)-SEARCH("đ",$V43)-4))),$V43) | X43: =IFERROR(IF(V43=0,0,_xlfn.NUMBERVALUE(MID($V43,SEARCH("- ",$V43)+2,LEN($V43)-SEARCH("- ",$V43)-2))),$V43) | AB43: =IF(MAX(W43:AA43)=0,"Không có",MAX(W43:AA43)) -> Không có | AC43: Anh Cảnh | AD43: Đã tham khảo giá thị trường 10.000 | AG43: 10000 | AI43: 25.219 | AJ43: 479.161 | AK43: =IFERROR(AJ43/AI43,0)*10^3 -> 19000 | AL43: =AG43*AI43/10^3 -> 252.19 | AN43: =AG43-AK43 -> -9000 | AO43: =AL43-AJ43 -> -226.971 | AR43: 19000 | AS43: =AR43-R43 -> 0 | BM43: =SUM(BN43:BV43) -> 1296.7848 | BN43: =BX43*CH43 -> 0 | BO43: =BY43*CI43 -> 0 | BP43: =BZ43*CJ43 -> 1296.7848 | BQ43: =CA43*CK43 -> 0 | BR43: =CB43*CL43 -> 0 | BS43: =CC43*CM43 -> 0 | BT43: =CD43*CN43 -> 0 | BU43: =CE43*CO43 -> 0 | BV43: =CF43*CP43 -> 0 | BX43: 0 | BY43: 0 | BZ43: 1296.7848 | CA43: 0 | CB43: 0 | CC43: 0 | CD43: 0 | CE43: 0 | CF43: 0 | CH43: 0 | CI43: 0 | CJ43: 1 | CK43: 0 | CL43: 0 | CM43: 0 | CN43: 0 | CO43: 0 | CP43: 0 | CR43: =K43-BM43 -> 0
A44: HDPE | B44: HD thổi ngả màu | C44: =IF($F44<>"",COUNTA($F$8:F44),"") -> 29 | F44: 160012458 | G44: Phó Sản HD Thổi Trong Vảy L2 QMT | H44: Rửa | J44: 21200 | K44: 1296.7848 | L44: =SUM(J44:K44) -> 22496.785 | N44: 30.349 | O44: 453.89757 | P44: =IFERROR(O44/N44,0)*10^3 -> 14955.932 | R44: 15000 | W44: =IFERROR(_xlfn.NUMBERVALUE(IF(V44=0,0,LEFT($V44,LEN($V44)-SEARCH("đ",$V44)-4))),$V44) | X44: =IFERROR(IF(V44=0,0,_xlfn.NUMBERVALUE(MID($V44,SEARCH("- ",$V44)+2,LEN($V44)-SEARCH("- ",$V44)-2))),$V44) | AB44: =IF(MAX(W44:AA44)=0,"Không có",MAX(W44:AA44)) -> Không có | AC44: Anh Cảnh | AD44: Đã tham khảo giá thị trường 10.000 | AG44: 10000 | AI44: 30.349 | AJ44: 453.89757 | AK44: =IFERROR(AJ44/AI44,0)*10^3 -> 14955.932 | AL44: =AG44*AI44/10^3 -> 303.49 | AN44: =AG44-AK44 -> -4955.9316 | AO44: =AL44-AJ44 -> -150.40757 | AR44: 15000 | AS44: =AR44-R44 -> 0 | BM44: =SUM(BN44:BV44) -> 1296.7848 | BN44: =BX44*CH44 -> 0 | BO44: =BY44*CI44 -> 0 | BP44: =BZ44*CJ44 -> 1296.7848 | BQ44: =CA44*CK44 -> 0 | BR44: =CB44*CL44 -> 0 | BS44: =CC44*CM44 -> 0 | BT44: =CD44*CN44 -> 0 | BU44: =CE44*CO44 -> 0 | BV44: =CF44*CP44 -> 0 | BX44: 0 | BY44: 0 | BZ44: 1296.7848 | CA44: 0 | CB44: 0 | CC44: 0 | CD44: 0 | CE44: 0 | CF44: 0 | CH44: 0 | CI44: 0 | CJ44: 1 | CK44: 0 | CL44: 0 | CM44: 0 | CN44: 0 | CO44: 0 | CP44: 0 | CR44: =K44-BM44 -> 0
A45: HDPE | B45: HD thổi ngả màu | C45: =IF($F45<>"",COUNTA($F$8:F45),"") -> 30 | F45: 160012433 | G45: Phó Sản HD Thổi Trắng Sữa Vảy L2 | H45: Rửa | J45: 21200 | K45: 1296.7848 | L45: =SUM(J45:K45) -> 22496.785 | N45: 28.236 | O45: 341.24099 | P45: =IFERROR(O45/N45,0)*10^3 -> 12085.316 | R45: 21000 | V45: 16,000đ - 17,000đ | W45: =IFERROR(_xlfn.NUMBERVALUE(IF(V45=0,0,LEFT($V45,LEN($V45)-SEARCH("đ",$V45)-4))),$V45) -> 16000 | X45: =IFERROR(IF(V45=0,0,_xlfn.NUMBERVALUE(MID($V45,SEARCH("- ",$V45)+2,LEN($V45)-SEARCH("- ",$V45)-2))),$V45) -> 17000 | Y45: 15500 | Z45: 15000 | AA45: 0 | AB45: =IF(MAX(W45:AA45)=0,"Không có",MAX(W45:AA45)) -> 17000 | AG45: 11000 | AI45: 4 | AJ45: 50.796595 | AK45: =IFERROR(AJ45/AI45,0)*10^3 -> 12699.149 | AL45: =AG45*AI45/10^3 -> 44 | AN45: =AG45-AK45 -> -1699.1488 | AO45: =AL45-AJ45 -> -6.796595 | AR45: 21000 | AS45: =AR45-R45 -> 0 | BM45: =SUM(BN45:BV45) -> 1296.7848 | BN45: =BX45*CH45 -> 0 | BO45: =BY45*CI45 -> 0 | BP45: =BZ45*CJ45 -> 1296.7848 | BQ45: =CA45*CK45 -> 0 | BR45: =CB45*CL45 -> 0 | BS45: =CC45*CM45 -> 0 | BT45: =CD45*CN45 -> 0 | BU45: =CE45*CO45 -> 0 | BV45: =CF45*CP45 -> 0 | BX45: 0 | BY45: 0 | BZ45: 1296.7848 | CA45: 0 | CB45: 0 | CC45: 0 | CD45: 0 | CE45: 0 | CF45: 0 | CH45: 0 | CI45: 0 | CJ45: 1 | CK45: 0 | CL45: 0 | CM45: 0 | CN45: 0 | CO45: 0 | CP45: 0 | CR45: =K45-BM45 -> 0
A46: HDPE | B46: HD thổi ngả màu | C46: =IF($F46<>"",COUNTA($F$8:F46),"") -> 31 | F46: 160012452 | G46: Phó Sản HD Thổi Vàng Vảy L2 | H46: Băm bình | J46: 21200 | K46: 3673.9617 | L46: =SUM(J46:K46) -> 24873.962 | N46: 8.518 | O46: 187.396 | P46: =IFERROR(O46/N46,0)*10^3 -> 22000 | R46: 22000 | V46: 0 | W46: =IFERROR(_xlfn.NUMBERVALUE(IF(V46=0,0,LEFT($V46,LEN($V46)-SEARCH("đ",$V46)-4))),$V46) -> 0 | X46: =IFERROR(IF(V46=0,0,_xlfn.NUMBERVALUE(MID($V46,SEARCH("- ",$V46)+2,LEN($V46)-SEARCH("- ",$V46)-2))),$V46) -> 0 | Y46: 0 | Z46: 11500 | AA46: 0 | AB46: =IF(MAX(W46:AA46)=0,"Không có",MAX(W46:AA46)) -> 11500 | AG46: 11500 | AI46: 1.34 | AJ46: 29.48 | AK46: =IFERROR(AJ46/AI46,0)*10^3 -> 22000 | AL46: =AG46*AI46/10^3 -> 15.41 | AN46: =AG46-AK46 -> -10500 | AO46: =AL46-AJ46 -> -14.07 | AR46: 22000 | AS46: =AR46-R46 -> 0 | BM46: =SUM(BN46:BV46) -> 3673.9617 | BN46: =BX46*CH46 -> 0 | BO46: =BY46*CI46 -> 3673.9617 | BP46: =BZ46*CJ46 -> 0 | BQ46: =CA46*CK46 -> 0 | BR46: =CB46*CL46 -> 0 | BS46: =CC46*CM46 -> 0 | BT46: =CD46*CN46 -> 0 | BU46: =CE46*CO46 -> 0 | BV46: =CF46*CP46 -> 0 | BX46: 0 | BY46: 3673.9617 | BZ46: 0 | CA46: 0 | CB46: 0 | CC46: 0 | CD46: 0 | CE46: 0 | CF46: 0 | CH46: 0 | CI46: 1 | CJ46: 0 | CK46: 0 | CL46: 0 | CM46: 0 | CN46: 0 | CO46: 0 | CP46: 0 | CR46: =K46-BM46 -> 0
A47: HDPE | B47: HD thổi ngả màu | C47: =IF($F47<>"",COUNTA($F$8:F47),"") -> 32 | F47: 160012432 | G47: Phó Sản HD Thổi Trắng Sữa Vảy L1 | H47: Rửa | J47: 21200 | K47: 1296.7848 | L47: =SUM(J47:K47) -> 22496.785 | N47: 6.676 | O47: 62.331708 | P47: =IFERROR(O47/N47,0)*10^3 -> 9336.6848 | R47: 21000 | V47: 19,000đ - 20,000đ | W47: =IFERROR(_xlfn.NUMBERVALUE(IF(V47=0,0,LEFT($V47,LEN($V47)-SEARCH("đ",$V47)-4))),$V47) -> 19000 | X47: =IFERROR(IF(V47=0,0,_xlfn.NUMBERVALUE(MID($V47,SEARCH("- ",$V47)+2,LEN($V47)-SEARCH("- ",$V47)-2))),$V47) -> 20000 | Y47: 16000 | Z47: 15000 | AA47: 0 | AB47: =IF(MAX(W47:AA47)=0,"Không có",MAX(W47:AA47)) -> 20000 | AG47: 15000 | AI47: 21.5 | AJ47: 392.08481 | AK47: =IFERROR(AJ47/AI47,0)*10^3 -> 18236.503 | AL47: =AG47*AI47/10^3 -> 322.5 | AN47: =AG47-AK47 -> -3236.503 | AO47: =AL47-AJ47 -> -69.584814 | AR47: 21000 | AS47: =AR47-R47 -> 0 | BM47: =SUM(BN47:BV47) -> 1296.7848 | BN47: =BX47*CH47 -> 0 | BO47: =BY47*CI47 -> 0 | BP47: =BZ47*CJ47 -> 1296.7848 | BQ47: =CA47*CK47 -> 0 | BR47: =CB47*CL47 -> 0 | BS47: =CC47*CM47 -> 0 | BT47: =CD47*CN47 -> 0 | BU47: =CE47*CO47 -> 0 | BV47: =CF47*CP47 -> 0 | BX47: 0 | BY47: 0 | BZ47: 1296.7848 | CA47: 0 | CB47: 0 | CC47: 0 | CD47: 0 | CE47: 0 | CF47: 0 | CH47: 0 | CI47: 0 | CJ47: 1 | CK47: 0 | CL47: 0 | CM47: 0 | CN47: 0 | CO47: 0 | CP47: 0 | CR47: =K47-BM47 -> 0
A48: HDPE | B48: HD thổi ngả màu | C48: =IF($F48<>"",COUNTA($F$8:F48),"") -> 33 | F48: 160012658 | G48: Phó Sản Bình HD Thổi Sau Lựa | H48: NC-TC | J48: 21200 | K48: 634 | L48: =SUM(J48:K48) -> 21834 | N48: 3.44 | O48: 51.6 | P48: =IFERROR(O48/N48,0)*10^3 -> 15000 | R48: 15000 | W48: =IFERROR(_xlfn.NUMBERVALUE(IF(V48=0,0,LEFT($V48,LEN($V48)-SEARCH("đ",$V48)-4))),$V48) | X48: =IFERROR(IF(V48=0,0,_xlfn.NUMBERVALUE(MID($V48,SEARCH("- ",$V48)+2,LEN($V48)-SEARCH("- ",$V48)-2))),$V48) | AB48: =IF(MAX(W48:AA48)=0,"Không có",MAX(W48:AA48)) -> Không có | AC48: Anh Cảnh | AD48: Bằng giá Phó Sản trong loại 2: 21.500 | AG48: 21500 | AI48: 3.44 | AJ48: 51.6 | AK48: =IFERROR(AJ48/AI48,0)*10^3 -> 15000 | AL48: =AG48*AI48/10^3 -> 73.96 | AN48: =AG48-AK48 -> 6500 | AO48: =AL48-AJ48 -> 22.36 | AR48: 15000 | AS48: =AR48-R48 -> 0 | BM48: =SUM(BN48:BV48) -> 634 | BN48: =BX48*CH48 -> 0 | BO48: =BY48*CI48 -> 0 | BP48: =BZ48*CJ48 -> 0 | BQ48: =CA48*CK48 -> 0 | BR48: =CB48*CL48 -> 0 | BS48: =CC48*CM48 -> 0 | BT48: =CD48*CN48 -> 0 | BU48: =CE48*CO48 -> 0 | BV48: =CF48*CP48 -> 634 | BX48: 0 | BY48: 0 | BZ48: 0 | CA48: 0 | CB48: 0 | CC48: 0 | CD48: 0 | CE48: 0 | CF48: 634 | CH48: 0 | CI48: 0 | CJ48: 0 | CK48: 0 | CL48: 0 | CM48: 0 | CN48: 0 | CO48: 0 | CP48: 1 | CR48: =K48-BM48 -> 0
A49: HDPE | B49: HD thổi ngả màu | C49: =IF($F49<>"",COUNTA($F$8:F49),"") -> 34 | F49: 160012451 | G49: Phó Sản HD Thổi Vàng Vảy L1 | H49: Băm bình | J49: 21200 | K49: 3673.9617 | L49: =SUM(J49:K49) -> 24873.962 | N49: 1.62 | O49: 35.64 | P49: =IFERROR(O49/N49,0)*10^3 -> 22000 | R49: 22000 | V49: 0 | W49: =IFERROR(_xlfn.NUMBERVALUE(IF(V49=0,0,LEFT($V49,LEN($V49)-SEARCH("đ",$V49)-4))),$V49) -> 0 | X49: =IFERROR(IF(V49=0,0,_xlfn.NUMBERVALUE(MID($V49,SEARCH("- ",$V49)+2,LEN($V49)-SEARCH("- ",$V49)-2))),$V49) -> 0 | Y49: 0 | Z49: 11500 | AA49: 0 | AB49: =IF(MAX(W49:AA49)=0,"Không có",MAX(W49:AA49)) -> 11500 | AG49: 11500 | AI49: 1.456 | AJ49: 32.032 | AK49: =IFERROR(AJ49/AI49,0)*10^3 -> 22000 | AL49: =AG49*AI49/10^3 -> 16.744 | AN49: =AG49-AK49 -> -10500 | AO49: =AL49-AJ49 -> -15.288 | AR49: 22000 | AS49: =AR49-R49 -> 0 | BM49: =SUM(BN49:BV49) -> 3673.9617 | BN49: =BX49*CH49 -> 0 | BO49: =BY49*CI49 -> 3673.9617 | BP49: =BZ49*CJ49 -> 0 | BQ49: =CA49*CK49 -> 0 | BR49: =CB49*CL49 -> 0 | BS49: =CC49*CM49 -> 0 | BT49: =CD49*CN49 -> 0 | BU49: =CE49*CO49 -> 0 | BV49: =CF49*CP49 -> 0 | BX49: 0 | BY49: 3673.9617 | BZ49: 0 | CA49: 0 | CB49: 0 | CC49: 0 | CD49: 0 | CE49: 0 | CF49: 0 | CH49: 0 | CI49: 1 | CJ49: 0 | CK49: 0 | CL49: 0 | CM49: 0 | CN49: 0 | CO49: 0 | CP49: 0 | CR49: =K49-BM49 -> 0
C50: =IF($F50<>"",COUNTA($F$8:F50),"") | E50: B.2 Nắp HD Ép | N50: =SUM(N51:N55) -> 193.574 | O50: =SUM(O51:O55) -> 2847.2868 | P50: =O50/N50*10^3 -> 14709.035 | AI50: =SUM(AI51:AI55) -> 226.115 | AJ50: =SUM(AJ51:AJ55) -> 3391.3901 | AK50: =AJ50/AI50*10^3 -> 14998.519 | AL50: =SUM(AL51:AL55) -> 1177.86 | AO50: =SUM(AO51:AO55) -> -2213.5301
A51: HDPE | B51: Nắp HD Ép | C51: =IF($F51<>"",COUNTA($F$8:F51),"") -> 35 | F51: 160012611 | G51: Phó Sản HD Ép Hỗn Hợp Cuối ST | H51: Tách màu | J51: 21200 | K51: 2514.8133 | L51: =SUM(J51:K51) -> 23714.813 | N51: 131.284 | O51: 1724.7239 | P51: =IFERROR(O51/N51,0)*10^3 -> 13137.35 | R51: 8000 | V51: 0 | W51: =IFERROR(_xlfn.NUMBERVALUE(IF(V51=0,0,LEFT($V51,LEN($V51)-SEARCH("đ",$V51)-4))),$V51) -> 0 | X51: =IFERROR(IF(V51=0,0,_xlfn.NUMBERVALUE(MID($V51,SEARCH("- ",$V51)+2,LEN($V51)-SEARCH("- ",$V51)-2))),$V51) -> 0 | Y51: 4000 | Z51: 0 | AA51: 0 | AB51: =IF(MAX(W51:AA51)=0,"Không có",MAX(W51:AA51)) -> 4000 | AG51: 4000 | AI51: 125.984 | AJ51: 1627.712 | AK51: =IFERROR(AJ51/AI51,0)*10^3 -> 12919.99 | AL51: =AG51*AI51/10^3 -> 503.936 | AN51: =AG51-AK51 -> -8919.9899 | AO51: =AL51-AJ51 -> -1123.776 | AR51: 8000 | AS51: =AR51-R51 -> 0 | BM51: =SUM(BN51:BV51) -> 2514.8133 | BN51: =BX51*CH51 -> 0 | BO51: =BY51*CI51 -> 0 | BP51: =BZ51*CJ51 -> 0 | BQ51: =CA51*CK51 -> 0 | BR51: =CB51*CL51 -> 0 | BS51: =CC51*CM51 -> 0 | BT51: =CD51*CN51 -> 2514.8133 | BU51: =CE51*CO51 -> 0 | BV51: =CF51*CP51 -> 0 | BX51: 0 | BY51: 0 | BZ51: 0 | CA51: 0 | CB51: 0 | CC51: 0 | CD51: 2514.8133 | CE51: 0 | CF51: 0 | CH51: 0 | CI51: 0 | CJ51: 0 | CK51: 0 | CL51: 0 | CM51: 0 | CN51: 1 | CO51: 0 | CP51: 0 | CR51: =K51-BM51 -> 0
A52: HDPE | B52: Nắp HD Ép | C52: =IF($F52<>"",COUNTA($F$8:F52),"") -> 36 | F52: 160012613 | G52: Phó Sản HD Ép Olefin PET 2 ST | H52: Rửa | J52: 21200 | K52: 1296.7848 | L52: =SUM(J52:K52) -> 22496.785 | N52: 24.075 | O52: 439.63056 | P52: =IFERROR(O52/N52,0)*10^3 -> 18260.875 | R52: 17000 | W52: =IFERROR(_xlfn.NUMBERVALUE(IF(V52=0,0,LEFT($V52,LEN($V52)-SEARCH("đ",$V52)-4))),$V52) | X52: =IFERROR(IF(V52=0,0,_xlfn.NUMBERVALUE(MID($V52,SEARCH("- ",$V52)+2,LEN($V52)-SEARCH("- ",$V52)-2))),$V52) | AB52: =IF(MAX(W52:AA52)=0,"Không có",MAX(W52:AA52)) -> Không có | AC52: Anh Cảnh | AD52: Bằng giá với phó sản olefin B2: 10.500 | AG52: 8000 | AI52: 29.585 | AJ52: 533.30056 | AK52: =IFERROR(AJ52/AI52,0)*10^3 -> 18026.046 | AL52: =AG52*AI52/10^3 -> 236.68 | AN52: =AG52-AK52 -> -10026.046 | AO52: =AL52-AJ52 -> -296.62056 | AR52: 17000 | AS52: =AR52-R52 -> 0 | BM52: =SUM(BN52:BV52) -> 1296.7848 | BN52: =BX52*CH52 -> 0 | BO52: =BY52*CI52 -> 0 | BP52: =BZ52*CJ52 -> 1296.7848 | BQ52: =CA52*CK52 -> 0 | BR52: =CB52*CL52 -> 0 | BS52: =CC52*CM52 -> 0 | BT52: =CD52*CN52 -> 0 | BU52: =CE52*CO52 -> 0 | BV52: =CF52*CP52 -> 0 | BX52: 0 | BY52: 0 | BZ52: 1296.7848 | CA52: 0 | CB52: 0 | CC52: 0 | CD52: 0 | CE52: 0 | CF52: 0 | CH52: 0 | CI52: 0 | CJ52: 1 | CK52: 0 | CL52: 0 | CM52: 0 | CN52: 0 | CO52: 0 | CP52: 0 | CR52: =K52-BM52 -> 0
A53: HDPE | B53: Nắp HD Ép | C53: =IF($F53<>"",COUNTA($F$8:F53),"") -> 37 | F53: 160012612 | G53: Phó Sản HD Ép Olefin PET 1 ST | H53: Rửa | J53: 21200 | K53: 1296.7848 | L53: =SUM(J53:K53) -> 22496.785 | N53: 21.665 | O53: 386.19822 | P53: =IFERROR(O53/N53,0)*10^3 -> 17825.904 | R53: 17000 | W53: =IFERROR(_xlfn.NUMBERVALUE(IF(V53=0,0,LEFT($V53,LEN($V53)-SEARCH("đ",$V53)-4))),$V53) | X53: =IFERROR(IF(V53=0,0,_xlfn.NUMBERVALUE(MID($V53,SEARCH("- ",$V53)+2,LEN($V53)-SEARCH("- ",$V53)-2))),$V53) | AB53: =IF(MAX(W53:AA53)=0,"Không có",MAX(W53:AA53)) -> Không có | AC53: Anh Cảnh | AD53: Bằng giá với phó sản olefin B2: 10.500 | AG53: 8000 | AI53: 38.765 | AJ53: 676.89822 | AK53: =IFERROR(AJ53/AI53,0)*10^3 -> 17461.582 | AL53: =AG53*AI53/10^3 -> 310.12 | AN53: =AG53-AK53 -> -9461.5818 | AO53: =AL53-AJ53 -> -366.77822 | AR53: 17000 | AS53: =AR53-R53 -> 0 | BM53: =SUM(BN53:BV53) -> 1296.7848 | BN53: =BX53*CH53 -> 0 | BO53: =BY53*CI53 -> 0 | BP53: =BZ53*CJ53 -> 1296.7848 | BQ53: =CA53*CK53 -> 0 | BR53: =CB53*CL53 -> 0 | BS53: =CC53*CM53 -> 0 | BT53: =CD53*CN53 -> 0 | BU53: =CE53*CO53 -> 0 | BV53: =CF53*CP53 -> 0 | BX53: 0 | BY53: 0 | BZ53: 1296.7848 | CA53: 0 | CB53: 0 | CC53: 0 | CD53: 0 | CE53: 0 | CF53: 0 | CH53: 0 | CI53: 0 | CJ53: 1 | CK53: 0 | CL53: 0 | CM53: 0 | CN53: 0 | CO53: 0 | CP53: 0 | CR53: =K53-BM53 -> 0
A54: HDPE | B54: Nắp HD Ép | C54: =IF($F54<>"",COUNTA($F$8:F54),"") -> 38 | F54: 160012609 | G54: Phó Sản HD Ép Hỗn Hợp Nắp 1 | H54: Tách màu | J54: 21200 | K54: 1760.3693 | L54: =SUM(J54:K54) -> 22960.369 | N54: 11.55 | O54: 196.80407 | P54: =IFERROR(O54/N54,0)*10^3 -> 17039.314 | R54: 17000 | W54: =IFERROR(_xlfn.NUMBERVALUE(IF(V54=0,0,LEFT($V54,LEN($V54)-SEARCH("đ",$V54)-4))),$V54) | X54: =IFERROR(IF(V54=0,0,_xlfn.NUMBERVALUE(MID($V54,SEARCH("- ",$V54)+2,LEN($V54)-SEARCH("- ",$V54)-2))),$V54) | AB54: =IF(MAX(W54:AA54)=0,"Không có",MAX(W54:AA54)) -> Không có | AC54: Anh Cảnh | AD54: Bằng giá hỗn hợp cuối olefin: 4.000 | AG54: 4000 | AI54: 25.761 | AJ54: 438.33608 | AK54: =IFERROR(AJ54/AI54,0)*10^3 -> 17015.491 | AL54: =AG54*AI54/10^3 -> 103.044 | AN54: =AG54-AK54 -> -13015.491 | AO54: =AL54-AJ54 -> -335.29208 | AR54: 17000 | AS54: =AR54-R54 -> 0 | BM54: =SUM(BN54:BV54) -> 1760.3693 | BN54: =BX54*CH54 -> 0 | BO54: =BY54*CI54 -> 0 | BP54: =BZ54*CJ54 -> 0 | BQ54: =CA54*CK54 -> 0 | BR54: =CB54*CL54 -> 0 | BS54: =CC54*CM54 -> 0 | BT54: =CD54*CN54 -> 1760.3693 | BU54: =CE54*CO54 -> 0 | BV54: =CF54*CP54 -> 0 | BX54: 0 | BY54: 0 | BZ54: 0 | CA54: 0 | CB54: 0 | CC54: 0 | CD54: 2514.8133 | CE54: 0 | CF54: 0 | CH54: 0 | CI54: 0 | CJ54: 0 | CK54: 0 | CL54: 0 | CM54: 0 | CN54: 0.7 | CO54: 0 | CP54: 0 | CR54: =K54-BM54 -> 0
A55: HDPE | B55: Nắp HD Ép | C55: =IF($F55<>"",COUNTA($F$8:F55),"") -> 39 | F55: 160012610 | G55: Phó Sản HD Ép Hỗn Hợp Nắp 2 | H55: Tách màu | J55: 21200 | K55: 1760.3693 | L55: =SUM(J55:K55) -> 22960.369 | N55: 5 | O55: 99.930072 | P55: =IFERROR(O55/N55,0)*10^3 -> 19986.014 | R55: 17000 | W55: =IFERROR(_xlfn.NUMBERVALUE(IF(V55=0,0,LEFT($V55,LEN($V55)-SEARCH("đ",$V55)-4))),$V55) | X55: =IFERROR(IF(V55=0,0,_xlfn.NUMBERVALUE(MID($V55,SEARCH("- ",$V55)+2,LEN($V55)-SEARCH("- ",$V55)-2))),$V55) | AB55: =IF(MAX(W55:AA55)=0,"Không có",MAX(W55:AA55)) -> Không có | AC55: Anh Cảnh | AD55: Bằng giá hỗn hợp cuối olefin: 4.000 | AG55: 4000 | AI55: 6.02 | AJ55: 115.14328 | AK55: =IFERROR(AJ55/AI55,0)*10^3 -> 19126.791 | AL55: =AG55*AI55/10^3 -> 24.08 | AN55: =AG55-AK55 -> -15126.791 | AO55: =AL55-AJ55 -> -91.063281 | AR55: 17000 | AS55: =AR55-R55 -> 0 | BM55: =SUM(BN55:BV55) -> 1760.3693 | BN55: =BX55*CH55 -> 0 | BO55: =BY55*CI55 -> 0 | BP55: =BZ55*CJ55 -> 0 | BQ55: =CA55*CK55 -> 0 | BR55: =CB55*CL55 -> 0 | BS55: =CC55*CM55 -> 0 | BT55: =CD55*CN55 -> 1760.3693 | BU55: =CE55*CO55 -> 0 | BV55: =CF55*CP55 -> 0 | BX55: 0 | BY55: 0 | BZ55: 0 | CA55: 0 | CB55: 0 | CC55: 0 | CD55: 2514.8133 | CE55: 0 | CF55: 0 | CH55: 0 | CI55: 0 | CJ55: 0 | CK55: 0 | CL55: 0 | CM55: 0 | CN55: 0.7 | CO55: 0 | CP55: 0 | CR55: =K55-BM55 -> 0
C56: =IF($F56<>"",COUNTA($F$8:F56),"") | E56: B.3 Khác | N56: =SUM(N57:N75) -> 385.5895 | O56: =SUM(O57:O75) -> 2741.9635 | P56: =O56/N56*10^3 -> 7111.0948 | AI56: =SUM(AI57:AI75) -> 398.1705 | AJ56: =SUM(AJ57:AJ75) -> 2952.5022 | AK56: =AJ56/AI56*10^3 -> 7415.1705 | AL56: =SUM(AL57:AL75) -> 1943.755 | AO56: =SUM(AO57:AO75) -> -1008.7472
A57: HDPE | B57: HD Thổi trong | C57: =IF($F57<>"",COUNTA($F$8:F57),"") -> 40 | F57: 160012723 | G57: Phó Sản HD Thổi Trong ST | H57: Tách màu | J57: 21200 | K57: 2514.8133 | L57: =SUM(J57:K57) -> 23714.813 | N57: 61.6 | O57: 492.8 | P57: =IFERROR(O57/N57,0)*10^3 -> 8000 | R57: 8000 | W57: =IFERROR(_xlfn.NUMBERVALUE(IF(V57=0,0,LEFT($V57,LEN($V57)-SEARCH("đ",$V57)-4))),$V57) | X57: =IFERROR(IF(V57=0,0,_xlfn.NUMBERVALUE(MID($V57,SEARCH("- ",$V57)+2,LEN($V57)-SEARCH("- ",$V57)-2))),$V57) | AB57: =IF(MAX(W57:AA57)=0,"Không có",MAX(W57:AA57)) -> Không có | AC57: Anh Cảnh | AD57: Đã tham khảo giá thị trường 7.000 | AG57: 7000 | AI57: 61.2 | AJ57: 489.6 | AK57: =IFERROR(AJ57/AI57,0)*10^3 -> 8000 | AL57: =AG57*AI57/10^3 -> 428.4 | AN57: =AG57-AK57 -> -1000 | AO57: =AL57-AJ57 -> -61.2 | AR57: 8000 | AS57: =AR57-R57 -> 0 | BM57: =SUM(BN57:BV57) -> 2514.8133 | BN57: =BX57*CH57 -> 0 | BO57: =BY57*CI57 -> 0 | BP57: =BZ57*CJ57 -> 0 | BQ57: =CA57*CK57 -> 0 | BR57: =CB57*CL57 -> 0 | BS57: =CC57*CM57 -> 0 | BT57: =CD57*CN57 -> 2514.8133 | BU57: =CE57*CO57 -> 0 | BV57: =CF57*CP57 -> 0 | BX57: 0 | BY57: 0 | BZ57: 0 | CA57: 0 | CB57: 0 | CC57: 0 | CD57: 2514.8133 | CE57: 0 | CF57: 0 | CH57: 0 | CI57: 0 | CJ57: 0 | CK57: 0 | CL57: 0 | CM57: 0 | CN57: 1 | CO57: 0 | CP57: 0 | CR57: =K57-BM57 -> 0
A58: HDPE | B58: Bụi | C58: =IF($F58<>"",COUNTA($F$8:F58),"") -> 41 | F58: 160012361 | G58: Phó sản bụi HD thổi | H58: Rửa | J58: 21200 | K58: 648.39241 | L58: =SUM(J58:K58) -> 21848.392 | N58: 38.099 | O58: 388.6495 | P58: =IFERROR(O58/N58,0)*10^3 -> 10201.042 | R58: 10500 | V58: 1,500đ - 1,800đ | W58: =IFERROR(_xlfn.NUMBERVALUE(IF(V58=0,0,LEFT($V58,LEN($V58)-SEARCH("đ",$V58)-4))),$V58) -> 1500 | X58: =IFERROR(IF(V58=0,0,_xlfn.NUMBERVALUE(MID($V58,SEARCH("- ",$V58)+2,LEN($V58)-SEARCH("- ",$V58)-2))),$V58) -> 1800 | Y58: 3000 | Z58: 2000 | AA58: 5000 | AB58: =IF(MAX(W58:AA58)=0,"Không có",MAX(W58:AA58)) -> 5000 | AG58: 5000 | AI58: 43.785 | AJ58: 448.3525 | AK58: =IFERROR(AJ58/AI58,0)*10^3 -> 10239.865 | AL58: =AG58*AI58/10^3 -> 218.925 | AN58: =AG58-AK58 -> -5239.8653 | AO58: =AL58-AJ58 -> -229.4275 | AR58: 10500 | AS58: =AR58-R58 -> 0 | BM58: =SUM(BN58:BV58) -> 648.39241 | BN58: =BX58*CH58 -> 0 | BO58: =BY58*CI58 -> 0 | BP58: =BZ58*CJ58 -> 648.39241 | BQ58: =CA58*CK58 -> 0 | BR58: =CB58*CL58 -> 0 | BS58: =CC58*CM58 -> 0 | BT58: =CD58*CN58 -> 0 | BU58: =CE58*CO58 -> 0 | BV58: =CF58*CP58 -> 0 | BX58: 0 | BY58: 0 | BZ58: 1296.7848 | CA58: 0 | CB58: 0 | CC58: 0 | CD58: 0 | CE58: 0 | CF58: 0 | CH58: 0 | CI58: 0 | CJ58: 0.5 | CK58: 0 | CL58: 0 | CM58: 0 | CN58: 0 | CO58: 0 | CP58: 0 | CR58: =K58-BM58 -> 0
A59: HDPE | B59: Phó sản Meyer | C59: =IF($F59<>"",COUNTA($F$8:F59),"") -> 42 | F59: 160012345 | G59: Phó sản máy Meyer | H59: Băm + Rửa + Tách màu | J59: 21200 | K59: 2093.1507 | L59: =SUM(J59:K59) -> 23293.151 | N59: 20.881 | O59: 346.34407 | P59: =IFERROR(O59/N59,0)*10^3 -> 16586.565 | R59: 17014 | T59: 8000 | V59: 0 | W59: =IFERROR(_xlfn.NUMBERVALUE(IF(V59=0,0,LEFT($V59,LEN($V59)-SEARCH("đ",$V59)-4))),$V59) -> 0 | X59: =IFERROR(IF(V59=0,0,_xlfn.NUMBERVALUE(MID($V59,SEARCH("- ",$V59)+2,LEN($V59)-SEARCH("- ",$V59)-2))),$V59) -> 0 | Y59: 8000 | Z59: 0 | AA59: 0 | AB59: =IF(MAX(W59:AA59)=0,"Không có",MAX(W59:AA59)) -> 8000 | AG59: 8000 | AI59: 31.712 | AJ59: 531.57304 | AK59: =IFERROR(AJ59/AI59,0)*10^3 -> 16762.52 | AL59: =AG59*AI59/10^3 -> 253.696 | AN59: =AG59-AK59 -> -8762.5202 | AO59: =AL59-AJ59 -> -277.87704 | AR59: 17014 | AS59: =AR59-R59 -> 0 | BM59: =SUM(BN59:BV59) -> 2093.1507 | BN59: =BX59*CH59 -> 0 | BO59: =BY59*CI59 -> 0 | BP59: =BZ59*CJ59 -> 0 | BQ59: =CA59*CK59 -> 0 | BR59: =CB59*CL59 -> 2093.1507 | BS59: =CC59*CM59 -> 0 | BT59: =CD59*CN59 -> 0 | BU59: =CE59*CO59 -> 0 | BV59: =CF59*CP59 -> 0 | BX59: 0 | BY59: 0 | BZ59: 0 | CA59: 0 | CB59: 2616.4383 | CC59: 0 | CD59: 0 | CE59: 0 | CF59: 0 | CH59: 0 | CI59: 0 | CJ59: 0 | CK59: 0 | CL59: 0.8 | CM59: 0 | CN59: 0 | CO59: 0 | CP59: 0 | CR59: =K59-BM59 -> 0
A60: HDPE | B60: Đầu keo | C60: =IF($F60<>"",COUNTA($F$8:F60),"") -> 43 | F60: 160012344 | G60: Đầu keo HD thổi trong | H60: Tạo hạt | J60: 21200 | K60: 6736.1766 | L60: =SUM(J60:K60) -> 27936.177 | N60: 11.4965 | O60: 239.29799 | P60: =IFERROR(O60/N60,0)*10^3 -> 20814.855 | R60: 22050 | V60: 0 | W60: =IFERROR(_xlfn.NUMBERVALUE(IF(V60=0,0,LEFT($V60,LEN($V60)-SEARCH("đ",$V60)-4))),$V60) -> 0 | X60: =IFERROR(IF(V60=0,0,_xlfn.NUMBERVALUE(MID($V60,SEARCH("- ",$V60)+2,LEN($V60)-SEARCH("- ",$V60)-2))),$V60) -> 0 | Y60: 8000 | Z60: 8000 | AA60: 8000 | AB60: =IF(MAX(W60:AA60)=0,"Không có",MAX(W60:AA60)) -> 8000 | AG60: 8000 | AI60: 17.4725 | AJ60: 371.06879 | AK60: =IFERROR(AJ60/AI60,0)*10^3 -> 21237.304 | AL60: =AG60*AI60/10^3 -> 139.78 | AN60: =AG60-AK60 -> -13237.304 | AO60: =AL60-AJ60 -> -231.28879 | AR60: 22050 | AS60: =AR60-R60 -> 0 | BM60: =SUM(BN60:BV60) -> 6736.1766 | BN60: =BX60*CH60 -> 0 | BO60: =BY60*CI60 -> 0 | BP60: =BZ60*CJ60 -> 0 | BQ60: =CA60*CK60 -> 0 | BR60: =CB60*CL60 -> 2616.4383 | BS60: =CC60*CM60 -> 0 | BT60: =CD60*CN60 -> 0 | BU60: =CE60*CO60 -> 4119.7383 | BV60: =CF60*CP60 -> 0 | BX60: 0 | BY60: 0 | BZ60: 0 | CA60: 0 | CB60: 2616.4383 | CC60: 0 | CD60: 0 | CE60: 4119.7383 | CF60: 0 | CH60: 0 | CI60: 0 | CJ60: 0 | CK60: 0 | CL60: 1 | CM60: 0 | CN60: 0 | CO60: 1 | CP60: 0 | CR60: =K60-BM60 -> 0
A61: HDPE | B61: Đầu keo | C61: =IF($F61<>"",COUNTA($F$8:F61),"") -> 44 | F61: 160012352 | G61: Đầu keo HD ép màu | H61: Tạo hạt | J61: 21200 | K61: 6736.1766 | L61: =SUM(J61:K61) -> 27936.177 | N61: 12.2505 | O61: 234.40658 | P61: =IFERROR(O61/N61,0)*10^3 -> 19134.45 | R61: 18000 | V61: 0 | W61: =IFERROR(_xlfn.NUMBERVALUE(IF(V61=0,0,LEFT($V61,LEN($V61)-SEARCH("đ",$V61)-4))),$V61) -> 0 | X61: =IFERROR(IF(V61=0,0,_xlfn.NUMBERVALUE(MID($V61,SEARCH("- ",$V61)+2,LEN($V61)-SEARCH("- ",$V61)-2))),$V61) -> 0 | Y61: 8000 | Z61: 8000 | AA61: 8000 | AB61: =IF(MAX(W61:AA61)=0,"Không có",MAX(W61:AA61)) -> 8000 | AG61: 8000 | AI61: 12.3495 | AJ61: 236.18857 | AK61: =IFERROR(AJ61/AI61,0)*10^3 -> 19125.355 | AL61: =AG61*AI61/10^3 -> 98.796 | AN61: =AG61-AK61 -> -11125.355 | AO61: =AL61-AJ61 -> -137.39257 | AR61: 18000 | AS61: =AR61-R61 -> 0 | BM61: =SUM(BN61:BV61) -> 6736.1766 | BN61: =BX61*CH61 -> 0 | BO61: =BY61*CI61 -> 0 | BP61: =BZ61*CJ61 -> 0 | BQ61: =CA61*CK61 -> 0 | BR61: =CB61*CL61 -> 2616.4383 | BS61: =CC61*CM61 -> 0 | BT61: =CD61*CN61 -> 0 | BU61: =CE61*CO61 -> 4119.7383 | BV61: =CF61*CP61 -> 0 | BX61: 0 | BY61: 0 | BZ61: 0 | CA61: 0 | CB61: 2616.4383 | CC61: 0 | CD61: 0 | CE61: 4119.7383 | CF61: 0 | CH61: 0 | CI61: 0 | CJ61: 0 | CK61: 0 | CL61: 1 | CM61: 0 | CN61: 0 | CO61: 1 | CP61: 0 | CR61: =K61-BM61 -> 0
A62: HDPE | B62: Zigzag HD thổi | C62: =IF($F62<>"",COUNTA($F$8:F62),"") -> 45 | F62: 160012435 | G62: Phó Sản HD Thổi Trắng Sữa Zigzag | H62: Rửa | J62: 21200 | K62: 907.74938 | L62: =SUM(J62:K62) -> 22107.749 | N62: 22.558 | O62: 206.86336 | P62: =IFERROR(O62/N62,0)*10^3 -> 9170.288 | R62: 10500 | V62: 0 | W62: =IFERROR(_xlfn.NUMBERVALUE(IF(V62=0,0,LEFT($V62,LEN($V62)-SEARCH("đ",$V62)-4))),$V62) -> 0 | X62: =IFERROR(IF(V62=0,0,_xlfn.NUMBERVALUE(MID($V62,SEARCH("- ",$V62)+2,LEN($V62)-SEARCH("- ",$V62)-2))),$V62) -> 0 | Y62: 15000 | Z62: 0 | AA62: 0 | AB62: =IF(MAX(W62:AA62)=0,"Không có",MAX(W62:AA62)) -> 15000 | AG62: 11000 | AI62: 7.957 | AJ62: 72.967982 | AK62: =IFERROR(AJ62/AI62,0)*10^3 -> 9170.288 | AL62: =AG62*AI62/10^3 -> 87.527 | AN62: =AG62-AK62 -> 1829.712 | AO62: =AL62-AJ62 -> 14.559018 | AR62: 10500 | AS62: =AR62-R62 -> 0 | BM62: =SUM(BN62:BV62) -> 907.74938 | BN62: =BX62*CH62 -> 0 | BO62: =BY62*CI62 -> 0 | BP62: =BZ62*CJ62 -> 907.74938 | BQ62: =CA62*CK62 -> 0 | BR62: =CB62*CL62 -> 0 | BS62: =CC62*CM62 -> 0 | BT62: =CD62*CN62 -> 0 | BU62: =CE62*CO62 -> 0 | BV62: =CF62*CP62 -> 0 | BX62: 0 | BY62: 0 | BZ62: 1296.7848 | CA62: 0 | CB62: 0 | CC62: 0 | CD62: 0 | CE62: 0 | CF62: 0 | CH62: 0 | CI62: 0 | CJ62: 0.7 | CK62: 0 | CL62: 0 | CM62: 0 | CN62: 0 | CO62: 0 | CP62: 0 | CR62: =K62-BM62 -> 0
A63: HDPE | B63: Hạt lẫn màu, kim loại | C63: =IF($F63<>"",COUNTA($F$8:F63),"") -> 46 | F63: 160012348 | G63: Phó sản hạt HD thổi màu | H63: Tạo hạt | J63: 21200 | K63: 6212.8889 | L63: =SUM(J63:K63) -> 27412.889 | N63: 18.7545 | O63: 174.47333 | P63: =IFERROR(O63/N63,0)*10^3 -> 9303.0117 | R63: 20000 | T63: 8000 | V63: 21,200đ - 21,500đ | W63: =IFERROR(_xlfn.NUMBERVALUE(IF(V63=0,0,LEFT($V63,LEN($V63)-SEARCH("đ",$V63)-4))),$V63) -> 21200 | X63: =IFERROR(IF(V63=0,0,_xlfn.NUMBERVALUE(MID($V63,SEARCH("- ",$V63)+2,LEN($V63)-SEARCH("- ",$V63)-2))),$V63) -> 21500 | Y63: 14000 | Z63: 0 | AA63: 0 | AB63: =IF(MAX(W63:AA63)=0,"Không có",MAX(W63:AA63)) -> 21500 | AG63: 8000 | AI63: 16.3555 | AJ63: 166.31091 | AK63: =IFERROR(AJ63/AI63,0)*10^3 -> 10168.5 | AL63: =AG63*AI63/10^3 -> 130.844 | AN63: =AG63-AK63 -> -2168.5003 | AO63: =AL63-AJ63 -> -35.466907 | AR63: 20000 | AS63: =AR63-R63 -> 0 | BM63: =SUM(BN63:BV63) -> 6212.8889 | BN63: =BX63*CH63 -> 0 | BO63: =BY63*CI63 -> 0 | BP63: =BZ63*CJ63 -> 0 | BQ63: =CA63*CK63 -> 0 | BR63: =CB63*CL63 -> 2093.1507 | BS63: =CC63*CM63 -> 0 | BT63: =CD63*CN63 -> 0 | BU63: =CE63*CO63 -> 4119.7383 | BV63: =CF63*CP63 -> 0 | BX63: 0 | BY63: 0 | BZ63: 0 | CA63: 0 | CB63: 2616.4383 | CC63: 0 | CD63: 0 | CE63: 4119.7383 | CF63: 0 | CH63: 0 | CI63: 0 | CJ63: 0 | CK63: 0 | CL63: 0.8 | CM63: 0 | CN63: 0 | CO63: 1 | CP63: 0 | CR63: =K63-BM63 -> 0
A64: HDPE | B64: Zigzag HD thổi | C64: =IF($F64<>"",COUNTA($F$8:F64),"") -> 47 | F64: 160012274 | G64: Vảy HDPE Zigzag | H64: Rửa + Tách màu | J64: 21200 | K64: 2593.5697 | L64: =SUM(J64:K64) -> 23793.57 | N64: 140.517 | O64: 140.517 | P64: =IFERROR(O64/N64,0)*10^3 -> 1000 | R64: 1000 | W64: =IFERROR(_xlfn.NUMBERVALUE(IF(V64=0,0,LEFT($V64,LEN($V64)-SEARCH("đ",$V64)-4))),$V64) | X64: =IFERROR(IF(V64=0,0,_xlfn.NUMBERVALUE(MID($V64,SEARCH("- ",$V64)+2,LEN($V64)-SEARCH("- ",$V64)-2))),$V64) | AB64: =IF(MAX(W64:AA64)=0,"Không có",MAX(W64:AA64)) -> Không có | AC64: Anh Cảnh | AD64: Chung mã HD ép và HD thổi nên chưa xác định được | AG64: 1000 | AI64: 151.327 | AJ64: 151.327 | AK64: =IFERROR(AJ64/AI64,0)*10^3 -> 1000 | AL64: =AG64*AI64/10^3 -> 151.327 | AN64: =AG64-AK64 -> 0 | AO64: =AL64-AJ64 -> 0 | AR64: 1000 | AS64: =AR64-R64 -> 0 | BM64: =SUM(BN64:BV64) -> 2593.5697 | BN64: =BX64*CH64 -> 0 | BO64: =BY64*CI64 -> 0 | BP64: =BZ64*CJ64 -> 0 | BQ64: =CA64*CK64 -> 0 | BR64: =CB64*CL64 -> 0 | BS64: =CC64*CM64 -> 2593.5697 | BT64: =CD64*CN64 -> 0 | BU64: =CE64*CO64 -> 0 | BV64: =CF64*CP64 -> 0 | BX64: 0 | BY64: 0 | BZ64: 0 | CA64: 0 | CB64: 0 | CC64: 2593.5697 | CD64: 0 | CE64: 0 | CF64: 0 | CH64: 0 | CI64: 0 | CJ64: 0 | CK64: 0 | CL64: 0 | CM64: 1 | CN64: 0 | CO64: 0 | CP64: 0 | CR64: =K64-BM64 -> 0
A65: HDPE | B65: Vảy to | C65: =IF($F65<>"",COUNTA($F$8:F65),"") -> 48 | F65: 160012272 | G65: Phó sản vảy HDPE trong to | H65: Rửa | J65: 21200 | K65: 129.67848 | L65: =SUM(J65:K65) -> 21329.678 | N65: 8.65 | O65: 122.88014 | P65: =IFERROR(O65/N65,0)*10^3 -> 14205.797 | R65: 23389 | T65: 9000 | V65: 17,500đ - 19,000đ | W65: =IFERROR(_xlfn.NUMBERVALUE(IF(V65=0,0,LEFT($V65,LEN($V65)-SEARCH("đ",$V65)-4))),$V65) -> 17500 | X65: =IFERROR(IF(V65=0,0,_xlfn.NUMBERVALUE(MID($V65,SEARCH("- ",$V65)+2,LEN($V65)-SEARCH("- ",$V65)-2))),$V65) -> 19000 | Y65: 15500 | AA65: 0 | AB65: =IF(MAX(W65:AA65)=0,"Không có",MAX(W65:AA65)) -> 19000 | AG65: 19000 | AI65: 6.219 | AJ65: 88.345851 | AK65: =IFERROR(AJ65/AI65,0)*10^3 -> 14205.797 | AL65: =AG65*AI65/10^3 -> 118.161 | AN65: =AG65-AK65 -> 4794.2031 | AO65: =AL65-AJ65 -> 29.815149 | AR65: 23389 | AS65: =AR65-R65 -> 0 | BM65: =SUM(BN65:BV65) -> 129.67848 | BN65: =BX65*CH65 -> 0 | BO65: =BY65*CI65 -> 0 | BP65: =BZ65*CJ65 -> 129.67848 | BQ65: =CA65*CK65 -> 0 | BR65: =CB65*CL65 -> 0 | BS65: =CC65*CM65 -> 0 | BT65: =CD65*CN65 -> 0 | BU65: =CE65*CO65 -> 0 | BV65: =CF65*CP65 -> 0 | BX65: 0 | BY65: 0 | BZ65: 1296.7848 | CA65: 0 | CB65: 0 | CC65: 0 | CD65: 0 | CE65: 0 | CF65: 0 | CH65: 0 | CI65: 0 | CJ65: 0.1 | CK65: 0 | CL65: 0 | CM65: 0 | CN65: 0 | CO65: 0 | CP65: 0 | CR65: =K65-BM65 -> 0
A66: HDPE | B66: Bụi | C66: =IF($F66<>"",COUNTA($F$8:F66),"") -> 49 | F66: 160012360 | G66: Phó sản bụi HD ép nổi | H66: Băm + Rửa + Tách màu | J66: 21200 | K66: 1308.2192 | L66: =SUM(J66:K66) -> 22508.219 | N66: 11.697 | O66: 122.8185 | P66: =IFERROR(O66/N66,0)*10^3 -> 10500 | R66: 10500 | V66: 1,500đ - 1,800đ | W66: =IFERROR(_xlfn.NUMBERVALUE(IF(V66=0,0,LEFT($V66,LEN($V66)-SEARCH("đ",$V66)-4))),$V66) -> 1500 | X66: =IFERROR(IF(V66=0,0,_xlfn.NUMBERVALUE(MID($V66,SEARCH("- ",$V66)+2,LEN($V66)-SEARCH("- ",$V66)-2))),$V66) -> 1800 | Y66: 3000 | Z66: 2000 | AA66: 5000 | AB66: =IF(MAX(W66:AA66)=0,"Không có",MAX(W66:AA66)) -> 5000 | AG66: 5000 | AI66: 13.849 | AJ66: 145.4145 | AK66: =IFERROR(AJ66/AI66,0)*10^3 -> 10500 | AL66: =AG66*AI66/10^3 -> 69.245 | AN66: =AG66-AK66 -> -5500 | AO66: =AL66-AJ66 -> -76.1695 | AR66: 10500 | AS66: =AR66-R66 -> 0 | BM66: =SUM(BN66:BV66) -> 1308.2192 | BN66: =BX66*CH66 -> 0 | BO66: =BY66*CI66 -> 0 | BP66: =BZ66*CJ66 -> 0 | BQ66: =CA66*CK66 -> 0 | BR66: =CB66*CL66 -> 1308.2192 | BS66: =CC66*CM66 -> 0 | BT66: =CD66*CN66 -> 0 | BU66: =CE66*CO66 -> 0 | BV66: =CF66*CP66 -> 0 | BX66: 0 | BY66: 0 | BZ66: 0 | CA66: 0 | CB66: 2616.4383 | CC66: 0 | CD66: 0 | CE66: 0 | CF66: 0 | CH66: 0 | CI66: 0 | CJ66: 0 | CK66: 0 | CL66: 0.5 | CM66: 0 | CN66: 0 | CO66: 0 | CP66: 0 | CR66: =K66-BM66 -> 0
A67: HDPE | B67: Đầu keo | C67: =IF($F67<>"",COUNTA($F$8:F67),"") -> 50 | F67: 160012351 | G67: Đầu keo HD thổi màu | H67: Tạo hạt | J67: 21200 | K67: 6736.1766 | L67: =SUM(J67:K67) -> 27936.177 | N67: 5.216 | O67: 104.32 | P67: =IFERROR(O67/N67,0)*10^3 -> 20000 | R67: 20000 | T67: 8000 | V67: 0 | W67: =IFERROR(_xlfn.NUMBERVALUE(IF(V67=0,0,LEFT($V67,LEN($V67)-SEARCH("đ",$V67)-4))),$V67) -> 0 | X67: =IFERROR(IF(V67=0,0,_xlfn.NUMBERVALUE(MID($V67,SEARCH("- ",$V67)+2,LEN($V67)-SEARCH("- ",$V67)-2))),$V67) -> 0 | Y67: 8000 | Z67: 8000 | AA67: 8000 | AB67: =IF(MAX(W67:AA67)=0,"Không có",MAX(W67:AA67)) -> 8000 | AG67: 8000 | AI67: 6.202 | AJ67: 124.04 | AK67: =IFERROR(AJ67/AI67,0)*10^3 -> 20000 | AL67: =AG67*AI67/10^3 -> 49.616 | AN67: =AG67-AK67 -> -12000 | AO67: =AL67-AJ67 -> -74.424 | AR67: 20000 | AS67: =AR67-R67 -> 0 | BM67: =SUM(BN67:BV67) -> 6736.1766 | BN67: =BX67*CH67 -> 0 | BO67: =BY67*CI67 -> 0 | BP67: =BZ67*CJ67 -> 0 | BQ67: =CA67*CK67 -> 0 | BR67: =CB67*CL67 -> 2616.4383 | BS67: =CC67*CM67 -> 0 | BT67: =CD67*CN67 -> 0 | BU67: =CE67*CO67 -> 4119.7383 | BV67: =CF67*CP67 -> 0 | BX67: 0 | BY67: 0 | BZ67: 0 | CA67: 0 | CB67: 2616.4383 | CC67: 0 | CD67: 0 | CE67: 4119.7383 | CF67: 0 | CH67: 0 | CI67: 0 | CJ67: 0 | CK67: 0 | CL67: 1 | CM67: 0 | CN67: 0 | CO67: 1 | CP67: 0 | CR67: =K67-BM67 -> 0
