Workbook

Sheet SO SÁNH
B1: GROUP TÁI CHẾ
B2: VND
A3: Index PL | B3: PHẦN II-KẾT QUẢ HOẠT ĐỘNG KINH DOANH | D3: 3 TRẠM | U3: HỢP NHẤT
D4: Version Mới | E4: Đồng Lâm | F4: Khánh Nga | G4: Đại Lộc | H4: Version Cũ | I4: Đồng Lâm | J4: Khánh Nga | K4: Đại Lộc | L4: +/- | M4: +/- Đồng Lâm | N4: +/- Khánh Nga | O4: +/- Đại Lộc | P4: %+/- | Q4: %+/- Đồng Lâm | R4: %+/- Khánh Nga | S4: %+/- Đại Lộc | U4: Version Mới | V4: Version Cũ | W4: +/- | X4: %+/-
A5: 1 | B5: Sản lượng (tấn) | D5: =SUM(D6:D8) -> 30121.928 | E5: =SUM(E6:E8) -> 11305.142 | F5: =SUM(F6:F8) -> 7116 | G5: =SUM(G6:G8) -> 11700.786 | H5: =SUM(H6:H8) -> 29233.917 | I5: =SUM(I6:I8) -> 11696.882 | J5: =SUM(J6:J8) -> 7116 | K5: =SUM(K6:K8) -> 10421.035 | L5: =D5-H5 -> 888.01073 | M5: =E5-I5 -> -391.74027 | N5: =F5-J5 -> 0 | O5: =G5-K5 -> 1279.751 | P5: =IFERROR(L5/H5,0) -> 0.030376043 | Q5: =IFERROR(M5/I5,0) -> -0.033490999 | R5: =IFERROR(N5/J5,0) -> 0 | S5: =IFERROR(O5/K5,0) -> 0.1228046 | U5: =SUM(U6:U8) -> 55000 | V5: =SUM(V6:V8) -> 55000 | W5: =U5-V5 -> 0 | X5: =IFERROR(W5/V5,0) -> 0
A6: SL-BN | B6: Bán ngoài | D6: =SUM(E6:G6) -> 0 | E6: ='Consol PL-DTRG'!CG6 -> 0 | F6: ='Consol PL-DTRG'!CU6 -> 0 | G6: ='Consol PL-DTRG'!DI6 -> 0 | H6: =SUM(I6:K6) -> 0 | I6: ='Consol PL-DTRG-Cũ'!CG6 -> 0 | J6: ='Consol PL-DTRG-Cũ'!CU6 -> 0 | K6: ='Consol PL-DTRG-Cũ'!DI6 -> 0 | L6: =D6-H6 -> 0 | M6: =E6-I6 -> 0 | N6: =F6-J6 -> 0 | O6: =G6-K6 -> 0 | P6: =IFERROR(L6/H6,0) -> 0 | Q6: =IFERROR(M6/I6,0) -> 0 | R6: =IFERROR(N6/J6,0) -> 0 | S6: =IFERROR(O6/K6,0) -> 0 | U6: ='Consol PL-DTRG'!O6 -> 55000 | V6: ='Consol PL-DTRG-Cũ'!O6 -> 55000 | W6: =U6-V6 -> 0 | X6: =IFERROR(W6/V6,0) -> 0
A7: SL-MC | B7: Mẹ-Con | D7: =SUM(E7:G7) -> 30121.928 | E7: ='Consol PL-DTRG'!CG7 -> 11305.142 | F7: ='Consol PL-DTRG'!CU7 -> 7116 | G7: ='Consol PL-DTRG'!DI7 -> 11700.786 | H7: =SUM(I7:K7) -> 29233.917 | I7: ='Consol PL-DTRG-Cũ'!CG7 -> 11696.882 | J7: ='Consol PL-DTRG-Cũ'!CU7 -> 7116 | K7: ='Consol PL-DTRG-Cũ'!DI7 -> 10421.035 | L7: =D7-H7 -> 888.01073 | M7: =E7-I7 -> -391.74027 | N7: =F7-J7 -> 0 | O7: =G7-K7 -> 1279.751 | P7: =IFERROR(L7/H7,0) -> 0.030376043 | Q7: =IFERROR(M7/I7,0) -> -0.033490999 | R7: =IFERROR(N7/J7,0) -> 0 | S7: =IFERROR(O7/K7,0) -> 0.1228046 | U7: ='Consol PL-DTRG'!O7 -> 0 | V7: ='Consol PL-DTRG-Cũ'!O7 -> 0 | W7: =U7-V7 -> 0 | X7: =IFERROR(W7/V7,0) -> 0
A8: SL-CC | B8: Con-Con | D8: =SUM(E8:G8) -> 0 | E8: ='Consol PL-DTRG'!CG8 -> 0 | F8: ='Consol PL-DTRG'!CU8 -> 0 | G8: ='Consol PL-DTRG'!DI8 -> 0 | H8: =SUM(I8:K8) -> 0 | I8: ='Consol PL-DTRG-Cũ'!CG8 -> 0 | J8: ='Consol PL-DTRG-Cũ'!CU8 -> 0 | K8: ='Consol PL-DTRG-Cũ'!DI8 -> 0 | L8: =D8-H8 -> 0 | M8: =E8-I8 -> 0 | N8: =F8-J8 -> 0 | O8: =G8-K8 -> 0 | P8: =IFERROR(L8/H8,0) -> 0 | Q8: =IFERROR(M8/I8,0) -> 0 | R8: =IFERROR(N8/J8,0) -> 0 | S8: =IFERROR(O8/K8,0) -> 0 | U8: ='Consol PL-DTRG'!O8 -> 0 | V8: ='Consol PL-DTRG-Cũ'!O8 -> 0 | W8: =U8-V8 -> 0 | X8: =IFERROR(W8/V8,0) -> 0
A9: 2 | B9: 1.Doanh thu bán hàng và cung cấp dịch vụ | D9: =SUM(D10:D12) -> 458198101250 | E9: =SUM(E10:E12) -> 177488853750 | F9: =SUM(F10:F12) -> 99594000000 | G9: =SUM(G10:G12) -> 181115247500 | H9: =SUM(H10:H12) -> 441436738250 | I9: =SUM(I10:I12) -> 182794810750 | J9: =SUM(J10:J12) -> 99594000000 | K9: =SUM(K10:K12) -> 159047927500 | L9: =D9-H9 -> 16761363000 | M9: =E9-I9 -> -5305957000 | N9: =F9-J9 -> 0 | O9: =G9-K9 -> 22067320000 | P9: =IFERROR(L9/H9,0) -> 0.037970023 | Q9: =IFERROR(M9/I9,0) -> -0.029026847 | R9: =IFERROR(N9/J9,0) -> 0 | S9: =IFERROR(O9/K9,0) -> 0.13874635 | U9: =SUM(U10:U12) -> 1.6787476e+12 | V9: =SUM(V10:V12) -> 1.6787476e+12 | W9: =U9-V9 -> 0 | X9: =IFERROR(W9/V9,0) -> 0
A10: 511-BN | B10: Bán ngoài | D10: =SUM(E10:G10) -> 0 | E10: ='Consol PL-DTRG'!CG10 -> 0 | F10: ='Consol PL-DTRG'!CU10 -> 0 | G10: ='Consol PL-DTRG'!DI10 -> 0 | H10: =SUM(I10:K10) -> 0 | I10: ='Consol PL-DTRG-Cũ'!CG10 -> 0 | J10: ='Consol PL-DTRG-Cũ'!CU10 -> 0 | K10: ='Consol PL-DTRG-Cũ'!DI10 -> 0 | L10: =D10-H10 -> 0 | M10: =E10-I10 -> 0 | N10: =F10-J10 -> 0 | O10: =G10-K10 -> 0 | P10: =IFERROR(L10/H10,0) -> 0 | Q10: =IFERROR(M10/I10,0) -> 0 | R10: =IFERROR(N10/J10,0) -> 0 | S10: =IFERROR(O10/K10,0) -> 0 | U10: ='Consol PL-DTRG'!O10 -> 1.6787476e+12 | V10: ='Consol PL-DTRG-Cũ'!O10 -> 1.6787476e+12 | W10: =U10-V10 -> 0 | X10: =IFERROR(W10/V10,0) -> 0
A11: 511-MC | B11: Mẹ-Con | D11: =SUM(E11:G11) -> 458198101250 | E11: ='Consol PL-DTRG'!CG11 -> 177488853750 | F11: ='Consol PL-DTRG'!CU11 -> 99594000000 | G11: ='Consol PL-DTRG'!DI11 -> 181115247500 | H11: =SUM(I11:K11) -> 441436738250 | I11: ='Consol PL-DTRG-Cũ'!CG11 -> 182794810750 | J11: ='Consol PL-DTRG-Cũ'!CU11 -> 99594000000 | K11: ='Consol PL-DTRG-Cũ'!DI11 -> 159047927500 | L11: =D11-H11 -> 16761363000 | M11: =E11-I11 -> -5305957000 | N11: =F11-J11 -> 0 | O11: =G11-K11 -> 22067320000 | P11: =IFERROR(L11/H11,0) -> 0.037970023 | Q11: =IFERROR(M11/I11,0) -> -0.029026847 | R11: =IFERROR(N11/J11,0) -> 0 | S11: =IFERROR(O11/K11,0) -> 0.13874635 | U11: ='Consol PL-DTRG'!O11 -> 0 | V11: ='Consol PL-DTRG-Cũ'!O11 -> 0 | W11: =U11-V11 -> 0 | X11: =IFERROR(W11/V11,0) -> 0
A12: 511-CC | B12: Con-Con | D12: =SUM(E12:G12) -> 0 | E12: ='Consol PL-DTRG'!CG12 -> 0 | F12: ='Consol PL-DTRG'!CU12 -> 0 | G12: ='Consol PL-DTRG'!DI12 -> 0 | H12: =SUM(I12:K12) -> 0 | I12: ='Consol PL-DTRG-Cũ'!CG12 -> 0 | J12: ='Consol PL-DTRG-Cũ'!CU12 -> 0 | K12: ='Consol PL-DTRG-Cũ'!DI12 -> 0 | L12: =D12-H12 -> 0 | M12: =E12-I12 -> 0 | N12: =F12-J12 -> 0 | O12: =G12-K12 -> 0 | P12: =IFERROR(L12/H12,0) -> 0 | Q12: =IFERROR(M12/I12,0) -> 0 | R12: =IFERROR(N12/J12,0) -> 0 | S12: =IFERROR(O12/K12,0) -> 0 | U12: ='Consol PL-DTRG'!O12 -> 0 | V12: ='Consol PL-DTRG-Cũ'!O12 -> 0 | W12: =U12-V12 -> 0 | X12: =IFERROR(W12/V12,0) -> 0
A13: 3 | B13: 2.Các khoản giảm trừ doanh thu | D13: =SUM(D14:D16) -> 0 | E13: =SUM(E14:E16) -> 0 | F13: =SUM(F14:F16) -> 0 | G13: =SUM(G14:G16) -> 0 | H13: =SUM(H14:H16) -> 0 | I13: =SUM(I14:I16) -> 0 | J13: =SUM(J14:J16) -> 0 | K13: =SUM(K14:K16) -> 0 | L13: =D13-H13 -> 0 | M13: =E13-I13 -> 0 | N13: =F13-J13 -> 0 | O13: =G13-K13 -> 0 | P13: =IFERROR(L13/H13,0) -> 0 | Q13: =IFERROR(M13/I13,0) -> 0 | R13: =IFERROR(N13/J13,0) -> 0 | S13: =IFERROR(O13/K13,0) -> 0 | U13: =SUM(U14:U16) -> 0 | V13: =SUM(V14:V16) -> 0 | W13: =U13-V13 -> 0 | X13: =IFERROR(W13/V13,0) -> 0
A14: 521-BN | B14: Bán ngoài | D14: =SUM(E14:G14) -> 0 | E14: ='Consol PL-DTRG'!CG14 -> 0 | F14: ='Consol PL-DTRG'!CU14 -> 0 | G14: ='Consol PL-DTRG'!DI14 -> 0 | H14: =SUM(I14:K14) -> 0 | I14: ='Consol PL-DTRG-Cũ'!CG14 -> 0 | J14: ='Consol PL-DTRG-Cũ'!CU14 -> 0 | K14: ='Consol PL-DTRG-Cũ'!DI14 -> 0 | L14: =D14-H14 -> 0 | M14: =E14-I14 -> 0 | N14: =F14-J14 -> 0 | O14: =G14-K14 -> 0 | P14: =IFERROR(L14/H14,0) -> 0 | Q14: =IFERROR(M14/I14,0) -> 0 | R14: =IFERROR(N14/J14,0) -> 0 | S14: =IFERROR(O14/K14,0) -> 0 | U14: ='Consol PL-DTRG'!O14 -> 0 | V14: ='Consol PL-DTRG-Cũ'!O14 -> 0 | W14: =U14-V14 -> 0 | X14: =IFERROR(W14/V14,0) -> 0
A15: 521-MC | B15: Mẹ-Con | D15: =SUM(E15:G15) -> 0 | E15: ='Consol PL-DTRG'!CG15 -> 0 | F15: ='Consol PL-DTRG'!CU15 -> 0 | G15: ='Consol PL-DTRG'!DI15 -> 0 | H15: =SUM(I15:K15) -> 0 | I15: ='Consol PL-DTRG-Cũ'!CG15 -> 0 | J15: ='Consol PL-DTRG-Cũ'!CU15 -> 0 | K15: ='Consol PL-DTRG-Cũ'!DI15 -> 0 | L15: =D15-H15 -> 0 | M15: =E15-I15 -> 0 | N15: =F15-J15 -> 0 | O15: =G15-K15 -> 0 | P15: =IFERROR(L15/H15,0) -> 0 | Q15: =IFERROR(M15/I15,0) -> 0 | R15: =IFERROR(N15/J15,0) -> 0 | S15: =IFERROR(O15/K15,0) -> 0 | U15: ='Consol PL-DTRG'!O15 -> 0 | V15: ='Consol PL-DTRG-Cũ'!O15 -> 0 | W15: =U15-V15 -> 0 | X15: =IFERROR(W15/V15,0) -> 0
A16: 521-CC | B16: Con-Con | D16: =SUM(E16:G16) -> 0 | E16: ='Consol PL-DTRG'!CG16 -> 0 | F16: ='Consol PL-DTRG'!CU16 -> 0 | G16: ='Consol PL-DTRG'!DI16 -> 0 | H16: =SUM(I16:K16) -> 0 | I16: ='Consol PL-DTRG-Cũ'!CG16 -> 0 | J16: ='Consol PL-DTRG-Cũ'!CU16 -> 0 | K16: ='Consol PL-DTRG-Cũ'!DI16 -> 0 | L16: =D16-H16 -> 0 | M16: =E16-I16 -> 0 | N16: =F16-J16 -> 0 | O16: =G16-K16 -> 0 | P16: =IFERROR(L16/H16,0) -> 0 | Q16: =IFERROR(M16/I16,0) -> 0 | R16: =IFERROR(N16/J16,0) -> 0 | S16: =IFERROR(O16/K16,0) -> 0 | U16: ='Consol PL-DTRG'!O16 -> 0 | V16: ='Consol PL-DTRG-Cũ'!O16 -> 0 | W16: =U16-V16 -> 0 | X16: =IFERROR(W16/V16,0) -> 0
A17: 4 | B17: 3.Doanh thu thuần về bán hàng và cung cấp dịch vụ | D17: =SUM(D18:D20) -> 458198101250 | E17: =SUM(E18:E20) -> 177488853750 | F17: =SUM(F18:F20) -> 99594000000 | G17: =SUM(G18:G20) -> 181115247500 | H17: =SUM(H18:H20) -> 441436738250 | I17: =SUM(I18:I20) -> 182794810750 | J17: =SUM(J18:J20) -> 99594000000 | K17: =SUM(K18:K20) -> 159047927500 | L17: =D17-H17 -> 16761363000 | M17: =E17-I17 -> -5305957000 | N17: =F17-J17 -> 0 | O17: =G17-K17 -> 22067320000 | P17: =IFERROR(L17/H17,0) -> 0.037970023 | Q17: =IFERROR(M17/I17,0) -> -0.029026847 | R17: =IFERROR(N17/J17,0) -> 0 | S17: =IFERROR(O17/K17,0) -> 0.13874635 | U17: =SUM(U18:U20) -> 1.6787476e+12 | V17: =SUM(V18:V20) -> 1.6787476e+12 | W17: =U17-V17 -> 0 | X17: =IFERROR(W17/V17,0) -> 0
A18: DTT-BN | B18: Bán ngoài | D18: =D10-D14 -> 0 | E18: =E10-E14 -> 0 | F18: =F10-F14 -> 0 | G18: =G10-G14 -> 0 | H18: =H10-H14 -> 0 | I18: =I10-I14 -> 0 | J18: =J10-J14 -> 0 | K18: =K10-K14 -> 0 | L18: =D18-H18 -> 0 | M18: =E18-I18 -> 0 | N18: =F18-J18 -> 0 | O18: =G18-K18 -> 0 | P18: =IFERROR(L18/H18,0) -> 0 | Q18: =IFERROR(M18/I18,0) -> 0 | R18: =IFERROR(N18/J18,0) -> 0 | S18: =IFERROR(O18/K18,0) -> 0 | U18: =U10-U14 -> 1.6787476e+12 | V18: =V10-V14 -> 1.6787476e+12 | W18: =U18-V18 -> 0 | X18: =IFERROR(W18/V18,0) -> 0
A19: DTT-MC | B19: Mẹ-Con | D19: =D11-D15 -> 458198101250 | E19: =E11-E15 -> 177488853750 | F19: =F11-F15 -> 99594000000 | G19: =G11-G15 -> 181115247500 | H19: =H11-H15 -> 441436738250 | I19: =I11-I15 -> 182794810750 | J19: =J11-J15 -> 99594000000 | K19: =K11-K15 -> 159047927500 | L19: =D19-H19 -> 16761363000 | M19: =E19-I19 -> -5305957000 | N19: =F19-J19 -> 0 | O19: =G19-K19 -> 22067320000 | P19: =IFERROR(L19/H19,0) -> 0.037970023 | Q19: =IFERROR(M19/I19,0) -> -0.029026847 | R19: =IFERROR(N19/J19,0) -> 0 | S19: =IFERROR(O19/K19,0) -> 0.13874635 | U19: =U11-U15 -> 0 | V19: =V11-V15 -> 0 | W19: =U19-V19 -> 0 | X19: =IFERROR(W19/V19,0) -> 0
A20: DTT-CC | B20: Con-Con | D20: =D12-D16 -> 0 | E20: =E12-E16 -> 0 | F20: =F12-F16 -> 0 | G20: =G12-G16 -> 0 | H20: =H12-H16 -> 0 | I20: =I12-I16 -> 0 | J20: =J12-J16 -> 0 | K20: =K12-K16 -> 0 | L20: =D20-H20 -> 0 | M20: =E20-I20 -> 0 | N20: =F20-J20 -> 0 | O20: =G20-K20 -> 0 | P20: =IFERROR(L20/H20,0) -> 0 | Q20: =IFERROR(M20/I20,0) -> 0 | R20: =IFERROR(N20/J20,0) -> 0 | S20: =IFERROR(O20/K20,0) -> 0 | U20: =U12-U16 -> 0 | V20: =V12-V16 -> 0 | W20: =U20-V20 -> 0 | X20: =IFERROR(W20/V20,0) -> 0
A21: 5 | B21: 4.Giá vốn hàng bán | D21: =SUM(D22:D24)-D25+D26 -> 4.3419899e+11 | E21: =SUM(E22:E24)-E25+E26 -> 1.6798997e+11 | F21: =SUM(F22:F24)-F25+F26 -> 9.2113709e+10 | G21: =SUM(G22:G24)-G25+G26 -> 1.7409531e+11 | H21: =SUM(H22:H24)-H25+H26 -> 4.3957128e+11 | I21: =SUM(I22:I24)-I25+I26 -> 1.8419241e+11 | J21: =SUM(J22:J24)-J25+J26 -> 9.4520064e+10 | K21: =SUM(K22:K24)-K25+K26 -> 1.6085881e+11 | L21: =D21-H21 -> -5.3722971e+09 | M21: =E21-I21 -> -1.6202441e+10 | N21: =F21-J21 -> -2.4063549e+09 | O21: =G21-K21 -> 1.3236499e+10 | P21: =IFERROR(L21/H21,0) -> -0.012221674 | Q21: =IFERROR(M21/I21,0) -> -0.08796476 | R21: =IFERROR(N21/J21,0) -> -0.025458668 | S21: =IFERROR(O21/K21,0) -> 0.082286439 | U21: =SUM(U22:U24)-U25+U26 -> 1.3991907e+12 | V21: =SUM(V22:V24)-V25+V26 -> 1.4141767e+12 | W21: =U21-V21 -> -1.4986055e+10 | X21: =IFERROR(W21/V21,0) -> -0.010597017
A22: 632-BN | B22: Bán ngoài | D22: =SUM(E22:G22) -> 0 | E22: ='Consol PL-DTRG'!CG22 -> 0 | F22: ='Consol PL-DTRG'!CU22 -> 0 | G22: ='Consol PL-DTRG'!DI22 -> 0 | H22: =SUM(I22:K22) -> 0 | I22: ='Consol PL-DTRG-Cũ'!CG22 -> 0 | J22: ='Consol PL-DTRG-Cũ'!CU22 -> 0 | K22: ='Consol PL-DTRG-Cũ'!DI22 -> 0 | L22: =D22-H22 -> 0 | M22: =E22-I22 -> 0 | N22: =F22-J22 -> 0 | O22: =G22-K22 -> 0 | P22: =IFERROR(L22/H22,0) -> 0 | Q22: =IFERROR(M22/I22,0) -> 0 | R22: =IFERROR(N22/J22,0) -> 0 | S22: =IFERROR(O22/K22,0) -> 0 | U22: ='Consol PL-DTRG'!O22 -> 1.4160422e+12 | V22: ='Consol PL-DTRG-Cũ'!O22 -> 1.4160422e+12 | W22: =U22-V22 -> 0 | X22: =IFERROR(W22/V22,0) -> 0
A23: 632-MC | B23: Mẹ-Con | D23: =SUM(E23:G23) -> 4.3419899e+11 | E23: ='Consol PL-DTRG'!CG23 -> 1.6798997e+11 | F23: ='Consol PL-DTRG'!CU23 -> 9.2113709e+10 | G23: ='Consol PL-DTRG'!DI23 -> 1.7409531e+11 | H23: =SUM(I23:K23) -> 4.3957128e+11 | I23: ='Consol PL-DTRG-Cũ'!CG23 -> 1.8419241e+11 | J23: ='Consol PL-DTRG-Cũ'!CU23 -> 9.4520064e+10 | K23: ='Consol PL-DTRG-Cũ'!DI23 -> 1.6085881e+11 | L23: =D23-H23 -> -5.3722971e+09 | M23: =E23-I23 -> -1.6202441e+10 | N23: =F23-J23 -> -2.4063549e+09 | O23: =G23-K23 -> 1.3236499e+10 | P23: =IFERROR(L23/H23,0) -> -0.012221674 | Q23: =IFERROR(M23/I23,0) -> -0.08796476 | R23: =IFERROR(N23/J23,0) -> -0.025458668 | S23: =IFERROR(O23/K23,0) -> 0.082286439 | U23: ='Consol PL-DTRG'!O23 -> -2.3999115e+10 | V23: ='Consol PL-DTRG-Cũ'!O23 -> -1.8654548e+09 | W23: =U23-V23 -> -2.213366e+10 | X23: =IFERROR(W23/V23,0) -> 11.865021
A24: 632-CC | B24: Con-Con | D24: =SUM(E24:G24) -> 0 | E24: ='Consol PL-DTRG'!CG24 -> 0 | F24: ='Consol PL-DTRG'!CU24 -> 0 | G24: ='Consol PL-DTRG'!DI24 -> 0 | H24: =SUM(I24:K24) -> 0 | I24: ='Consol PL-DTRG-Cũ'!CG24 -> 0 | J24: ='Consol PL-DTRG-Cũ'!CU24 -> 0 | K24: ='Consol PL-DTRG-Cũ'!DI24 -> 0 | L24: =D24-H24 -> 0 | M24: =E24-I24 -> 0 | N24: =F24-J24 -> 0 | O24: =G24-K24 -> 0 | P24: =IFERROR(L24/H24,0) -> 0 | Q24: =IFERROR(M24/I24,0) -> 0 | R24: =IFERROR(N24/J24,0) -> 0 | S24: =IFERROR(O24/K24,0) -> 0 | U24: ='Consol PL-DTRG'!O24 -> 0 | V24: ='Consol PL-DTRG-Cũ'!O24 -> 0 | W24: =U24-V24 -> 0 | X24: =IFERROR(W24/V24,0) -> 0
A25: URP-DK | B25: URP đầu kỳ | L25: =D25-H25 -> 0 | M25: =E25-I25 -> 0 | N25: =F25-J25 -> 0 | O25: =G25-K25 -> 0 | P25: =IFERROR(L25/H25,0) -> 0 | Q25: =IFERROR(M25/I25,0) -> 0 | R25: =IFERROR(N25/J25,0) -> 0 | S25: =IFERROR(O25/K25,0) -> 0 | U25: ='Consol PL-DTRG'!O25 -> 0 | V25: ='Consol PL-DTRG-Cũ'!O25 -> 0 | W25: =U25-V25 -> 0 | X25: =IFERROR(W25/V25,0) -> 0
A26: URP-CK | B26: URP cuối kỳ | L26: =D26-H26 -> 0 | M26: =E26-I26 -> 0 | N26: =F26-J26 -> 0 | O26: =G26-K26 -> 0 | P26: =IFERROR(L26/H26,0) -> 0 | Q26: =IFERROR(M26/I26,0) -> 0 | R26: =IFERROR(N26/J26,0) -> 0 | S26: =IFERROR(O26/K26,0) -> 0 | U26: ='Consol PL-DTRG'!O26 -> 7.147605e+09 | V26: ='Consol PL-DTRG-Cũ'!O26 -> 0 | W26: =U26-V26 -> 7.147605e+09 | X26: =IFERROR(W26/V26,0) -> 0
A27: 6 | B27: 5.Lợi nhuận gộp về bán hàng | D27: =SUM(D28:D30) -> 2.3999115e+10 | E27: =SUM(E28:E30) -> 9.4988874e+09 | F27: =SUM(F28:F30) -> 7.4802912e+09 | G27: =SUM(G28:G30) -> 7.0199363e+09 | H27: =SUM(H28:H30) -> 1.8654548e+09 | I27: =SUM(I28:I30) -> -1.3975966e+09 | J27: =SUM(J28:J30) -> 5.0739363e+09 | K27: =SUM(K28:K30) -> -1.8108849e+09 | L27: =D27-H27 -> 2.213366e+10 | M27: =E27-I27 -> 1.0896484e+10 | N27: =F27-J27 -> 2.4063549e+09 | O27: =G27-K27 -> 8.8308212e+09 | P27: =IFERROR(L27/H27,0) -> 11.865021 | Q27: =IFERROR(M27/I27,0) -> -7.7965872 | R27: =IFERROR(N27/J27,0) -> 0.474258 | S27: =IFERROR(O27/K27,0) -> -4.8765227 | U27: =SUM(U28:U30) -> 2.7955694e+11 | V27: =SUM(V28:V30) -> 2.6457089e+11 | W27: =U27-V27 -> 1.4986055e+10 | X27: =IFERROR(W27/V27,0) -> 0.056642873
A28: LG-BN | B28: Bán ngoài | D28: =D18-D22+D25-D26 -> 0 | E28: =E18-E22+E25-E26 -> 0 | F28: =F18-F22+F25-F26 -> 0 | G28: =G18-G22+G25-G26 -> 0 | H28: =H18-H22+H25-H26 -> 0 | I28: =I18-I22+I25-I26 -> 0 | J28: =J18-J22+J25-J26 -> 0 | K28: =K18-K22+K25-K26 -> 0 | L28: =D28-H28 -> 0 | M28: =E28-I28 -> 0 | N28: =F28-J28 -> 0 | O28: =G28-K28 -> 0 | P28: =IFERROR(L28/H28,0) -> 0 | Q28: =IFERROR(M28/I28,0) -> 0 | R28: =IFERROR(N28/J28,0) -> 0 | S28: =IFERROR(O28/K28,0) -> 0 | U28: =U18-U22+U25-U26 -> 2.5555783e+11 | V28: =V18-V22+V25-V26 -> 2.6270543e+11 | W28: =U28-V28 -> -7.147605e+09 | X28: =IFERROR(W28/V28,0) -> -0.027207679
A29: LG-MC | B29: Mẹ-Con | D29: =D19-D23 -> 2.3999115e+10 | E29: =E19-E23 -> 9.4988874e+09 | F29: =F19-F23 -> 7.4802912e+09 | G29: =G19-G23 -> 7.0199363e+09 | H29: =H19-H23 -> 1.8654548e+09 | I29: =I19-I23 -> -1.3975966e+09 | J29: =J19-J23 -> 5.0739363e+09 | K29: =K19-K23 -> -1.8108849e+09 | L29: =D29-H29 -> 2.213366e+10 | M29: =E29-I29 -> 1.0896484e+10 | N29: =F29-J29 -> 2.4063549e+09 | O29: =G29-K29 -> 8.8308212e+09 | P29: =IFERROR(L29/H29,0) -> 11.865021 | Q29: =IFERROR(M29/I29,0) -> -7.7965872 | R29: =IFERROR(N29/J29,0) -> 0.474258 | S29: =IFERROR(O29/K29,0) -> -4.8765227 | U29: =U19-U23 -> 2.3999115e+10 | V29: =V19-V23 -> 1.8654548e+09 | W29: =U29-V29 -> 2.213366e+10 | X29: =IFERROR(W29/V29,0) -> 11.865021
A30: LG-CC | B30: Con-Con | D30: =D20-D24 -> 0 | E30: =E20-E24 -> 0 | F30: =F20-F24 -> 0 | G30: =G20-G24 -> 0 | H30: =H20-H24 -> 0 | I30: =I20-I24 -> 0 | J30: =J20-J24 -> 0 | K30: =K20-K24 -> 0 | L30: =D30-H30 -> 0 | M30: =E30-I30 -> 0 | N30: =F30-J30 -> 0 | O30: =G30-K30 -> 0 | P30: =IFERROR(L30/H30,0) -> 0 | Q30: =IFERROR(M30/I30,0) -> 0 | R30: =IFERROR(N30/J30,0) -> 0 | S30: =IFERROR(O30/K30,0) -> 0 | U30: =U20-U24 -> 0 | V30: =V20-V24 -> 0 | W30: =U30-V30 -> 0 | X30: =IFERROR(W30/V30,0) -> 0
B31: %LG | D31: =IFERROR(D27/D17,0) -> 0.052377159 | E31: =IFERROR(E27/E17,0) -> 0.053518219 | F31: =IFERROR(F27/F17,0) -> 0.07510785 | G31: =IFERROR(G27/G17,0) -> 0.038759499 | H31: =IFERROR(H27/H17,0) -> 0.0042258712 | I31: =IFERROR(I27/I17,0) -> -0.0076457128 | J31: =IFERROR(J27/J17,0) -> 0.050946205 | K31: =IFERROR(K27/K17,0) -> -0.011385781 | L31: =D31-H31 -> 0.048151288 | U31: =IFERROR(U27/U17,0) -> 0.16652708 | V31: =IFERROR(V27/V17,0) -> 0.15760015 | W31: =U31-V31 -> 0.0089269256
A32: 7 | B32: 6.Lãi/lỗ của hoạt động bán, thanh lý bất động sản đầu tư | D32: =SUM(D33:D35) -> 0 | E32: =SUM(E33:E35) -> 0 | F32: =SUM(F33:F35) -> 0 | G32: =SUM(G33:G35) -> 0 | H32: =SUM(H33:H35) -> 0 | I32: =SUM(I33:I35) -> 0 | J32: =SUM(J33:J35) -> 0 | K32: =SUM(K33:K35) -> 0 | L32: =D32-H32 -> 0 | M32: =E32-I32 -> 0 | N32: =F32-J32 -> 0 | O32: =G32-K32 -> 0 | P32: =IFERROR(L32/H32,0) -> 0 | Q32: =IFERROR(M32/I32,0) -> 0 | R32: =IFERROR(N32/J32,0) -> 0 | S32: =IFERROR(O32/K32,0) -> 0 | U32: =SUM(U33:U35) -> 0 | V32: =SUM(V33:V35) -> 0 | W32: =U32-V32 -> 0 | X32: =IFERROR(W32/V32,0) -> 0
A33: TL-TSCĐ-BN | B33: Bán ngoài | D33: =SUM(E33:G33) -> 0 | E33: ='Consol PL-DTRG'!CG32 -> 0 | F33: ='Consol PL-DTRG'!CU32 -> 0 | G33: ='Consol PL-DTRG'!DI32 -> 0 | H33: =SUM(I33:K33) -> 0 | I33: ='Consol PL-DTRG-Cũ'!CG32 -> 0 | J33: ='Consol PL-DTRG-Cũ'!CU32 -> 0 | K33: ='Consol PL-DTRG-Cũ'!DI32 -> 0 | L33: =D33-H33 -> 0 | M33: =E33-I33 -> 0 | N33: =F33-J33 -> 0 | O33: =G33-K33 -> 0 | P33: =IFERROR(L33/H33,0) -> 0 | Q33: =IFERROR(M33/I33,0) -> 0 | R33: =IFERROR(N33/J33,0) -> 0 | S33: =IFERROR(O33/K33,0) -> 0 | U33: ='Consol PL-DTRG'!O32 -> 0 | V33: ='Consol PL-DTRG-Cũ'!O32 -> 0 | W33: =U33-V33 -> 0 | X33: =IFERROR(W33/V33,0) -> 0
A34: TL-TSCĐ-MC | B34: Mẹ-Con | D34: =SUM(E34:G34) -> 0 | E34: ='Consol PL-DTRG'!CG33 -> 0 | F34: ='Consol PL-DTRG'!CU33 -> 0 | G34: ='Consol PL-DTRG'!DI33 -> 0 | H34: =SUM(I34:K34) -> 0 | I34: ='Consol PL-DTRG-Cũ'!CG33 -> 0 | J34: ='Consol PL-DTRG-Cũ'!CU33 -> 0 | K34: ='Consol PL-DTRG-Cũ'!DI33 -> 0 | L34: =D34-H34 -> 0 | M34: =E34-I34 -> 0 | N34: =F34-J34 -> 0 | O34: =G34-K34 -> 0 | P34: =IFERROR(L34/H34,0) -> 0 | Q34: =IFERROR(M34/I34,0) -> 0 | R34: =IFERROR(N34/J34,0) -> 0 | S34: =IFERROR(O34/K34,0) -> 0 | U34: ='Consol PL-DTRG'!O33 -> 0 | V34: ='Consol PL-DTRG-Cũ'!O33 -> 0 | W34: =U34-V34 -> 0 | X34: =IFERROR(W34/V34,0) -> 0
A35: TL-TSCĐ-CC | B35: Con-Con | D35: =SUM(E35:G35) -> 0 | E35: ='Consol PL-DTRG'!CG34 -> 0 | F35: ='Consol PL-DTRG'!CU34 -> 0 | G35: ='Consol PL-DTRG'!DI34 -> 0 | H35: =SUM(I35:K35) -> 0 | I35: ='Consol PL-DTRG-Cũ'!CG34 -> 0 | J35: ='Consol PL-DTRG-Cũ'!CU34 -> 0 | K35: ='Consol PL-DTRG-Cũ'!DI34 -> 0 | L35: =D35-H35 -> 0 | M35: =E35-I35 -> 0 | N35: =F35-J35 -> 0 | O35: =G35-K35 -> 0 | P35: =IFERROR(L35/H35,0) -> 0 | Q35: =IFERROR(M35/I35,0) -> 0 | R35: =IFERROR(N35/J35,0) -> 0 | S35: =IFERROR(O35/K35,0) -> 0 | U35: ='Consol PL-DTRG'!O34 -> 0 | V35: ='Consol PL-DTRG-Cũ'!O34 -> 0 | W35: =U35-V35 -> 0 | X35: =IFERROR(W35/V35,0) -> 0
A36: 8 | B36: 7.Doanh thu hoạt động tài chính | D36: =SUM(E36:G36) -> 150720000 | E36: ='Consol PL-DTRG'!CG35 -> 150000000 | F36: ='Consol PL-DTRG'!CU35 -> 720000 | G36: ='Consol PL-DTRG'!DI35 -> 0 | H36: =SUM(I36:K36) -> 150000000 | I36: ='Consol PL-DTRG-Cũ'!CG35 -> 150000000 | J36: ='Consol PL-DTRG-Cũ'!CU35 -> 0 | K36: ='Consol PL-DTRG-Cũ'!DI35 -> 0 | L36: =D36-H36 -> 720000 | M36: =E36-I36 -> 0 | N36: =F36-J36 -> 720000 | O36: =G36-K36 -> 0 | P36: =IFERROR(L36/H36,0) -> 0.0048 | Q36: =IFERROR(M36/I36,0) -> 0 | R36: =IFERROR(N36/J36,0) -> 0 | S36: =IFERROR(O36/K36,0) -> 0 | U36: ='Consol PL-DTRG'!O35 -> 1.5078658e+08 | V36: ='Consol PL-DTRG-Cũ'!O35 -> 1.5006658e+08 | W36: =U36-V36 -> 720000 | X36: =IFERROR(W36/V36,0) -> 0.0047978705
A37: 9 | B37: 8.Chi phí tài chính | D37: =SUM(E37:G37) -> 0 | E37: ='Consol PL-DTRG'!CG36 -> 0 | F37: ='Consol PL-DTRG'!CU36 -> 0 | G37: ='Consol PL-DTRG'!DI36 -> 0 | H37: =SUM(I37:K37) -> 0 | I37: ='Consol PL-DTRG-Cũ'!CG36 -> 0 | J37: ='Consol PL-DTRG-Cũ'!CU36 -> 0 | K37: ='Consol PL-DTRG-Cũ'!DI36 -> 0 | L37: =D37-H37 -> 0 | M37: =E37-I37 -> 0 | N37: =F37-J37 -> 0 | O37: =G37-K37 -> 0 | P37: =IFERROR(L37/H37,0) -> 0 | Q37: =IFERROR(M37/I37,0) -> 0 | R37: =IFERROR(N37/J37,0) -> 0 | S37: =IFERROR(O37/K37,0) -> 0 | U37: ='Consol PL-DTRG'!O36 -> 3.4565904e+10 | V37: ='Consol PL-DTRG-Cũ'!O36 -> 3.4565904e+10 | W37: =U37-V37 -> 0 | X37: =IFERROR(W37/V37,0) -> 0
A38: 10 | B38: Trong đó: Chi phí lãi vay | D38: =SUM(E38:G38) -> 0 | E38: ='Consol PL-DTRG'!CG37 -> 0 | F38: ='Consol PL-DTRG'!CU37 -> 0 | G38: ='Consol PL-DTRG'!DI37 -> 0 | H38: =SUM(I38:K38) -> 0 | I38: ='Consol PL-DTRG-Cũ'!CG37 -> 0 | J38: ='Consol PL-DTRG-Cũ'!CU37 -> 0 | K38: ='Consol PL-DTRG-Cũ'!DI37 -> 0 | L38: =D38-H38 -> 0 | M38: =E38-I38 -> 0 | N38: =F38-J38 -> 0 | O38: =G38-K38 -> 0 | P38: =IFERROR(L38/H38,0) -> 0 | Q38: =IFERROR(M38/I38,0) -> 0 | R38: =IFERROR(N38/J38,0) -> 0 | S38: =IFERROR(O38/K38,0) -> 0 | U38: ='Consol PL-DTRG'!O37 -> 3.4565904e+10 | V38: ='Consol PL-DTRG-Cũ'!O37 -> 3.4565904e+10 | W38: =U38-V38 -> 0 | X38: =IFERROR(W38/V38,0) -> 0
A39: 11 | B39: 9.Chi phí bán hàng | D39: =SUM(E39:G39) -> 9.0794487e+09 | E39: ='Consol PL-DTRG'!CG38 -> 3799518440 | F39: ='Consol PL-DTRG'!CU38 -> 1.3862338e+09 | G39: ='Consol PL-DTRG'!DI38 -> 3.8936965e+09 | H39: =SUM(I39:K39) -> 8.8177031e+09 | I39: ='Consol PL-DTRG-Cũ'!CG38 -> 3840892528 | J39: ='Consol PL-DTRG-Cũ'!CU38 -> 1.5248571e+09 | K39: ='Consol PL-DTRG-Cũ'!DI38 -> 3.4519534e+09 | L39: =D39-H39 -> 2.6174563e+08 | M39: =E39-I39 -> -41374088 | N39: =F39-J39 -> -1.3862338e+08 | O39: =G39-K39 -> 4.4174309e+08 | P39: =IFERROR(L39/H39,0) -> 0.029684106 | Q39: =IFERROR(M39/I39,0) -> -0.010771998 | R39: =IFERROR(N39/J39,0) -> -0.090909091 | S39: =IFERROR(O39/K39,0) -> 0.12796902 | U39: ='Consol PL-DTRG'!O38 -> 6.5635224e+10 | V39: ='Consol PL-DTRG-Cũ'!O38 -> 6.5373478e+10 | W39: =U39-V39 -> 2.6174563e+08 | X39: =IFERROR(W39/V39,0) -> 0.0040038504
A40: 12 | B40: 10.Chi phí quản lý doanh nghiệp | D40: =SUM(E40:G40) -> 1.4847056e+10 | E40: ='Consol PL-DTRG'!CG39 -> 4.3496623e+09 | F40: ='Consol PL-DTRG'!CU39 -> 4.2928381e+09 | G40: ='Consol PL-DTRG'!DI39 -> 6.2045555e+09 | H40: =SUM(I40:K40) -> 1.6375558e+10 | I40: ='Consol PL-DTRG-Cũ'!CG39 -> 4.6875106e+09 | J40: ='Consol PL-DTRG-Cũ'!CU39 -> 5.4138202e+09 | K40: ='Consol PL-DTRG-Cũ'!DI39 -> 6.2742277e+09 | L40: =D40-H40 -> -1.5285027e+09 | M40: =E40-I40 -> -3.3784836e+08 | N40: =F40-J40 -> -1.1209821e+09 | O40: =G40-K40 -> -69672244 | P40: =IFERROR(L40/H40,0) -> -0.093340493 | Q40: =IFERROR(M40/I40,0) -> -0.072074155 | R40: =IFERROR(N40/J40,0) -> -0.20705935 | S40: =IFERROR(O40/K40,0) -> -0.011104513 | U40: ='Consol PL-DTRG'!O39 -> 1.1444546e+11 | V40: ='Consol PL-DTRG-Cũ'!O39 -> 1.1597396e+11 | W40: =U40-V40 -> -1.5285027e+09 | X40: =IFERROR(W40/V40,0) -> -0.013179706
A41: 13 | B41: 11.Lợi nhuận thuần từ hoạt động kinh doanh | D41: =D27+D32+D36-D37-D39-D40 -> 2.2333037e+08 | E41: =E27+E32+E36-E37-E39-E40 -> 1.4997067e+09 | F41: =F27+F32+F36-F37-F39-F40 -> 1.8019393e+09 | G41: =G27+G32+G36-G37-G39-G40 -> -3.0783157e+09 | H41: =H27+H32+H36-H37-H39-H40 -> -2.3177807e+10 | I41: =I27+I32+I36-I37-I39-I40 -> -9.7759998e+09 | J41: =J27+J32+J36-J37-J39-J40 -> -1.864741e+09 | K41: =K27+K32+K36-K37-K39-K40 -> -1.1537066e+10 | L41: =D41-H41 -> 2.3401137e+10 | M41: =E41-I41 -> 1.1275706e+10 | N41: =F41-J41 -> 3.6666804e+09 | O41: =G41-K41 -> 8.4587503e+09 | P41: =IFERROR(L41/H41,0) -> -1.0096355 | Q41: =IFERROR(M41/I41,0) -> -1.153407 | R41: =IFERROR(N41/J41,0) -> -1.9663215 | S41: =IFERROR(O41/K41,0) -> -0.73318037 | U41: =U27+U32+U36-U37-U39-U40 -> 6.5061141e+10 | V41: =V27+V32+V36-V37-V39-V40 -> 4.8807608e+10 | W41: =U41-V41 -> 1.6253532e+10 | X41: =IFERROR(W41/V41,0) -> 0.33301226
A42: 14 | B42: 12.Thu nhập khác | D42: =SUM(E42:G42) -> 0 | E42: ='Consol PL-DTRG'!CG41 -> 0 | F42: ='Consol PL-DTRG'!CU41 -> 0 | G42: ='Consol PL-DTRG'!DI41 -> 0 | H42: =SUM(I42:K42) -> 0 | I42: ='Consol PL-DTRG-Cũ'!CG41 -> 0 | J42: ='Consol PL-DTRG-Cũ'!CU41 -> 0 | K42: ='Consol PL-DTRG-Cũ'!DI41 -> 0 | L42: =D42-H42 -> 0 | M42: =E42-I42 -> 0 | N42: =F42-J42 -> 0 | O42: =G42-K42 -> 0 | P42: =IFERROR(L42/H42,0) -> 0 | Q42: =IFERROR(M42/I42,0) -> 0 | R42: =IFERROR(N42/J42,0) -> 0 | S42: =IFERROR(O42/K42,0) -> 0 | U42: ='Consol PL-DTRG'!O41 -> 0 | V42: ='Consol PL-DTRG-Cũ'!O41 -> 0 | W42: =U42-V42 -> 0 | X42: =IFERROR(W42/V42,0) -> 0
A43: 15 | B43: 13.Chi phí khác | D43: =SUM(E43:G43) -> 0 | E43: ='Consol PL-DTRG'!CG42 -> 0 | F43: ='Consol PL-DTRG'!CU42 -> 0 | G43: ='Consol PL-DTRG'!DI42 -> 0 | H43: =SUM(I43:K43) -> 0 | I43: ='Consol PL-DTRG-Cũ'!CG42 -> 0 | J43: ='Consol PL-DTRG-Cũ'!CU42 -> 0 | K43: ='Consol PL-DTRG-Cũ'!DI42 -> 0 | L43: =D43-H43 -> 0 | M43: =E43-I43 -> 0 | N43: =F43-J43 -> 0 | O43: =G43-K43 -> 0 | P43: =IFERROR(L43/H43,0) -> 0 | Q43: =IFERROR(M43/I43,0) -> 0 | R43: =IFERROR(N43/J43,0) -> 0 | S43: =IFERROR(O43/K43,0) -> 0 | U43: ='Consol PL-DTRG'!O42 -> 5.2035e+09 | V43: ='Consol PL-DTRG-Cũ'!O42 -> 5.2035e+09 | W43: =U43-V43 -> 0 | X43: =IFERROR(W43/V43,0) -> 0
A44: 16 | B44: 14.Lợi nhuận khác | D44: =SUM(E44:G44) -> 0 | E44: =E42-E43 -> 0 | F44: =F42-F43 -> 0 | G44: =G42-G43 -> 0 | H44: =SUM(I44:K44) -> 0 | I44: =I42-I43 -> 0 | J44: =J42-J43 -> 0 | K44: =K42-K43 -> 0 | L44: =D44-H44 -> 0 | M44: =E44-I44 -> 0 | N44: =F44-J44 -> 0 | O44: =G44-K44 -> 0 | P44: =IFERROR(L44/H44,0) -> 0 | Q44: =IFERROR(M44/I44,0) -> 0 | R44: =IFERROR(N44/J44,0) -> 0 | S44: =IFERROR(O44/K44,0) -> 0 | U44: =U42-U43 -> -5.2035e+09 | V44: =V42-V43 -> -5.2035e+09 | W44: =U44-V44 -> 0 | X44: =IFERROR(W44/V44,0) -> 0
A45: 17 | B45: 15.Tổng lợi nhuận kế toán trước thuế | D45: =D41+D44 -> 2.2333037e+08 | E45: =E41+E44 -> 1.4997067e+09 | F45: =F41+F44 -> 1.8019393e+09 | G45: =G41+G44 -> -3.0783157e+09 | H45: =H41+H44 -> -2.3177807e+10 | I45: =I41+I44 -> -9.7759998e+09 | J45: =J41+J44 -> -1.864741e+09 | K45: =K41+K44 -> -1.1537066e+10 | L45: =D45-H45 -> 2.3401137e+10 | M45: =E45-I45 -> 1.1275706e+10 | N45: =F45-J45 -> 3.6666804e+09 | O45: =G45-K45 -> 8.4587503e+09 | P45: =IFERROR(L45/H45,0) -> -1.0096355 | Q45: =IFERROR(M45/I45,0) -> -1.153407 | R45: =IFERROR(N45/J45,0) -> -1.9663215 | S45: =IFERROR(O45/K45,0) -> -0.73318037 | U45: =U41+U44 -> 5.9857641e+10 | V45: =V41+V44 -> 4.3604108e+10 | W45: =U45-V45 -> 1.6253532e+10 | X45: =IFERROR(W45/V45,0) -> 0.37275231
A46: 18 | B46: 16.Chi phí thuế TNDN hiện hành | D46: =SUM(E46:G46) -> 0 | E46: ='Consol PL-DTRG'!CG45 -> 0 | F46: ='Consol PL-DTRG'!CU45 -> 0 | G46: ='Consol PL-DTRG'!DI45 -> 0 | H46: =SUM(I46:K46) -> 0 | I46: ='Consol PL-DTRG-Cũ'!CG45 -> 0 | J46: ='Consol PL-DTRG-Cũ'!CU45 -> 0 | K46: ='Consol PL-DTRG-Cũ'!DI45 -> 0 | L46: =D46-H46 -> 0 | M46: =E46-I46 -> 0 | N46: =F46-J46 -> 0 | O46: =G46-K46 -> 0 | P46: =IFERROR(L46/H46,0) -> 0 | Q46: =IFERROR(M46/I46,0) -> 0 | R46: =IFERROR(N46/J46,0) -> 0 | S46: =IFERROR(O46/K46,0) -> 0 | U46: ='Consol PL-DTRG'!O45 -> 1.3367693e+10 | V46: ='Consol PL-DTRG-Cũ'!O45 -> 1.3367693e+10 | W46: =U46-V46 -> 0 | X46: =IFERROR(W46/V46,0) -> 0
A47: 19 | B47: 17.Chi phí thuế TNDN hoãn lại | D47: =SUM(E47:G47) -> 0 | E47: ='Consol PL-DTRG'!CG46 -> 0 | F47: ='Consol PL-DTRG'!CU46 -> 0 | G47: ='Consol PL-DTRG'!DI46 -> 0 | H47: =SUM(I47:K47) -> 0 | I47: ='Consol PL-DTRG-Cũ'!CG46 -> 0 | J47: ='Consol PL-DTRG-Cũ'!CU46 -> 0 | K47: ='Consol PL-DTRG-Cũ'!DI46 -> 0 | L47: =D47-H47 -> 0 | M47: =E47-I47 -> 0 | N47: =F47-J47 -> 0 | O47: =G47-K47 -> 0 | P47: =IFERROR(L47/H47,0) -> 0 | Q47: =IFERROR(M47/I47,0) -> 0 | R47: =IFERROR(N47/J47,0) -> 0 | S47: =IFERROR(O47/K47,0) -> 0 | U47: ='Consol PL-DTRG'!O46 -> 0 | V47: ='Consol PL-DTRG-Cũ'!O46 -> 0 | W47: =U47-V47 -> 0 | X47: =IFERROR(W47/V47,0) -> 0
A48: 20 | B48: 18.Lợi nhuận sau thuế thu nhập doanh nghiệp | D48: =D45-D46-D47 -> 2.2333037e+08 | E48: =E45-E46-E47 -> 1.4997067e+09 | F48: =F45-F46-F47 -> 1.8019393e+09 | G48: =G45-G46-G47 -> -3.0783157e+09 | H48: =H45-H46-H47 -> -2.3177807e+10 | I48: =I45-I46-I47 -> -9.7759998e+09 | J48: =J45-J46-J47 -> -1.864741e+09 | K48: =K45-K46-K47 -> -1.1537066e+10 | L48: =D48-H48 -> 2.3401137e+10 | M48: =E48-I48 -> 1.1275706e+10 | N48: =F48-J48 -> 3.6666804e+09 | O48: =G48-K48 -> 8.4587503e+09 | P48: =IFERROR(L48/H48,0) -> -1.0096355 | Q48: =IFERROR(M48/I48,0) -> -1.153407 | R48: =IFERROR(N48/J48,0) -> -1.9663215 | S48: =IFERROR(O48/K48,0) -> -0.73318037 | U48: =U45-U46-U47 -> 4.6489947e+10 | V48: =V45-V46-V47 -> 3.0236415e+10 | W48: =U48-V48 -> 1.6253532e+10 | X48: =IFERROR(W48/V48,0) -> 0.53754825
B49: %LNST | D49: =IFERROR(D48/D17,0) -> 0.00048741007 | E49: =IFERROR(E48/E17,0) -> 0.0084495823 | F49: =IFERROR(F48/F17,0) -> 0.01809285 | G49: =IFERROR(G48/G17,0) -> -0.016996447 | H49: =IFERROR(H48/H17,0) -> -0.052505387 | I49: =IFERROR(I48/I17,0) -> -0.053480729 | J49: =IFERROR(J48/J17,0) -> -0.018723427 | K49: =IFERROR(K48/K17,0) -> -0.072538298 | U49: =IFERROR(U48/U17,0) -> 0.027693232 | V49: =IFERROR(V48/V17,0) -> 0.018011293
B52: Check | D52: =D48-SUM(E48:G48) -> 9.5367432e-07 | E52: =E48-'Consol PL-DTRG'!CG47 -> 0 | F52: =F48-'Consol PL-DTRG'!CU47 -> 0 | G52: =G48-'Consol PL-DTRG'!DI47 -> 0 | H52: =H48-SUM(I48:K48) -> -4.196167e-05 | I52: =I48-'Consol PL-DTRG-Cũ'!CG47 -> 0 | J52: =J48-'Consol PL-DTRG-Cũ'!CU47 -> 0 | K52: =K48-'Consol PL-DTRG-Cũ'!DI47 -> 0 | U52: =U48-'Consol PL-DTRG'!O47 -> 0 | V52: =V48-'Consol PL-DTRG-Cũ'!O47 -> 0

Sheet Consol PL-DTRG
B1: GROUP TÁI CHẾ | C1: =C17-C21-C27 -> 0 | Q1: Phân bổ LG nội bộ | R1: 4
B2: VND
A3: Index PL | B3: PHẦN II-KẾT QUẢ HOẠT ĐỘNG KINH DOANH | C3: HỢP NHẤT | Q3: ĐIỀU CHỈNH | AE3: TỔNG | AS3: DTR | BG3: 3 TRẠM | BU3: ĐỒNG LÂM | CI3: KHÁNH NGA | CW3: ĐẠI LỘC | DK3: TÂN ĐẠI PHÁT | DY3: LƯU CÔNG THỨC
C4: 1 | D4: 2 | E4: 3 | F4: 4 | G4: 5 | H4: 6 | I4: 7 | J4: 8 | K4: 9 | L4: 10 | M4: 11 | N4: 12 | O4: TỔNG | Q4: 1 | R4: 2 | S4: 3 | T4: 4 | U4: 5 | V4: 6 | W4: 7 | X4: 8 | Y4: 9 | Z4: 10 | AA4: 11 | AB4: 12 | AC4: TỔNG | AE4: 1 | AF4: 2 | AG4: 3 | AH4: 4 | AI4: 5 | AJ4: 6 | AK4: 7 | AL4: 8 | AM4: 9 | AN4: 10 | AO4: 11 | AP4: 12 | AQ4: TỔNG | AS4: 1 | AT4: 2 | AU4: 3 | AV4: 4 | AW4: 5 | AX4: 6 | AY4: 7 | AZ4: 8 | BA4: 9 | BB4: 10 | BC4: 11 | BD4: 12 | BE4: TỔNG | BG4: 1 | BH4: 2 | BI4: 3 | BJ4: 4 | BK4: 5 | BL4: 6 | BM4: 7 | BN4: 8 | BO4: 9 | BP4: 10 | BQ4: 11 | BR4: 12 | BS4: TỔNG | BU4: 1 | BV4: 2 | BW4: 3 | BX4: 4 | BY4: 5 | BZ4: 6 | CA4: 7 | CB4: 8 | CC4: 9 | CD4: 10 | CE4: 11 | CF4: 12 | CG4: TỔNG | CI4: 1 | CJ4: 2 | CK4: 3 | CL4: 4 | CM4: 5 | CN4: 6 | CO4: 7 | CP4: 8 | CQ4: 9 | CR4: 10 | CS4: 11 | CT4: 12 | CU4: TỔNG | CW4: 1 | CX4: 2 | CY4: 3 | CZ4: 4 | DA4: 5 | DB4: 6 | DC4: 7 | DD4: 8 | DE4: 9 | DF4: 10 | DG4: 11 | DH4: 12 | DI4: TỔNG | DK4: 1 | DL4: 2 | DM4: 3 | DN4: 4 | DO4: 5 | DP4: 6 | DQ4: 7 | DR4: 8 | DS4: 9 | DT4: 10 | DU4: 11 | DV4: 12 | DW4: TỔNG | DY4: 1 | DZ4: 2 | EA4: 3 | EB4: 4 | EC4: 5 | ED4: 6 | EE4: 7 | EF4: 8 | EG4: 9 | EH4: 10 | EI4: 11 | EJ4: 12 | EK4: TỔNG
A5: 1 | B5: Sản lượng (tấn) | C5: =SUM(C6:C8) -> 4318.2229 | D5: =SUM(D6:D8) -> 4253.3146 | E5: =SUM(E6:E8) -> 4678.5574 | F5: =SUM(F6:F8) -> 4394.2315 | G5: =SUM(G6:G8) -> 4663.4364 | H5: =SUM(H6:H8) -> 4691.9522 | I5: =SUM(I6:I8) -> 4689.4225 | J5: =SUM(J6:J8) -> 4562.8495 | ... O5: =SUM(O6:O8) -> 55000 | Q5: =SUM(Q6:Q8) -> -1961.925 | R5: =SUM(R6:R8) -> -1392.45 | S5: =SUM(S6:S8) -> -2307.425 | T5: =SUM(T6:T8) -> -2662.248 | U5: =SUM(U6:U8) -> -2703.2625 | V5: =SUM(V6:V8) -> -2703.2625 | W5: =SUM(W6:W8) -> -2744.277 | X5: =SUM(X6:X8) -> -2745.044 | ... AC5: =SUM(AC6:AC8) -> -30121.928 | AE5: =SUM(AE6:AE8) -> 6280.1479 | AF5: =SUM(AF6:AF8) -> 5645.7646 | AG5: =SUM(AG6:AG8) -> 6985.9824 | AH5: =SUM(AH6:AH8) -> 7056.4795 | AI5: =SUM(AI6:AI8) -> 7366.6989 | AJ5: =SUM(AJ6:AJ8) -> 7395.2147 | AK5: =SUM(AK6:AK8) -> 7433.6995 | AL5: =SUM(AL6:AL8) -> 7307.8935 | ... AQ5: =SUM(AQ6:AQ8) -> 85121.928 | AS5: =SUM(AS6:AS8) -> 4318.2229 | AT5: =SUM(AT6:AT8) -> 4253.3146 | AU5: =SUM(AU6:AU8) -> 4678.5574 | AV5: =SUM(AV6:AV8) -> 4394.2315 | AW5: =SUM(AW6:AW8) -> 4663.4364 | AX5: =SUM(AX6:AX8) -> 4691.9522 | AY5: =SUM(AY6:AY8) -> 4689.4225 | AZ5: =SUM(AZ6:AZ8) -> 4562.8495 | ... BE5: =SUM(BE6:BE8) -> 55000 | BG5: =SUM(BG6:BG8) -> 1961.925 | BH5: =SUM(BH6:BH8) -> 1392.45 | BI5: =SUM(BI6:BI8) -> 2307.425 | BJ5: =SUM(BJ6:BJ8) -> 2662.248 | BK5: =SUM(BK6:BK8) -> 2703.2625 | BL5: =SUM(BL6:BL8) -> 2703.2625 | BM5: =SUM(BM6:BM8) -> 2744.277 | BN5: =SUM(BN6:BN8) -> 2745.044 | ... BS5: =SUM(BS6:BS8) -> 30121.928 | BU5: =SUM(BU6:BU8) -> 667.5 | BV5: =SUM(BV6:BV8) -> 400.5 | BW5: =SUM(BW6:BW8) -> 884 | BX5: =SUM(BX6:BX8) -> 984.348 | BY5: =SUM(BY6:BY8) -> 1025.3625 | BZ5: =SUM(BZ6:BZ8) -> 1025.3625 | CA5: =SUM(CA6:CA8) -> 1066.377 | CB5: =SUM(CB6:CB8) -> 1067.144 | ... CG5: =SUM(CG6:CG8) -> 11305.142 | CI5: =SUM(CI6:CI8) -> 533.7 | CJ5: =SUM(CJ6:CJ8) -> 400.275 | CK5: =SUM(CK6:CK8) -> 578.175 | CL5: =SUM(CL6:CL8) -> 622.65 | CM5: =SUM(CM6:CM8) -> 622.65 | CN5: =SUM(CN6:CN8) -> 622.65 | CO5: =SUM(CO6:CO8) -> 622.65 | CP5: =SUM(CP6:CP8) -> 622.65 | ... CU5: =SUM(CU6:CU8) -> 7116 | CW5: =SUM(CW6:CW8) -> 760.725 | CX5: =SUM(CX6:CX8) -> 591.675 | CY5: =SUM(CY6:CY8) -> 845.25 | CZ5: =SUM(CZ6:CZ8) -> 1055.25 | DA5: =SUM(DA6:DA8) -> 1055.25 | DB5: =SUM(DB6:DB8) -> 1055.25 | DC5: =SUM(DC6:DC8) -> 1055.25 | DD5: =SUM(DD6:DD8) -> 1055.25 | ... DI5: =SUM(DI6:DI8) -> 11700.786 | DK5: =SUM(DK6:DK8) -> 0 | DL5: =SUM(DL6:DL8) -> 0 | DM5: =SUM(DM6:DM8) -> 0 | DN5: =SUM(DN6:DN8) -> 0 | DO5: =SUM(DO6:DO8) -> 0 | DP5: =SUM(DP6:DP8) -> 0 | DQ5: =SUM(DQ6:DQ8) -> 0 | DR5: =SUM(DR6:DR8) -> 0 | ... DW5: =SUM(DW6:DW8) -> 0 | DY5: =SUM(DY6:DY8) -> 0 | DZ5: =SUM(DZ6:DZ8) -> 0 | EA5: =SUM(EA6:EA8) -> 0 | EB5: =SUM(EB6:EB8) -> 0 | EC5: =SUM(EC6:EC8) -> 0 | ED5: =SUM(ED6:ED8) -> 0 | EE5: =SUM(EE6:EE8) -> 0 | EF5: =SUM(EF6:EF8) -> 0 | ... EK5: =SUM(EK6:EK8) -> 0
A6: SL-BN | B6: Bán ngoài | C6: =Q6+AE6 -> 4318.2229 | D6: =R6+AF6 -> 4253.3146 | E6: =S6+AG6 -> 4678.5574 | F6: =T6+AH6 -> 4394.2315 | G6: =U6+AI6 -> 4663.4364 | H6: =V6+AJ6 -> 4691.9522 | I6: =W6+AK6 -> 4689.4225 | J6: =X6+AL6 -> 4562.8495 | ... N6: =AB6+AP6 -> 4784.5204 | O6: =SUM(C6:N6) -> 55000 | AC6: =SUM(Q6:AB6) -> 0 | AE6: =AS6+BU6+CI6+CW6+DK6 -> 4318.2229 | AF6: =AT6+BV6+CJ6+CX6+DL6 -> 4253.3146 | AG6: =AU6+BW6+CK6+CY6+DM6 -> 4678.5574 | AH6: =AV6+BX6+CL6+CZ6+DN6 -> 4394.2315 | AI6: =AW6+BY6+CM6+DA6+DO6 -> 4663.4364 | AJ6: =AX6+BZ6+CN6+DB6+DP6 -> 4691.9522 | AK6: =AY6+CA6+CO6+DC6+DQ6 -> 4689.4225 | AL6: =AZ6+CB6+CP6+DD6+DR6 -> 4562.8495 | ... AP6: =BD6+CF6+CT6+DH6+DV6 -> 4784.5204 | AQ6: =SUM(AE6:AP6) -> 55000 | AS6: ='PL-KH26-DTR'!BL4 -> 4318.2229 | AT6: 4253.3146 | AU6: 4678.5574 | AV6: 4394.2315 | AW6: 4663.4364 | AX6: 4691.9522 | AY6: 4689.4225 | AZ6: 4562.8495 | BA6: 4774.6231 | BB6: 4468.6263 | BC6: 4720.2431 | BD6: 4784.5204 | BE6: =SUM(AS6:BD6) -> 55000 | BG6: =BU6+CI6+CW6 -> 0 | BH6: =BV6+CJ6+CX6 -> 0 | BI6: =BW6+CK6+CY6 -> 0 | BJ6: =BX6+CL6+CZ6 -> 0 | BK6: =BY6+CM6+DA6 -> 0 | BL6: =BZ6+CN6+DB6 -> 0 | BM6: =CA6+CO6+DC6 -> 0 | BN6: =CB6+CP6+DD6 -> 0 | ... BR6: =CF6+CT6+DH6 -> 0 | BS6: =SUM(BG6:BR6) -> 0 | CG6: =SUM(BU6:CF6) -> 0 | CU6: =SUM(CI6:CT6) -> 0 | DI6: =SUM(CW6:DH6) -> 0 | DW6: =SUM(DK6:DV6) -> 0 | EK6: =SUM(DY6:EJ6) -> 0
A7: SL-MC | B7: Mẹ-Con | C7: =Q7+AE7 -> 0 | D7: =R7+AF7 -> 0 | E7: =S7+AG7 -> 0 | F7: =T7+AH7 -> 0 | G7: =U7+AI7 -> 0 | H7: =V7+AJ7 -> 0 | I7: =W7+AK7 -> 0 | J7: =X7+AL7 -> 0 | ... N7: =AB7+AP7 -> 0 | O7: =SUM(C7:N7) -> 0 | Q7: =-AE7 -> -1961.925 | R7: =-AF7 -> -1392.45 | S7: =-AG7 -> -2307.425 | T7: =-AH7 -> -2662.248 | U7: =-AI7 -> -2703.2625 | V7: =-AJ7 -> -2703.2625 | W7: =-AK7 -> -2744.277 | X7: =-AL7 -> -2745.044 | ... AB7: =-AP7 -> -2746.239 | AC7: =SUM(Q7:AB7) -> -30121.928 | AE7: =AS7+BU7+CI7+CW7+DK7 -> 1961.925 | AF7: =AT7+BV7+CJ7+CX7+DL7 -> 1392.45 | AG7: =AU7+BW7+CK7+CY7+DM7 -> 2307.425 | AH7: =AV7+BX7+CL7+CZ7+DN7 -> 2662.248 | AI7: =AW7+BY7+CM7+DA7+DO7 -> 2703.2625 | AJ7: =AX7+BZ7+CN7+DB7+DP7 -> 2703.2625 | AK7: =AY7+CA7+CO7+DC7+DQ7 -> 2744.277 | AL7: =AZ7+CB7+CP7+DD7+DR7 -> 2745.044 | ... AP7: =BD7+CF7+CT7+DH7+DV7 -> 2746.239 | AQ7: =SUM(AE7:AP7) -> 30121.928 | BE7: =SUM(AS7:BD7) -> 0 | BG7: =BU7+CI7+CW7 -> 1961.925 | BH7: =BV7+CJ7+CX7 -> 1392.45 | BI7: =BW7+CK7+CY7 -> 2307.425 | BJ7: =BX7+CL7+CZ7 -> 2662.248 | BK7: =BY7+CM7+DA7 -> 2703.2625 | BL7: =BZ7+CN7+DB7 -> 2703.2625 | BM7: =CA7+CO7+DC7 -> 2744.277 | BN7: =CB7+CP7+DD7 -> 2745.044 | ... BR7: =CF7+CT7+DH7 -> 2746.239 | BS7: =SUM(BG7:BR7) -> 30121.928 | BU7: ='PL-KH26-DongLam'!G6/10^3 -> 667.5 | BV7: ='PL-KH26-DongLam'!H6/10^3 -> 400.5 | BW7: ='PL-KH26-DongLam'!I6/10^3 -> 884 | BX7: ='PL-KH26-DongLam'!J6/10^3 -> 984.348 | BY7: ='PL-KH26-DongLam'!K6/10^3 -> 1025.3625 | BZ7: ='PL-KH26-DongLam'!L6/10^3 -> 1025.3625 | CA7: ='PL-KH26-DongLam'!M6/10^3 -> 1066.377 | CB7: ='PL-KH26-DongLam'!N6/10^3 -> 1067.144 | ... CF7: ='PL-KH26-DongLam'!R6/10^3 -> 1066.377 | CG7: =SUM(BU7:CF7) -> 11305.142 | CI7: ='PL-KH26-KhanhNga'!G5/10^3 -> 533.7 | CJ7: ='PL-KH26-KhanhNga'!H5/10^3 -> 400.275 | CK7: ='PL-KH26-KhanhNga'!I5/10^3 -> 578.175 | CL7: ='PL-KH26-KhanhNga'!J5/10^3 -> 622.65 | CM7: ='PL-KH26-KhanhNga'!K5/10^3 -> 622.65 | CN7: ='PL-KH26-KhanhNga'!L5/10^3 -> 622.65 | CO7: ='PL-KH26-KhanhNga'!M5/10^3 -> 622.65 | CP7: ='PL-KH26-KhanhNga'!N5/10^3 -> 622.65 | ... CT7: ='PL-KH26-KhanhNga'!R5/10^3 -> 622.65 | CU7: =SUM(CI7:CT7) -> 7116 | CW7: ='PL-KH26-DaiLoc'!F5/10^3 -> 760.725 | CX7: ='PL-KH26-DaiLoc'!G5/10^3 -> 591.675 | CY7: ='PL-KH26-DaiLoc'!H5/10^3 -> 845.25 | CZ7: ='PL-KH26-DaiLoc'!I5/10^3 -> 1055.25 | DA7: ='PL-KH26-DaiLoc'!J5/10^3 -> 1055.25 | DB7: ='PL-KH26-DaiLoc'!K5/10^3 -> 1055.25 | DC7: ='PL-KH26-DaiLoc'!L5/10^3 -> 1055.25 | DD7: ='PL-KH26-DaiLoc'!M5/10^3 -> 1055.25 | ... DH7: ='PL-KH26-DaiLoc'!Q5/10^3 -> 1057.212 | DI7: =SUM(CW7:DH7) -> 11700.786 | DW7: =SUM(DK7:DV7) -> 0 | EK7: =SUM(DY7:EJ7) -> 0
A8: SL-CC | B8: Con-Con | C8: =Q8+AE8 -> 0 | D8: =R8+AF8 -> 0 | E8: =S8+AG8 -> 0 | F8: =T8+AH8 -> 0 | G8: =U8+AI8 -> 0 | H8: =V8+AJ8 -> 0 | I8: =W8+AK8 -> 0 | J8: =X8+AL8 -> 0 | ... N8: =AB8+AP8 -> 0 | O8: =SUM(C8:N8) -> 0 | AC8: =SUM(Q8:AB8) -> 0 | AE8: =AS8+BU8+CI8+CW8+DK8 -> 0 | AF8: =AT8+BV8+CJ8+CX8+DL8 -> 0 | AG8: =AU8+BW8+CK8+CY8+DM8 -> 0 | AH8: =AV8+BX8+CL8+CZ8+DN8 -> 0 | AI8: =AW8+BY8+CM8+DA8+DO8 -> 0 | AJ8: =AX8+BZ8+CN8+DB8+DP8 -> 0 | AK8: =AY8+CA8+CO8+DC8+DQ8 -> 0 | AL8: =AZ8+CB8+CP8+DD8+DR8 -> 0 | ... AP8: =BD8+CF8+CT8+DH8+DV8 -> 0 | AQ8: =SUM(AE8:AP8) -> 0 | BE8: =SUM(AS8:BD8) -> 0 | BG8: =BU8+CI8+CW8 -> 0 | BH8: =BV8+CJ8+CX8 -> 0 | BI8: =BW8+CK8+CY8 -> 0 | BJ8: =BX8+CL8+CZ8 -> 0 | BK8: =BY8+CM8+DA8 -> 0 | BL8: =BZ8+CN8+DB8 -> 0 | BM8: =CA8+CO8+DC8 -> 0 | BN8: =CB8+CP8+DD8 -> 0 | ... BR8: =CF8+CT8+DH8 -> 0 | BS8: =SUM(BG8:BR8) -> 0 | CG8: =SUM(BU8:CF8) -> 0 | CU8: =SUM(CI8:CT8) -> 0 | DI8: =SUM(CW8:DH8) -> 0 | DW8: =SUM(DK8:DV8) -> 0 | EK8: =SUM(DY8:EJ8) -> 0
A9: 2 | B9: 1.Doanh thu bán hàng và cung cấp dịch vụ | C9: =SUM(C10:C12) -> 1.2950534e+11 | D9: =SUM(D10:D12) -> 1.2797444e+11 | E9: =SUM(E10:E12) -> 1.4159949e+11 | F9: =SUM(F10:F12) -> 1.3178227e+11 | G9: =SUM(G10:G12) -> 1.4024431e+11 | H9: =SUM(H10:H12) -> 1.414093e+11 | I9: =SUM(I10:I12) -> 1.4540406e+11 | J9: =SUM(J10:J12) -> 1.4127636e+11 | ... O9: =SUM(O10:O12) -> 1.6787476e+12 | Q9: =SUM(Q10:Q12) -> -28404956250 | R9: =SUM(R10:R12) -> -20210556250 | S9: =SUM(S10:S12) -> -33329800000 | T9: =SUM(T10:T12) -> -40468427500 | U9: =SUM(U10:U12) -> -41125912500 | V9: =SUM(V10:V12) -> -41125912500 | W9: =SUM(W10:W12) -> -41783397500 | X9: =SUM(X10:X12) -> -41806927500 | ... AC9: =SUM(AC10:AC12) -> -458198101250 | AE9: =SUM(AE10:AE12) -> 1.579103e+11 | AF9: =SUM(AF10:AF12) -> 1.48185e+11 | AG9: =SUM(AG10:AG12) -> 1.7492929e+11 | AH9: =SUM(AH10:AH12) -> 1.7225069e+11 | AI9: =SUM(AI10:AI12) -> 1.8137022e+11 | AJ9: =SUM(AJ10:AJ12) -> 1.8253521e+11 | AK9: =SUM(AK10:AK12) -> 1.8718745e+11 | AL9: =SUM(AL10:AL12) -> 1.8308329e+11 | ... AQ9: =SUM(AQ10:AQ12) -> 2.1369457e+12 | AS9: =SUM(AS10:AS12) -> 1.2950534e+11 | AT9: =SUM(AT10:AT12) -> 1.2797444e+11 | AU9: =SUM(AU10:AU12) -> 1.4159949e+11 | AV9: =SUM(AV10:AV12) -> 1.3178227e+11 | AW9: =SUM(AW10:AW12) -> 1.4024431e+11 | AX9: =SUM(AX10:AX12) -> 1.414093e+11 | AY9: =SUM(AY10:AY12) -> 1.4540406e+11 | AZ9: =SUM(AZ10:AZ12) -> 1.4127636e+11 | ... BE9: =SUM(BE10:BE12) -> 1.6787476e+12 | BG9: =SUM(BG10:BG12) -> 28404956250 | BH9: =SUM(BH10:BH12) -> 20210556250 | BI9: =SUM(BI10:BI12) -> 33329800000 | BJ9: =SUM(BJ10:BJ12) -> 40468427500 | BK9: =SUM(BK10:BK12) -> 41125912500 | BL9: =SUM(BL10:BL12) -> 41125912500 | BM9: =SUM(BM10:BM12) -> 41783397500 | BN9: =SUM(BN10:BN12) -> 41806927500 | ... BS9: =SUM(BS10:BS12) -> 458198101250 | BU9: =SUM(BU10:BU12) -> 9420187500 | BV9: =SUM(BV10:BV12) -> 5652112500 | BW9: =SUM(BW10:BW12) -> 12443100000 | BX9: =SUM(BX10:BX12) -> 15779640000 | BY9: =SUM(BY10:BY12) -> 16437125000 | BZ9: =SUM(BZ10:BZ12) -> 16437125000 | CA9: =SUM(CA10:CA12) -> 17094610000 | CB9: =SUM(CB10:CB12) -> 17118140000 | ... CG9: =SUM(CG10:CG12) -> 177488853750 | CI9: =SUM(CI10:CI12) -> 7469550000 | CJ9: =SUM(CJ10:CJ12) -> 5602162500 | CK9: =SUM(CK10:CK12) -> 8092012500 | CL9: =SUM(CL10:CL12) -> 8714475000 | CM9: =SUM(CM10:CM12) -> 8714475000 | CN9: =SUM(CN10:CN12) -> 8714475000 | CO9: =SUM(CO10:CO12) -> 8714475000 | CP9: =SUM(CP10:CP12) -> 8714475000 | ... CU9: =SUM(CU10:CU12) -> 99594000000 | CW9: =SUM(CW10:CW12) -> 11515218750 | CX9: =SUM(CX10:CX12) -> 8956281250 | CY9: =SUM(CY10:CY12) -> 12794687500 | CZ9: =SUM(CZ10:CZ12) -> 15974312500 | DA9: =SUM(DA10:DA12) -> 15974312500 | DB9: =SUM(DB10:DB12) -> 15974312500 | DC9: =SUM(DC10:DC12) -> 15974312500 | DD9: =SUM(DD10:DD12) -> 15974312500 | ... DI9: =SUM(DI10:DI12) -> 181115247500 | DK9: =SUM(DK10:DK12) -> 0 | DL9: =SUM(DL10:DL12) -> 0 | DM9: =SUM(DM10:DM12) -> 0 | DN9: =SUM(DN10:DN12) -> 0 | DO9: =SUM(DO10:DO12) -> 0 | DP9: =SUM(DP10:DP12) -> 0 | DQ9: =SUM(DQ10:DQ12) -> 0 | DR9: =SUM(DR10:DR12) -> 0 | ... DW9: =SUM(DW10:DW12) -> 0 | DY9: =SUM(DY10:DY12) -> 0 | DZ9: =SUM(DZ10:DZ12) -> 0 | EA9: =SUM(EA10:EA12) -> 0 | EB9: =SUM(EB10:EB12) -> 0 | EC9: =SUM(EC10:EC12) -> 0 | ED9: =SUM(ED10:ED12) -> 0 | EE9: =SUM(EE10:EE12) -> 0 | EF9: =SUM(EF10:EF12) -> 0 | ... EK9: =SUM(EK10:EK12) -> 0
A10: 511-BN | B10: Bán ngoài | C10: =Q10+AE10 -> 1.2950534e+11 | D10: =R10+AF10 -> 1.2797444e+11 | E10: =S10+AG10 -> 1.4159949e+11 | F10: =T10+AH10 -> 1.3178227e+11 | G10: =U10+AI10 -> 1.4024431e+11 | H10: =V10+AJ10 -> 1.414093e+11 | I10: =W10+AK10 -> 1.4540406e+11 | J10: =X10+AL10 -> 1.4127636e+11 | ... N10: =AB10+AP10 -> 1.4744201e+11 | O10: =SUM(C10:N10) -> 1.6787476e+12 | AC10: =SUM(Q10:AB10) -> 0 | AE10: =AS10+BU10+CI10+CW10+DK10 -> 1.2950534e+11 | AF10: =AT10+BV10+CJ10+CX10+DL10 -> 1.2797444e+11 | AG10: =AU10+BW10+CK10+CY10+DM10 -> 1.4159949e+11 | AH10: =AV10+BX10+CL10+CZ10+DN10 -> 1.3178227e+11 | AI10: =AW10+BY10+CM10+DA10+DO10 -> 1.4024431e+11 | AJ10: =AX10+BZ10+CN10+DB10+DP10 -> 1.414093e+11 | AK10: =AY10+CA10+CO10+DC10+DQ10 -> 1.4540406e+11 | AL10: =AZ10+CB10+CP10+DD10+DR10 -> 1.4127636e+11 | ... AP10: =BD10+CF10+CT10+DH10+DV10 -> 1.4744201e+11 | AQ10: =SUM(AE10:AP10) -> 1.6787476e+12 | AS10: ='PL-KH26-DTR'!BL5 -> 1.2950534e+11 | AT10: ='PL-KH26-DTR'!BM5 -> 1.2797444e+11 | AU10: ='PL-KH26-DTR'!BN5 -> 1.4159949e+11 | AV10: ='PL-KH26-DTR'!BO5 -> 1.3178227e+11 | AW10: ='PL-KH26-DTR'!BP5 -> 1.4024431e+11 | AX10: ='PL-KH26-DTR'!BQ5 -> 1.414093e+11 | AY10: ='PL-KH26-DTR'!BR5 -> 1.4540406e+11 | AZ10: ='PL-KH26-DTR'!BS5 -> 1.4127636e+11 | ... BD10: ='PL-KH26-DTR'!BW5 -> 1.4744201e+11 | BE10: =SUM(AS10:BD10) -> 1.6787476e+12 | BG10: =BU10+CI10+CW10 -> 0 | BH10: =BV10+CJ10+CX10 -> 0 | BI10: =BW10+CK10+CY10 -> 0 | BJ10: =BX10+CL10+CZ10 -> 0 | BK10: =BY10+CM10+DA10 -> 0 | BL10: =BZ10+CN10+DB10 -> 0 | BM10: =CA10+CO10+DC10 -> 0 | BN10: =CB10+CP10+DD10 -> 0 | ... BR10: =CF10+CT10+DH10 -> 0 | BS10: =SUM(BG10:BR10) -> 0 | CG10: =SUM(BU10:CF10) -> 0 | CU10: =SUM(CI10:CT10) -> 0 | DI10: =SUM(CW10:DH10) -> 0 | DW10: =SUM(DK10:DV10) -> 0 | EK10: =SUM(DY10:EJ10) -> 0
A11: 511-MC | B11: Mẹ-Con | C11: =Q11+AE11 -> 0 | D11: =R11+AF11 -> 0 | E11: =S11+AG11 -> 0 | F11: =T11+AH11 -> 0 | G11: =U11+AI11 -> 0 | H11: =V11+AJ11 -> 0 | I11: =W11+AK11 -> 0 | J11: =X11+AL11 -> 0 | ... N11: =AB11+AP11 -> 0 | O11: =SUM(C11:N11) -> 0 | Q11: =-AE11 -> -28404956250 | R11: =-AF11 -> -20210556250 | S11: =-AG11 -> -33329800000 | T11: =-AH11 -> -40468427500 | U11: =-AI11 -> -41125912500 | V11: =-AJ11 -> -41125912500 | W11: =-AK11 -> -41783397500 | X11: =-AL11 -> -41806927500 | ... AB11: =-AP11 -> -43143480000 | AC11: =SUM(Q11:AB11) -> -458198101250 | AE11: =AS11+BU11+CI11+CW11+DK11 -> 28404956250 | AF11: =AT11+BV11+CJ11+CX11+DL11 -> 20210556250 | AG11: =AU11+BW11+CK11+CY11+DM11 -> 33329800000 | AH11: =AV11+BX11+CL11+CZ11+DN11 -> 40468427500 | AI11: =AW11+BY11+CM11+DA11+DO11 -> 41125912500 | AJ11: =AX11+BZ11+CN11+DB11+DP11 -> 41125912500 | AK11: =AY11+CA11+CO11+DC11+DQ11 -> 41783397500 | AL11: =AZ11+CB11+CP11+DD11+DR11 -> 41806927500 | ... AP11: =BD11+CF11+CT11+DH11+DV11 -> 43143480000 | AQ11: =SUM(AE11:AP11) -> 458198101250 | BE11: =SUM(AS11:BD11) -> 0 | BG11: =BU11+CI11+CW11 -> 28404956250 | BH11: =BV11+CJ11+CX11 -> 20210556250 | BI11: =BW11+CK11+CY11 -> 33329800000 | BJ11: =BX11+CL11+CZ11 -> 40468427500 | BK11: =BY11+CM11+DA11 -> 41125912500 | BL11: =BZ11+CN11+DB11 -> 41125912500 | BM11: =CA11+CO11+DC11 -> 41783397500 | BN11: =CB11+CP11+DD11 -> 41806927500 | ... BR11: =CF11+CT11+DH11 -> 43143480000 | BS11: =SUM(BG11:BR11) -> 458198101250 | BU11: ='PL-KH26-DongLam'!G10 -> 9420187500 | BV11: ='PL-KH26-DongLam'!H10 -> 5652112500 | BW11: ='PL-KH26-DongLam'!I10 -> 12443100000 | BX11: ='PL-KH26-DongLam'!J10 -> 15779640000 | BY11: ='PL-KH26-DongLam'!K10 -> 16437125000 | BZ11: ='PL-KH26-DongLam'!L10 -> 16437125000 | CA11: ='PL-KH26-DongLam'!M10 -> 17094610000 | CB11: ='PL-KH26-DongLam'!N10 -> 17118140000 | ... CF11: ='PL-KH26-DongLam'!R10 -> 17094610000 | CG11: =SUM(BU11:CF11) -> 177488853750 | CI11: ='PL-KH26-KhanhNga'!G9 -> 7469550000 | CJ11: ='PL-KH26-KhanhNga'!H9 -> 5602162500 | CK11: ='PL-KH26-KhanhNga'!I9 -> 8092012500 | CL11: ='PL-KH26-KhanhNga'!J9 -> 8714475000 | CM11: ='PL-KH26-KhanhNga'!K9 -> 8714475000 | CN11: ='PL-KH26-KhanhNga'!L9 -> 8714475000 | CO11: ='PL-KH26-KhanhNga'!M9 -> 8714475000 | CP11: ='PL-KH26-KhanhNga'!N9 -> 8714475000 | ... CT11: ='PL-KH26-KhanhNga'!R9 -> 8714475000 | CU11: =SUM(CI11:CT11) -> 99594000000 | CW11: ='PL-KH26-DaiLoc'!F10 -> 11515218750 | CX11: ='PL-KH26-DaiLoc'!G10 -> 8956281250 | CY11: ='PL-KH26-DaiLoc'!H10 -> 12794687500 | CZ11: ='PL-KH26-DaiLoc'!I10 -> 15974312500 | DA11: ='PL-KH26-DaiLoc'!J10 -> 15974312500 | DB11: ='PL-KH26-DaiLoc'!K10 -> 15974312500 | DC11: ='PL-KH26-DaiLoc'!L10 -> 15974312500 | DD11: ='PL-KH26-DaiLoc'!M10 -> 15974312500 | ... DH11: ='PL-KH26-DaiLoc'!Q10 -> 17334395000 | DI11: =SUM(CW11:DH11) -> 181115247500 | DW11: =SUM(DK11:DV11) -> 0 | EK11: =SUM(DY11:EJ11) -> 0
A12: 511-CC | B12: Con-Con | C12: =Q12+AE12 -> 0 | D12: =R12+AF12 -> 0 | E12: =S12+AG12 -> 0 | F12: =T12+AH12 -> 0 | G12: =U12+AI12 -> 0 | H12: =V12+AJ12 -> 0 | I12: =W12+AK12 -> 0 | J12: =X12+AL12 -> 0 | ... N12: =AB12+AP12 -> 0 | O12: =SUM(C12:N12) -> 0 | AC12: =SUM(Q12:AB12) -> 0 | AE12: =AS12+BU12+CI12+CW12+DK12 -> 0 | AF12: =AT12+BV12+CJ12+CX12+DL12 -> 0 | AG12: =AU12+BW12+CK12+CY12+DM12 -> 0 | AH12: =AV12+BX12+CL12+CZ12+DN12 -> 0 | AI12: =AW12+BY12+CM12+DA12+DO12 -> 0 | AJ12: =AX12+BZ12+CN12+DB12+DP12 -> 0 | AK12: =AY12+CA12+CO12+DC12+DQ12 -> 0 | AL12: =AZ12+CB12+CP12+DD12+DR12 -> 0 | ... AP12: =BD12+CF12+CT12+DH12+DV12 -> 0 | AQ12: =SUM(AE12:AP12) -> 0 | BE12: =SUM(AS12:BD12) -> 0 | BG12: =BU12+CI12+CW12 -> 0 | BH12: =BV12+CJ12+CX12 -> 0 | BI12: =BW12+CK12+CY12 -> 0 | BJ12: =BX12+CL12+CZ12 -> 0 | BK12: =BY12+CM12+DA12 -> 0 | BL12: =BZ12+CN12+DB12 -> 0 | BM12: =CA12+CO12+DC12 -> 0 | BN12: =CB12+CP12+DD12 -> 0 | ... BR12: =CF12+CT12+DH12 -> 0 | BS12: =SUM(BG12:BR12) -> 0 | CG12: =SUM(BU12:CF12) -> 0 | CU12: =SUM(CI12:CT12) -> 0 | DI12: =SUM(CW12:DH12) -> 0 | DW12: =SUM(DK12:DV12) -> 0 | EK12: =SUM(DY12:EJ12) -> 0
A13: 3 | B13: 2.Các khoản giảm trừ doanh thu | C13: =SUM(C14:C16) -> 0 | D13: =SUM(D14:D16) -> 0 | E13: =SUM(E14:E16) -> 0 | F13: =SUM(F14:F16) -> 0 | G13: =SUM(G14:G16) -> 0 | H13: =SUM(H14:H16) -> 0 | I13: =SUM(I14:I16) -> 0 | J13: =SUM(J14:J16) -> 0 | ... O13: =SUM(O14:O16) -> 0 | Q13: =SUM(Q14:Q16) -> 0 | R13: =SUM(R14:R16) -> 0 | S13: =SUM(S14:S16) -> 0 | T13: =SUM(T14:T16) -> 0 | U13: =SUM(U14:U16) -> 0 | V13: =SUM(V14:V16) -> 0 | W13: =SUM(W14:W16) -> 0 | X13: =SUM(X14:X16) -> 0 | ... AC13: =SUM(AC14:AC16) -> 0 | AE13: =SUM(AE14:AE16) -> 0 | AF13: =SUM(AF14:AF16) -> 0 | AG13: =SUM(AG14:AG16) -> 0 | AH13: =SUM(AH14:AH16) -> 0 | AI13: =SUM(AI14:AI16) -> 0 | AJ13: =SUM(AJ14:AJ16) -> 0 | AK13: =SUM(AK14:AK16) -> 0 | AL13: =SUM(AL14:AL16) -> 0 | ... AQ13: =SUM(AQ14:AQ16) -> 0 | AS13: =SUM(AS14:AS16) -> 0 | AT13: =SUM(AT14:AT16) -> 0 | AU13: =SUM(AU14:AU16) -> 0 | AV13: =SUM(AV14:AV16) -> 0 | AW13: =SUM(AW14:AW16) -> 0 | AX13: =SUM(AX14:AX16) -> 0 | AY13: =SUM(AY14:AY16) -> 0 | AZ13: =SUM(AZ14:AZ16) -> 0 | ... BE13: =SUM(BE14:BE16) -> 0 | BG13: =SUM(BG14:BG16) -> 0 | BH13: =SUM(BH14:BH16) -> 0 | BI13: =SUM(BI14:BI16) -> 0 | BJ13: =SUM(BJ14:BJ16) -> 0 | BK13: =SUM(BK14:BK16) -> 0 | BL13: =SUM(BL14:BL16) -> 0 | BM13: =SUM(BM14:BM16) -> 0 | BN13: =SUM(BN14:BN16) -> 0 | ... BS13: =SUM(BS14:BS16) -> 0 | BU13: =SUM(BU14:BU16) -> 0 | BV13: =SUM(BV14:BV16) -> 0 | BW13: =SUM(BW14:BW16) -> 0 | BX13: =SUM(BX14:BX16) -> 0 | BY13: =SUM(BY14:BY16) -> 0 | BZ13: =SUM(BZ14:BZ16) -> 0 | CA13: =SUM(CA14:CA16) -> 0 | CB13: =SUM(CB14:CB16) -> 0 | ... CG13: =SUM(CG14:CG16) -> 0 | CI13: =SUM(CI14:CI16) -> 0 | CJ13: =SUM(CJ14:CJ16) -> 0 | CK13: =SUM(CK14:CK16) -> 0 | CL13: =SUM(CL14:CL16) -> 0 | CM13: =SUM(CM14:CM16) -> 0 | CN13: =SUM(CN14:CN16) -> 0 | CO13: =SUM(CO14:CO16) -> 0 | CP13: =SUM(CP14:CP16) -> 0 | ... CU13: =SUM(CU14:CU16) -> 0 | CW13: =SUM(CW14:CW16) -> 0 | CX13: =SUM(CX14:CX16) -> 0 | CY13: =SUM(CY14:CY16) -> 0 | CZ13: =SUM(CZ14:CZ16) -> 0 | DA13: =SUM(DA14:DA16) -> 0 | DB13: =SUM(DB14:DB16) -> 0 | DC13: =SUM(DC14:DC16) -> 0 | DD13: =SUM(DD14:DD16) -> 0 | ... DI13: =SUM(DI14:DI16) -> 0 | DK13: =SUM(DK14:DK16) -> 0 | DL13: =SUM(DL14:DL16) -> 0 | DM13: =SUM(DM14:DM16) -> 0 | DN13: =SUM(DN14:DN16) -> 0 | DO13: =SUM(DO14:DO16) -> 0 | DP13: =SUM(DP14:DP16) -> 0 | DQ13: =SUM(DQ14:DQ16) -> 0 | DR13: =SUM(DR14:DR16) -> 0 | ... DW13: =SUM(DW14:DW16) -> 0 | DY13: =SUM(DY14:DY16) -> 0 | DZ13: =SUM(DZ14:DZ16) -> 0 | EA13: =SUM(EA14:EA16) -> 0 | EB13: =SUM(EB14:EB16) -> 0 | EC13: =SUM(EC14:EC16) -> 0 | ED13: =SUM(ED14:ED16) -> 0 | EE13: =SUM(EE14:EE16) -> 0 | EF13: =SUM(EF14:EF16) -> 0 | ... EK13: =SUM(EK14:EK16) -> 0
A14: 521-BN | B14: Bán ngoài | C14: =Q14+AE14 -> 0 | D14: =R14+AF14 -> 0 | E14: =S14+AG14 -> 0 | F14: =T14+AH14 -> 0 | G14: =U14+AI14 -> 0 | H14: =V14+AJ14 -> 0 | I14: =W14+AK14 -> 0 | J14: =X14+AL14 -> 0 | ... N14: =AB14+AP14 -> 0 | O14: =SUM(C14:N14) -> 0 | AC14: =SUM(Q14:AB14) -> 0 | AE14: =AS14+BU14+CI14+CW14+DK14 -> 0 | AF14: =AT14+BV14+CJ14+CX14+DL14 -> 0 | AG14: =AU14+BW14+CK14+CY14+DM14 -> 0 | AH14: =AV14+BX14+CL14+CZ14+DN14 -> 0 | AI14: =AW14+BY14+CM14+DA14+DO14 -> 0 | AJ14: =AX14+BZ14+CN14+DB14+DP14 -> 0 | AK14: =AY14+CA14+CO14+DC14+DQ14 -> 0 | AL14: =AZ14+CB14+CP14+DD14+DR14 -> 0 | ... AP14: =BD14+CF14+CT14+DH14+DV14 -> 0 | AQ14: =SUM(AE14:AP14) -> 0 | BE14: =SUM(AS14:BD14) -> 0 | BG14: =BU14+CI14+CW14 -> 0 | BH14: =BV14+CJ14+CX14 -> 0 | BI14: =BW14+CK14+CY14 -> 0 | BJ14: =BX14+CL14+CZ14 -> 0 | BK14: =BY14+CM14+DA14 -> 0 | BL14: =BZ14+CN14+DB14 -> 0 | BM14: =CA14+CO14+DC14 -> 0 | BN14: =CB14+CP14+DD14 -> 0 | ... BR14: =CF14+CT14+DH14 -> 0 | BS14: =SUM(BG14:BR14) -> 0 | CG14: =SUM(BU14:CF14) -> 0 | CU14: =SUM(CI14:CT14) -> 0 | DI14: =SUM(CW14:DH14) -> 0 | DW14: =SUM(DK14:DV14) -> 0 | EK14: =SUM(DY14:EJ14) -> 0
A15: 521-MC | B15: Mẹ-Con | C15: =Q15+AE15 -> 0 | D15: =R15+AF15 -> 0 | E15: =S15+AG15 -> 0 | F15: =T15+AH15 -> 0 | G15: =U15+AI15 -> 0 | H15: =V15+AJ15 -> 0 | I15: =W15+AK15 -> 0 | J15: =X15+AL15 -> 0 | ... N15: =AB15+AP15 -> 0 | O15: =SUM(C15:N15) -> 0 | AC15: =SUM(Q15:AB15) -> 0 | AE15: =AS15+BU15+CI15+CW15+DK15 -> 0 | AF15: =AT15+BV15+CJ15+CX15+DL15 -> 0 | AG15: =AU15+BW15+CK15+CY15+DM15 -> 0 | AH15: =AV15+BX15+CL15+CZ15+DN15 -> 0 | AI15: =AW15+BY15+CM15+DA15+DO15 -> 0 | AJ15: =AX15+BZ15+CN15+DB15+DP15 -> 0 | AK15: =AY15+CA15+CO15+DC15+DQ15 -> 0 | AL15: =AZ15+CB15+CP15+DD15+DR15 -> 0 | ... AP15: =BD15+CF15+CT15+DH15+DV15 -> 0 | AQ15: =SUM(AE15:AP15) -> 0 | BE15: =SUM(AS15:BD15) -> 0 | BG15: =BU15+CI15+CW15 -> 0 | BH15: =BV15+CJ15+CX15 -> 0 | BI15: =BW15+CK15+CY15 -> 0 | BJ15: =BX15+CL15+CZ15 -> 0 | BK15: =BY15+CM15+DA15 -> 0 | BL15: =BZ15+CN15+DB15 -> 0 | BM15: =CA15+CO15+DC15 -> 0 | BN15: =CB15+CP15+DD15 -> 0 | ... BR15: =CF15+CT15+DH15 -> 0 | BS15: =SUM(BG15:BR15) -> 0 | CG15: =SUM(BU15:CF15) -> 0 | CU15: =SUM(CI15:CT15) -> 0 | DI15: =SUM(CW15:DH15) -> 0 | DW15: =SUM(DK15:DV15) -> 0 | EK15: =SUM(DY15:EJ15) -> 0
A16: 521-CC | B16: Con-Con | C16: =Q16+AE16 -> 0 | D16: =R16+AF16 -> 0 | E16: =S16+AG16 -> 0 | F16: =T16+AH16 -> 0 | G16: =U16+AI16 -> 0 | H16: =V16+AJ16 -> 0 | I16: =W16+AK16 -> 0 | J16: =X16+AL16 -> 0 | ... N16: =AB16+AP16 -> 0 | O16: =SUM(C16:N16) -> 0 | AC16: =SUM(Q16:AB16) -> 0 | AE16: =AS16+BU16+CI16+CW16+DK16 -> 0 | AF16: =AT16+BV16+CJ16+CX16+DL16 -> 0 | AG16: =AU16+BW16+CK16+CY16+DM16 -> 0 | AH16: =AV16+BX16+CL16+CZ16+DN16 -> 0 | AI16: =AW16+BY16+CM16+DA16+DO16 -> 0 | AJ16: =AX16+BZ16+CN16+DB16+DP16 -> 0 | AK16: =AY16+CA16+CO16+DC16+DQ16 -> 0 | AL16: =AZ16+CB16+CP16+DD16+DR16 -> 0 | ... AP16: =BD16+CF16+CT16+DH16+DV16 -> 0 | AQ16: =SUM(AE16:AP16) -> 0 | BE16: =SUM(AS16:BD16) -> 0 | BG16: =BU16+CI16+CW16 -> 0 | BH16: =BV16+CJ16+CX16 -> 0 | BI16: =BW16+CK16+CY16 -> 0 | BJ16: =BX16+CL16+CZ16 -> 0 | BK16: =BY16+CM16+DA16 -> 0 | BL16: =BZ16+CN16+DB16 -> 0 | BM16: =CA16+CO16+DC16 -> 0 | BN16: =CB16+CP16+DD16 -> 0 | ... BR16: =CF16+CT16+DH16 -> 0 | BS16: =SUM(BG16:BR16) -> 0 | CG16: =SUM(BU16:CF16) -> 0 | CU16: =SUM(CI16:CT16) -> 0 | DI16: =SUM(CW16:DH16) -> 0 | DW16: =SUM(DK16:DV16) -> 0 | EK16: =SUM(DY16:EJ16) -> 0
A17: 4 | B17: 3.Doanh thu thuần về bán hàng và cung cấp dịch vụ | C17: =SUM(C18:C20) -> 1.2950534e+11 | D17: =SUM(D18:D20) -> 1.2797444e+11 | E17: =SUM(E18:E20) -> 1.4159949e+11 | F17: =SUM(F18:F20) -> 1.3178227e+11 | G17: =SUM(G18:G20) -> 1.4024431e+11 | H17: =SUM(H18:H20) -> 1.414093e+11 | I17: =SUM(I18:I20) -> 1.4540406e+11 | J17: =SUM(J18:J20) -> 1.4127636e+11 | ... O17: =SUM(O18:O20) -> 1.6787476e+12 | Q17: =SUM(Q18:Q20) -> -28404956250 | R17: =SUM(R18:R20) -> -20210556250 | S17: =SUM(S18:S20) -> -33329800000 | T17: =SUM(T18:T20) -> -40468427500 | U17: =SUM(U18:U20) -> -41125912500 | V17: =SUM(V18:V20) -> -41125912500 | W17: =SUM(W18:W20) -> -41783397500 | X17: =SUM(X18:X20) -> -41806927500 | ... AC17: =SUM(AC18:AC20) -> -458198101250 | AE17: =SUM(AE18:AE20) -> 1.579103e+11 | AF17: =SUM(AF18:AF20) -> 1.48185e+11 | AG17: =SUM(AG18:AG20) -> 1.7492929e+11 | AH17: =SUM(AH18:AH20) -> 1.7225069e+11 | AI17: =SUM(AI18:AI20) -> 1.8137022e+11 | AJ17: =SUM(AJ18:AJ20) -> 1.8253521e+11 | AK17: =SUM(AK18:AK20) -> 1.8718745e+11 | AL17: =SUM(AL18:AL20) -> 1.8308329e+11 | ... AQ17: =SUM(AQ18:AQ20) -> 2.1369457e+12 | AS17: =SUM(AS18:AS20) -> 1.2950534e+11 | AT17: =SUM(AT18:AT20) -> 1.2797444e+11 | AU17: =SUM(AU18:AU20) -> 1.4159949e+11 | AV17: =SUM(AV18:AV20) -> 1.3178227e+11 | AW17: =SUM(AW18:AW20) -> 1.4024431e+11 | AX17: =SUM(AX18:AX20) -> 1.414093e+11 | AY17: =SUM(AY18:AY20) -> 1.4540406e+11 | AZ17: =SUM(AZ18:AZ20) -> 1.4127636e+11 | ... BE17: =SUM(BE18:BE20) -> 1.6787476e+12 | BG17: =SUM(BG18:BG20) -> 28404956250 | BH17: =SUM(BH18:BH20) -> 20210556250 | BI17: =SUM(BI18:BI20) -> 33329800000 | BJ17: =SUM(BJ18:BJ20) -> 40468427500 | BK17: =SUM(BK18:BK20) -> 41125912500 | BL17: =SUM(BL18:BL20) -> 41125912500 | BM17: =SUM(BM18:BM20) -> 41783397500 | BN17: =SUM(BN18:BN20) -> 41806927500 | ... BS17: =SUM(BS18:BS20) -> 458198101250 | BU17: =SUM(BU18:BU20) -> 9420187500 | BV17: =SUM(BV18:BV20) -> 5652112500 | BW17: =SUM(BW18:BW20) -> 12443100000 | BX17: =SUM(BX18:BX20) -> 15779640000 | BY17: =SUM(BY18:BY20) -> 16437125000 | BZ17: =SUM(BZ18:BZ20) -> 16437125000 | CA17: =SUM(CA18:CA20) -> 17094610000 | CB17: =SUM(CB18:CB20) -> 17118140000 | ... CG17: =SUM(CG18:CG20) -> 177488853750 | CI17: =SUM(CI18:CI20) -> 7469550000 | CJ17: =SUM(CJ18:CJ20) -> 5602162500 | CK17: =SUM(CK18:CK20) -> 8092012500 | CL17: =SUM(CL18:CL20) -> 8714475000 | CM17: =SUM(CM18:CM20) -> 8714475000 | CN17: =SUM(CN18:CN20) -> 8714475000 | CO17: =SUM(CO18:CO20) -> 8714475000 | CP17: =SUM(CP18:CP20) -> 8714475000 | ... CU17: =SUM(CU18:CU20) -> 99594000000 | CW17: =SUM(CW18:CW20) -> 11515218750 | CX17: =SUM(CX18:CX20) -> 8956281250 | CY17: =SUM(CY18:CY20) -> 12794687500 | CZ17: =SUM(CZ18:CZ20) -> 15974312500 | DA17: =SUM(DA18:DA20) -> 15974312500 | DB17: =SUM(DB18:DB20) -> 15974312500 | DC17: =SUM(DC18:DC20) -> 15974312500 | DD17: =SUM(DD18:DD20) -> 15974312500 | ... DI17: =SUM(DI18:DI20) -> 181115247500 | DK17: =SUM(DK18:DK20) -> 0 | DL17: =SUM(DL18:DL20) -> 0 | DM17: =SUM(DM18:DM20) -> 0 | DN17: =SUM(DN18:DN20) -> 0 | DO17: =SUM(DO18:DO20) -> 0 | DP17: =SUM(DP18:DP20) -> 0 | DQ17: =SUM(DQ18:DQ20) -> 0 | DR17: =SUM(DR18:DR20) -> 0 | ... DW17: =SUM(DW18:DW20) -> 0 | DY17: =SUM(DY18:DY20) -> 0 | DZ17: =SUM(DZ18:DZ20) -> 0 | EA17: =SUM(EA18:EA20) -> 0 | EB17: =SUM(EB18:EB20) -> 0 | EC17: =SUM(EC18:EC20) -> 0 | ED17: =SUM(ED18:ED20) -> 0 | EE17: =SUM(EE18:EE20) -> 0 | EF17: =SUM(EF18:EF20) -> 0 | ... EK17: =SUM(EK18:EK20) -> 0
A18: DTT-BN | B18: Bán ngoài | C18: =C10-C14 -> 1.2950534e+11 | D18: =D10-D14 -> 1.2797444e+11 | E18: =E10-E14 -> 1.4159949e+11 | F18: =F10-F14 -> 1.3178227e+11 | G18: =G10-G14 -> 1.4024431e+11 | H18: =H10-H14 -> 1.414093e+11 | I18: =I10-I14 -> 1.4540406e+11 | J18: =J10-J14 -> 1.4127636e+11 | ... O18: =O10-O14 -> 1.6787476e+12 | Q18: =Q10-Q14 -> 0 | R18: =R10-R14 -> 0 | S18: =S10-S14 -> 0 | T18: =T10-T14 -> 0 | U18: =U10-U14 -> 0 | V18: =V10-V14 -> 0 | W18: =W10-W14 -> 0 | X18: =X10-X14 -> 0 | ... AC18: =AC10-AC14 -> 0 | AE18: =AE10-AE14 -> 1.2950534e+11 | AF18: =AF10-AF14 -> 1.2797444e+11 | AG18: =AG10-AG14 -> 1.4159949e+11 | AH18: =AH10-AH14 -> 1.3178227e+11 | AI18: =AI10-AI14 -> 1.4024431e+11 | AJ18: =AJ10-AJ14 -> 1.414093e+11 | AK18: =AK10-AK14 -> 1.4540406e+11 | AL18: =AL10-AL14 -> 1.4127636e+11 | ... AQ18: =AQ10-AQ14 -> 1.6787476e+12 | AS18: =AS10-AS14 -> 1.2950534e+11 | AT18: =AT10-AT14 -> 1.2797444e+11 | AU18: =AU10-AU14 -> 1.4159949e+11 | AV18: =AV10-AV14 -> 1.3178227e+11 | AW18: =AW10-AW14 -> 1.4024431e+11 | AX18: =AX10-AX14 -> 1.414093e+11 | AY18: =AY10-AY14 -> 1.4540406e+11 | AZ18: =AZ10-AZ14 -> 1.4127636e+11 | ... BE18: =BE10-BE14 -> 1.6787476e+12 | BG18: =BG10-BG14 -> 0 | BH18: =BH10-BH14 -> 0 | BI18: =BI10-BI14 -> 0 | BJ18: =BJ10-BJ14 -> 0 | BK18: =BK10-BK14 -> 0 | BL18: =BL10-BL14 -> 0 | BM18: =BM10-BM14 -> 0 | BN18: =BN10-BN14 -> 0 | ... BS18: =BS10-BS14 -> 0 | BU18: =BU10-BU14 -> 0 | BV18: =BV10-BV14 -> 0 | BW18: =BW10-BW14 -> 0 | BX18: =BX10-BX14 -> 0 | BY18: =BY10-BY14 -> 0 | BZ18: =BZ10-BZ14 -> 0 | CA18: =CA10-CA14 -> 0 | CB18: =CB10-CB14 -> 0 | ... CG18: =CG10-CG14 -> 0 | CI18: =CI10-CI14 -> 0 | CJ18: =CJ10-CJ14 -> 0 | CK18: =CK10-CK14 -> 0 | CL18: =CL10-CL14 -> 0 | CM18: =CM10-CM14 -> 0 | CN18: =CN10-CN14 -> 0 | CO18: =CO10-CO14 -> 0 | CP18: =CP10-CP14 -> 0 | ... CU18: =CU10-CU14 -> 0 | CW18: =CW10-CW14 -> 0 | CX18: =CX10-CX14 -> 0 | CY18: =CY10-CY14 -> 0 | CZ18: =CZ10-CZ14 -> 0 | DA18: =DA10-DA14 -> 0 | DB18: =DB10-DB14 -> 0 | DC18: =DC10-DC14 -> 0 | DD18: =DD10-DD14 -> 0 | ... DI18: =DI10-DI14 -> 0 | DK18: =DK10-DK14 -> 0 | DL18: =DL10-DL14 -> 0 | DM18: =DM10-DM14 -> 0 | DN18: =DN10-DN14 -> 0 | DO18: =DO10-DO14 -> 0 | DP18: =DP10-DP14 -> 0 | DQ18: =DQ10-DQ14 -> 0 | DR18: =DR10-DR14 -> 0 | ... DW18: =DW10-DW14 -> 0 | DY18: =DY10-DY14 -> 0 | DZ18: =DZ10-DZ14 -> 0 | EA18: =EA10-EA14 -> 0 | EB18: =EB10-EB14 -> 0 | EC18: =EC10-EC14 -> 0 | ED18: =ED10-ED14 -> 0 | EE18: =EE10-EE14 -> 0 | EF18: =EF10-EF14 -> 0 | ... EK18: =EK10-EK14 -> 0
A19: DTT-MC | B19: Mẹ-Con | C19: =C11-C15 -> 0 | D19: =D11-D15 -> 0 | E19: =E11-E15 -> 0 | F19: =F11-F15 -> 0 | G19: =G11-G15 -> 0 | H19: =H11-H15 -> 0 | I19: =I11-I15 -> 0 | J19: =J11-J15 -> 0 | ... O19: =O11-O15 -> 0 | Q19: =Q11-Q15 -> -28404956250 | R19: =R11-R15 -> -20210556250 | S19: =S11-S15 -> -33329800000 | T19: =T11-T15 -> -40468427500 | U19: =U11-U15 -> -41125912500 | V19: =V11-V15 -> -41125912500 | W19: =W11-W15 -> -41783397500 | X19: =X11-X15 -> -41806927500 | ... AC19: =AC11-AC15 -> -458198101250 | AE19: =AE11-AE15 -> 28404956250 | AF19: =AF11-AF15 -> 20210556250 | AG19: =AG11-AG15 -> 33329800000 | AH19: =AH11-AH15 -> 40468427500 | AI19: =AI11-AI15 -> 41125912500 | AJ19: =AJ11-AJ15 -> 41125912500 | AK19: =AK11-AK15 -> 41783397500 | AL19: =AL11-AL15 -> 41806927500 | ... AQ19: =AQ11-AQ15 -> 458198101250 | AS19: =AS11-AS15 -> 0 | AT19: =AT11-AT15 -> 0 | AU19: =AU11-AU15 -> 0 | AV19: =AV11-AV15 -> 0 | AW19: =AW11-AW15 -> 0 | AX19: =AX11-AX15 -> 0 | AY19: =AY11-AY15 -> 0 | AZ19: =AZ11-AZ15 -> 0 | ... BE19: =BE11-BE15 -> 0 | BG19: =BG11-BG15 -> 28404956250 | BH19: =BH11-BH15 -> 20210556250 | BI19: =BI11-BI15 -> 33329800000 | BJ19: =BJ11-BJ15 -> 40468427500 | BK19: =BK11-BK15 -> 41125912500 | BL19: =BL11-BL15 -> 41125912500 | BM19: =BM11-BM15 -> 41783397500 | BN19: =BN11-BN15 -> 41806927500 | ... BS19: =BS11-BS15 -> 458198101250 | BU19: =BU11-BU15 -> 9420187500 | BV19: =BV11-BV15 -> 5652112500 | BW19: =BW11-BW15 -> 12443100000 | BX19: =BX11-BX15 -> 15779640000 | BY19: =BY11-BY15 -> 16437125000 | BZ19: =BZ11-BZ15 -> 16437125000 | CA19: =CA11-CA15 -> 17094610000 | CB19: =CB11-CB15 -> 17118140000 | ... CG19: =CG11-CG15 -> 177488853750 | CI19: =CI11-CI15 -> 7469550000 | CJ19: =CJ11-CJ15 -> 5602162500 | CK19: =CK11-CK15 -> 8092012500 | CL19: =CL11-CL15 -> 8714475000 | CM19: =CM11-CM15 -> 8714475000 | CN19: =CN11-CN15 -> 8714475000 | CO19: =CO11-CO15 -> 8714475000 | CP19: =CP11-CP15 -> 8714475000 | ... CU19: =CU11-CU15 -> 99594000000 | CW19: =CW11-CW15 -> 11515218750 | CX19: =CX11-CX15 -> 8956281250 | CY19: =CY11-CY15 -> 12794687500 | CZ19: =CZ11-CZ15 -> 15974312500 | DA19: =DA11-DA15 -> 15974312500 | DB19: =DB11-DB15 -> 15974312500 | DC19: =DC11-DC15 -> 15974312500 | DD19: =DD11-DD15 -> 15974312500 | ... DI19: =DI11-DI15 -> 181115247500 | DK19: =DK11-DK15 -> 0 | DL19: =DL11-DL15 -> 0 | DM19: =DM11-DM15 -> 0 | DN19: =DN11-DN15 -> 0 | DO19: =DO11-DO15 -> 0 | DP19: =DP11-DP15 -> 0 | DQ19: =DQ11-DQ15 -> 0 | DR19: =DR11-DR15 -> 0 | ... DW19: =DW11-DW15 -> 0 | DY19: =DY11-DY15 -> 0 | DZ19: =DZ11-DZ15 -> 0 | EA19: =EA11-EA15 -> 0 | EB19: =EB11-EB15 -> 0 | EC19: =EC11-EC15 -> 0 | ED19: =ED11-ED15 -> 0 | EE19: =EE11-EE15 -> 0 | EF19: =EF11-EF15 -> 0 | ... EK19: =EK11-EK15 -> 0
A20: DTT-CC | B20: Con-Con | C20: =C12-C16 -> 0 | D20: =D12-D16 -> 0 | E20: =E12-E16 -> 0 | F20: =F12-F16 -> 0 | G20: =G12-G16 -> 0 | H20: =H12-H16 -> 0 | I20: =I12-I16 -> 0 | J20: =J12-J16 -> 0 | ... O20: =O12-O16 -> 0 | Q20: =Q12-Q16 -> 0 | R20: =R12-R16 -> 0 | S20: =S12-S16 -> 0 | T20: =T12-T16 -> 0 | U20: =U12-U16 -> 0 | V20: =V12-V16 -> 0 | W20: =W12-W16 -> 0 | X20: =X12-X16 -> 0 | ... AC20: =AC12-AC16 -> 0 | AE20: =AE12-AE16 -> 0 | AF20: =AF12-AF16 -> 0 | AG20: =AG12-AG16 -> 0 | AH20: =AH12-AH16 -> 0 | AI20: =AI12-AI16 -> 0 | AJ20: =AJ12-AJ16 -> 0 | AK20: =AK12-AK16 -> 0 | AL20: =AL12-AL16 -> 0 | ... AQ20: =AQ12-AQ16 -> 0 | AS20: =AS12-AS16 -> 0 | AT20: =AT12-AT16 -> 0 | AU20: =AU12-AU16 -> 0 | AV20: =AV12-AV16 -> 0 | AW20: =AW12-AW16 -> 0 | AX20: =AX12-AX16 -> 0 | AY20: =AY12-AY16 -> 0 | AZ20: =AZ12-AZ16 -> 0 | ... BE20: =BE12-BE16 -> 0 | BG20: =BG12-BG16 -> 0 | BH20: =BH12-BH16 -> 0 | BI20: =BI12-BI16 -> 0 | BJ20: =BJ12-BJ16 -> 0 | BK20: =BK12-BK16 -> 0 | BL20: =BL12-BL16 -> 0 | BM20: =BM12-BM16 -> 0 | BN20: =BN12-BN16 -> 0 | ... BS20: =BS12-BS16 -> 0 | BU20: =BU12-BU16 -> 0 | BV20: =BV12-BV16 -> 0 | BW20: =BW12-BW16 -> 0 | BX20: =BX12-BX16 -> 0 | BY20: =BY12-BY16 -> 0 | BZ20: =BZ12-BZ16 -> 0 | CA20: =CA12-CA16 -> 0 | CB20: =CB12-CB16 -> 0 | ... CG20: =CG12-CG16 -> 0 | CI20: =CI12-CI16 -> 0 | CJ20: =CJ12-CJ16 -> 0 | CK20: =CK12-CK16 -> 0 | CL20: =CL12-CL16 -> 0 | CM20: =CM12-CM16 -> 0 | CN20: =CN12-CN16 -> 0 | CO20: =CO12-CO16 -> 0 | CP20: =CP12-CP16 -> 0 | ... CU20: =CU12-CU16 -> 0 | CW20: =CW12-CW16 -> 0 | CX20: =CX12-CX16 -> 0 | CY20: =CY12-CY16 -> 0 | CZ20: =CZ12-CZ16 -> 0 | DA20: =DA12-DA16 -> 0 | DB20: =DB12-DB16 -> 0 | DC20: =DC12-DC16 -> 0 | DD20: =DD12-DD16 -> 0 | ... DI20: =DI12-DI16 -> 0 | DK20: =DK12-DK16 -> 0 | DL20: =DL12-DL16 -> 0 | DM20: =DM12-DM16 -> 0 | DN20: =DN12-DN16 -> 0 | DO20: =DO12-DO16 -> 0 | DP20: =DP12-DP16 -> 0 | DQ20: =DQ12-DQ16 -> 0 | DR20: =DR12-DR16 -> 0 | ... DW20: =DW12-DW16 -> 0 | DY20: =DY12-DY16 -> 0 | DZ20: =DZ12-DZ16 -> 0 | EA20: =EA12-EA16 -> 0 | EB20: =EB12-EB16 -> 0 | EC20: =EC12-EC16 -> 0 | ED20: =ED12-ED16 -> 0 | EE20: =EE12-EE16 -> 0 | EF20: =EF12-EF16 -> 0 | ... EK20: =EK12-EK16 -> 0
A21: 5 | B21: 4.Giá vốn hàng bán | C21: =SUM(C22:C24)-C25+C26 -> 1.112126e+11 | D21: =SUM(D22:D24)-D25+D26 -> 1.1487344e+11 | E21: =SUM(E22:E24)-E25+E26 -> 1.1977663e+11 | F21: =SUM(F22:F24)-F25+F26 -> 1.1273471e+11 | G21: =SUM(G22:G24)-G25+G26 -> 1.1787345e+11 | H21: =SUM(H22:H24)-H25+H26 -> 1.2058265e+11 | I21: =SUM(I22:I24)-I25+I26 -> 1.1780873e+11 | J21: =SUM(J22:J24)-J25+J26 -> 1.1382363e+11 | ... O21: =SUM(O22:O24)-O25+O26 -> 1.3991907e+12 | Q21: =SUM(Q22:Q24)-Q25+Q26 -> -2.7323303e+10 | R21: =SUM(R22:R24)-R25+R26 -> -2.0004196e+10 | S21: =SUM(S22:S24)-S25+S26 -> -3.2018611e+10 | T21: =SUM(T22:T24)-T25+T26 -> -3.8778923e+10 | U21: =SUM(U22:U24)-U25+U26 -> -4.052545e+10 | V21: =SUM(V22:V24)-V25+V26 -> -3.9739119e+10 | W21: =SUM(W22:W24)-W25+W26 -> -4.1465121e+10 | X21: =SUM(X22:X24)-X25+X26 -> -4.1838144e+10 | ... AC21: =SUM(AC22:AC24)-AC25+AC26 -> -4.510505e+11 | AE21: =SUM(AE22:AE24)-AE25+AE26 -> 1.385359e+11 | AF21: =SUM(AF22:AF24)-AF25+AF26 -> 1.3487763e+11 | AG21: =SUM(AG22:AG24)-AG25+AG26 -> 1.5179524e+11 | AH21: =SUM(AH22:AH24)-AH25+AH26 -> 1.5151364e+11 | AI21: =SUM(AI22:AI24)-AI25+AI26 -> 1.583989e+11 | AJ21: =SUM(AJ22:AJ24)-AJ25+AJ26 -> 1.6032176e+11 | AK21: =SUM(AK22:AK24)-AK25+AK26 -> 1.5927385e+11 | AL21: =SUM(AL22:AL24)-AL25+AL26 -> 1.5566177e+11 | ... AQ21: =SUM(AQ22:AQ24)-AQ25+AQ26 -> 1.8502412e+12 | AS21: =SUM(AS22:AS24)-AS25+AS26 -> 1.1157315e+11 | AT21: =SUM(AT22:AT24)-AT25+AT26 -> 1.1494222e+11 | AU21: =SUM(AU22:AU24)-AU25+AU26 -> 1.2021369e+11 | AV21: =SUM(AV22:AV24)-AV25+AV26 -> 1.1329788e+11 | AW21: =SUM(AW22:AW24)-AW25+AW26 -> 1.195158e+11 | AX21: =SUM(AX22:AX24)-AX25+AX26 -> 1.2132006e+11 | AY21: =SUM(AY22:AY24)-AY25+AY26 -> 1.1966307e+11 | AZ21: =SUM(AZ22:AZ24)-AZ25+AZ26 -> 1.1606589e+11 | ... BE21: =SUM(BE22:BE24)-BE25+BE26 -> 1.4160422e+12 | BG21: =SUM(BG22:BG24)-BG25+BG26 -> 2.6962752e+10 | BH21: =SUM(BH22:BH24)-BH25+BH26 -> 1.9935409e+10 | BI21: =SUM(BI22:BI24)-BI25+BI26 -> 3.1581548e+10 | BJ21: =SUM(BJ22:BJ24)-BJ25+BJ26 -> 3.8215755e+10 | BK21: =SUM(BK22:BK24)-BK25+BK26 -> 3.8883091e+10 | BL21: =SUM(BL22:BL24)-BL25+BL26 -> 3.9001707e+10 | BM21: =SUM(BM22:BM24)-BM25+BM26 -> 3.9610777e+10 | BN21: =SUM(BN22:BN24)-BN25+BN26 -> 3.9595876e+10 | ... BS21: =SUM(BS22:BS24)-BS25+BS26 -> 4.3419899e+11 | BU21: =SUM(BU22:BU24)-BU25+BU26 -> 8.4781575e+09 | BV21: =SUM(BV22:BV24)-BV25+BV26 -> 5.2357409e+09 | BW21: =SUM(BW22:BW24)-BW25+BW26 -> 1.1530977e+10 | BX21: =SUM(BX22:BX24)-BX25+BX26 -> 1.4968396e+10 | BY21: =SUM(BY22:BY24)-BY25+BY26 -> 1.5656323e+10 | BZ21: =SUM(BZ22:BZ24)-BZ25+BZ26 -> 1.5691296e+10 | CA21: =SUM(CA22:CA24)-CA25+CA26 -> 1.6260498e+10 | CB21: =SUM(CB22:CB24)-CB25+CB26 -> 1.6220815e+10 | ... CG21: =SUM(CG22:CG24)-CG25+CG26 -> 1.6798997e+11 | CI21: =SUM(CI22:CI24)-CI25+CI26 -> 7.0005377e+09 | CJ21: =SUM(CJ22:CJ24)-CJ25+CJ26 -> 5.4962515e+09 | CK21: =SUM(CK22:CK24)-CK25+CK26 -> 7.4726572e+09 | CL21: =SUM(CL22:CL24)-CL25+CL26 -> 8.0211247e+09 | CM21: =SUM(CM22:CM24)-CM25+CM26 -> 7.9796137e+09 | CN21: =SUM(CN22:CN24)-CN25+CN26 -> 8.023943e+09 | CO21: =SUM(CO22:CO24)-CO25+CO26 -> 8.0369903e+09 | CP21: =SUM(CP22:CP24)-CP25+CP26 -> 8.0545229e+09 | ... CU21: =SUM(CU22:CU24)-CU25+CU26 -> 9.2113709e+10 | CW21: =SUM(CW22:CW24)-CW25+CW26 -> 1.1484056e+10 | CX21: =SUM(CX22:CX24)-CX25+CX26 -> 9.2034163e+09 | CY21: =SUM(CY22:CY24)-CY25+CY26 -> 1.2577914e+10 | CZ21: =SUM(CZ22:CZ24)-CZ25+CZ26 -> 1.5226234e+10 | DA21: =SUM(DA22:DA24)-DA25+DA26 -> 1.5247155e+10 | DB21: =SUM(DB22:DB24)-DB25+DB26 -> 1.5286468e+10 | DC21: =SUM(DC22:DC24)-DC25+DC26 -> 1.5313288e+10 | DD21: =SUM(DD22:DD24)-DD25+DD26 -> 1.5320539e+10 | ... DI21: =SUM(DI22:DI24)-DI25+DI26 -> 1.7409531e+11 | DK21: =SUM(DK22:DK24)-DK25+DK26 -> 0 | DL21: =SUM(DL22:DL24)-DL25+DL26 -> 0 | DM21: =SUM(DM22:DM24)-DM25+DM26 -> 0 | DN21: =SUM(DN22:DN24)-DN25+DN26 -> 0 | DO21: =SUM(DO22:DO24)-DO25+DO26 -> 0 | DP21: =SUM(DP22:DP24)-DP25+DP26 -> 0 | DQ21: =SUM(DQ22:DQ24)-DQ25+DQ26 -> 0 | DR21: =SUM(DR22:DR24)-DR25+DR26 -> 0 | ... DW21: =SUM(DW22:DW24)-DW25+DW26 -> 0 | DY21: =SUM(DY22:DY24)-DY25+DY26 -> 0 | DZ21: =SUM(DZ22:DZ24)-DZ25+DZ26 -> 0 | EA21: =SUM(EA22:EA24)-EA25+EA26 -> 0 | EB21: =SUM(EB22:EB24)-EB25+EB26 -> 0 | EC21: =SUM(EC22:EC24)-EC25+EC26 -> 0 | ED21: =SUM(ED22:ED24)-ED25+ED26 -> 0 | EE21: =SUM(EE22:EE24)-EE25+EE26 -> 0 | EF21: =SUM(EF22:EF24)-EF25+EF26 -> 0 | ... EK21: =SUM(EK22:EK24)-EK25+EK26 -> 0
A22: 632-BN | B22: Bán ngoài | C22: =Q22+AE22 -> 1.1157315e+11 | D22: =R22+AF22 -> 1.1494222e+11 | E22: =S22+AG22 -> 1.2021369e+11 | F22: =T22+AH22 -> 1.1329788e+11 | G22: =U22+AI22 -> 1.195158e+11 | H22: =V22+AJ22 -> 1.2132006e+11 | I22: =W22+AK22 -> 1.1966307e+11 | J22: =X22+AL22 -> 1.1606589e+11 | ... N22: =AB22+AP22 -> 1.224094e+11 | O22: =SUM(C22:N22) -> 1.4160422e+12 | AC22: =SUM(Q22:AB22) -> 0 | AE22: =AS22+BU22+CI22+CW22+DK22 -> 1.1157315e+11 | AF22: =AT22+BV22+CJ22+CX22+DL22 -> 1.1494222e+11 | AG22: =AU22+BW22+CK22+CY22+DM22 -> 1.2021369e+11 | AH22: =AV22+BX22+CL22+CZ22+DN22 -> 1.1329788e+11 | AI22: =AW22+BY22+CM22+DA22+DO22 -> 1.195158e+11 | AJ22: =AX22+BZ22+CN22+DB22+DP22 -> 1.2132006e+11 | AK22: =AY22+CA22+CO22+DC22+DQ22 -> 1.1966307e+11 | AL22: =AZ22+CB22+CP22+DD22+DR22 -> 1.1606589e+11 | ... AP22: =BD22+CF22+CT22+DH22+DV22 -> 1.224094e+11 | AQ22: =SUM(AE22:AP22) -> 1.4160422e+12 | AS22: ='PL-KH26-DTR'!BL8 -> 1.1157315e+11 | AT22: ='PL-KH26-DTR'!BM8 -> 1.1494222e+11 | AU22: ='PL-KH26-DTR'!BN8 -> 1.2021369e+11 | AV22: ='PL-KH26-DTR'!BO8 -> 1.1329788e+11 | AW22: ='PL-KH26-DTR'!BP8 -> 1.195158e+11 | AX22: ='PL-KH26-DTR'!BQ8 -> 1.2132006e+11 | AY22: ='PL-KH26-DTR'!BR8 -> 1.1966307e+11 | AZ22: ='PL-KH26-DTR'!BS8 -> 1.1606589e+11 | ... BD22: ='PL-KH26-DTR'!BW8 -> 1.224094e+11 | BE22: =SUM(AS22:BD22) -> 1.4160422e+12 | BG22: =BU22+CI22+CW22 -> 0 | BH22: =BV22+CJ22+CX22 -> 0 | BI22: =BW22+CK22+CY22 -> 0 | BJ22: =BX22+CL22+CZ22 -> 0 | BK22: =BY22+CM22+DA22 -> 0 | BL22: =BZ22+CN22+DB22 -> 0 | BM22: =CA22+CO22+DC22 -> 0 | BN22: =CB22+CP22+DD22 -> 0 | ... BR22: =CF22+CT22+DH22 -> 0 | BS22: =SUM(BG22:BR22) -> 0 | CG22: =SUM(BU22:CF22) -> 0 | CU22: =SUM(CI22:CT22) -> 0 | DI22: =SUM(CW22:DH22) -> 0 | DW22: =SUM(DK22:DV22) -> 0 | EK22: =SUM(DY22:EJ22) -> 0
A23: 632-MC | B23: Mẹ-Con | C23: =Q23+AE23 -> -1.4422047e+09 | D23: =R23+AF23 -> -2.7514751e+08 | E23: =S23+AG23 -> -1.7482516e+09 | F23: =T23+AH23 -> -2.2526726e+09 | G23: =U23+AI23 -> -2.2428215e+09 | H23: =V23+AJ23 -> -2.1242051e+09 | I23: =W23+AK23 -> -2.1726208e+09 | J23: =X23+AL23 -> -2.2110511e+09 | ... N23: =AB23+AP23 -> -2.5142207e+09 | O23: =SUM(C23:N23) -> -2.3999115e+10 | Q23: =Q11 -> -28404956250 | R23: =R11 -> -20210556250 | S23: =S11 -> -33329800000 | T23: =T11 -> -40468427500 | U23: =U11 -> -41125912500 | V23: =V11 -> -41125912500 | W23: =W11 -> -41783397500 | X23: =X11 -> -41806927500 | ... AB23: =AB11 -> -43143480000 | AC23: =SUM(Q23:AB23) -> -458198101250 | AE23: =AS23+BU23+CI23+CW23+DK23 -> 2.6962752e+10 | AF23: =AT23+BV23+CJ23+CX23+DL23 -> 1.9935409e+10 | AG23: =AU23+BW23+CK23+CY23+DM23 -> 3.1581548e+10 | AH23: =AV23+BX23+CL23+CZ23+DN23 -> 3.8215755e+10 | AI23: =AW23+BY23+CM23+DA23+DO23 -> 3.8883091e+10 | AJ23: =AX23+BZ23+CN23+DB23+DP23 -> 3.9001707e+10 | AK23: =AY23+CA23+CO23+DC23+DQ23 -> 3.9610777e+10 | AL23: =AZ23+CB23+CP23+DD23+DR23 -> 3.9595876e+10 | ... AP23: =BD23+CF23+CT23+DH23+DV23 -> 4.0629259e+10 | AQ23: =SUM(AE23:AP23) -> 4.3419899e+11 | BE23: =SUM(AS23:BD23) -> 0 | BG23: =BU23+CI23+CW23 -> 2.6962752e+10 | BH23: =BV23+CJ23+CX23 -> 1.9935409e+10 | BI23: =BW23+CK23+CY23 -> 3.1581548e+10 | BJ23: =BX23+CL23+CZ23 -> 3.8215755e+10 | BK23: =BY23+CM23+DA23 -> 3.8883091e+10 | BL23: =BZ23+CN23+DB23 -> 3.9001707e+10 | BM23: =CA23+CO23+DC23 -> 3.9610777e+10 | BN23: =CB23+CP23+DD23 -> 3.9595876e+10 | ... BR23: =CF23+CT23+DH23 -> 4.0629259e+10 | BS23: =SUM(BG23:BR23) -> 4.3419899e+11 | BU23: ='PL-KH26-DongLam'!G16+'PL-KH26-DongLam'!G28+'PL-KH26-DongLam'!G32 -> 8.4781575e+09 | BV23: ='PL-KH26-DongLam'!H16+'PL-KH26-DongLam'!H28+'PL-KH26-DongLam'!H32 -> 5.2357409e+09 | BW23: ='PL-KH26-DongLam'!I16+'PL-KH26-DongLam'!I28+'PL-KH26-DongLam'!I32 -> 1.1530977e+10 | BX23: ='PL-KH26-DongLam'!J16+'PL-KH26-DongLam'!J28+'PL-KH26-DongLam'!J32 -> 1.4968396e+10 | BY23: ='PL-KH26-DongLam'!K16+'PL-KH26-DongLam'!K28+'PL-KH26-DongLam'!K32 -> 1.5656323e+10 | BZ23: ='PL-KH26-DongLam'!L16+'PL-KH26-DongLam'!L28+'PL-KH26-DongLam'!L32 -> 1.5691296e+10 | CA23: ='PL-KH26-DongLam'!M16+'PL-KH26-DongLam'!M28+'PL-KH26-DongLam'!M32 -> 1.6260498e+10 | CB23: ='PL-KH26-DongLam'!N16+'PL-KH26-DongLam'!N28+'PL-KH26-DongLam'!N32 -> 1.6220815e+10 | ... CF23: ='PL-KH26-DongLam'!R16+'PL-KH26-DongLam'!R28+'PL-KH26-DongLam'!R32 -> 1.6250235e+10 | CG23: =SUM(BU23:CF23) -> 1.6798997e+11 | CI23: ='PL-KH26-KhanhNga'!G15+'PL-KH26-KhanhNga'!G27+'PL-KH26-KhanhNga'!G31 -> 7.0005377e+09 | CJ23: ='PL-KH26-KhanhNga'!H15+'PL-KH26-KhanhNga'!H27+'PL-KH26-KhanhNga'!H31 -> 5.4962515e+09 | CK23: ='PL-KH26-KhanhNga'!I15+'PL-KH26-KhanhNga'!I27+'PL-KH26-KhanhNga'!I31 -> 7.4726572e+09 | CL23: ='PL-KH26-KhanhNga'!J15+'PL-KH26-KhanhNga'!J27+'PL-KH26-KhanhNga'!J31 -> 8.0211247e+09 | CM23: ='PL-KH26-KhanhNga'!K15+'PL-KH26-KhanhNga'!K27+'PL-KH26-KhanhNga'!K31 -> 7.9796137e+09 | CN23: ='PL-KH26-KhanhNga'!L15+'PL-KH26-KhanhNga'!L27+'PL-KH26-KhanhNga'!L31 -> 8.023943e+09 | CO23: ='PL-KH26-KhanhNga'!M15+'PL-KH26-KhanhNga'!M27+'PL-KH26-KhanhNga'!M31 -> 8.0369903e+09 | CP23: ='PL-KH26-KhanhNga'!N15+'PL-KH26-KhanhNga'!N27+'PL-KH26-KhanhNga'!N31 -> 8.0545229e+09 | ... CT23: ='PL-KH26-KhanhNga'!R15+'PL-KH26-KhanhNga'!R27+'PL-KH26-KhanhNga'!R31 -> 7.9997408e+09 | CU23: =SUM(CI23:CT23) -> 9.2113709e+10 | CW23: ='PL-KH26-DaiLoc'!F17+'PL-KH26-DaiLoc'!F29+'PL-KH26-DaiLoc'!F33 -> 1.1484056e+10 | CX23: ='PL-KH26-DaiLoc'!G17+'PL-KH26-DaiLoc'!G29+'PL-KH26-DaiLoc'!G33 -> 9.2034163e+09 | CY23: ='PL-KH26-DaiLoc'!H17+'PL-KH26-DaiLoc'!H29+'PL-KH26-DaiLoc'!H33 -> 1.2577914e+10 | CZ23: ='PL-KH26-DaiLoc'!I17+'PL-KH26-DaiLoc'!I29+'PL-KH26-DaiLoc'!I33 -> 1.5226234e+10 | DA23: ='PL-KH26-DaiLoc'!J17+'PL-KH26-DaiLoc'!J29+'PL-KH26-DaiLoc'!J33 -> 1.5247155e+10 | DB23: ='PL-KH26-DaiLoc'!K17+'PL-KH26-DaiLoc'!K29+'PL-KH26-DaiLoc'!K33 -> 1.5286468e+10 | DC23: ='PL-KH26-DaiLoc'!L17+'PL-KH26-DaiLoc'!L29+'PL-KH26-DaiLoc'!L33 -> 1.5313288e+10 | DD23: ='PL-KH26-DaiLoc'!M17+'PL-KH26-DaiLoc'!M29+'PL-KH26-DaiLoc'!M33 -> 1.5320539e+10 | ... DH23: ='PL-KH26-DaiLoc'!Q17+'PL-KH26-DaiLoc'!Q29+'PL-KH26-DaiLoc'!Q33 -> 1.6379284e+10 | DI23: =SUM(CW23:DH23) -> 1.7409531e+11 | DW23: =SUM(DK23:DV23) -> 0 | EK23: =SUM(DY23:EJ23) -> 0
A24: 632-CC | B24: Con-Con | C24: =Q24+AE24 -> 0 | D24: =R24+AF24 -> 0 | E24: =S24+AG24 -> 0 | F24: =T24+AH24 -> 0 | G24: =U24+AI24 -> 0 | H24: =V24+AJ24 -> 0 | I24: =W24+AK24 -> 0 | J24: =X24+AL24 -> 0 | ... N24: =AB24+AP24 -> 0 | O24: =SUM(C24:N24) -> 0 | AC24: =SUM(Q24:AB24) -> 0 | AE24: =AS24+BU24+CI24+CW24+DK24 -> 0 | AF24: =AT24+BV24+CJ24+CX24+DL24 -> 0 | AG24: =AU24+BW24+CK24+CY24+DM24 -> 0 | AH24: =AV24+BX24+CL24+CZ24+DN24 -> 0 | AI24: =AW24+BY24+CM24+DA24+DO24 -> 0 | AJ24: =AX24+BZ24+CN24+DB24+DP24 -> 0 | AK24: =AY24+CA24+CO24+DC24+DQ24 -> 0 | AL24: =AZ24+CB24+CP24+DD24+DR24 -> 0 | ... AP24: =BD24+CF24+CT24+DH24+DV24 -> 0 | AQ24: =SUM(AE24:AP24) -> 0 | BE24: =SUM(AS24:BD24) -> 0 | BG24: =BU24+CI24+CW24 -> 0 | BH24: =BV24+CJ24+CX24 -> 0 | BI24: =BW24+CK24+CY24 -> 0 | BJ24: =BX24+CL24+CZ24 -> 0 | BK24: =BY24+CM24+DA24 -> 0 | BL24: =BZ24+CN24+DB24 -> 0 | BM24: =CA24+CO24+DC24 -> 0 | BN24: =CB24+CP24+DD24 -> 0 | ... BR24: =CF24+CT24+DH24 -> 0 | BS24: =SUM(BG24:BR24) -> 0 | CG24: =SUM(BU24:CF24) -> 0 | CU24: =SUM(CI24:CT24) -> 0 | DI24: =SUM(CW24:DH24) -> 0 | DW24: =SUM(DK24:DV24) -> 0 | EK24: =SUM(DY24:EJ24) -> 0
A25: URP-DK | B25: URP đầu kỳ | C25: =Q25+AE25 -> 0 | D25: =R25+AF25 -> 1.0816536e+09 | E25: =S25+AG25 -> 1.2880142e+09 | F25: =T25+AH25 -> 2.5992029e+09 | G25: =U25+AI25 -> 4.2887073e+09 | H25: =V25+AJ25 -> 4.8891699e+09 | I25: =W25+AK25 -> 6.2759631e+09 | J25: =X25+AL25 -> 6.59424e+09 | ... N25: =AB25+AP25 -> 6.9202278e+09 | R25: =Q26 -> 1.0816536e+09 | S25: =R26 -> 1.2880142e+09 | T25: =S26 -> 2.5992029e+09 | U25: =T26 -> 4.2887073e+09 | V25: =U26 -> 4.8891699e+09 | W25: =V26 -> 6.2759631e+09 | X25: =W26 -> 6.59424e+09 | Y25: =X26 -> 6.5630238e+09 | ... AB25: =AA26 -> 6.9202278e+09
A26: URP-CK | B26: URP cuối kỳ | C26: =Q26+AE26 -> 1.0816536e+09 | D26: =R26+AF26 -> 1.2880142e+09 | E26: =S26+AG26 -> 2.5992029e+09 | F26: =T26+AH26 -> 4.2887073e+09 | G26: =U26+AI26 -> 4.8891699e+09 | H26: =V26+AJ26 -> 6.2759631e+09 | I26: =W26+AK26 -> 6.59424e+09 | J26: =X26+AL26 -> 6.5630238e+09 | ... N26: =AB26+AP26 -> 7.147605e+09 | O26: =N26 -> 7.147605e+09 | Q26: =IF(OR($R$1=1,$R$1=0),0,SUM(OFFSET(AE29,0,MAX(-(AE$4-1),-($R$1-1)),1,MIN(AE$4,$R$1)))/$R$1*($R$1-1)) -> 1.0816536e+09 | R26: =IF(OR($R$1=1,$R$1=0),0,SUM(OFFSET(AF29,0,MAX(-(AF$4-1),-($R$1-1)),1,MIN(AF$4,$R$1)))/$R$1*($R$1-1)) -> 1.2880142e+09 | S26: =IF(OR($R$1=1,$R$1=0),0,SUM(OFFSET(AG29,0,MAX(-(AG$4-1),-($R$1-1)),1,MIN(AG$4,$R$1)))/$R$1*($R$1-1)) -> 2.5992029e+09 | T26: =IF(OR($R$1=1,$R$1=0),0,SUM(OFFSET(AH29,0,MAX(-(AH$4-1),-($R$1-1)),1,MIN(AH$4,$R$1)))/$R$1*($R$1-1)) -> 4.2887073e+09 | U26: =IF(OR($R$1=1,$R$1=0),0,SUM(OFFSET(AI29,0,MAX(-(AI$4-1),-($R$1-1)),1,MIN(AI$4,$R$1)))/$R$1*($R$1-1)) -> 4.8891699e+09 | V26: =IF(OR($R$1=1,$R$1=0),0,SUM(OFFSET(AJ29,0,MAX(-(AJ$4-1),-($R$1-1)),1,MIN(AJ$4,$R$1)))/$R$1*($R$1-1)) -> 6.2759631e+09 | W26: =IF(OR($R$1=1,$R$1=0),0,SUM(OFFSET(AK29,0,MAX(-(AK$4-1),-($R$1-1)),1,MIN(AK$4,$R$1)))/$R$1*($R$1-1)) -> 6.59424e+09 | X26: =IF(OR($R$1=1,$R$1=0),0,SUM(OFFSET(AL29,0,MAX(-(AL$4-1),-($R$1-1)),1,MIN(AL$4,$R$1)))/$R$1*($R$1-1)) -> 6.5630238e+09 | ... AB26: =IF(OR($R$1=1,$R$1=0),0,SUM(OFFSET(AP29,0,MAX(-(AP$4-1),-($R$1-1)),1,MIN(AP$4,$R$1)))/$R$1*($R$1-1)) -> 7.147605e+09 | AC26: =AB26 -> 7.147605e+09 | AQ26: =AP26 -> 0 | BE26: =BD26 -> 0 | BS26: =BR26 -> 0 | CG26: =CF26 -> 0 | CU26: =CT26 -> 0 | DI26: =DH26 -> 0 | DW26: =DV26 -> 0 | EK26: =EJ26 -> 0
A27: 6 | B27: 5.Lợi nhuận gộp về bán hàng | C27: =SUM(C28:C30) -> 1.829274e+10 | D27: =SUM(D28:D30) -> 1.3101005e+10 | E27: =SUM(E28:E30) -> 2.1822866e+10 | F27: =SUM(F28:F30) -> 1.9047554e+10 | G27: =SUM(G28:G30) -> 2.2370862e+10 | H27: =SUM(H28:H30) -> 2.0826655e+10 | I27: =SUM(I28:I30) -> 2.7595329e+10 | J27: =SUM(J28:J30) -> 2.7452735e+10 | ... O27: =SUM(O28:O30) -> 2.7955694e+11 | Q27: =SUM(Q28:Q30) -> -1.0816536e+09 | R27: =SUM(R28:R30) -> -2.0636063e+08 | S27: =SUM(S28:S30) -> -1.3111887e+09 | T27: =SUM(T28:T30) -> -1.6895044e+09 | U27: =SUM(U28:U30) -> -6.0046255e+08 | V27: =SUM(V28:V30) -> -1.3867932e+09 | W27: =SUM(W28:W30) -> -3.1827692e+08 | X27: =SUM(X28:X30) -> 31216146 | ... AC27: =SUM(AC28:AC30) -> -7.147605e+09 | AE27: =SUM(AE28:AE30) -> 1.9374393e+10 | AF27: =SUM(AF28:AF30) -> 1.3307366e+10 | AG27: =SUM(AG28:AG30) -> 2.3134055e+10 | AH27: =SUM(AH28:AH30) -> 2.0737058e+10 | AI27: =SUM(AI28:AI30) -> 2.2971325e+10 | AJ27: =SUM(AJ28:AJ30) -> 2.2213448e+10 | AK27: =SUM(AK28:AK30) -> 2.7913606e+10 | AL27: =SUM(AL28:AL30) -> 2.7421519e+10 | ... AQ27: =SUM(AQ28:AQ30) -> 2.8670455e+11 | AS27: =SUM(AS28:AS30) -> 1.7932188e+10 | AT27: =SUM(AT28:AT30) -> 1.3032218e+10 | AU27: =SUM(AU28:AU30) -> 2.1385804e+10 | AV27: =SUM(AV28:AV30) -> 1.8484386e+10 | AW27: =SUM(AW28:AW30) -> 2.0728503e+10 | AX27: =SUM(AX28:AX30) -> 2.0089243e+10 | AY27: =SUM(AY28:AY30) -> 2.5740985e+10 | AZ27: =SUM(AZ28:AZ30) -> 2.5210468e+10 | ... BE27: =SUM(BE28:BE30) -> 2.6270543e+11 | BG27: =SUM(BG28:BG30) -> 1.4422047e+09 | BH27: =SUM(BH28:BH30) -> 2.7514751e+08 | BI27: =SUM(BI28:BI30) -> 1.7482516e+09 | BJ27: =SUM(BJ28:BJ30) -> 2.2526726e+09 | BK27: =SUM(BK28:BK30) -> 2.2428215e+09 | BL27: =SUM(BL28:BL30) -> 2.1242051e+09 | BM27: =SUM(BM28:BM30) -> 2.1726208e+09 | BN27: =SUM(BN28:BN30) -> 2.2110511e+09 | ... BS27: =SUM(BS28:BS30) -> 2.3999115e+10 | BU27: =SUM(BU28:BU30) -> 9.4203003e+08 | BV27: =SUM(BV28:BV30) -> 4.1637163e+08 | BW27: =SUM(BW28:BW30) -> 9.1212314e+08 | BX27: =SUM(BX28:BX30) -> 8.1124401e+08 | BY27: =SUM(BY28:BY30) -> 7.8080214e+08 | BZ27: =SUM(BZ28:BZ30) -> 7.4582857e+08 | CA27: =SUM(CA28:CA30) -> 8.3411153e+08 | CB27: =SUM(CB28:CB30) -> 8.9732544e+08 | ... CG27: =SUM(CG28:CG30) -> 9.4988874e+09 | CI27: =SUM(CI28:CI30) -> 4.6901231e+08 | CJ27: =SUM(CJ28:CJ30) -> 1.0591096e+08 | CK27: =SUM(CK28:CK30) -> 6.1935532e+08 | CL27: =SUM(CL28:CL30) -> 6.9335028e+08 | CM27: =SUM(CM28:CM30) -> 7.3486135e+08 | CN27: =SUM(CN28:CN30) -> 6.9053204e+08 | CO27: =SUM(CO28:CO30) -> 6.7748471e+08 | CP27: =SUM(CP28:CP30) -> 6.5995207e+08 | ... CU27: =SUM(CU28:CU30) -> 7.4802912e+09 | CW27: =SUM(CW28:CW30) -> 31162395 | CX27: =SUM(CX28:CX30) -> -2.4713509e+08 | CY27: =SUM(CY28:CY30) -> 2.1677313e+08 | CZ27: =SUM(CZ28:CZ30) -> 7.480783e+08 | DA27: =SUM(DA28:DA30) -> 7.2715798e+08 | DB27: =SUM(DB28:DB30) -> 6.878445e+08 | DC27: =SUM(DC28:DC30) -> 6.6102457e+08 | DD27: =SUM(DD28:DD30) -> 6.5377355e+08 | ... DI27: =SUM(DI28:DI30) -> 7.0199363e+09 | DK27: =SUM(DK28:DK30) -> 0 | DL27: =SUM(DL28:DL30) -> 0 | DM27: =SUM(DM28:DM30) -> 0 | DN27: =SUM(DN28:DN30) -> 0 | DO27: =SUM(DO28:DO30) -> 0 | DP27: =SUM(DP28:DP30) -> 0 | DQ27: =SUM(DQ28:DQ30) -> 0 | DR27: =SUM(DR28:DR30) -> 0 | ... DW27: =SUM(DW28:DW30) -> 0 | DY27: =SUM(DY28:DY30) -> 0 | DZ27: =SUM(DZ28:DZ30) -> 0 | EA27: =SUM(EA28:EA30) -> 0 | EB27: =SUM(EB28:EB30) -> 0 | EC27: =SUM(EC28:EC30) -> 0 | ED27: =SUM(ED28:ED30) -> 0 | EE27: =SUM(EE28:EE30) -> 0 | EF27: =SUM(EF28:EF30) -> 0 | ... EK27: =SUM(EK28:EK30) -> 0
A28: LG-BN | B28: Bán ngoài | C28: =C18-C22+C25-C26 -> 1.6850535e+10 | D28: =D18-D22+D25-D26 -> 1.2825858e+10 | E28: =E18-E22+E25-E26 -> 2.0074615e+10 | F28: =F18-F22+F25-F26 -> 1.6794881e+10 | G28: =G18-G22+G25-G26 -> 2.0128041e+10 | H28: =H18-H22+H25-H26 -> 1.870245e+10 | I28: =I18-I22+I25-I26 -> 2.5422708e+10 | J28: =J18-J22+J25-J26 -> 2.5241684e+10 | ... O28: =O18-O22+O25-O26 -> 2.5555783e+11 | Q28: =Q18-Q22+Q25-Q26 -> -1.0816536e+09 | R28: =R18-R22+R25-R26 -> -2.0636063e+08 | S28: =S18-S22+S25-S26 -> -1.3111887e+09 | T28: =T18-T22+T25-T26 -> -1.6895044e+09 | U28: =U18-U22+U25-U26 -> -6.0046255e+08 | V28: =V18-V22+V25-V26 -> -1.3867932e+09 | W28: =W18-W22+W25-W26 -> -3.1827692e+08 | X28: =X18-X22+X25-X26 -> 31216146 | ... AC28: =AC18-AC22+AC25-AC26 -> -7.147605e+09 | AE28: =AE18-AE22+AE25-AE26 -> 1.7932188e+10 | AF28: =AF18-AF22+AF25-AF26 -> 1.3032218e+10 | AG28: =AG18-AG22+AG25-AG26 -> 2.1385804e+10 | AH28: =AH18-AH22+AH25-AH26 -> 1.8484386e+10 | AI28: =AI18-AI22+AI25-AI26 -> 2.0728503e+10 | AJ28: =AJ18-AJ22+AJ25-AJ26 -> 2.0089243e+10 | AK28: =AK18-AK22+AK25-AK26 -> 2.5740985e+10 | AL28: =AL18-AL22+AL25-AL26 -> 2.5210468e+10 | ... AQ28: =AQ18-AQ22+AQ25-AQ26 -> 2.6270543e+11 | AS28: =AS18-AS22+AS25-AS26 -> 1.7932188e+10 | AT28: =AT18-AT22+AT25-AT26 -> 1.3032218e+10 | AU28: =AU18-AU22+AU25-AU26 -> 2.1385804e+10 | AV28: =AV18-AV22+AV25-AV26 -> 1.8484386e+10 | AW28: =AW18-AW22+AW25-AW26 -> 2.0728503e+10 | AX28: =AX18-AX22+AX25-AX26 -> 2.0089243e+10 | AY28: =AY18-AY22+AY25-AY26 -> 2.5740985e+10 | AZ28: =AZ18-AZ22+AZ25-AZ26 -> 2.5210468e+10 | ... BE28: =BE18-BE22+BE25-BE26 -> 2.6270543e+11 | BG28: =BG18-BG22+BG25-BG26 -> 0 | BH28: =BH18-BH22+BH25-BH26 -> 0 | BI28: =BI18-BI22+BI25-BI26 -> 0 | BJ28: =BJ18-BJ22+BJ25-BJ26 -> 0 | BK28: =BK18-BK22+BK25-BK26 -> 0 | BL28: =BL18-BL22+BL25-BL26 -> 0 | BM28: =BM18-BM22+BM25-BM26 -> 0 | BN28: =BN18-BN22+BN25-BN26 -> 0 | ... BS28: =BS18-BS22+BS25-BS26 -> 0 | BU28: =BU18-BU22+BU25-BU26 -> 0 | BV28: =BV18-BV22+BV25-BV26 -> 0 | BW28: =BW18-BW22+BW25-BW26 -> 0 | BX28: =BX18-BX22+BX25-BX26 -> 0 | BY28: =BY18-BY22+BY25-BY26 -> 0 | BZ28: =BZ18-BZ22+BZ25-BZ26 -> 0 | CA28: =CA18-CA22+CA25-CA26 -> 0 | CB28: =CB18-CB22+CB25-CB26 -> 0 | ... CG28: =CG18-CG22+CG25-CG26 -> 0 | CI28: =CI18-CI22+CI25-CI26 -> 0 | CJ28: =CJ18-CJ22+CJ25-CJ26 -> 0 | CK28: =CK18-CK22+CK25-CK26 -> 0 | CL28: =CL18-CL22+CL25-CL26 -> 0 | CM28: =CM18-CM22+CM25-CM26 -> 0 | CN28: =CN18-CN22+CN25-CN26 -> 0 | CO28: =CO18-CO22+CO25-CO26 -> 0 | CP28: =CP18-CP22+CP25-CP26 -> 0 | ... CU28: =CU18-CU22+CU25-CU26 -> 0 | CW28: =CW18-CW22+CW25-CW26 -> 0 | CX28: =CX18-CX22+CX25-CX26 -> 0 | CY28: =CY18-CY22+CY25-CY26 -> 0 | CZ28: =CZ18-CZ22+CZ25-CZ26 -> 0 | DA28: =DA18-DA22+DA25-DA26 -> 0 | DB28: =DB18-DB22+DB25-DB26 -> 0 | DC28: =DC18-DC22+DC25-DC26 -> 0 | DD28: =DD18-DD22+DD25-DD26 -> 0 | ... DI28: =DI18-DI22+DI25-DI26 -> 0 | DK28: =DK18-DK22+DK25-DK26 -> 0 | DL28: =DL18-DL22+DL25-DL26 -> 0 | DM28: =DM18-DM22+DM25-DM26 -> 0 | DN28: =DN18-DN22+DN25-DN26 -> 0 | DO28: =DO18-DO22+DO25-DO26 -> 0 | DP28: =DP18-DP22+DP25-DP26 -> 0 | DQ28: =DQ18-DQ22+DQ25-DQ26 -> 0 | DR28: =DR18-DR22+DR25-DR26 -> 0 | ... DW28: =DW18-DW22+DW25-DW26 -> 0 | DY28: =DY18-DY22+DY25-DY26 -> 0 | DZ28: =DZ18-DZ22+DZ25-DZ26 -> 0 | EA28: =EA18-EA22+EA25-EA26 -> 0 | EB28: =EB18-EB22+EB25-EB26 -> 0 | EC28: =EC18-EC22+EC25-EC26 -> 0 | ED28: =ED18-ED22+ED25-ED26 -> 0 | EE28: =EE18-EE22+EE25-EE26 -> 0 | EF28: =EF18-EF22+EF25-EF26 -> 0 | ... EK28: =EK18-EK22+EK25-EK26 -> 0
A29: LG-MC | B29: Mẹ-Con | C29: =C19-C23 -> 1.4422047e+09 | D29: =D19-D23 -> 2.7514751e+08 | E29: =E19-E23 -> 1.7482516e+09 | F29: =F19-F23 -> 2.2526726e+09 | G29: =G19-G23 -> 2.2428215e+09 | H29: =H19-H23 -> 2.1242051e+09 | I29: =I19-I23 -> 2.1726208e+09 | J29: =J19-J23 -> 2.2110511e+09 | ... O29: =O19-O23 -> 2.3999115e+10 | Q29: =Q19-Q23 -> 0 | R29: =R19-R23 -> 0 | S29: =S19-S23 -> 0 | T29: =T19-T23 -> 0 | U29: =U19-U23 -> 0 | V29: =V19-V23 -> 0 | W29: =W19-W23 -> 0 | X29: =X19-X23 -> 0 | ... AC29: =AC19-AC23 -> 0 | AE29: =AE19-AE23 -> 1.4422047e+09 | AF29: =AF19-AF23 -> 2.7514751e+08 | AG29: =AG19-AG23 -> 1.7482516e+09 | AH29: =AH19-AH23 -> 2.2526726e+09 | AI29: =AI19-AI23 -> 2.2428215e+09 | AJ29: =AJ19-AJ23 -> 2.1242051e+09 | AK29: =AK19-AK23 -> 2.1726208e+09 | AL29: =AL19-AL23 -> 2.2110511e+09 | ... AQ29: =AQ19-AQ23 -> 2.3999115e+10 | AS29: =AS19-AS23 -> 0 | AT29: =AT19-AT23 -> 0 | AU29: =AU19-AU23 -> 0 | AV29: =AV19-AV23 -> 0 | AW29: =AW19-AW23 -> 0 | AX29: =AX19-AX23 -> 0 | AY29: =AY19-AY23 -> 0 | AZ29: =AZ19-AZ23 -> 0 | ... BE29: =BE19-BE23 -> 0 | BG29: =BG19-BG23 -> 1.4422047e+09 | BH29: =BH19-BH23 -> 2.7514751e+08 | BI29: =BI19-BI23 -> 1.7482516e+09 | BJ29: =BJ19-BJ23 -> 2.2526726e+09 | BK29: =BK19-BK23 -> 2.2428215e+09 | BL29: =BL19-BL23 -> 2.1242051e+09 | BM29: =BM19-BM23 -> 2.1726208e+09 | BN29: =BN19-BN23 -> 2.2110511e+09 | ... BS29: =BS19-BS23 -> 2.3999115e+10 | BU29: =BU19-BU23 -> 9.4203003e+08 | BV29: =BV19-BV23 -> 4.1637163e+08 | BW29: =BW19-BW23 -> 9.1212314e+08 | BX29: =BX19-BX23 -> 8.1124401e+08 | BY29: =BY19-BY23 -> 7.8080214e+08 | BZ29: =BZ19-BZ23 -> 7.4582857e+08 | CA29: =CA19-CA23 -> 8.3411153e+08 | CB29: =CB19-CB23 -> 8.9732544e+08 | ... CG29: =CG19-CG23 -> 9.4988874e+09 | CI29: =CI19-CI23 -> 4.6901231e+08 | CJ29: =CJ19-CJ23 -> 1.0591096e+08 | CK29: =CK19-CK23 -> 6.1935532e+08 | CL29: =CL19-CL23 -> 6.9335028e+08 | CM29: =CM19-CM23 -> 7.3486135e+08 | CN29: =CN19-CN23 -> 6.9053204e+08 | CO29: =CO19-CO23 -> 6.7748471e+08 | CP29: =CP19-CP23 -> 6.5995207e+08 | ... CU29: =CU19-CU23 -> 7.4802912e+09 | CW29: =CW19-CW23 -> 31162395 | CX29: =CX19-CX23 -> -2.4713509e+08 | CY29: =CY19-CY23 -> 2.1677313e+08 | CZ29: =CZ19-CZ23 -> 7.480783e+08 | DA29: =DA19-DA23 -> 7.2715798e+08 | DB29: =DB19-DB23 -> 6.878445e+08 | DC29: =DC19-DC23 -> 6.6102457e+08 | DD29: =DD19-DD23 -> 6.5377355e+08 | ... DI29: =DI19-DI23 -> 7.0199363e+09 | DK29: =DK19-DK23 -> 0 | DL29: =DL19-DL23 -> 0 | DM29: =DM19-DM23 -> 0 | DN29: =DN19-DN23 -> 0 | DO29: =DO19-DO23 -> 0 | DP29: =DP19-DP23 -> 0 | DQ29: =DQ19-DQ23 -> 0 | DR29: =DR19-DR23 -> 0 | ... DW29: =DW19-DW23 -> 0 | DY29: =DY19-DY23 -> 0 | DZ29: =DZ19-DZ23 -> 0 | EA29: =EA19-EA23 -> 0 | EB29: =EB19-EB23 -> 0 | EC29: =EC19-EC23 -> 0 | ED29: =ED19-ED23 -> 0 | EE29: =EE19-EE23 -> 0 | EF29: =EF19-EF23 -> 0 | ... EK29: =EK19-EK23 -> 0
A30: LG-CC | B30: Con-Con | C30: =C20-C24 -> 0 | D30: =D20-D24 -> 0 | E30: =E20-E24 -> 0 | F30: =F20-F24 -> 0 | G30: =G20-G24 -> 0 | H30: =H20-H24 -> 0 | I30: =I20-I24 -> 0 | J30: =J20-J24 -> 0 | ... O30: =O20-O24 -> 0 | Q30: =Q20-Q24 -> 0 | R30: =R20-R24 -> 0 | S30: =S20-S24 -> 0 | T30: =T20-T24 -> 0 | U30: =U20-U24 -> 0 | V30: =V20-V24 -> 0 | W30: =W20-W24 -> 0 | X30: =X20-X24 -> 0 | ... AC30: =AC20-AC24 -> 0 | AE30: =AE20-AE24 -> 0 | AF30: =AF20-AF24 -> 0 | AG30: =AG20-AG24 -> 0 | AH30: =AH20-AH24 -> 0 | AI30: =AI20-AI24 -> 0 | AJ30: =AJ20-AJ24 -> 0 | AK30: =AK20-AK24 -> 0 | AL30: =AL20-AL24 -> 0 | ... AQ30: =AQ20-AQ24 -> 0 | AS30: =AS20-AS24 -> 0 | AT30: =AT20-AT24 -> 0 | AU30: =AU20-AU24 -> 0 | AV30: =AV20-AV24 -> 0 | AW30: =AW20-AW24 -> 0 | AX30: =AX20-AX24 -> 0 | AY30: =AY20-AY24 -> 0 | AZ30: =AZ20-AZ24 -> 0 | ... BE30: =BE20-BE24 -> 0 | BG30: =BG20-BG24 -> 0 | BH30: =BH20-BH24 -> 0 | BI30: =BI20-BI24 -> 0 | BJ30: =BJ20-BJ24 -> 0 | BK30: =BK20-BK24 -> 0 | BL30: =BL20-BL24 -> 0 | BM30: =BM20-BM24 -> 0 | BN30: =BN20-BN24 -> 0 | ... BS30: =BS20-BS24 -> 0 | BU30: =BU20-BU24 -> 0 | BV30: =BV20-BV24 -> 0 | BW30: =BW20-BW24 -> 0 | BX30: =BX20-BX24 -> 0 | BY30: =BY20-BY24 -> 0 | BZ30: =BZ20-BZ24 -> 0 | CA30: =CA20-CA24 -> 0 | CB30: =CB20-CB24 -> 0 | ... CG30: =CG20-CG24 -> 0 | CI30: =CI20-CI24 -> 0 | CJ30: =CJ20-CJ24 -> 0 | CK30: =CK20-CK24 -> 0 | CL30: =CL20-CL24 -> 0 | CM30: =CM20-CM24 -> 0 | CN30: =CN20-CN24 -> 0 | CO30: =CO20-CO24 -> 0 | CP30: =CP20-CP24 -> 0 | ... CU30: =CU20-CU24 -> 0 | CW30: =CW20-CW24 -> 0 | CX30: =CX20-CX24 -> 0 | CY30: =CY20-CY24 -> 0 | CZ30: =CZ20-CZ24 -> 0 | DA30: =DA20-DA24 -> 0 | DB30: =DB20-DB24 -> 0 | DC30: =DC20-DC24 -> 0 | DD30: =DD20-DD24 -> 0 | ... DI30: =DI20-DI24 -> 0 | DK30: =DK20-DK24 -> 0 | DL30: =DL20-DL24 -> 0 | DM30: =DM20-DM24 -> 0 | DN30: =DN20-DN24 -> 0 | DO30: =DO20-DO24 -> 0 | DP30: =DP20-DP24 -> 0 | DQ30: =DQ20-DQ24 -> 0 | DR30: =DR20-DR24 -> 0 | ... DW30: =DW20-DW24 -> 0 | DY30: =DY20-DY24 -> 0 | DZ30: =DZ20-DZ24 -> 0 | EA30: =EA20-EA24 -> 0 | EB30: =EB20-EB24 -> 0 | EC30: =EC20-EC24 -> 0 | ED30: =ED20-ED24 -> 0 | EE30: =EE20-EE24 -> 0 | EF30: =EF20-EF24 -> 0 | ... EK30: =EK20-EK24 -> 0
A31: 7 | B31: 6.Lãi/lỗ của hoạt động bán, thanh lý bất động sản đầu tư | C31: =SUM(C32:C34) -> 0 | D31: =SUM(D32:D34) -> 0 | E31: =SUM(E32:E34) -> 0 | F31: =SUM(F32:F34) -> 0 | G31: =SUM(G32:G34) -> 0 | H31: =SUM(H32:H34) -> 0 | I31: =SUM(I32:I34) -> 0 | J31: =SUM(J32:J34) -> 0 | ... O31: =SUM(O32:O34) -> 0 | Q31: =SUM(Q32:Q34) -> 0 | R31: =SUM(R32:R34) -> 0 | S31: =SUM(S32:S34) -> 0 | T31: =SUM(T32:T34) -> 0 | U31: =SUM(U32:U34) -> 0 | V31: =SUM(V32:V34) -> 0 | W31: =SUM(W32:W34) -> 0 | X31: =SUM(X32:X34) -> 0 | ... AC31: =SUM(AC32:AC34) -> 0 | AE31: =SUM(AE32:AE34) -> 0 | AF31: =SUM(AF32:AF34) -> 0 | AG31: =SUM(AG32:AG34) -> 0 | AH31: =SUM(AH32:AH34) -> 0 | AI31: =SUM(AI32:AI34) -> 0 | AJ31: =SUM(AJ32:AJ34) -> 0 | AK31: =SUM(AK32:AK34) -> 0 | AL31: =SUM(AL32:AL34) -> 0 | ... AQ31: =SUM(AQ32:AQ34) -> 0 | AS31: =SUM(AS32:AS34) -> 0 | AT31: =SUM(AT32:AT34) -> 0 | AU31: =SUM(AU32:AU34) -> 0 | AV31: =SUM(AV32:AV34) -> 0 | AW31: =SUM(AW32:AW34) -> 0 | AX31: =SUM(AX32:AX34) -> 0 | AY31: =SUM(AY32:AY34) -> 0 | AZ31: =SUM(AZ32:AZ34) -> 0 | ... BE31: =SUM(BE32:BE34) -> 0 | BG31: =SUM(BG32:BG34) -> 0 | BH31: =SUM(BH32:BH34) -> 0 | BI31: =SUM(BI32:BI34) -> 0 | BJ31: =SUM(BJ32:BJ34) -> 0 | BK31: =SUM(BK32:BK34) -> 0 | BL31: =SUM(BL32:BL34) -> 0 | BM31: =SUM(BM32:BM34) -> 0 | BN31: =SUM(BN32:BN34) -> 0 | ... BS31: =SUM(BS32:BS34) -> 0 | BU31: =SUM(BU32:BU34) -> 0 | BV31: =SUM(BV32:BV34) -> 0 | BW31: =SUM(BW32:BW34) -> 0 | BX31: =SUM(BX32:BX34) -> 0 | BY31: =SUM(BY32:BY34) -> 0 | BZ31: =SUM(BZ32:BZ34) -> 0 | CA31: =SUM(CA32:CA34) -> 0 | CB31: =SUM(CB32:CB34) -> 0 | ... CG31: =SUM(CG32:CG34) -> 0 | CI31: =SUM(CI32:CI34) -> 0 | CJ31: =SUM(CJ32:CJ34) -> 0 | CK31: =SUM(CK32:CK34) -> 0 | CL31: =SUM(CL32:CL34) -> 0 | CM31: =SUM(CM32:CM34) -> 0 | CN31: =SUM(CN32:CN34) -> 0 | CO31: =SUM(CO32:CO34) -> 0 | CP31: =SUM(CP32:CP34) -> 0 | ... CU31: =SUM(CU32:CU34) -> 0 | CW31: =SUM(CW32:CW34) -> 0 | CX31: =SUM(CX32:CX34) -> 0 | CY31: =SUM(CY32:CY34) -> 0 | CZ31: =SUM(CZ32:CZ34) -> 0 | DA31: =SUM(DA32:DA34) -> 0 | DB31: =SUM(DB32:DB34) -> 0 | DC31: =SUM(DC32:DC34) -> 0 | DD31: =SUM(DD32:DD34) -> 0 | ... DI31: =SUM(DI32:DI34) -> 0 | DK31: =SUM(DK32:DK34) -> 0 | DL31: =SUM(DL32:DL34) -> 0 | DM31: =SUM(DM32:DM34) -> 0 | DN31: =SUM(DN32:DN34) -> 0 | DO31: =SUM(DO32:DO34) -> 0 | DP31: =SUM(DP32:DP34) -> 0 | DQ31: =SUM(DQ32:DQ34) -> 0 | DR31: =SUM(DR32:DR34) -> 0 | ... DW31: =SUM(DW32:DW34) -> 0 | DY31: =SUM(DY32:DY34) -> 0 | DZ31: =SUM(DZ32:DZ34) -> 0 | EA31: =SUM(EA32:EA34) -> 0 | EB31: =SUM(EB32:EB34) -> 0 | EC31: =SUM(EC32:EC34) -> 0 | ED31: =SUM(ED32:ED34) -> 0 | EE31: =SUM(EE32:EE34) -> 0 | EF31: =SUM(EF32:EF34) -> 0 | ... EK31: =SUM(EK32:EK34) -> 0
A32: TL-TSCĐ-BN | B32: Bán ngoài | C32: =Q32+AE32 -> 0 | D32: =R32+AF32 -> 0 | E32: =S32+AG32 -> 0 | F32: =T32+AH32 -> 0 | G32: =U32+AI32 -> 0 | H32: =V32+AJ32 -> 0 | I32: =W32+AK32 -> 0 | J32: =X32+AL32 -> 0 | ... N32: =AB32+AP32 -> 0 | O32: =SUM(C32:N32) -> 0 | AC32: =SUM(Q32:AB32) -> 0 | AQ32: =SUM(AE32:AP32) -> 0 | BE32: =SUM(AS32:BD32) -> 0 | BG32: =BU32+CI32+CW32 -> 0 | BH32: =BV32+CJ32+CX32 -> 0 | BI32: =BW32+CK32+CY32 -> 0 | BJ32: =BX32+CL32+CZ32 -> 0 | BK32: =BY32+CM32+DA32 -> 0 | BL32: =BZ32+CN32+DB32 -> 0 | BM32: =CA32+CO32+DC32 -> 0 | BN32: =CB32+CP32+DD32 -> 0 | ... BR32: =CF32+CT32+DH32 -> 0 | BS32: =SUM(BG32:BR32) -> 0 | CG32: =SUM(BU32:CF32) -> 0 | CU32: =SUM(CI32:CT32) -> 0 | DI32: =SUM(CW32:DH32) -> 0 | DW32: =SUM(DK32:DV32) -> 0 | EK32: =SUM(DY32:EJ32) -> 0
A33: TL-TSCĐ-MC | B33: Mẹ-Con | C33: =Q33+AE33 -> 0 | D33: =R33+AF33 -> 0 | E33: =S33+AG33 -> 0 | F33: =T33+AH33 -> 0 | G33: =U33+AI33 -> 0 | H33: =V33+AJ33 -> 0 | I33: =W33+AK33 -> 0 | J33: =X33+AL33 -> 0 | ... N33: =AB33+AP33 -> 0 | O33: =SUM(C33:N33) -> 0 | AC33: =SUM(Q33:AB33) -> 0 | AQ33: =SUM(AE33:AP33) -> 0 | BE33: =SUM(AS33:BD33) -> 0 | BG33: =BU33+CI33+CW33 -> 0 | BH33: =BV33+CJ33+CX33 -> 0 | BI33: =BW33+CK33+CY33 -> 0 | BJ33: =BX33+CL33+CZ33 -> 0 | BK33: =BY33+CM33+DA33 -> 0 | BL33: =BZ33+CN33+DB33 -> 0 | BM33: =CA33+CO33+DC33 -> 0 | BN33: =CB33+CP33+DD33 -> 0 | ... BR33: =CF33+CT33+DH33 -> 0 | BS33: =SUM(BG33:BR33) -> 0 | CG33: =SUM(BU33:CF33) -> 0 | CU33: =SUM(CI33:CT33) -> 0 | DI33: =SUM(CW33:DH33) -> 0 | DW33: =SUM(DK33:DV33) -> 0 | EK33: =SUM(DY33:EJ33) -> 0
A34: TL-TSCĐ-CC | B34: Con-Con | C34: =Q34+AE34 -> 0 | D34: =R34+AF34 -> 0 | E34: =S34+AG34 -> 0 | F34: =T34+AH34 -> 0 | G34: =U34+AI34 -> 0 | H34: =V34+AJ34 -> 0 | I34: =W34+AK34 -> 0 | J34: =X34+AL34 -> 0 | ... N34: =AB34+AP34 -> 0 | O34: =SUM(C34:N34) -> 0 | AC34: =SUM(Q34:AB34) -> 0 | AQ34: =SUM(AE34:AP34) -> 0 | BE34: =SUM(AS34:BD34) -> 0 | BG34: =BU34+CI34+CW34 -> 0 | BH34: =BV34+CJ34+CX34 -> 0 | BI34: =BW34+CK34+CY34 -> 0 | BJ34: =BX34+CL34+CZ34 -> 0 | BK34: =BY34+CM34+DA34 -> 0 | BL34: =BZ34+CN34+DB34 -> 0 | BM34: =CA34+CO34+DC34 -> 0 | BN34: =CB34+CP34+DD34 -> 0 | ... BR34: =CF34+CT34+DH34 -> 0 | BS34: =SUM(BG34:BR34) -> 0 | CG34: =SUM(BU34:CF34) -> 0 | CU34: =SUM(CI34:CT34) -> 0 | DI34: =SUM(CW34:DH34) -> 0 | DW34: =SUM(DK34:DV34) -> 0 | EK34: =SUM(DY34:EJ34) -> 0
A35: 8 | B35: 7.Doanh thu hoạt động tài chính | C35: =Q35+AE35 -> 20065548 | D35: =R35+AF35 -> 20065548 | E35: =S35+AG35 -> 20065548 | F35: =T35+AH35 -> 10065548 | G35: =U35+AI35 -> 10065548 | H35: =V35+AJ35 -> 10065548 | I35: =W35+AK35 -> 10065548 | J35: =X35+AL35 -> 10065548 | ... N35: =AB35+AP35 -> 10065548 | O35: =SUM(C35:N35) -> 1.5078658e+08 | AC35: =SUM(Q35:AB35) -> 0 | AE35: =AS35+BU35+CI35+CW35+DK35 -> 20065548 | AF35: =AT35+BV35+CJ35+CX35+DL35 -> 20065548 | AG35: =AU35+BW35+CK35+CY35+DM35 -> 20065548 | AH35: =AV35+BX35+CL35+CZ35+DN35 -> 10065548 | AI35: =AW35+BY35+CM35+DA35+DO35 -> 10065548 | AJ35: =AX35+BZ35+CN35+DB35+DP35 -> 10065548 | AK35: =AY35+CA35+CO35+DC35+DQ35 -> 10065548 | AL35: =AZ35+CB35+CP35+DD35+DR35 -> 10065548 | ... AP35: =BD35+CF35+CT35+DH35+DV35 -> 10065548 | AQ35: =SUM(AE35:AP35) -> 1.5078658e+08 | AS35: ='PL-KH26-DTR'!BL11 -> 0 | AT35: ='PL-KH26-DTR'!BM11 -> 0 | AU35: ='PL-KH26-DTR'!BN11 -> 0 | AV35: ='PL-KH26-DTR'!BO11 -> 0 | AW35: ='PL-KH26-DTR'!BP11 -> 0 | AX35: ='PL-KH26-DTR'!BQ11 -> 0 | AY35: ='PL-KH26-DTR'!BR11 -> 0 | AZ35: ='PL-KH26-DTR'!BS11 -> 0 | ... BD35: ='PL-KH26-DTR'!BW11 -> 0 | BE35: =SUM(AS35:BD35) -> 0 | BG35: =BU35+CI35+CW35 -> 20060000 | BH35: =BV35+CJ35+CX35 -> 20060000 | BI35: =BW35+CK35+CY35 -> 20060000 | BJ35: =BX35+CL35+CZ35 -> 10060000 | BK35: =BY35+CM35+DA35 -> 10060000 | BL35: =BZ35+CN35+DB35 -> 10060000 | BM35: =CA35+CO35+DC35 -> 10060000 | BN35: =CB35+CP35+DD35 -> 10060000 | ... BR35: =CF35+CT35+DH35 -> 10060000 | BS35: =SUM(BG35:BR35) -> 150720000 | BU35: ='PL-KH26-DongLam'!G45 -> 20000000 | BV35: ='PL-KH26-DongLam'!H45 -> 20000000 | BW35: ='PL-KH26-DongLam'!I45 -> 20000000 | BX35: ='PL-KH26-DongLam'!J45 -> 10000000 | BY35: ='PL-KH26-DongLam'!K45 -> 10000000 | BZ35: ='PL-KH26-DongLam'!L45 -> 10000000 | CA35: ='PL-KH26-DongLam'!M45 -> 10000000 | CB35: ='PL-KH26-DongLam'!N45 -> 10000000 | ... CF35: ='PL-KH26-DongLam'!R45 -> 10000000 | CG35: =SUM(BU35:CF35) -> 150000000 | CI35: ='PL-KH26-KhanhNga'!G44 -> 60000 | CJ35: ='PL-KH26-KhanhNga'!H44 -> 60000 | CK35: ='PL-KH26-KhanhNga'!I44 -> 60000 | CL35: ='PL-KH26-KhanhNga'!J44 -> 60000 | CM35: ='PL-KH26-KhanhNga'!K44 -> 60000 | CN35: ='PL-KH26-KhanhNga'!L44 -> 60000 | CO35: ='PL-KH26-KhanhNga'!M44 -> 60000 | CP35: ='PL-KH26-KhanhNga'!N44 -> 60000 | ... CT35: ='PL-KH26-KhanhNga'!R44 -> 60000 | CU35: =SUM(CI35:CT35) -> 720000 | DI35: =SUM(CW35:DH35) -> 0 | DK35: ='PL-KH26-TanDaiPhat'!B10 -> 5548.1111 | DL35: ='PL-KH26-TanDaiPhat'!C10 -> 5548.1111 | DM35: ='PL-KH26-TanDaiPhat'!D10 -> 5548.1111 | DN35: ='PL-KH26-TanDaiPhat'!E10 -> 5548.1111 | DO35: ='PL-KH26-TanDaiPhat'!F10 -> 5548.1111 | DP35: ='PL-KH26-TanDaiPhat'!G10 -> 5548.1111 | DQ35: ='PL-KH26-TanDaiPhat'!H10 -> 5548.1111 | DR35: ='PL-KH26-TanDaiPhat'!I10 -> 5548.1111 | ... DV35: ='PL-KH26-TanDaiPhat'!M10 -> 5548.1111 | DW35: =SUM(DK35:DV35) -> 66577.333 | EK35: =SUM(DY35:EJ35) -> 0
A36: 9 | B36: 8.Chi phí tài chính | C36: =Q36+AE36 -> 1.4407292e+09 | D36: =R36+AF36 -> 2.3144015e+09 | E36: =S36+AG36 -> 2.7548451e+09 | F36: =T36+AH36 -> 2.658974e+09 | G36: =U36+AI36 -> 2.9845639e+09 | H36: =V36+AJ36 -> 3.0837659e+09 | I36: =W36+AK36 -> 3.1396192e+09 | J36: =X36+AL36 -> 3.3215811e+09 | ... N36: =AB36+AP36 -> 3.1023551e+09 | O36: =SUM(C36:N36) -> 3.4565904e+10 | AC36: =SUM(Q36:AB36) -> 0 | AE36: =AS36+BU36+CI36+CW36+DK36 -> 1.4407292e+09 | AF36: =AT36+BV36+CJ36+CX36+DL36 -> 2.3144015e+09 | AG36: =AU36+BW36+CK36+CY36+DM36 -> 2.7548451e+09 | AH36: =AV36+BX36+CL36+CZ36+DN36 -> 2.658974e+09 | AI36: =AW36+BY36+CM36+DA36+DO36 -> 2.9845639e+09 | AJ36: =AX36+BZ36+CN36+DB36+DP36 -> 3.0837659e+09 | AK36: =AY36+CA36+CO36+DC36+DQ36 -> 3.1396192e+09 | AL36: =AZ36+CB36+CP36+DD36+DR36 -> 3.3215811e+09 | ... AP36: =BD36+CF36+CT36+DH36+DV36 -> 3.1023551e+09 | AQ36: =SUM(AE36:AP36) -> 3.4565904e+10 | AS36: ='PL-KH26-DTR'!BL12 -> 1.4407292e+09 | AT36: ='PL-KH26-DTR'!BM12 -> 2.3144015e+09 | AU36: ='PL-KH26-DTR'!BN12 -> 2.7548451e+09 | AV36: ='PL-KH26-DTR'!BO12 -> 2.658974e+09 | AW36: ='PL-KH26-DTR'!BP12 -> 2.9845639e+09 | AX36: ='PL-KH26-DTR'!BQ12 -> 3.0837659e+09 | AY36: ='PL-KH26-DTR'!BR12 -> 3.1396192e+09 | AZ36: ='PL-KH26-DTR'!BS12 -> 3.3215811e+09 | ... BD36: ='PL-KH26-DTR'!BW12 -> 3.1023551e+09 | BE36: =SUM(AS36:BD36) -> 3.4565904e+10 | BG36: =BU36+CI36+CW36 -> 0 | BH36: =BV36+CJ36+CX36 -> 0 | BI36: =BW36+CK36+CY36 -> 0 | BJ36: =BX36+CL36+CZ36 -> 0 | BK36: =BY36+CM36+DA36 -> 0 | BL36: =BZ36+CN36+DB36 -> 0 | BM36: =CA36+CO36+DC36 -> 0 | BN36: =CB36+CP36+DD36 -> 0 | ... BR36: =CF36+CT36+DH36 -> 0 | BS36: =SUM(BG36:BR36) -> 0 | CG36: =SUM(BU36:CF36) -> 0 | CU36: =SUM(CI36:CT36) -> 0 | DI36: =SUM(CW36:DH36) -> 0 | DK36: ='PL-KH26-TanDaiPhat'!B11 -> 0 | DL36: ='PL-KH26-TanDaiPhat'!C11 -> 0 | DM36: ='PL-KH26-TanDaiPhat'!D11 -> 0 | DN36: ='PL-KH26-TanDaiPhat'!E11 -> 0 | DO36: ='PL-KH26-TanDaiPhat'!F11 -> 0 | DP36: ='PL-KH26-TanDaiPhat'!G11 -> 0 | DQ36: ='PL-KH26-TanDaiPhat'!H11 -> 0 | DR36: ='PL-KH26-TanDaiPhat'!I11 -> 0 | ... DV36: ='PL-KH26-TanDaiPhat'!M11 -> 0 | DW36: =SUM(DK36:DV36) -> 0 | EK36: =SUM(DY36:EJ36) -> 0
A37: 10 | B37: Trong đó: Chi phí lãi vay | C37: =Q37+AE37 -> 1.4407292e+09 | D37: =R37+AF37 -> 2.3144015e+09 | E37: =S37+AG37 -> 2.7548451e+09 | F37: =T37+AH37 -> 2.658974e+09 | G37: =U37+AI37 -> 2.9845639e+09 | H37: =V37+AJ37 -> 3.0837659e+09 | I37: =W37+AK37 -> 3.1396192e+09 | J37: =X37+AL37 -> 3.3215811e+09 | ... N37: =AB37+AP37 -> 3.1023551e+09 | O37: =SUM(C37:N37) -> 3.4565904e+10 | AC37: =SUM(Q37:AB37) -> 0 | AE37: =AS37+BU37+CI37+CW37+DK37 -> 1.4407292e+09 | AF37: =AT37+BV37+CJ37+CX37+DL37 -> 2.3144015e+09 | AG37: =AU37+BW37+CK37+CY37+DM37 -> 2.7548451e+09 | AH37: =AV37+BX37+CL37+CZ37+DN37 -> 2.658974e+09 | AI37: =AW37+BY37+CM37+DA37+DO37 -> 2.9845639e+09 | AJ37: =AX37+BZ37+CN37+DB37+DP37 -> 3.0837659e+09 | AK37: =AY37+CA37+CO37+DC37+DQ37 -> 3.1396192e+09 | AL37: =AZ37+CB37+CP37+DD37+DR37 -> 3.3215811e+09 | ... AP37: =BD37+CF37+CT37+DH37+DV37 -> 3.1023551e+09 | AQ37: =SUM(AE37:AP37) -> 3.4565904e+10 | AS37: ='PL-KH26-DTR'!BL13 -> 1.4407292e+09 | AT37: ='PL-KH26-DTR'!BM13 -> 2.3144015e+09 | AU37: ='PL-KH26-DTR'!BN13 -> 2.7548451e+09 | AV37: ='PL-KH26-DTR'!BO13 -> 2.658974e+09 | AW37: ='PL-KH26-DTR'!BP13 -> 2.9845639e+09 | AX37: ='PL-KH26-DTR'!BQ13 -> 3.0837659e+09 | AY37: ='PL-KH26-DTR'!BR13 -> 3.1396192e+09 | AZ37: ='PL-KH26-DTR'!BS13 -> 3.3215811e+09 | ... BD37: ='PL-KH26-DTR'!BW13 -> 3.1023551e+09 | BE37: =SUM(AS37:BD37) -> 3.4565904e+10 | BG37: =BU37+CI37+CW37 -> 0 | BH37: =BV37+CJ37+CX37 -> 0 | BI37: =BW37+CK37+CY37 -> 0 | BJ37: =BX37+CL37+CZ37 -> 0 | BK37: =BY37+CM37+DA37 -> 0 | BL37: =BZ37+CN37+DB37 -> 0 | BM37: =CA37+CO37+DC37 -> 0 | BN37: =CB37+CP37+DD37 -> 0 | ... BR37: =CF37+CT37+DH37 -> 0 | BS37: =SUM(BG37:BR37) -> 0 | CG37: =SUM(BU37:CF37) -> 0 | CU37: =SUM(CI37:CT37) -> 0 | DI37: =SUM(CW37:DH37) -> 0 | DK37: ='PL-KH26-TanDaiPhat'!B12 -> 0 | DL37: ='PL-KH26-TanDaiPhat'!C12 -> 0 | DM37: ='PL-KH26-TanDaiPhat'!D12 -> 0 | DN37: ='PL-KH26-TanDaiPhat'!E12 -> 0 | DO37: ='PL-KH26-TanDaiPhat'!F12 -> 0 | DP37: ='PL-KH26-TanDaiPhat'!G12 -> 0 | DQ37: ='PL-KH26-TanDaiPhat'!H12 -> 0 | DR37: ='PL-KH26-TanDaiPhat'!I12 -> 0 | ... DV37: ='PL-KH26-TanDaiPhat'!M12 -> 0 | DW37: =SUM(DK37:DV37) -> 0 | EK37: =SUM(DY37:EJ37) -> 0
A38: 11 | B38: 9.Chi phí bán hàng | C38: =Q38+AE38 -> 5.7151198e+09 | D38: =R38+AF38 -> 4.5328953e+09 | E38: =S38+AG38 -> 5.3549859e+09 | F38: =T38+AH38 -> 4.7672285e+09 | G38: =U38+AI38 -> 6.360624e+09 | H38: =V38+AJ38 -> 5.7198861e+09 | I38: =W38+AK38 -> 5.09689e+09 | J38: =X38+AL38 -> 4.9944445e+09 | ... N38: =AB38+AP38 -> 5.5406114e+09 | O38: =SUM(C38:N38) -> 6.5635224e+10 | AC38: =SUM(Q38:AB38) -> 0 | AE38: =AS38+BU38+CI38+CW38+DK38 -> 5.7151198e+09 | AF38: =AT38+BV38+CJ38+CX38+DL38 -> 4.5328953e+09 | AG38: =AU38+BW38+CK38+CY38+DM38 -> 5.3549859e+09 | AH38: =AV38+BX38+CL38+CZ38+DN38 -> 4.7672285e+09 | AI38: =AW38+BY38+CM38+DA38+DO38 -> 6.360624e+09 | AJ38: =AX38+BZ38+CN38+DB38+DP38 -> 5.7198861e+09 | AK38: =AY38+CA38+CO38+DC38+DQ38 -> 5.09689e+09 | AL38: =AZ38+CB38+CP38+DD38+DR38 -> 4.9944445e+09 | ... AP38: =BD38+CF38+CT38+DH38+DV38 -> 5.5406114e+09 | AQ38: =SUM(AE38:AP38) -> 6.5635224e+10 | AS38: ='PL-KH26-DTR'!BL14 -> 5.0850517e+09 | AT38: ='PL-KH26-DTR'!BM14 -> 4.093197e+09 | AU38: ='PL-KH26-DTR'!BN14 -> 4.6008649e+09 | AV38: ='PL-KH26-DTR'!BO14 -> 3.9688609e+09 | AW38: ='PL-KH26-DTR'!BP14 -> 5.5490188e+09 | AX38: ='PL-KH26-DTR'!BQ14 -> 4.9082809e+09 | AY38: ='PL-KH26-DTR'!BR14 -> 4.2720471e+09 | AZ38: ='PL-KH26-DTR'!BS14 -> 4.1693822e+09 | ... BD38: ='PL-KH26-DTR'!BW14 -> 4.7454802e+09 | BE38: =SUM(AS38:BD38) -> 5.6555775e+10 | BG38: =BU38+CI38+CW38 -> 6.3006816e+08 | BH38: =BV38+CJ38+CX38 -> 4.3969836e+08 | BI38: =BW38+CK38+CY38 -> 7.5412108e+08 | BJ38: =BX38+CL38+CZ38 -> 7.9836756e+08 | BK38: =BY38+CM38+DA38 -> 8.116052e+08 | BL38: =BZ38+CN38+DB38 -> 8.116052e+08 | BM38: =CA38+CO38+DC38 -> 8.2484284e+08 | BN38: =CB38+CP38+DD38 -> 8.2506228e+08 | ... BR38: =CF38+CT38+DH38 -> 7.9513113e+08 | BS38: =SUM(BG38:BR38) -> 9.0794487e+09 | BU38: ='PL-KH26-DongLam'!G24 -> 267000000 | BV38: ='PL-KH26-DongLam'!H24 -> 160200000 | BW38: ='PL-KH26-DongLam'!I24 -> 353600000 | BX38: ='PL-KH26-DongLam'!J24 -> 317703360 | BY38: ='PL-KH26-DongLam'!K24 -> 330941000 | BZ38: ='PL-KH26-DongLam'!L24 -> 330941000 | CA38: ='PL-KH26-DongLam'!M24 -> 344178640 | CB38: ='PL-KH26-DongLam'!N24 -> 344398080 | ... CF38: ='PL-KH26-DongLam'!R24 -> 344178640 | CG38: =SUM(BU38:CF38) -> 3799518440 | CI38: ='PL-KH26-KhanhNga'!G23 -> 1.0396753e+08 | CJ38: ='PL-KH26-KhanhNga'!H23 -> 77975649 | CK38: ='PL-KH26-KhanhNga'!I23 -> 1.1263149e+08 | CL38: ='PL-KH26-KhanhNga'!J23 -> 1.2129545e+08 | CM38: ='PL-KH26-KhanhNga'!K23 -> 1.2129545e+08 | CN38: ='PL-KH26-KhanhNga'!L23 -> 1.2129545e+08 | CO38: ='PL-KH26-KhanhNga'!M23 -> 1.2129545e+08 | CP38: ='PL-KH26-KhanhNga'!N23 -> 1.2129545e+08 | ... CT38: ='PL-KH26-KhanhNga'!R23 -> 1.2129545e+08 | CU38: =SUM(CI38:CT38) -> 1.3862338e+09 | CW38: ='PL-KH26-DaiLoc'!F25 -> 259100625 | CX38: ='PL-KH26-DaiLoc'!G25 -> 2.0152271e+08 | CY38: ='PL-KH26-DaiLoc'!H25 -> 2.8788958e+08 | CZ38: ='PL-KH26-DaiLoc'!I25 -> 359368750 | DA38: ='PL-KH26-DaiLoc'!J25 -> 359368750 | DB38: ='PL-KH26-DaiLoc'!K25 -> 359368750 | DC38: ='PL-KH26-DaiLoc'!L25 -> 359368750 | DD38: ='PL-KH26-DaiLoc'!M25 -> 359368750 | ... DH38: ='PL-KH26-DaiLoc'!Q25 -> 3.2965703e+08 | DI38: =SUM(CW38:DH38) -> 3.8936965e+09 | DK38: ='PL-KH26-TanDaiPhat'!B13 -> 0 | DL38: ='PL-KH26-TanDaiPhat'!C13 -> 0 | DM38: ='PL-KH26-TanDaiPhat'!D13 -> 0 | DN38: ='PL-KH26-TanDaiPhat'!E13 -> 0 | DO38: ='PL-KH26-TanDaiPhat'!F13 -> 0 | DP38: ='PL-KH26-TanDaiPhat'!G13 -> 0 | DQ38: ='PL-KH26-TanDaiPhat'!H13 -> 0 | DR38: ='PL-KH26-TanDaiPhat'!I13 -> 0 | ... DV38: ='PL-KH26-TanDaiPhat'!M13 -> 0 | DW38: =SUM(DK38:DV38) -> 0 | EK38: =SUM(DY38:EJ38) -> 0
A39: 12 | B39: 10.Chi phí quản lý doanh nghiệp | C39: =Q39+AE39 -> 1.0275861e+10 | D39: =R39+AF39 -> 8.7169324e+09 | E39: =S39+AG39 -> 8.7599047e+09 | F39: =T39+AH39 -> 8.9181475e+09 | G39: =U39+AI39 -> 9.0570395e+09 | H39: =V39+AJ39 -> 9.5047244e+09 | I39: =W39+AK39 -> 9.9320859e+09 | J39: =X39+AL39 -> 1.030846e+10 | ... N39: =AB39+AP39 -> 1.1367196e+10 | O39: =SUM(C39:N39) -> 1.1444546e+11 | AC39: =SUM(Q39:AB39) -> 0 | AE39: =AS39+BU39+CI39+CW39+DK39 -> 1.0275861e+10 | AF39: =AT39+BV39+CJ39+CX39+DL39 -> 8.7169324e+09 | AG39: =AU39+BW39+CK39+CY39+DM39 -> 8.7599047e+09 | AH39: =AV39+BX39+CL39+CZ39+DN39 -> 8.9181475e+09 | AI39: =AW39+BY39+CM39+DA39+DO39 -> 9.0570395e+09 | AJ39: =AX39+BZ39+CN39+DB39+DP39 -> 9.5047244e+09 | AK39: =AY39+CA39+CO39+DC39+DQ39 -> 9.9320859e+09 | AL39: =AZ39+CB39+CP39+DD39+DR39 -> 1.030846e+10 | ... AP39: =BD39+CF39+CT39+DH39+DV39 -> 1.1367196e+10 | AQ39: =SUM(AE39:AP39) -> 1.1444546e+11 | AS39: ='PL-KH26-DTR'!BL15 -> 9.0714131e+09 | AT39: ='PL-KH26-DTR'!BM15 -> 7.5160984e+09 | AU39: ='PL-KH26-DTR'!BN15 -> 7.5982697e+09 | AV39: ='PL-KH26-DTR'!BO15 -> 7.6881912e+09 | AW39: ='PL-KH26-DTR'!BP15 -> 7.8484305e+09 | AX39: ='PL-KH26-DTR'!BQ15 -> 8.1238556e+09 | AY39: ='PL-KH26-DTR'!BR15 -> 8.7078155e+09 | AZ39: ='PL-KH26-DTR'!BS15 -> 8.8833695e+09 | ... BD39: ='PL-KH26-DTR'!BW15 -> 1.0136839e+10 | BE39: =SUM(AS39:BD39) -> 9.9541786e+10 | BG39: =BU39+CI39+CW39 -> 1.1994629e+09 | BH39: =BV39+CJ39+CX39 -> 1.1962492e+09 | BI39: =BW39+CK39+CY39 -> 1.1570503e+09 | BJ39: =BX39+CL39+CZ39 -> 1.2249716e+09 | BK39: =BY39+CM39+DA39 -> 1.2040242e+09 | BL39: =BZ39+CN39+DB39 -> 1.376284e+09 | BM39: =CA39+CO39+DC39 -> 1.2196857e+09 | BN39: =CB39+CP39+DD39 -> 1.4201062e+09 | ... BR39: =CF39+CT39+DH39 -> 1.2257723e+09 | BS39: =SUM(BG39:BR39) -> 1.4847056e+10 | BU39: ='PL-KH26-DongLam'!G39 -> 2.6938134e+08 | BV39: ='PL-KH26-DongLam'!H39 -> 3.3390535e+08 | BW39: ='PL-KH26-DongLam'!I39 -> 2.8969247e+08 | BX39: ='PL-KH26-DongLam'!J39 -> 3.5109583e+08 | BY39: ='PL-KH26-DongLam'!K39 -> 3.4496224e+08 | BZ39: ='PL-KH26-DongLam'!L39 -> 3.5873396e+08 | CA39: ='PL-KH26-DongLam'!M39 -> 3.7750266e+08 | CB39: ='PL-KH26-DongLam'!N39 -> 5.4919263e+08 | ... CF39: ='PL-KH26-DongLam'!R39 -> 3.7655822e+08 | CG39: =SUM(BU39:CF39) -> 4.3496623e+09 | CI39: ='PL-KH26-KhanhNga'!G38 -> 3.7859232e+08 | CJ39: ='PL-KH26-KhanhNga'!H38 -> 3.7699909e+08 | CK39: ='PL-KH26-KhanhNga'!I38 -> 3.5279841e+08 | CL39: ='PL-KH26-KhanhNga'!J38 -> 3.5448451e+08 | CM39: ='PL-KH26-KhanhNga'!K38 -> 3.5814565e+08 | CN39: ='PL-KH26-KhanhNga'!L38 -> 3.5384683e+08 | CO39: ='PL-KH26-KhanhNga'!M38 -> 3.5370674e+08 | CP39: ='PL-KH26-KhanhNga'!N38 -> 3.5206225e+08 | ... CT39: ='PL-KH26-KhanhNga'!R38 -> 3.5859171e+08 | CU39: =SUM(CI39:CT39) -> 4.2928381e+09 | CW39: ='PL-KH26-DaiLoc'!F40 -> 5.5148923e+08 | CX39: ='PL-KH26-DaiLoc'!G40 -> 4.8534478e+08 | CY39: ='PL-KH26-DaiLoc'!H40 -> 5.1455941e+08 | CZ39: ='PL-KH26-DaiLoc'!I40 -> 5.1939125e+08 | DA39: ='PL-KH26-DaiLoc'!J40 -> 5.0091629e+08 | DB39: ='PL-KH26-DaiLoc'!K40 -> 6.637032e+08 | DC39: ='PL-KH26-DaiLoc'!L40 -> 4.8847633e+08 | DD39: ='PL-KH26-DaiLoc'!M40 -> 5.1885133e+08 | ... DH39: ='PL-KH26-DaiLoc'!Q40 -> 4.9062235e+08 | DI39: =SUM(CW39:DH39) -> 6.2045555e+09 | DK39: ='PL-KH26-TanDaiPhat'!B14 -> 4984737 | DL39: ='PL-KH26-TanDaiPhat'!C14 -> 4584737 | DM39: ='PL-KH26-TanDaiPhat'!D14 -> 4584737 | DN39: ='PL-KH26-TanDaiPhat'!E14 -> 4984737 | DO39: ='PL-KH26-TanDaiPhat'!F14 -> 4584737 | DP39: ='PL-KH26-TanDaiPhat'!G14 -> 4584737 | DQ39: ='PL-KH26-TanDaiPhat'!H14 -> 4584737 | DR39: ='PL-KH26-TanDaiPhat'!I14 -> 4984737 | ... DV39: ='PL-KH26-TanDaiPhat'!M14 -> 4584737 | DW39: =SUM(DK39:DV39) -> 56616844 | EK39: =SUM(DY39:EJ39) -> 0
A40: 13 | B40: 11.Lợi nhuận thuần từ hoạt động kinh doanh | C40: =C27+C31+C35-C36-C38-C39 -> 8.8109533e+08 | D40: =D27+D31+D35-D36-D38-D39 -> -2.4431585e+09 | E40: =E27+E31+E35-E36-E38-E39 -> 4.9731962e+09 | F40: =F27+F31+F35-F36-F38-F39 -> 2.7132695e+09 | G40: =G27+G31+G35-G36-G38-G39 -> 3.9787002e+09 | H40: =H27+H31+H35-H36-H38-H39 -> 2.5283443e+09 | I40: =I27+I31+I35-I36-I38-I39 -> 9.4367991e+09 | J40: =J27+J31+J35-J36-J38-J39 -> 8.8383145e+09 | ... O40: =O27+O31+O35-O36-O38-O39 -> 6.5061141e+10 | Q40: =Q27+Q31+Q35-Q36-Q38-Q39 -> -1.0816536e+09 | R40: =R27+R31+R35-R36-R38-R39 -> -2.0636063e+08 | S40: =S27+S31+S35-S36-S38-S39 -> -1.3111887e+09 | T40: =T27+T31+T35-T36-T38-T39 -> -1.6895044e+09 | U40: =U27+U31+U35-U36-U38-U39 -> -6.0046255e+08 | V40: =V27+V31+V35-V36-V38-V39 -> -1.3867932e+09 | W40: =W27+W31+W35-W36-W38-W39 -> -3.1827692e+08 | X40: =X27+X31+X35-X36-X38-X39 -> 31216146 | ... AC40: =AC27+AC31+AC35-AC36-AC38-AC39 -> -7.147605e+09 | AE40: =AE27+AE31+AE35-AE36-AE38-AE39 -> 1.9627489e+09 | AF40: =AF27+AF31+AF35-AF36-AF38-AF39 -> -2.2367979e+09 | AG40: =AG27+AG31+AG35-AG36-AG38-AG39 -> 6.2843849e+09 | AH40: =AH27+AH31+AH35-AH36-AH38-AH39 -> 4.4027739e+09 | AI40: =AI27+AI31+AI35-AI36-AI38-AI39 -> 4.5791627e+09 | AJ40: =AJ27+AJ31+AJ35-AJ36-AJ38-AJ39 -> 3.9151375e+09 | AK40: =AK27+AK31+AK35-AK36-AK38-AK39 -> 9.755076e+09 | AL40: =AL27+AL31+AL35-AL36-AL38-AL39 -> 8.8070984e+09 | ... AQ40: =AQ27+AQ31+AQ35-AQ36-AQ38-AQ39 -> 7.2208746e+10 | AS40: =AS27+AS31+AS35-AS36-AS38-AS39 -> 2.3349944e+09 | AT40: =AT27+AT31+AT35-AT36-AT38-AT39 -> -8.9147864e+08 | AU40: =AU27+AU31+AU35-AU36-AU38-AU39 -> 6.4318239e+09 | AV40: =AV27+AV31+AV35-AV36-AV38-AV39 -> 4.1683597e+09 | AW40: =AW27+AW31+AW35-AW36-AW38-AW39 -> 4.3464899e+09 | AX40: =AX27+AX31+AX35-AX36-AX38-AX39 -> 3.9733408e+09 | AY40: =AY27+AY31+AY35-AY36-AY38-AY39 -> 9.621503e+09 | AZ40: =AZ27+AZ31+AZ35-AZ36-AZ38-AZ39 -> 8.836135e+09 | ... BE40: =BE27+BE31+BE35-BE36-BE38-BE39 -> 7.2041965e+10 | BG40: =BG27+BG31+BG35-BG36-BG38-BG39 -> -3.6726631e+08 | BH40: =BH27+BH31+BH35-BH36-BH38-BH39 -> -1.3407401e+09 | BI40: =BI27+BI31+BI35-BI36-BI38-BI39 -> -1.4285977e+08 | BJ40: =BJ27+BJ31+BJ35-BJ36-BJ38-BJ39 -> 2.3939343e+08 | BK40: =BK27+BK31+BK35-BK36-BK38-BK39 -> 2.3725207e+08 | BL40: =BL27+BL31+BL35-BL36-BL38-BL39 -> -53624081 | BM40: =BM27+BM31+BM35-BM36-BM38-BM39 -> 1.3815223e+08 | BN40: =BN27+BN31+BN35-BN36-BN38-BN39 -> -24057454 | ... BS40: =BS27+BS31+BS35-BS36-BS38-BS39 -> 2.2333037e+08 | BU40: =BU27+BU31+BU35-BU36-BU38-BU39 -> 4.2564869e+08 | BV40: =BV27+BV31+BV35-BV36-BV38-BV39 -> -57733715 | BW40: =BW27+BW31+BW35-BW36-BW38-BW39 -> 2.8883067e+08 | BX40: =BX27+BX31+BX35-BX36-BX38-BX39 -> 1.5244482e+08 | BY40: =BY27+BY31+BY35-BY36-BY38-BY39 -> 1.1489889e+08 | BZ40: =BZ27+BZ31+BZ35-BZ36-BZ38-BZ39 -> 66153608 | CA40: =CA27+CA31+CA35-CA36-CA38-CA39 -> 1.2243023e+08 | CB40: =CB27+CB31+CB35-CB36-CB38-CB39 -> 13734723 | ... CG40: =CG27+CG31+CG35-CG36-CG38-CG39 -> 1.4997067e+09 | CI40: =CI27+CI31+CI35-CI36-CI38-CI39 -> -13487538 | CJ40: =CJ27+CJ31+CJ35-CJ36-CJ38-CJ39 -> -3.4900378e+08 | CK40: =CK27+CK31+CK35-CK36-CK38-CK39 -> 1.5398542e+08 | CL40: =CL27+CL31+CL35-CL36-CL38-CL39 -> 2.1763032e+08 | CM40: =CM27+CM31+CM35-CM36-CM38-CM39 -> 2.5548024e+08 | CN40: =CN27+CN31+CN35-CN36-CN38-CN39 -> 2.1544976e+08 | CO40: =CO27+CO31+CO35-CO36-CO38-CO39 -> 2.0254252e+08 | CP40: =CP27+CP31+CP35-CP36-CP38-CP39 -> 1.8665436e+08 | ... CU40: =CU27+CU31+CU35-CU36-CU38-CU39 -> 1.8019393e+09 | CW40: =CW27+CW31+CW35-CW36-CW38-CW39 -> -7.7942746e+08 | CX40: =CX27+CX31+CX35-CX36-CX38-CX39 -> -9.3400257e+08 | CY40: =CY27+CY31+CY35-CY36-CY38-CY39 -> -5.8567586e+08 | CZ40: =CZ27+CZ31+CZ35-CZ36-CZ38-CZ39 -> -1.3068171e+08 | DA40: =DA27+DA31+DA35-DA36-DA38-DA39 -> -1.3312706e+08 | DB40: =DB27+DB31+DB35-DB36-DB38-DB39 -> -3.3522744e+08 | DC40: =DC27+DC31+DC35-DC36-DC38-DC39 -> -1.8682051e+08 | DD40: =DD27+DD31+DD35-DD36-DD38-DD39 -> -2.2444654e+08 | ... DI40: =DI27+DI31+DI35-DI36-DI38-DI39 -> -3.0783157e+09 | DK40: =DK27+DK31+DK35-DK36-DK38-DK39 -> -4979188.9 | DL40: =DL27+DL31+DL35-DL36-DL38-DL39 -> -4579188.9 | DM40: =DM27+DM31+DM35-DM36-DM38-DM39 -> -4579188.9 | DN40: =DN27+DN31+DN35-DN36-DN38-DN39 -> -4979188.9 | DO40: =DO27+DO31+DO35-DO36-DO38-DO39 -> -4579188.9 | DP40: =DP27+DP31+DP35-DP36-DP38-DP39 -> -4579188.9 | DQ40: =DQ27+DQ31+DQ35-DQ36-DQ38-DQ39 -> -4579188.9 | DR40: =DR27+DR31+DR35-DR36-DR38-DR39 -> -4979188.9 | ... DW40: =DW27+DW31+DW35-DW36-DW38-DW39 -> -56550267 | DY40: =DY27+DY31+DY35-DY36-DY38-DY39 -> 0 | DZ40: =DZ27+DZ31+DZ35-DZ36-DZ38-DZ39 -> 0 | EA40: =EA27+EA31+EA35-EA36-EA38-EA39 -> 0 | EB40: =EB27+EB31+EB35-EB36-EB38-EB39 -> 0 | EC40: =EC27+EC31+EC35-EC36-EC38-EC39 -> 0 | ED40: =ED27+ED31+ED35-ED36-ED38-ED39 -> 0 | EE40: =EE27+EE31+EE35-EE36-EE38-EE39 -> 0 | EF40: =EF27+EF31+EF35-EF36-EF38-EF39 -> 0 | ... EK40: =EK27+EK31+EK35-EK36-EK38-EK39 -> 0
A41: 14 | B41: 12.Thu nhập khác | C41: =Q41+AE41 -> 0 | D41: =R41+AF41 -> 0 | E41: =S41+AG41 -> 0 | F41: =T41+AH41 -> 0 | G41: =U41+AI41 -> 0 | H41: =V41+AJ41 -> 0 | I41: =W41+AK41 -> 0 | J41: =X41+AL41 -> 0 | ... N41: =AB41+AP41 -> 0 | O41: =SUM(C41:N41) -> 0 | AC41: =SUM(Q41:AB41) -> 0 | AE41: =AS41+BU41+CI41+CW41+DK41 -> 0 | AF41: =AT41+BV41+CJ41+CX41+DL41 -> 0 | AG41: =AU41+BW41+CK41+CY41+DM41 -> 0 | AH41: =AV41+BX41+CL41+CZ41+DN41 -> 0 | AI41: =AW41+BY41+CM41+DA41+DO41 -> 0 | AJ41: =AX41+BZ41+CN41+DB41+DP41 -> 0 | AK41: =AY41+CA41+CO41+DC41+DQ41 -> 0 | AL41: =AZ41+CB41+CP41+DD41+DR41 -> 0 | ... AP41: =BD41+CF41+CT41+DH41+DV41 -> 0 | AQ41: =SUM(AE41:AP41) -> 0 | AS41: ='PL-KH26-DTR'!BL17 -> 0 | AT41: ='PL-KH26-DTR'!BM17 -> 0 | AU41: ='PL-KH26-DTR'!BN17 -> 0 | AV41: ='PL-KH26-DTR'!BO17 -> 0 | AW41: ='PL-KH26-DTR'!BP17 -> 0 | AX41: ='PL-KH26-DTR'!BQ17 -> 0 | AY41: ='PL-KH26-DTR'!BR17 -> 0 | AZ41: ='PL-KH26-DTR'!BS17 -> 0 | ... BD41: ='PL-KH26-DTR'!BW17 -> 0 | BE41: =SUM(AS41:BD41) -> 0 | BG41: =BU41+CI41+CW41 -> 0 | BH41: =BV41+CJ41+CX41 -> 0 | BI41: =BW41+CK41+CY41 -> 0 | BJ41: =BX41+CL41+CZ41 -> 0 | BK41: =BY41+CM41+DA41 -> 0 | BL41: =BZ41+CN41+DB41 -> 0 | BM41: =CA41+CO41+DC41 -> 0 | BN41: =CB41+CP41+DD41 -> 0 | ... BR41: =CF41+CT41+DH41 -> 0 | BS41: =SUM(BG41:BR41) -> 0 | CG41: =SUM(BU41:CF41) -> 0 | CU41: =SUM(CI41:CT41) -> 0 | DI41: =SUM(CW41:DH41) -> 0 | DK41: ='PL-KH26-TanDaiPhat'!B16 -> 0 | DL41: ='PL-KH26-TanDaiPhat'!C16 -> 0 | DM41: ='PL-KH26-TanDaiPhat'!D16 -> 0 | DN41: ='PL-KH26-TanDaiPhat'!E16 -> 0 | DO41: ='PL-KH26-TanDaiPhat'!F16 -> 0 | DP41: ='PL-KH26-TanDaiPhat'!G16 -> 0 | DQ41: ='PL-KH26-TanDaiPhat'!H16 -> 0 | DR41: ='PL-KH26-TanDaiPhat'!I16 -> 0 | ... DV41: ='PL-KH26-TanDaiPhat'!M16 -> 0 | DW41: =SUM(DK41:DV41) -> 0 | EK41: =SUM(DY41:EJ41) -> 0
A42: 15 | B42: 13.Chi phí khác | C42: =Q42+AE42 -> 4.33625e+08 | D42: =R42+AF42 -> 4.33625e+08 | E42: =S42+AG42 -> 4.33625e+08 | F42: =T42+AH42 -> 4.33625e+08 | G42: =U42+AI42 -> 4.33625e+08 | H42: =V42+AJ42 -> 4.33625e+08 | I42: =W42+AK42 -> 4.33625e+08 | J42: =X42+AL42 -> 4.33625e+08 | ... N42: =AB42+AP42 -> 4.33625e+08 | O42: =SUM(C42:N42) -> 5.2035e+09 | AC42: =SUM(Q42:AB42) -> 0 | AE42: =AS42+BU42+CI42+CW42+DK42 -> 4.33625e+08 | AF42: =AT42+BV42+CJ42+CX42+DL42 -> 4.33625e+08 | AG42: =AU42+BW42+CK42+CY42+DM42 -> 4.33625e+08 | AH42: =AV42+BX42+CL42+CZ42+DN42 -> 4.33625e+08 | AI42: =AW42+BY42+CM42+DA42+DO42 -> 4.33625e+08 | AJ42: =AX42+BZ42+CN42+DB42+DP42 -> 4.33625e+08 | AK42: =AY42+CA42+CO42+DC42+DQ42 -> 4.33625e+08 | AL42: =AZ42+CB42+CP42+DD42+DR42 -> 4.33625e+08 | ... AP42: =BD42+CF42+CT42+DH42+DV42 -> 4.33625e+08 | AQ42: =SUM(AE42:AP42) -> 5.2035e+09 | AS42: ='PL-KH26-DTR'!BL18 -> 4.33625e+08 | AT42: ='PL-KH26-DTR'!BM18 -> 4.33625e+08 | AU42: ='PL-KH26-DTR'!BN18 -> 4.33625e+08 | AV42: ='PL-KH26-DTR'!BO18 -> 4.33625e+08 | AW42: ='PL-KH26-DTR'!BP18 -> 4.33625e+08 | AX42: ='PL-KH26-DTR'!BQ18 -> 4.33625e+08 | AY42: ='PL-KH26-DTR'!BR18 -> 4.33625e+08 | AZ42: ='PL-KH26-DTR'!BS18 -> 4.33625e+08 | ... BD42: ='PL-KH26-DTR'!BW18 -> 4.33625e+08 | BE42: =SUM(AS42:BD42) -> 5.2035e+09 | BG42: =BU42+CI42+CW42 -> 0 | BH42: =BV42+CJ42+CX42 -> 0 | BI42: =BW42+CK42+CY42 -> 0 | BJ42: =BX42+CL42+CZ42 -> 0 | BK42: =BY42+CM42+DA42 -> 0 | BL42: =BZ42+CN42+DB42 -> 0 | BM42: =CA42+CO42+DC42 -> 0 | BN42: =CB42+CP42+DD42 -> 0 | ... BR42: =CF42+CT42+DH42 -> 0 | BS42: =SUM(BG42:BR42) -> 0 | CG42: =SUM(BU42:CF42) -> 0 | CU42: =SUM(CI42:CT42) -> 0 | DI42: =SUM(CW42:DH42) -> 0 | DK42: ='PL-KH26-TanDaiPhat'!B17 -> 0 | DL42: ='PL-KH26-TanDaiPhat'!C17 -> 0 | DM42: ='PL-KH26-TanDaiPhat'!D17 -> 0 | DN42: ='PL-KH26-TanDaiPhat'!E17 -> 0 | DO42: ='PL-KH26-TanDaiPhat'!F17 -> 0 | DP42: ='PL-KH26-TanDaiPhat'!G17 -> 0 | DQ42: ='PL-KH26-TanDaiPhat'!H17 -> 0 | DR42: ='PL-KH26-TanDaiPhat'!I17 -> 0 | ... DV42: ='PL-KH26-TanDaiPhat'!M17 -> 0 | DW42: =SUM(DK42:DV42) -> 0 | EK42: =SUM(DY42:EJ42) -> 0
A43: 16 | B43: 14.Lợi nhuận khác | C43: =C41-C42 -> -4.33625e+08 | D43: =D41-D42 -> -4.33625e+08 | E43: =E41-E42 -> -4.33625e+08 | F43: =F41-F42 -> -4.33625e+08 | G43: =G41-G42 -> -4.33625e+08 | H43: =H41-H42 -> -4.33625e+08 | I43: =I41-I42 -> -4.33625e+08 | J43: =J41-J42 -> -4.33625e+08 | ... O43: =O41-O42 -> -5.2035e+09 | Q43: =Q41-Q42 -> 0 | R43: =R41-R42 -> 0 | S43: =S41-S42 -> 0 | T43: =T41-T42 -> 0 | U43: =U41-U42 -> 0 | V43: =V41-V42 -> 0 | W43: =W41-W42 -> 0 | X43: =X41-X42 -> 0 | ... AC43: =AC41-AC42 -> 0 | AE43: =AE41-AE42 -> -4.33625e+08 | AF43: =AF41-AF42 -> -4.33625e+08 | AG43: =AG41-AG42 -> -4.33625e+08 | AH43: =AH41-AH42 -> -4.33625e+08 | AI43: =AI41-AI42 -> -4.33625e+08 | AJ43: =AJ41-AJ42 -> -4.33625e+08 | AK43: =AK41-AK42 -> -4.33625e+08 | AL43: =AL41-AL42 -> -4.33625e+08 | ... AQ43: =AQ41-AQ42 -> -5.2035e+09 | AS43: =AS41-AS42 -> -4.33625e+08 | AT43: =AT41-AT42 -> -4.33625e+08 | AU43: =AU41-AU42 -> -4.33625e+08 | AV43: =AV41-AV42 -> -4.33625e+08 | AW43: =AW41-AW42 -> -4.33625e+08 | AX43: =AX41-AX42 -> -4.33625e+08 | AY43: =AY41-AY42 -> -4.33625e+08 | AZ43: =AZ41-AZ42 -> -4.33625e+08 | ... BE43: =BE41-BE42 -> -5.2035e+09 | BG43: =BG41-BG42 -> 0 | BH43: =BH41-BH42 -> 0 | BI43: =BI41-BI42 -> 0 | BJ43: =BJ41-BJ42 -> 0 | BK43: =BK41-BK42 -> 0 | BL43: =BL41-BL42 -> 0 | BM43: =BM41-BM42 -> 0 | BN43: =BN41-BN42 -> 0 | ... BS43: =BS41-BS42 -> 0 | BU43: =BU41-BU42 -> 0 | BV43: =BV41-BV42 -> 0 | BW43: =BW41-BW42 -> 0 | BX43: =BX41-BX42 -> 0 | BY43: =BY41-BY42 -> 0 | BZ43: =BZ41-BZ42 -> 0 | CA43: =CA41-CA42 -> 0 | CB43: =CB41-CB42 -> 0 | ... CG43: =CG41-CG42 -> 0 | CI43: =CI41-CI42 -> 0 | CJ43: =CJ41-CJ42 -> 0 | CK43: =CK41-CK42 -> 0 | CL43: =CL41-CL42 -> 0 | CM43: =CM41-CM42 -> 0 | CN43: =CN41-CN42 -> 0 | CO43: =CO41-CO42 -> 0 | CP43: =CP41-CP42 -> 0 | ... CU43: =CU41-CU42 -> 0 | CW43: =CW41-CW42 -> 0 | CX43: =CX41-CX42 -> 0 | CY43: =CY41-CY42 -> 0 | CZ43: =CZ41-CZ42 -> 0 | DA43: =DA41-DA42 -> 0 | DB43: =DB41-DB42 -> 0 | DC43: =DC41-DC42 -> 0 | DD43: =DD41-DD42 -> 0 | ... DI43: =DI41-DI42 -> 0 | DK43: =DK41-DK42 -> 0 | DL43: =DL41-DL42 -> 0 | DM43: =DM41-DM42 -> 0 | DN43: =DN41-DN42 -> 0 | DO43: =DO41-DO42 -> 0 | DP43: =DP41-DP42 -> 0 | DQ43: =DQ41-DQ42 -> 0 | DR43: =DR41-DR42 -> 0 | ... DW43: =DW41-DW42 -> 0 | DY43: =DY41-DY42 -> 0 | DZ43: =DZ41-DZ42 -> 0 | EA43: =EA41-EA42 -> 0 | EB43: =EB41-EB42 -> 0 | EC43: =EC41-EC42 -> 0 | ED43: =ED41-ED42 -> 0 | EE43: =EE41-EE42 -> 0 | EF43: =EF41-EF42 -> 0 | ... EK43: =EK41-EK42 -> 0
A44: 17 | B44: 15.Tổng lợi nhuận kế toán trước thuế | C44: =C40+C43 -> 4.4747033e+08 | D44: =D40+D43 -> -2.8767835e+09 | E44: =E40+E43 -> 4.5395712e+09 | F44: =F40+F43 -> 2.2796445e+09 | G44: =G40+G43 -> 3.5450752e+09 | H44: =H40+H43 -> 2.0947193e+09 | I44: =I40+I43 -> 9.0031741e+09 | J44: =J40+J43 -> 8.4046895e+09 | ... O44: =O40+O43 -> 5.9857641e+10 | Q44: =Q40+Q43 -> -1.0816536e+09 | R44: =R40+R43 -> -2.0636063e+08 | S44: =S40+S43 -> -1.3111887e+09 | T44: =T40+T43 -> -1.6895044e+09 | U44: =U40+U43 -> -6.0046255e+08 | V44: =V40+V43 -> -1.3867932e+09 | W44: =W40+W43 -> -3.1827692e+08 | X44: =X40+X43 -> 31216146 | ... AC44: =AC40+AC43 -> -7.147605e+09 | AE44: =AE40+AE43 -> 1.5291239e+09 | AF44: =AF40+AF43 -> -2.6704229e+09 | AG44: =AG40+AG43 -> 5.8507599e+09 | AH44: =AH40+AH43 -> 3.9691489e+09 | AI44: =AI40+AI43 -> 4.1455377e+09 | AJ44: =AJ40+AJ43 -> 3.4815125e+09 | AK44: =AK40+AK43 -> 9.321451e+09 | AL44: =AL40+AL43 -> 8.3734734e+09 | ... AQ44: =AQ40+AQ43 -> 6.7005246e+10 | AS44: =AS40+AS43 -> 1.9013694e+09 | AT44: =AT40+AT43 -> -1.3251036e+09 | AU44: =AU40+AU43 -> 5.9981989e+09 | AV44: =AV40+AV43 -> 3.7347347e+09 | AW44: =AW40+AW43 -> 3.9128649e+09 | AX44: =AX40+AX43 -> 3.5397158e+09 | AY44: =AY40+AY43 -> 9.187878e+09 | AZ44: =AZ40+AZ43 -> 8.40251e+09 | ... BE44: =BE40+BE43 -> 6.6838465e+10 | BG44: =BG40+BG43 -> -3.6726631e+08 | BH44: =BH40+BH43 -> -1.3407401e+09 | BI44: =BI40+BI43 -> -1.4285977e+08 | BJ44: =BJ40+BJ43 -> 2.3939343e+08 | BK44: =BK40+BK43 -> 2.3725207e+08 | BL44: =BL40+BL43 -> -53624081 | BM44: =BM40+BM43 -> 1.3815223e+08 | BN44: =BN40+BN43 -> -24057454 | ... BS44: =BS40+BS43 -> 2.2333037e+08 | BU44: =BU40+BU43 -> 4.2564869e+08 | BV44: =BV40+BV43 -> -57733715 | BW44: =BW40+BW43 -> 2.8883067e+08 | BX44: =BX40+BX43 -> 1.5244482e+08 | BY44: =BY40+BY43 -> 1.1489889e+08 | BZ44: =BZ40+BZ43 -> 66153608 | CA44: =CA40+CA43 -> 1.2243023e+08 | CB44: =CB40+CB43 -> 13734723 | ... CG44: =CG40+CG43 -> 1.4997067e+09 | CI44: =CI40+CI43 -> -13487538 | CJ44: =CJ40+CJ43 -> -3.4900378e+08 | CK44: =CK40+CK43 -> 1.5398542e+08 | CL44: =CL40+CL43 -> 2.1763032e+08 | CM44: =CM40+CM43 -> 2.5548024e+08 | CN44: =CN40+CN43 -> 2.1544976e+08 | CO44: =CO40+CO43 -> 2.0254252e+08 | CP44: =CP40+CP43 -> 1.8665436e+08 | ... CU44: =CU40+CU43 -> 1.8019393e+09 | CW44: =CW40+CW43 -> -7.7942746e+08 | CX44: =CX40+CX43 -> -9.3400257e+08 | CY44: =CY40+CY43 -> -5.8567586e+08 | CZ44: =CZ40+CZ43 -> -1.3068171e+08 | DA44: =DA40+DA43 -> -1.3312706e+08 | DB44: =DB40+DB43 -> -3.3522744e+08 | DC44: =DC40+DC43 -> -1.8682051e+08 | DD44: =DD40+DD43 -> -2.2444654e+08 | ... DI44: =DI40+DI43 -> -3.0783157e+09 | DK44: =DK40+DK43 -> -4979188.9 | DL44: =DL40+DL43 -> -4579188.9 | DM44: =DM40+DM43 -> -4579188.9 | DN44: =DN40+DN43 -> -4979188.9 | DO44: =DO40+DO43 -> -4579188.9 | DP44: =DP40+DP43 -> -4579188.9 | DQ44: =DQ40+DQ43 -> -4579188.9 | DR44: =DR40+DR43 -> -4979188.9 | ... DW44: =DW40+DW43 -> -56550267 | DY44: =DY40+DY43 -> 0 | DZ44: =DZ40+DZ43 -> 0 | EA44: =EA40+EA43 -> 0 | EB44: =EB40+EB43 -> 0 | EC44: =EC40+EC43 -> 0 | ED44: =ED40+ED43 -> 0 | EE44: =EE40+EE43 -> 0 | EF44: =EF40+EF43 -> 0 | ... EK44: =EK40+EK43 -> 0
A45: 18 | B45: 16.Chi phí thuế TNDN hiện hành | C45: =Q45+AE45 -> 3.8027387e+08 | D45: =R45+AF45 -> 0 | E45: =S45+AG45 -> 9.3461904e+08 | F45: =T45+AH45 -> 7.4694693e+08 | G45: =U45+AI45 -> 7.8257297e+08 | H45: =V45+AJ45 -> 7.0794316e+08 | I45: =W45+AK45 -> 1.8375756e+09 | J45: =X45+AL45 -> 1.680502e+09 | ... N45: =AB45+AP45 -> 1.3228623e+09 | O45: =SUM(C45:N45) -> 1.3367693e+10 | AC45: =SUM(Q45:AB45) -> 0 | AE45: =AS45+BU45+CI45+CW45+DK45 -> 3.8027387e+08 | AF45: =AT45+BV45+CJ45+CX45+DL45 -> 0 | AG45: =AU45+BW45+CK45+CY45+DM45 -> 9.3461904e+08 | AH45: =AV45+BX45+CL45+CZ45+DN45 -> 7.4694693e+08 | AI45: =AW45+BY45+CM45+DA45+DO45 -> 7.8257297e+08 | AJ45: =AX45+BZ45+CN45+DB45+DP45 -> 7.0794316e+08 | AK45: =AY45+CA45+CO45+DC45+DQ45 -> 1.8375756e+09 | AL45: =AZ45+CB45+CP45+DD45+DR45 -> 1.680502e+09 | ... AP45: =BD45+CF45+CT45+DH45+DV45 -> 1.3228623e+09 | AQ45: =SUM(AE45:AP45) -> 1.3367693e+10 | AS45: ='PL-KH26-DTR'!BL21 -> 3.8027387e+08 | AT45: ='PL-KH26-DTR'!BM21 -> 0 | AU45: ='PL-KH26-DTR'!BN21 -> 9.3461904e+08 | AV45: ='PL-KH26-DTR'!BO21 -> 7.4694693e+08 | AW45: ='PL-KH26-DTR'!BP21 -> 7.8257297e+08 | AX45: ='PL-KH26-DTR'!BQ21 -> 7.0794316e+08 | AY45: ='PL-KH26-DTR'!BR21 -> 1.8375756e+09 | AZ45: ='PL-KH26-DTR'!BS21 -> 1.680502e+09 | ... BD45: ='PL-KH26-DTR'!BW21 -> 1.3228623e+09 | BE45: =SUM(AS45:BD45) -> 1.3367693e+10 | BG45: =BU45+CI45+CW45 -> 0 | BH45: =BV45+CJ45+CX45 -> 0 | BI45: =BW45+CK45+CY45 -> 0 | BJ45: =BX45+CL45+CZ45 -> 0 | BK45: =BY45+CM45+DA45 -> 0 | BL45: =BZ45+CN45+DB45 -> 0 | BM45: =CA45+CO45+DC45 -> 0 | BN45: =CB45+CP45+DD45 -> 0 | ... BR45: =CF45+CT45+DH45 -> 0 | BS45: =SUM(BG45:BR45) -> 0 | CG45: =SUM(BU45:CF45) -> 0 | CU45: =SUM(CI45:CT45) -> 0 | DI45: =SUM(CW45:DH45) -> 0 | DK45: ='PL-KH26-TanDaiPhat'!B20 -> 0 | DL45: ='PL-KH26-TanDaiPhat'!C20 -> 0 | DM45: ='PL-KH26-TanDaiPhat'!D20 -> 0 | DN45: ='PL-KH26-TanDaiPhat'!E20 -> 0 | DO45: ='PL-KH26-TanDaiPhat'!F20 -> 0 | DP45: ='PL-KH26-TanDaiPhat'!G20 -> 0 | DQ45: ='PL-KH26-TanDaiPhat'!H20 -> 0 | DR45: ='PL-KH26-TanDaiPhat'!I20 -> 0 | ... DV45: ='PL-KH26-TanDaiPhat'!M20 -> 0 | DW45: =SUM(DK45:DV45) -> 0 | EK45: =SUM(DY45:EJ45) -> 0
A46: 19 | B46: 17.Chi phí thuế TNDN hoãn lại | C46: =Q46+AE46 -> 0 | D46: =R46+AF46 -> 0 | E46: =S46+AG46 -> 0 | F46: =T46+AH46 -> 0 | G46: =U46+AI46 -> 0 | H46: =V46+AJ46 -> 0 | I46: =W46+AK46 -> 0 | J46: =X46+AL46 -> 0 | ... N46: =AB46+AP46 -> 0 | O46: =SUM(C46:N46) -> 0 | AC46: =SUM(Q46:AB46) -> 0 | AE46: =AS46+BU46+CI46+CW46+DK46 -> 0 | AF46: =AT46+BV46+CJ46+CX46+DL46 -> 0 | AG46: =AU46+BW46+CK46+CY46+DM46 -> 0 | AH46: =AV46+BX46+CL46+CZ46+DN46 -> 0 | AI46: =AW46+BY46+CM46+DA46+DO46 -> 0 | AJ46: =AX46+BZ46+CN46+DB46+DP46 -> 0 | AK46: =AY46+CA46+CO46+DC46+DQ46 -> 0 | AL46: =AZ46+CB46+CP46+DD46+DR46 -> 0 | ... AP46: =BD46+CF46+CT46+DH46+DV46 -> 0 | AQ46: =SUM(AE46:AP46) -> 0 | AS46: ='PL-KH26-DTR'!BL22 -> 0 | AT46: ='PL-KH26-DTR'!BM22 -> 0 | AU46: ='PL-KH26-DTR'!BN22 -> 0 | AV46: ='PL-KH26-DTR'!BO22 -> 0 | AW46: ='PL-KH26-DTR'!BP22 -> 0 | AX46: ='PL-KH26-DTR'!BQ22 -> 0 | AY46: ='PL-KH26-DTR'!BR22 -> 0 | AZ46: ='PL-KH26-DTR'!BS22 -> 0 | ... BD46: ='PL-KH26-DTR'!BW22 -> 0 | BE46: =SUM(AS46:BD46) -> 0 | BG46: =BU46+CI46+CW46 -> 0 | BH46: =BV46+CJ46+CX46 -> 0 | BI46: =BW46+CK46+CY46 -> 0 | BJ46: =BX46+CL46+CZ46 -> 0 | BK46: =BY46+CM46+DA46 -> 0 | BL46: =BZ46+CN46+DB46 -> 0 | BM46: =CA46+CO46+DC46 -> 0 | BN46: =CB46+CP46+DD46 -> 0 | ... BR46: =CF46+CT46+DH46 -> 0 | BS46: =SUM(BG46:BR46) -> 0 | CG46: =SUM(BU46:CF46) -> 0 | CU46: =SUM(CI46:CT46) -> 0 | DI46: =SUM(CW46:DH46) -> 0 | DK46: ='PL-KH26-TanDaiPhat'!B21 -> 0 | DL46: ='PL-KH26-TanDaiPhat'!C21 -> 0 | DM46: ='PL-KH26-TanDaiPhat'!D21 -> 0 | DN46: ='PL-KH26-TanDaiPhat'!E21 -> 0 | DO46: ='PL-KH26-TanDaiPhat'!F21 -> 0 | DP46: ='PL-KH26-TanDaiPhat'!G21 -> 0 | DQ46: ='PL-KH26-TanDaiPhat'!H21 -> 0 | DR46: ='PL-KH26-TanDaiPhat'!I21 -> 0 | ... DV46: ='PL-KH26-TanDaiPhat'!M21 -> 0 | DW46: =SUM(DK46:DV46) -> 0 | EK46: =SUM(DY46:EJ46) -> 0
A47: 20 | B47: 18.Lợi nhuận sau thuế thu nhập doanh nghiệp | C47: =C44-C45-C46 -> 67196451 | D47: =D44-D45-D46 -> -2.8767835e+09 | E47: =E44-E45-E46 -> 3.6049522e+09 | F47: =F44-F45-F46 -> 1.5326975e+09 | G47: =G44-G45-G46 -> 2.7625022e+09 | H47: =H44-H45-H46 -> 1.3867762e+09 | I47: =I44-I45-I46 -> 7.1655985e+09 | J47: =J44-J45-J46 -> 6.7241875e+09 | ... O47: =O44-O45-O46 -> 4.6489947e+10 | Q47: =Q44-Q45-Q46 -> -1.0816536e+09 | R47: =R44-R45-R46 -> -2.0636063e+08 | S47: =S44-S45-S46 -> -1.3111887e+09 | T47: =T44-T45-T46 -> -1.6895044e+09 | U47: =U44-U45-U46 -> -6.0046255e+08 | V47: =V44-V45-V46 -> -1.3867932e+09 | W47: =W44-W45-W46 -> -3.1827692e+08 | X47: =X44-X45-X46 -> 31216146 | ... AC47: =AC44-AC45-AC46 -> -7.147605e+09 | AE47: =AE44-AE45-AE46 -> 1.14885e+09 | AF47: =AF44-AF45-AF46 -> -2.6704229e+09 | AG47: =AG44-AG45-AG46 -> 4.9161408e+09 | AH47: =AH44-AH45-AH46 -> 3.222202e+09 | AI47: =AI44-AI45-AI46 -> 3.3629648e+09 | AJ47: =AJ44-AJ45-AJ46 -> 2.7735694e+09 | AK47: =AK44-AK45-AK46 -> 7.4838754e+09 | AL47: =AL44-AL45-AL46 -> 6.6929714e+09 | ... AQ47: =AQ44-AQ45-AQ46 -> 5.3637552e+10 | AS47: =AS44-AS45-AS46 -> 1.5210955e+09 | AT47: =AT44-AT45-AT46 -> -1.3251036e+09 | AU47: =AU44-AU45-AU46 -> 5.0635798e+09 | AV47: =AV44-AV45-AV46 -> 2.9877877e+09 | AW47: =AW44-AW45-AW46 -> 3.1302919e+09 | AX47: =AX44-AX45-AX46 -> 2.8317726e+09 | AY47: =AY44-AY45-AY46 -> 7.3503024e+09 | AZ47: =AZ44-AZ45-AZ46 -> 6.722008e+09 | ... BE47: =BE44-BE45-BE46 -> 5.3470772e+10 | BG47: =BG44-BG45-BG46 -> -3.6726631e+08 | BH47: =BH44-BH45-BH46 -> -1.3407401e+09 | BI47: =BI44-BI45-BI46 -> -1.4285977e+08 | BJ47: =BJ44-BJ45-BJ46 -> 2.3939343e+08 | BK47: =BK44-BK45-BK46 -> 2.3725207e+08 | BL47: =BL44-BL45-BL46 -> -53624081 | BM47: =BM44-BM45-BM46 -> 1.3815223e+08 | BN47: =BN44-BN45-BN46 -> -24057454 | ... BS47: =BS44-BS45-BS46 -> 2.2333037e+08 | BU47: =BU44-BU45-BU46 -> 4.2564869e+08 | BV47: =BV44-BV45-BV46 -> -57733715 | BW47: =BW44-BW45-BW46 -> 2.8883067e+08 | BX47: =BX44-BX45-BX46 -> 1.5244482e+08 | BY47: =BY44-BY45-BY46 -> 1.1489889e+08 | BZ47: =BZ44-BZ45-BZ46 -> 66153608 | CA47: =CA44-CA45-CA46 -> 1.2243023e+08 | CB47: =CB44-CB45-CB46 -> 13734723 | ... CG47: =CG44-CG45-CG46 -> 1.4997067e+09 | CI47: =CI44-CI45-CI46 -> -13487538 | CJ47: =CJ44-CJ45-CJ46 -> -3.4900378e+08 | CK47: =CK44-CK45-CK46 -> 1.5398542e+08 | CL47: =CL44-CL45-CL46 -> 2.1763032e+08 | CM47: =CM44-CM45-CM46 -> 2.5548024e+08 | CN47: =CN44-CN45-CN46 -> 2.1544976e+08 | CO47: =CO44-CO45-CO46 -> 2.0254252e+08 | CP47: =CP44-CP45-CP46 -> 1.8665436e+08 | ... CU47: =CU44-CU45-CU46 -> 1.8019393e+09 | CW47: =CW44-CW45-CW46 -> -7.7942746e+08 | CX47: =CX44-CX45-CX46 -> -9.3400257e+08 | CY47: =CY44-CY45-CY46 -> -5.8567586e+08 | CZ47: =CZ44-CZ45-CZ46 -> -1.3068171e+08 | DA47: =DA44-DA45-DA46 -> -1.3312706e+08 | DB47: =DB44-DB45-DB46 -> -3.3522744e+08 | DC47: =DC44-DC45-DC46 -> -1.8682051e+08 | DD47: =DD44-DD45-DD46 -> -2.2444654e+08 | ... DI47: =DI44-DI45-DI46 -> -3.0783157e+09 | DK47: =DK44-DK45-DK46 -> -4979188.9 | DL47: =DL44-DL45-DL46 -> -4579188.9 | DM47: =DM44-DM45-DM46 -> -4579188.9 | DN47: =DN44-DN45-DN46 -> -4979188.9 | DO47: =DO44-DO45-DO46 -> -4579188.9 | DP47: =DP44-DP45-DP46 -> -4579188.9 | DQ47: =DQ44-DQ45-DQ46 -> -4579188.9 | DR47: =DR44-DR45-DR46 -> -4979188.9 | ... DW47: =DW44-DW45-DW46 -> -56550267 | DY47: =DY44-DY45-DY46 -> 0 | DZ47: =DZ44-DZ45-DZ46 -> 0 | EA47: =EA44-EA45-EA46 -> 0 | EB47: =EB44-EB45-EB46 -> 0 | EC47: =EC44-EC45-EC46 -> 0 | ED47: =ED44-ED45-ED46 -> 0 | EE47: =EE44-EE45-EE46 -> 0 | EF47: =EF44-EF45-EF46 -> 0 | ... EK47: =EK44-EK45-EK46 -> 0
B48: Check | O48: =O47-SUM(C47:N47) -> 0 | BS48: =BS47-(CG47+CU47+DI47) -> 9.5367432e-07 | CG48: =CG47-'PL-KH26-DongLam'!S50 -> -1.335144e-05 | CU48: =CU47-'PL-KH26-KhanhNga'!S49 -> -7.8678131e-06 | DI48: =DI47-'PL-KH26-DaiLoc'!R51 -> -4.2915344e-06 | DW48: =DW47-'PL-KH26-TanDaiPhat'!N22 -> 0

Sheet PL-KH26-DTR
B1: CTY CP NHỰA TÁI CHẾ DUY TÂN | BL1: 1000
B2: VND
A3: Index PL | B3: PHẦN II-KẾT QUẢ HOẠT ĐỘNG KINH DOANH | C3: TenCongTyID | BL3: T01.2026 | BM3: T02.2026 | BN3: T03.2026 | BO3: T04.2026 | BP3: T05.2026 | BQ3: T06.2026 | BR3: T07.2026 | BS3: T08.2026 | BT3: T09.2026 | BU3: T10.2026 | BV3: T11.2026 | BW3: T12.2026
A4: 1 | B4: Sản lượng (kg) | C4: 5 | BL4: 4318.2229 | BM4: 4253.3146 | BN4: 4678.5574 | BO4: 4394.2315 | BP4: 4663.4364 | BQ4: 4691.9522 | BR4: 4689.4225 | BS4: 4562.8495 | BT4: 4774.6231 | BU4: 4468.6263 | BV4: 4720.2431 | BW4: 4784.5204
A5: 2 | B5: 1.Doanh thu bán hàng và cung cấp dịch vụ | C5: 5 | BL5: 1.2950534e+11 | BM5: 1.2797444e+11 | BN5: 1.4159949e+11 | BO5: 1.3178227e+11 | BP5: 1.4024431e+11 | BQ5: 1.414093e+11 | BR5: 1.4540406e+11 | BS5: 1.4127636e+11 | BT5: 1.481965e+11 | BU5: 1.3798448e+11 | BV5: 1.4592906e+11 | BW5: 1.4744201e+11
A6: 3 | B6: 2.Các khoản giảm trừ doanh thu | C6: 5
A7: 4 | B7: 3.Doanh thu thuần về bán hàng và cung cấp dịch vụ | C7: 5 | BL7: 1.2950534e+11 | BM7: 1.2797444e+11 | BN7: 1.4159949e+11 | BO7: 1.3178227e+11 | BP7: 1.4024431e+11 | BQ7: 1.414093e+11 | BR7: 1.4540406e+11 | BS7: 1.4127636e+11 | BT7: 1.481965e+11 | BU7: 1.3798448e+11 | BV7: 1.4592906e+11 | BW7: 1.4744201e+11
A8: 5 | B8: 4.Giá vốn hàng bán | C8: 5 | BL8: 1.1157315e+11 | BM8: 1.1494222e+11 | BN8: 1.2021369e+11 | BO8: 1.1329788e+11 | BP8: 1.195158e+11 | BQ8: 1.2132006e+11 | BR8: 1.1966307e+11 | BS8: 1.1606589e+11 | BT8: 1.224872e+11 | BU8: 1.1382695e+11 | BV8: 1.2072687e+11 | BW8: 1.224094e+11
A9: 6 | B9: 5.Lợi nhuận gộp về bán hàng | C9: 5 | BL9: =BL7-BL8 -> 1.7932188e+10 | BM9: =BM7-BM8 -> 1.3032218e+10 | BN9: =BN7-BN8 -> 2.1385804e+10 | BO9: =BO7-BO8 -> 1.8484386e+10 | BP9: =BP7-BP8 -> 2.0728503e+10 | BQ9: =BQ7-BQ8 -> 2.0089243e+10 | BR9: =BR7-BR8 -> 2.5740985e+10 | BS9: =BS7-BS8 -> 2.5210468e+10 | ... BW9: =BW7-BW8 -> 2.503261e+10
A10: 7 | B10: 6.Lãi/lỗ của hoạt động bán, thanh lý bất động sản đầu tư | C10: 5
A11: 8 | B11: 7.Doanh thu hoạt động tài chính | C11: 5
A12: 9 | B12: 8.Chi phí tài chính | C12: 5 | BL12: 1.4407292e+09 | BM12: 2.3144015e+09 | BN12: 2.7548451e+09 | BO12: 2.658974e+09 | BP12: 2.9845639e+09 | BQ12: 3.0837659e+09 | BR12: 3.1396192e+09 | BS12: 3.3215811e+09 | BT12: 3.2483419e+09 | BU12: 3.2547332e+09 | BV12: 3.2619945e+09 | BW12: 3.1023551e+09
A13: 10 | B13: Trong đó: Chi phí lãi vay | C13: 5 | BL13: 1.4407292e+09 | BM13: 2.3144015e+09 | BN13: 2.7548451e+09 | BO13: 2.658974e+09 | BP13: 2.9845639e+09 | BQ13: 3.0837659e+09 | BR13: 3.1396192e+09 | BS13: 3.3215811e+09 | BT13: 3.2483419e+09 | BU13: 3.2547332e+09 | BV13: 3.2619945e+09 | BW13: 3.1023551e+09
A14: 11 | B14: 9.Chi phí bán hàng | C14: 5 | BL14: 5.0850517e+09 | BM14: 4.093197e+09 | BN14: 4.6008649e+09 | BO14: 3.9688609e+09 | BP14: 5.5490188e+09 | BQ14: 4.9082809e+09 | BR14: 4.2720471e+09 | BS14: 4.1693822e+09 | BT14: 6.1786847e+09 | BU14: 4.3218675e+09 | BV14: 4.6630393e+09 | BW14: 4.7454802e+09
A15: 12 | B15: 10.Chi phí quản lý doanh nghiệp | C15: 5 | BL15: 9.0714131e+09 | BM15: 7.5160984e+09 | BN15: 7.5982697e+09 | BO15: 7.6881912e+09 | BP15: 7.8484305e+09 | BQ15: 8.1238556e+09 | BR15: 8.7078155e+09 | BS15: 8.8833695e+09 | BT15: 8.2120913e+09 | BU15: 7.815232e+09 | BV15: 7.9401801e+09 | BW15: 1.0136839e+10
A16: 13 | B16: 11.Lợi nhuận thuần từ hoạt động kinh doanh | C16: 5 | BL16: =BL9+BL10+BL11-BL12-BL14-BL15 -> 2.3349944e+09 | BM16: =BM9+BM10+BM11-BM12-BM14-BM15 -> -8.9147864e+08 | BN16: =BN9+BN10+BN11-BN12-BN14-BN15 -> 6.4318239e+09 | BO16: =BO9+BO10+BO11-BO12-BO14-BO15 -> 4.1683597e+09 | BP16: =BP9+BP10+BP11-BP12-BP14-BP15 -> 4.3464899e+09 | BQ16: =BQ9+BQ10+BQ11-BQ12-BQ14-BQ15 -> 3.9733408e+09 | BR16: =BR9+BR10+BR11-BR12-BR14-BR15 -> 9.621503e+09 | BS16: =BS9+BS10+BS11-BS12-BS14-BS15 -> 8.836135e+09 | ... BW16: =BW9+BW10+BW11-BW12-BW14-BW15 -> 7.0479363e+09
A17: 14 | B17: 12.Thu nhập khác | C17: 5
A18: 15 | B18: 13.Chi phí khác | C18: 5 | BL18: 4.33625e+08 | BM18: 4.33625e+08 | BN18: 4.33625e+08 | BO18: 4.33625e+08 | BP18: 4.33625e+08 | BQ18: 4.33625e+08 | BR18: 4.33625e+08 | BS18: 4.33625e+08 | BT18: 4.33625e+08 | BU18: 4.33625e+08 | BV18: 4.33625e+08 | BW18: 4.33625e+08
A19: 16 | B19: 14.Lợi nhuận khác | C19: 5 | BL19: =BL17-BL18 -> -4.33625e+08 | BM19: =BM17-BM18 -> -4.33625e+08 | BN19: =BN17-BN18 -> -4.33625e+08 | BO19: =BO17-BO18 -> -4.33625e+08 | BP19: =BP17-BP18 -> -4.33625e+08 | BQ19: =BQ17-BQ18 -> -4.33625e+08 | BR19: =BR17-BR18 -> -4.33625e+08 | BS19: =BS17-BS18 -> -4.33625e+08 | ... BW19: =BW17-BW18 -> -4.33625e+08
A20: 17 | B20: 15.Tổng lợi nhuận kế toán trước thuế | C20: 5 | BL20: =BL16+BL19 -> 1.9013694e+09 | BM20: =BM16+BM19 -> -1.3251036e+09 | BN20: =BN16+BN19 -> 5.9981989e+09 | BO20: =BO16+BO19 -> 3.7347347e+09 | BP20: =BP16+BP19 -> 3.9128649e+09 | BQ20: =BQ16+BQ19 -> 3.5397158e+09 | BR20: =BR16+BR19 -> 9.187878e+09 | BS20: =BS16+BS19 -> 8.40251e+09 | ... BW20: =BW16+BW19 -> 6.6143113e+09
A21: 18 | B21: 16.Chi phí thuế TNDN hiện hành | C21: 5 | BL21: 3.8027387e+08 | BM21: 0 | BN21: 9.3461904e+08 | BO21: 7.4694693e+08 | BP21: 7.8257297e+08 | BQ21: 7.0794316e+08 | BR21: 1.8375756e+09 | BS21: 1.680502e+09 | BT21: 1.5273121e+09 | BU21: 1.6664157e+09 | BV21: 1.7806695e+09 | BW21: 1.3228623e+09
A22: 19 | B22: 17.Chi phí thuế TNDN hoãn lại | C22: 5
A23: 20 | B23: 18.Lợi nhuận sau thuế thu nhập doanh nghiệp | C23: 5 | BL23: =BL20-BL21-BL22 -> 1.5210955e+09 | BM23: =BM20-BM21-BM22 -> -1.3251036e+09 | BN23: =BN20-BN21-BN22 -> 5.0635798e+09 | BO23: =BO20-BO21-BO22 -> 2.9877877e+09 | BP23: =BP20-BP21-BP22 -> 3.1302919e+09 | BQ23: =BQ20-BQ21-BQ22 -> 2.8317726e+09 | BR23: =BR20-BR21-BR22 -> 7.3503024e+09 | BS23: =BS20-BS21-BS22 -> 6.722008e+09 | ... BW23: =BW20-BW21-BW22 -> 5.291449e+09

Sheet PL-KH26-DongLam
B3: KẾ HOẠCH KINH DOANH NĂM 2026 | S3: ĐVT: Triệu đồng
B4: STT | C4: Mục phí | D4: Thực tế năm 2023 | E4: Thực tế năm 2024 | F4: Thực tế năm 2025 | G4: T1 | H4: T2 | I4: T3 | J4: T4 | K4: T5 | L4: T6 | M4: T7 | N4: T8 | O4: T9 | P4: T10 | Q4: T11 | R4: T12 | S4: 10/03/2026 DTR
C5: SẢN LƯỢNG NVL MUA VÀO (Tấn) | D5: 3173 | E5: 4044 | F5: 6481062 | G5: 750000 | H5: 450000 | I5: 1000000 | J5: 1200000 | K5: 1250000 | L5: 1250000 | M5: 1300000 | N5: 1300000 | O5: 1250000 | P5: 1300000 | Q5: 1250000 | R5: 1300000 | S5: 13600000
B6: 1 | C6: SẢN LƯỢNG BÁN (TẤN) | D6: 3125610.5 | E6: 4267466 | F6: 5702390 | G6: 667500 | H6: 400500 | I6: 884000 | J6: 984348 | K6: 1025362.5 | L6: 1025362.5 | M6: 1066377 | N6: 1067144 | O6: 1026100 | P6: 1066546 | Q6: 1025525 | R6: 1066377 | S6: 11305142
B7: 1.1 | C7: Chai PET | D7: 2879091.5 | E7: 3867466 | F7: 5702390 | G7: 667500 | H7: 400500 | I7: 884000 | J7: 33900 | K7: 35312.5 | L7: 35312.5 | M7: 36725 | N7: 36400 | O7: 35000 | P7: 36725 | Q7: 35312.5 | R7: 36725 | S7: 2273412.5
B8: 1.2 | C8: Vảy PET | D8: 0 | E8: 400000 | F8: 0 | G8: 0 | H8: 0 | I8: 0 | J8: 950448 | K8: 990050 | L8: 990050 | M8: 1029652 | N8: 1030744 | O8: 991100 | P8: 1029821 | Q8: 990212.5 | R8: 1029652 | S8: 9031729.5
B9: 1.3 | C9: Vảy HD | D9: 246519 | E9: 0 | F9: 0 | S9: 0
B10: 2 | C10: DOANH THU | D10: 44482013609 | E10: 63950445550 | F10: 96184706621 | G10: 9420187500 | H10: 5652112500 | I10: 12443100000 | J10: 15779640000 | K10: 16437125000 | L10: 16437125000 | M10: 17094610000 | N10: 17118140000 | O10: 16459750000 | P10: 17105172500 | Q10: 16447281250 | R10: 17094610000 | S10: 177488853750
B11: 2.1 | C11: Chai PET | D11: 39992361315 | E11: 58441845550 | F11: 96184706621 | G11: 9420187500 | H11: 5652112500 | I11: 12443100000 | J11: 352980000 | K11: 367687500 | L11: 367687500 | M11: 382395000 | N11: 381030000 | O11: 366375000 | P11: 382395000 | Q11: 367687500 | R11: 382395000 | S11: 30866032500
B12: 2.2 | C12: Vảy PET | D12: 0 | E12: 5508600000 | F12: 0 | G12: 0 | H12: 0 | I12: 0 | J12: 15426660000 | K12: 16069437500 | L12: 16069437500 | M12: 16712215000 | N12: 16737110000 | O12: 16093375000 | P12: 16722777500 | Q12: 16079593750 | R12: 16712215000 | S12: 146622821250
B13: 2.3 | C13: Vảy HD | D13: 4489652294 | E13: 0 | F13: 0 | S13: 0
B14: 2.4 | C14: Khác | D14: 0 | E14: 0 | F14: 0 | S14: 0
B15: 3 | C15: BIẾN PHÍ | D15: 4.3469013e+10 | E15: 60363389060 | F15: 85223230750 | G15: 8.2602539e+09 | H15: 4.9739307e+09 | I15: 1.1276461e+10 | J15: 1.4211788e+10 | K15: 1.4870271e+10 | L15: 1.4884925e+10 | M15: 1.5446932e+10 | N15: 1.5405636e+10 | O15: 1.4887893e+10 | P15: 1.5434024e+10 | Q15: 1.4883703e+10 | R15: 1.5446059e+10 | S15: 1.5998188e+11
B16: 3.1 | C16: BIẾN PHÍ SẢN XUẤT | D16: 4.2103863e+10 | E16: 59322702660 | F16: 83097930750 | G16: 7.9932539e+09 | H16: 4.8137307e+09 | I16: 1.0922861e+10 | J16: 1.3894084e+10 | K16: 1.453933e+10 | L16: 1.4553984e+10 | M16: 1.5102753e+10 | N16: 1.5061238e+10 | O16: 1.4556741e+10 | P16: 1.5089791e+10 | Q16: 1.455271e+10 | R16: 1.5101881e+10 | S16: 1.5618236e+11
B17: 3.1.1 | C17: Nguyên vật liệu chính (nhựa, gồm hao hụt) | D17: 38732631964 | E17: 56030510590 | F17: 78338746231 | G17: 7275000000 | H17: 4275000000 | I17: 10000000000 | J17: 12000000000 | K17: 12500000000 | L17: 12500000000 | M17: 13000000000 | N17: 13000000000 | O17: 12500000000 | P17: 13000000000 | Q17: 12500000000 | R17: 13000000000 | S17: 135550000000
B18: 3.1.2 | C18: Trong đó: i/ Hao hụt CĐ phân loại chai | D18: 2260066610 | E18: 4917236579 | F18: 8584125746 | G18: 800250000 | H18: 470250000 | I18: 1160000000 | J18: 1398000000 | K18: 1456250000 | L18: 1456250000 | M18: 1514500000 | N18: 1508000000 | O18: 1450000000 | P18: 1514500000 | Q18: 1456250000 | R18: 1514500000 | S18: 15698750000
C19: ii/ Hao hụt CĐ băm vảy | G19: 0 | H19: 0 | I19: 0 | J19: 758520000 | K19: 790125000 | L19: 790125000 | M19: 821730000 | N19: 820560000 | O19: 789000000 | P19: 820040000 | Q19: 788500000 | R19: 821730000 | S19: 7200330000
B20: 3.1.3 | C20: % chi phí nguyên liệu/doanh thu | D20: 0.87074817 | E20: 0.87615512 | F20: 0.81446156 | G20: 0.77227762 | H20: 0.75635437 | I20: 0.80365825 | J20: 0.76047362 | K20: 0.76047362 | L20: 0.76047362 | M20: 0.76047362 | N20: 0.7594283 | O20: 0.7594283 | P20: 0.76000403 | Q20: 0.76000403 | R20: 0.76047362 | S20: 0.76370993
B21: 3.1.4 | C21: Nguyên vật liệu phụ | D21: 638275817 | E21: 511506981 | F21: 995011960 | G21: 1.2905891e+08 | H21: 1.0691644e+08 | I21: 2.0894551e+08 | J21: 7.2550367e+08 | K21: 8.5879009e+08 | L21: 8.5879009e+08 | M21: 8.9282169e+08 | N21: 8.9318013e+08 | O21: 8.5913474e+08 | P21: 8.9246583e+08 | Q21: 8.5844792e+08 | R21: 8.9282169e+08 | S21: 8.1768767e+09
B22: 3.1.5 | C22: Điện sản xuất | D22: 160219300 | E22: 225768346 | F22: 424175130 | G22: 1.1441557e+08 | H22: 68649341 | I22: 1.7292809e+08 | J22: 4.4672949e+08 | K22: 4.6534322e+08 | L22: 4.6534322e+08 | M22: 4.8395695e+08 | N22: 4.8435908e+08 | O22: 4.6572989e+08 | P22: 4.8399951e+08 | Q22: 4.6538414e+08 | R22: 4.8395695e+08 | S22: 4.6007954e+09
B23: 3.1.6 | C23: Nhân công trực tiếp | D23: 2.5727363e+09 | E23: 2554916743 | F23: 3339997429 | G23: 4.7477942e+08 | H23: 3.6316494e+08 | I23: 5.4098742e+08 | J23: 7.2185116e+08 | K23: 7.1519717e+08 | L23: 7.2985116e+08 | M23: 7.2597431e+08 | N23: 6.8369902e+08 | O23: 7.3187684e+08 | P23: 7.1332598e+08 | Q23: 7.2887811e+08 | R23: 7.2510206e+08 | S23: 7.8546876e+09
B24: 3.2 | C24: BIẾN PHÍ BÁN HÀNG | D24: 1365150000 | E24: 1040686400 | F24: 2125300000 | G24: 267000000 | H24: 160200000 | I24: 353600000 | J24: 317703360 | K24: 330941000 | L24: 330941000 | M24: 344178640 | N24: 344398080 | O24: 331152000 | P24: 344232720 | Q24: 330993000 | R24: 344178640 | S24: 3799518440
C25: Chi phí vận chuyển | D25: 1365150000 | E25: 1040686400 | F25: 2125300000 | G25: 267000000 | H25: 160200000 | I25: 353600000 | J25: 317703360 | K25: 330941000 | L25: 330941000 | M25: 344178640 | N25: 344398080 | O25: 331152000 | P25: 344232720 | Q25: 330993000 | R25: 344178640 | S25: 3799518440
B26: 4 | C26: LÃI SAU BIẾN PHÍ | D26: 1.0130002e+09 | E26: 3587056490 | F26: 10961475871 | G26: 1.1599336e+09 | H26: 6.7818178e+08 | I26: 1.166639e+09 | J26: 1.5678523e+09 | K26: 1.5668535e+09 | L26: 1.5521995e+09 | M26: 1.6476784e+09 | N26: 1.7125037e+09 | O26: 1.5718565e+09 | P26: 1.6711485e+09 | Q26: 1.5635781e+09 | R26: 1.6485507e+09 | S26: 1.7506976e+10
B27: 4.1 | C27: % lãi biến phí/doanh thu | D27: 0.022773255 | E27: 0.056091188 | F27: 0.11396277 | G27: 0.12313275 | H27: 0.11998731 | I27: 0.093757905 | J27: 0.099359194 | K27: 0.095324062 | L27: 0.094432544 | M27: 0.096385844 | N27: 0.10004029 | O27: 0.095496987 | P27: 0.097698428 | Q27: 0.095066051 | R27: 0.096436869 | S27: 0.098637042
B28: 5 | C28: CHI PHÍ SẢN XUẤT CHUNG | D28: 5.0983022e+08 | E28: 1164487071 | F28: 1910944639 | G28: 2.9522006e+08 | H28: 2.3196552e+08 | I28: 4.0390455e+08 | J28: 8.3361427e+08 | K28: 8.7629498e+08 | L28: 8.9661456e+08 | M28: 9.1704812e+08 | N28: 9.1887893e+08 | O28: 9.334588e+08 | P28: 9.1176929e+08 | Q28: 9.3096493e+08 | R28: 9.1376768e+08 | S28: 9.0635017e+09
B29: 5.1 | C29: Lương gián tiếp Sản xuất | D29: 3.9856833e+08 | E29: 530657837 | F29: 1201415069 | G29: 1.9319959e+08 | H29: 1.1497423e+08 | I29: 2.0794514e+08 | J29: 378400505 | K29: 365430740 | L29: 378400505 | M29: 368841683 | N29: 368646707 | O29: 380383257 | P29: 359087027 | Q29: 378092671 | R29: 368589849 | S29: 3.8619919e+09
B30: 5.2 | C30: Chi phí thuê MMTB | G30: 0 | H30: 0 | I30: 0 | J30: 1.9260139e+08 | K30: 1.9260139e+08 | L30: 1.9260139e+08 | M30: 1.9260139e+08 | N30: 1.9260139e+08 | O30: 1.9260139e+08 | P30: 1.9260139e+08 | Q30: 1.9260139e+08 | R30: 1.9260139e+08 | S30: 1.7334125e+09
B31: 5.3 | C31: Chi phí sản xuất (Ngoài lương, BOM, thuê xưởng, khấu hao) | D31: 1.1126189e+08 | E31: 633829234 | F31: 709529570 | G31: 1.0202046e+08 | H31: 116991288 | I31: 1.9595941e+08 | J31: 2.6261237e+08 | K31: 3.1826285e+08 | L31: 325612668 | M31: 3.5560505e+08 | N31: 3.5763084e+08 | O31: 3.6047415e+08 | P31: 3.6008087e+08 | Q31: 3.6027087e+08 | R31: 3.5257645e+08 | S31: 3.4680973e+09
B32: 6 | C32: CHI PHÍ KHẤU HAO | D32: 2815366932 | E32: 3970082577 | F32: 3851337229 | G32: 1.8968351e+08 | H32: 1.9004462e+08 | I32: 2.0421129e+08 | J32: 2.406974e+08 | K32: 2.406974e+08 | L32: 2.406974e+08 | M32: 2.406974e+08 | N32: 2.406974e+08 | O32: 2.406974e+08 | P32: 2.406974e+08 | Q32: 2.406974e+08 | R32: 2.3458629e+08 | S32: 2.7441049e+09
B33: 7 | C33: LỢI NHUẬN GỘP | D33: -2.3121969e+09 | E33: -1547513158 | F33: 5199194003 | G33: 6.7503003e+08 | H33: 2.5617163e+08 | I33: 5.5852314e+08 | J33: 4.9354065e+08 | K33: 4.4986114e+08 | L33: 4.1488757e+08 | M33: 4.8993289e+08 | N33: 5.5292736e+08 | O33: 3.9770033e+08 | P33: 5.1868177e+08 | Q33: 3.9191575e+08 | R33: 5.0019669e+08 | S33: 5.6993689e+09
B34: 7.1 | C34: % lãi gộp/doanh thu | D34: -0.051980491 | E34: -0.02419863 | F34: 0.054054269 | G34: 0.071657812 | H34: 0.045323166 | I34: 0.044886173 | J34: 0.031277054 | K34: 0.027368602 | L34: 0.025240884 | M34: 0.02866008 | N34: 0.032300668 | O34: 0.024161991 | P34: 0.030323095 | Q34: 0.023828604 | R34: 0.029260491 | S34: 0.032111137
B35: 8 | C35: CHI PHÍ BÁN HÀNG & MKT & R&D | G35: 0 | H35: 0 | I35: 0 | J35: 0 | K35: 0 | L35: 0 | M35: 0 | N35: 0 | O35: 0 | P35: 0 | Q35: 0 | R35: 0 | S35: 0
B36: 8.1 | C36: Lương | S36: 0
B37: 8.2 | C37: Chi phí bán hàng (ngoài lương, khấu hao) | S37: 0
B38: 8.3 | C38: Khấu hao tài sản | S38: 0
B39: 9 | C39: CHI PHÍ QUẢN LÝ | D39: 1920530080 | E39: 1657750500 | F39: 2232089956 | G39: 2.6938134e+08 | H39: 3.3390535e+08 | I39: 2.8969247e+08 | J39: 3.5109583e+08 | K39: 3.4496224e+08 | L39: 3.5873396e+08 | M39: 3.7750266e+08 | N39: 5.4919263e+08 | O39: 3.7964496e+08 | P39: 3.6119293e+08 | Q39: 3.5779966e+08 | R39: 3.7655822e+08 | S39: 4.3496623e+09
B40: 9.1 | C40: Lương | D40: 545455272 | E40: 507934414 | F40: 1445673625 | G40: 180647270 | H40: 183418574 | I40: 1.6799139e+08 | J40: 230329766 | K40: 221578000 | L40: 230329766 | M40: 224351483 | N40: 224328197 | O40: 231717283 | P40: 218310050 | Q40: 229916754 | R40: 223960871 | S40: 2.5668794e+09
B41: 9.2 | C41: Chi phí quản lý (ngoài lương, khấu hao) | D41: 985729687 | E41: 1135468262 | F41: 599454767 | G41: 80221159 | H41: 141973862 | I41: 1.1318817e+08 | J41: 1.0975315e+08 | K41: 1.1237133e+08 | L41: 1.1739128e+08 | M41: 1.4213827e+08 | N41: 3.1385153e+08 | O41: 1.3691476e+08 | P41: 1.3186997e+08 | Q41: 1.1686999e+08 | R41: 1.4158443e+08 | S41: 1.6581279e+09
B42: 9.3 | C42: Khấu hao tài sản | D42: 389345121 | E42: 14347824 | F42: 186961564 | G42: 8512912.2 | H42: 8512912.2 | I42: 8512912.2 | J42: 11012912 | K42: 11012912 | L42: 11012912 | M42: 11012912 | N42: 11012912 | O42: 11012912 | P42: 11012912 | Q42: 11012912 | R42: 11012912 | S42: 124654947
B43: 10 | C43: DOANH THU/CHI PHÍ KHÁC | D43: 0 | E43: 0 | F43: 87340287
B44: 11 | C44: LỢI NHUẬN THUẦN TỪ HOẠT ĐỘNG KINH DOANH | D44: -4.232727e+09 | E44: -3205263658 | F44: 3054444334 | G44: 4.0564869e+08 | H44: -77733715 | I44: 2.6883067e+08 | J44: 1.4244482e+08 | K44: 1.0489889e+08 | L44: 56153608 | M44: 1.1243023e+08 | N44: 3734722.6 | O44: 18055370 | P44: 1.5748883e+08 | Q44: 34116089 | R44: 1.2363847e+08 | S44: 1.3497067e+09
B45: 12 | C45: DOANH THU TÀI CHÍNH | D45: 27142139 | E45: 52016376 | F45: 318990785 | G45: 20000000 | H45: 20000000 | I45: 20000000 | J45: 10000000 | K45: 10000000 | L45: 10000000 | M45: 10000000 | N45: 10000000 | O45: 10000000 | P45: 10000000 | Q45: 10000000 | R45: 10000000 | S45: 150000000
B46: 13 | C46: CHI PHÍ TÀI CHÍNH | D46: 0 | E46: 0 | F46: 3187200
B47: 13.1 | C47: Trong đó: chi phí lãi vay | D47: 0 | E47: 0 | F47: 3187200
B48: 14 | C48: LỢI NHUẬN TRƯỚC THUẾ | D48: -4.2055849e+09 | E48: -3153247282 | F48: 3370247919 | G48: 4.2564869e+08 | H48: -57733715 | I48: 2.8883067e+08 | J48: 1.5244482e+08 | K48: 1.1489889e+08 | L48: 66153608 | M48: 1.2243023e+08 | N48: 13734723 | O48: 28055370 | P48: 1.6748883e+08 | Q48: 44116089 | R48: 1.3363847e+08 | S48: 1.4997067e+09
B49: 15 | C49: THUẾ TNDN | S49: 0
B50: 16 | C50: LỢI NHUẬN SAU THUẾ | D50: -4.2055849e+09 | E50: -3153247282 | F50: 3370247919 | G50: 4.2564869e+08 | H50: -57733715 | I50: 2.8883067e+08 | J50: 1.5244482e+08 | K50: 1.1489889e+08 | L50: 66153608 | M50: 1.2243023e+08 | N50: 13734723 | O50: 28055370 | P50: 1.6748883e+08 | Q50: 44116089 | R50: 1.3363847e+08 | S50: 1.4997067e+09
B51: 16.1 | C51: % LNST/doanh thu | D51: -0.094545739 | E51: -0.049307667 | F51: 0.035039333 | G51: 0.045184736 | H51: -0.010214537 | I51: 0.023212115 | J51: 0.0096608555 | K51: 0.0069902062 | L51: 0.0040246459 | M51: 0.00716192 | N51: 0.00080234901 | O51: 0.0017044834 | P51: 0.0097917067 | Q51: 0.0026822724 | R51: 0.0078175793 | S51: 0.0084495823
B52: 17 | C52: Khấu hao tài sản | D52: 2904227598 | E52: 3977819339 | F52: 4038298793 | G52: 1.9819643e+08 | H52: 1.9855754e+08 | I52: 2.127242e+08 | J52: 2.5171032e+08 | K52: 2.5171032e+08 | L52: 2.5171032e+08 | M52: 2.5171032e+08 | N52: 2.5171032e+08 | O52: 2.5171032e+08 | P52: 2.5171032e+08 | Q52: 2.5171032e+08 | R52: 2.455992e+08 | S52: 2.8687599e+09
B53: 18 | C53: LỢI NHUẬN KHÔNG BAO GỒM KHẤU HAO, LÃI VAY | D53: -1.3013573e+09 | E53: 824572057 | F53: 7411733912 | G53: 6.2384511e+08 | H53: 1.4082382e+08 | I53: 5.0155488e+08 | J53: 4.0415514e+08 | K53: 3.6660921e+08 | L53: 3.1786392e+08 | M53: 3.7414054e+08 | N53: 2.6544504e+08 | O53: 2.7976569e+08 | P53: 4.1919915e+08 | Q53: 2.958264e+08 | R53: 3.7923767e+08 | S53: 4.3684666e+09
B54: 18.1 | C54: % LN không gồm khấu hao/doanh thu | D54: -0.029255808 | E54: 0.012893922 | F54: 0.077057301 | G54: 0.066224278 | H54: 0.024915255 | I54: 0.040307872 | J54: 0.025612443 | K54: 0.022303731 | L54: 0.01933817 | M54: 0.021886463 | N54: 0.015506652 | O54: 0.016996958 | P54: 0.024507157 | Q54: 0.017986341 | R54: 0.022184634 | S54: 0.024612625
B57: 1. Hòa vốn (Bao gồm khấu hao) | D57: Thực tế năm 2023 | E57: Thực tế năm 2024 | F57: Thực tế năm 2025 | G57: T1 | H57: T2 | I57: T3 | J57: T4 | K57: T5 | L57: T6 | M57: T7 | N57: T8 | O57: T9 | P57: T10 | Q57: T11 | R57: T12 | S57: 10/03/2026 DTR
B58: Sản lượng NVL hòa vốn (tấn) | D58: 17130125 | E58: 8789882.7 | F58: 4614553.4 | G58: 481810.81 | H58: 495510.23 | I58: 759212.93 | J58: 1055742 | K58: 1128647.1 | L58: 1165869.8 | M58: 1172174.2 | N58: 1255546.7 | O58: 1195997.4 | P58: 1139515.4 | Q58: 1183294.3 | R58: 1163666.6 | S58: 12196158
B59: Sản lượng thành phẩm hòa vốn (tấn) | D59: 16185683 | E59: 8080718.9 | F59: 4158840.1 | G59: 434063.79 | H59: 446405.62 | I59: 680298.32 | J59: 894916.57 | K59: 956715.76 | L59: 988268.17 | M59: 993612.19 | N59: 1064816.7 | O59: 1014313.5 | P59: 966034.83 | Q59: 1003148.8 | R59: 986400.56 | S59: 10433568
B60: Doanh thu hòa vốn (triệu đồng) | D60: 2.3034596e+11 | E60: 1.2109425e+11 | F60: 7.0148976e+10 | G60: 6.1257863e+09 | H60: 6.299962e+09 | I60: 9.5758146e+09 | J60: 1.4346005e+10 | K60: 1.533668e+10 | L60: 1.5842482e+10 | M60: 1.592815e+10 | N60: 1.7080808e+10 | O60: 1.6270683e+10 | P60: 1.5493183e+10 | Q60: 1.6088414e+10 | R60: 1.5812544e+10 | S60: 1.6380529e+11
B61: 2. Hòa vốn (Không bao gồm khấu hao) | D61: Thực tế năm 2023 | E61: Thực tế năm 2024 | F61: Thực tế năm 2025 | G61: T1 | H61: T2 | I61: T3 | J61: T4 | K61: T5 | L61: T6 | M61: T7 | N61: T8 | O61: T9 | P61: T10 | Q61: T11 | R61: T12 | S61: 10/03/2026 DTR
B62: Sản lượng NVL hòa vốn (tấn) | D62: 7646257.3 | E62: 3642221.1 | F62: 2283545.3 | G62: 355209.87 | H62: 365353.76 | I62: 579327.13 | J62: 869310.32 | K62: 934323.65 | L62: 969711.78 | M62: 979991.4 | N62: 1070598.3 | O62: 1002250 | P62: 950022.45 | Q62: 988554.32 | R62: 976248.86 | S62: 10030703
B63: Sản lượng thành phẩm hòa vốn (tấn) | D63: 7224693.2 | E63: 3348368.4 | F63: 2058032.3 | G63: 320008.89 | H63: 329147.54 | I63: 519110.33 | J63: 736884.76 | K63: 791994.35 | L63: 821991.66 | M63: 830705.34 | N63: 907963.82 | O63: 849998.32 | P63: 805390.44 | Q63: 838056.19 | R63: 827532.92 | S63: 8581064.2
B64: Doanh thu hòa vốn (triệu đồng) | D64: 1.0281796e+11 | E64: 5.0177236e+10 | F64: 3.4713731e+10 | G64: 4.5161704e+09 | H64: 4.6451408e+09 | I64: 7.3069477e+09 | J64: 1.1812668e+10 | K64: 1.2696105e+10 | L64: 1.3176979e+10 | M64: 1.3316664e+10 | N64: 1.4564718e+10 | O64: 1.3634889e+10 | P64: 1.2916782e+10 | Q64: 1.3440673e+10 | R64: 1.3265808e+10 | S64: 1.3472128e+11

Sheet PL-KH26-KhanhNga
B3: MỤC TIÊU KẾT QUẢ KINH DOANH NĂM 2026 | S3: ĐVT: Triệu đồng
B4: STT | C4: Mục phí | D4: Thực tế năm 2023 | E4: Thực tế năm 2024 | F4: KQKD 2025 | G4: T1 | H4: T2 | I4: T3 | J4: T4 | K4: T5 | L4: T6 | M4: T7 | N4: T8 | O4: T9 | P4: T10 | Q4: T11 | R4: T12 | S4: Kế hoạch 2026 | U4: Tốc độ tăng các khoản mục | V4: KTT xác nhận qua mail | W4: Diễn giải tốc độ tăng của các khoản mục
A5: 1 | B5: 1 | C5: SẢN LƯỢNG BÁN (TẤN) | D5: 5652770.5 | E5: 4895018.4 | F5: 7096700.8 | G5: 533700 | H5: 400275 | I5: 578175 | J5: 622650 | K5: 622650 | L5: 622650 | M5: 622650 | N5: 622650 | O5: 622650 | P5: 622650 | Q5: 622650 | R5: 622650 | S5: 7116000 | V5: 7116000
B6: 1.1 | C6: Chai PET | D6: 5652770.5 | E6: 4895018.4 | F6: 7096700.8 | G6: 533700 | H6: 400275 | I6: 578175 | J6: 622650 | K6: 622650 | L6: 622650 | M6: 622650 | N6: 622650 | O6: 622650 | P6: 622650 | Q6: 622650 | R6: 622650 | S6: 7116000 | U6: 0.0027194609
B7: 1.2 | C7: Vảy PET | D7: 0 | E7: 0 | F7: 0 | G7: 0 | H7: 0 | I7: 0 | J7: 0 | K7: 0 | L7: 0 | M7: 0 | N7: 0 | O7: 0 | P7: 0 | Q7: 0 | R7: 0 | S7: 0
B8: 1.3 | C8: Vảy HD | D8: 0 | E8: 0 | F8: 0 | G8: 0 | H8: 0 | I8: 0 | J8: 0 | K8: 0 | L8: 0 | M8: 0 | N8: 0 | O8: 0 | P8: 0 | Q8: 0 | R8: 0 | S8: 0
A9: 2 | B9: 2 | C9: DOANH THU | D9: 78915665269 | E9: 74523104085 | F9: 102263015418 | G9: 7469550000 | H9: 5602162500 | I9: 8092012500 | J9: 8714475000 | K9: 8714475000 | L9: 8714475000 | M9: 8714475000 | N9: 8714475000 | O9: 8714475000 | P9: 8714475000 | Q9: 8714475000 | R9: 8714475000 | S9: 99594000000 | V9: 102263015418 | X9: 0
B10: 2.1 | C10: Chai PET | D10: 78915665269 | E10: 74523104085 | F10: 102263015418 | G10: 7469550000 | H10: 5602162500 | I10: 8092012500 | J10: 8714475000 | K10: 8714475000 | L10: 8714475000 | M10: 8714475000 | N10: 8714475000 | O10: 8714475000 | P10: 8714475000 | Q10: 8714475000 | R10: 8714475000 | S10: 99594000000 | U10: -0.026099518 | V10: 102263015418 | W10: Theo định hướng của công ty | X10: 0
B11: 2.2 | C11: Vảy PET | D11: 0 | E11: 0 | F11: 0 | G11: 0 | H11: 0 | I11: 0 | J11: 0 | K11: 0 | L11: 0 | M11: 0 | N11: 0 | O11: 0 | P11: 0 | Q11: 0 | R11: 0 | S11: 0 | X11: 0
B12: 2.3 | C12: Vảy HD | D12: 0 | E12: 0 | F12: 0 | G12: 0 | H12: 0 | I12: 0 | J12: 0 | K12: 0 | L12: 0 | M12: 0 | N12: 0 | O12: 0 | P12: 0 | Q12: 0 | R12: 0 | S12: 0 | X12: 0
B13: 2.4 | C13: Khác | D13: 0 | E13: 0 | F13: 0 | G13: 0 | H13: 0 | I13: 0 | J13: 0 | K13: 0 | L13: 0 | M13: 0 | N13: 0 | O13: 0 | P13: 0 | Q13: 0 | R13: 0 | S13: 0 | X13: 0
A14: 3 | B14: 3 | C14: BIẾN PHÍ | D14: 8.8817088e+10 | E14: 70945682854 | F14: 87927104510 | G14: 6.5729587e+09 | H14: 5.0400135e+09 | I14: 7.0760873e+09 | J14: 7.6159074e+09 | K14: 7.5910449e+09 | L14: 7.609694e+09 | M14: 7.6412225e+09 | N14: 7.6531889e+09 | O14: 7.6461636e+09 | P14: 7.5947386e+09 | Q14: 7.609694e+09 | R14: 7.5993398e+09 | S14: 8.7250053e+10 | V14: 87927104510 | X14: 0
A15: 4 | B15: 3.1 | C15: BIẾN PHÍ SẢN XUẤT | D15: 8.7338489e+10 | E15: 69651631026 | F15: 86378512595 | G15: 6.4689911e+09 | H15: 4.9620378e+09 | I15: 6.9634558e+09 | J15: 7.4946119e+09 | K15: 7.4697495e+09 | L15: 7.4883986e+09 | M15: 7.519927e+09 | N15: 7.5318935e+09 | O15: 7.5248681e+09 | P15: 7.4734432e+09 | Q15: 7.4883986e+09 | R15: 7.4780443e+09 | S15: 8.5863819e+10
A16: 5 | B16: 3.1.1 | C16: Nguyên vật liệu chính (nhựa, gồm hao hụt) | D16: 80577236536 | E16: 64023356129 | F16: 80577236536 | G16: 6000000000 | H16: 4500000000 | I16: 6500000000 | J16: 7000000000 | K16: 7000000000 | L16: 7000000000 | M16: 7000000000 | N16: 7000000000 | O16: 7000000000 | P16: 7000000000 | Q16: 7000000000 | R16: 7000000000 | S16: 80000000000 | U16: -0.0071637669 | V16: 80577236536 | W16: Theo định hướng của công ty | X16: 0
A17: 6 | B17: 3.1.2 | C17: Trong đó: i/ Hao hụt CĐ phân loại chai | D17: 8141919944 | E17: 5823164953 | F17: 8141919944 | G17: 663000000 | H17: 497250000 | I17: 718250000 | J17: 773500000 | K17: 773500000 | L17: 773500000 | M17: 773500000 | N17: 773500000 | O17: 773500000 | P17: 773500000 | Q17: 773500000 | R17: 773500000 | S17: 8840000000
A18: 7 | C18: ii/ Hao hụt CĐ băm vảy | D18: 0 | E18: 0 | F18: 0 | G18: 0 | H18: 0 | I18: 0 | J18: 0 | K18: 0 | L18: 0 | M18: 0 | N18: 0 | O18: 0 | P18: 0 | Q18: 0 | R18: 0 | S18: 0 | X18: 0
A19: 8 | B19: 3.1.3 | C19: % chi phí nguyên liệu/doanh thu | D19: 1.021055 | E19: 0.85910748 | F19: 0.78794114 | G19: 0.80326124 | H19: 0.80326124 | I19: 0.80326124 | J19: 0.80326124 | K19: 0.80326124 | L19: 0.80326124 | M19: 0.80326124 | N19: 0.80326124 | O19: 0.80326124 | P19: 0.80326124 | Q19: 0.80326124 | R19: 0.80326124 | S19: 0.80326124
A20: 9 | B20: 3.1.4 | C20: Nguyên vật liệu phụ | D20: 630817585 | E20: 620417107 | F20: 284390496 | G20: 22645123 | H20: 16983842 | I20: 24532217 | J20: 26419310 | K20: 26419310 | L20: 26419310 | M20: 26419310 | N20: 26419310 | O20: 26419310 | P20: 26419310 | Q20: 26419310 | R20: 26419310 | S20: 3.0193497e+08 | U20: 0.061691506 | V20: 284390496 | X20: 0
A21: 10 | B21: 3.1.5 | C21: Điện sản xuất | D21: 326356700 | E21: 377182809 | F21: 452560080 | G21: 36467419 | H21: 27350564 | I21: 39506371 | J21: 42545322 | K21: 42545322 | L21: 42545322 | M21: 42545322 | N21: 42545322 | O21: 42545322 | P21: 42545322 | Q21: 42545322 | R21: 42545322 | S21: 4.8623225e+08 | U21: 0.074403762 | V21: 452560080 | X21: 0
A22: 11 | B22: 3.1.6 | C22: Nhân công trực tiếp | D22: 5.8040781e+09 | E22: 4630674981 | F22: 5064325483 | G22: 4.0987858e+08 | H22: 4.177034e+08 | I22: 3.9941719e+08 | J22: 4.256473e+08 | K22: 4.0078483e+08 | L22: 4.1943392e+08 | M22: 4.5096237e+08 | N22: 4.6292885e+08 | O22: 4.5590351e+08 | P22: 4.0447856e+08 | Q22: 4.1943392e+08 | R22: 4.0907969e+08 | S22: 5.0756521e+09 | U22: 0.0022365523 | V22: 5064325483 | X22: 0
A23: 12 | B23: 3.2 | C23: BIẾN PHÍ BÁN HÀNG | D23: 1478599034 | E23: 1294051828 | F23: 1386300000 | G23: 1.0396753e+08 | H23: 77975649 | I23: 1.1263149e+08 | J23: 1.2129545e+08 | K23: 1.2129545e+08 | L23: 1.2129545e+08 | M23: 1.2129545e+08 | N23: 1.2129545e+08 | O23: 1.2129545e+08 | P23: 1.2129545e+08 | Q23: 1.2129545e+08 | R23: 1.2129545e+08 | S23: 1.3862338e+09 | V23: 1386300000 | X23: 0
A24: 13 | C24: Chi phí vận chuyển | D24: 1478599034 | E24: 1294051828 | F24: 1386300000 | G24: 1.0396753e+08 | H24: 77975649 | I24: 1.1263149e+08 | J24: 1.2129545e+08 | K24: 1.2129545e+08 | L24: 1.2129545e+08 | M24: 1.2129545e+08 | N24: 1.2129545e+08 | O24: 1.2129545e+08 | P24: 1.2129545e+08 | Q24: 1.2129545e+08 | R24: 1.2129545e+08 | S24: 1.3862338e+09 | U24: -4.7777369e-05 | V24: 1386300000 | X24: 0
A25: 14 | B25: 4 | C25: LÃI SAU BIẾN PHÍ | D25: -9.9014227e+09 | E25: 3577421231 | F25: 14335910908 | G25: 8.9659135e+08 | H25: 5.6214904e+08 | I25: 1.0159252e+09 | J25: 1.0985676e+09 | K25: 1.1234301e+09 | L25: 1.104781e+09 | M25: 1.0732525e+09 | N25: 1.0612861e+09 | O25: 1.0683114e+09 | P25: 1.1197364e+09 | Q25: 1.104781e+09 | R25: 1.1151352e+09 | S25: 1.2343947e+10 | V25: 14335910908 | X25: 0
A26: 15 | B26: 4.1 | C26: % lãi biến phí/doanh thu | D26: -0.12546841 | E26: 0.04800419 | F26: 0.14018666 | G26: 0.12003285 | H26: 0.10034501 | I26: 0.12554667 | J26: 0.1260624 | K26: 0.12891541 | L26: 0.12677539 | M26: 0.12315745 | N26: 0.12178428 | O26: 0.12259045 | P26: 0.12849155 | Q26: 0.12677539 | R26: 0.12796356 | S26: 0.12394268 | X26: 0.14018666
A27: 16 | B27: 5 | C27: CHI PHÍ SẢN XUẤT CHUNG | D27: 2.0941578e+09 | E27: 2385196776 | F27: 3782814255 | G27: 4.2611646e+08 | H27: 4.3480926e+08 | I27: 4.0176275e+08 | J27: 4.1706558e+08 | K27: 4.0041699e+08 | L27: 4.260972e+08 | M27: 4.0761608e+08 | N27: 4.1318225e+08 | O27: 4.0860237e+08 | P27: 4.012749e+08 | Q27: 4.0339831e+08 | R27: 4.1224924e+08 | S27: 4.9525914e+09
A28: 17 | B28: 5.1 | C28: Lương gián tiếp Sản xuất | D28: 3.1517286e+08 | E28: 220439144 | F28: 1005626325 | G28: 1.6913692e+08 | H28: 1.8950646e+08 | I28: 1.617472e+08 | J28: 1.7388706e+08 | K28: 1.6682577e+08 | L28: 1.7221137e+08 | M28: 1.7331495e+08 | N28: 1.7453573e+08 | O28: 1.7778024e+08 | P28: 1.654182e+08 | Q28: 1.732532e+08 | R28: 1.6904225e+08 | S28: 2.0666593e+09 | U28: 1.0550967 | W28: Tăng chi phí lương của Vương Hùng Duy (QLSX) và Hoàng Dương Trọng Hải (Đại điện pháp luật)
A29: 18 | B29: 5.2 | C29: Chi phí thuê xưởng | D29: 1118310000 | E29: 1557000000 | F29: 1800000000 | G29: 150000000 | H29: 150000000 | I29: 150000000 | J29: 150000000 | K29: 150000000 | L29: 150000000 | M29: 150000000 | N29: 150000000 | O29: 150000000 | P29: 150000000 | Q29: 150000000 | R29: 150000000 | S29: 1800000000 | U29: 0
A30: 19 | B30: 5.3 | C30: Chi phí sản xuất (Ngoài lương, BOM, thuê xưởng, khấu hao) | D30: 660674936 | E30: 607757632 | F30: 977187930 | G30: 1.0697954e+08 | H30: 95302805 | I30: 90015546 | J30: 93178512 | K30: 83591216 | L30: 1.0388584e+08 | M30: 84301123 | N30: 88646521 | O30: 80822130 | P30: 85856701 | Q30: 80145106 | R30: 93206997 | S30: 1.085932e+09 | U30: 0.11128268 | W30: Chi phí bảo trì, sửa chữa nhà máy
A31: 20 | B31: 6 | C31: CHI PHÍ KHẤU HAO | D31: 1036408270 | E31: 1382050356 | F31: 2130924335 | G31: 1.0543011e+08 | H31: 99404465 | I31: 1.0743866e+08 | J31: 1.0944721e+08 | K31: 1.0944721e+08 | L31: 1.0944721e+08 | M31: 1.0944721e+08 | N31: 1.0944721e+08 | O31: 1.0944721e+08 | P31: 1.0944721e+08 | Q31: 1.0944721e+08 | R31: 1.0944721e+08 | S31: 1.2972981e+09 | V31: 2130924335 | X31: 0
A32: 21 | B32: 7 | C32: LỢI NHUẬN GỘP | D32: -13031988735 | E32: -189825901 | F32: 8037560262 | G32: 3.6504478e+08 | H32: 27935313 | I32: 5.0672383e+08 | J32: 5.7205482e+08 | K32: 6.1356589e+08 | L32: 5.6923658e+08 | M32: 5.5618926e+08 | N32: 5.3865661e+08 | O32: 5.5026183e+08 | P32: 6.0901425e+08 | Q32: 5.9193548e+08 | R32: 5.9343877e+08 | S32: 6.0940574e+09 | V32: 8037560262 | X32: 0
A33: 22 | B33: 7.1 | C33: % lãi gộp/doanh thu | D33: -0.16513817 | E33: -0.0025472087 | F33: 0.078596942 | G33: 0.048871054 | H33: 0.0049865232 | I33: 0.062620248 | J33: 0.06564421 | K33: 0.070407671 | L33: 0.065320812 | M33: 0.06382361 | N33: 0.061811711 | O33: 0.063143429 | P33: 0.069885363 | Q33: 0.067925547 | R33: 0.068098052 | S33: 0.061189002 | X33: 0.078596942
A34: 23 | B34: 8 | C34: CHI PHÍ BÁN HÀNG & MKT & R&D | D34: 0 | E34: 0 | F34: 0 | G34: 0 | H34: 0 | I34: 0 | J34: 0 | K34: 0 | L34: 0 | M34: 0 | N34: 0 | O34: 0 | P34: 0 | Q34: 0 | R34: 0 | S34: 0 | X34: 0
A35: 24 | B35: 8.1 | C35: Lương | D35: 0 | E35: 0 | F35: 0 | G35: 0 | H35: 0 | I35: 0 | J35: 0 | K35: 0 | L35: 0 | M35: 0 | N35: 0 | O35: 0 | P35: 0 | Q35: 0 | R35: 0 | S35: 0 | X35: 0
A36: 25 | B36: 8.2 | C36: Chi phí bán hàng (ngoài lương, khấu hao) | D36: 0 | E36: 0 | F36: 0 | G36: 0 | H36: 0 | I36: 0 | J36: 0 | K36: 0 | L36: 0 | M36: 0 | N36: 0 | O36: 0 | P36: 0 | Q36: 0 | R36: 0 | S36: 0 | X36: 0
A37: 26 | B37: 83 | C37: Khấu hao tài sản | D37: 0 | E37: 0 | F37: 0 | G37: 0 | H37: 0 | I37: 0 | J37: 0 | K37: 0 | L37: 0 | M37: 0 | N37: 0 | O37: 0 | P37: 0 | Q37: 0 | R37: 0 | S37: 0 | X37: 0
A38: 27 | B38: 9 | C38: CHI PHÍ QUẢN LÝ | D38: 1414416772 | E38: 2036034770 | F38: 4197280868 | G38: 3.7859232e+08 | H38: 3.7699909e+08 | I38: 3.5279841e+08 | J38: 3.5448451e+08 | K38: 3.5814565e+08 | L38: 3.5384683e+08 | M38: 3.5370674e+08 | N38: 3.5206225e+08 | O38: 3.5242714e+08 | P38: 3.4964079e+08 | Q38: 3.5154264e+08 | R38: 3.5859171e+08 | S38: 4.2928381e+09 | V38: 4197280868 | X38: 0
A39: 24 | B39: 9.1 | C39: Lương | D39: 1124385437 | E39: 1412576558 | F39: 3223671987 | G39: 2.7717184e+08 | H39: 2.7974676e+08 | I39: 2.7436399e+08 | J39: 2.7721676e+08 | K39: 2.7663291e+08 | L39: 2.7721676e+08 | M39: 2.7626584e+08 | N39: 2.7626584e+08 | O39: 2.7762876e+08 | P39: 2.7531491e+08 | Q39: 2.7721676e+08 | R39: 2.7626584e+08 | S39: 3.321307e+09 | U39: 0.03028688 | V39: 3223671987 | X39: 0
A40: 29 | B40: 9.2 | C40: Chi phí quản lý (ngoài lương, khấu hao) | D40: 290031335 | E40: 609710270 | F40: 882287894 | G40: 96092575 | H40: 91924424 | I40: 73106512 | J40: 71939841 | K40: 76184833 | L40: 71302159 | M40: 72112994 | N40: 70468510 | O40: 69470470 | P40: 68997970 | Q40: 68997970 | R40: 76997970 | S40: 9.0759623e+08 | U40: 0.028684896 | V40: 882287894 | X40: 0
A41: 26 | B41: 9.3 | C41: Khấu hao tài sản | D41: 0 | E41: 13747942 | F41: 91320987 | G41: 5327908.3 | H41: 5327908.3 | I41: 5327908.3 | J41: 5327908.3 | K41: 5327908.3 | L41: 5327908.3 | M41: 5327908.3 | N41: 5327908.3 | O41: 5327908.3 | P41: 5327908.3 | Q41: 5327908.3 | R41: 5327908.3 | S41: 63934900 | U41: -0.29988821 | V41: 91320987 | X41: 0
A42: 31 | B42: 10 | C42: DOANH THU/CHI PHÍ KHÁC | D42: 114814093 | E42: -59489094 | F42: 364850046 | G42: 0 | H42: 0 | I42: 0 | J42: 0 | K42: 0 | L42: 0 | M42: 0 | N42: 0 | O42: 0 | P42: 0 | Q42: 0 | R42: 0 | S42: 0 | V42: 364850046 | X42: 0
A43: 32 | B43: 11 | C43: LỢI NHUẬN THUẦN TỪ HOẠT ĐỘNG KINH DOANH | D43: -14331591414 | E43: -2285349765 | F43: 4205129440 | G43: -13547538 | H43: -3.4906378e+08 | I43: 1.5392542e+08 | J43: 2.1757032e+08 | K43: 2.5542024e+08 | L43: 2.1538976e+08 | M43: 2.0248252e+08 | N43: 1.8659436e+08 | O43: 1.978347e+08 | P43: 2.5937346e+08 | Q43: 2.4039284e+08 | R43: 2.3484706e+08 | S43: 1.8012193e+09 | X43: 4205129440
A44: 33 | B44: 12 | C44: DOANH THU TÀI CHÍNH | D44: 4823037 | E44: 438643 | F44: 0 | G44: 60000 | H44: 60000 | I44: 60000 | J44: 60000 | K44: 60000 | L44: 60000 | M44: 60000 | N44: 60000 | O44: 60000 | P44: 60000 | Q44: 60000 | R44: 60000 | S44: 720000 | X44: 0
A45: 34 | B45: 13 | C45: CHI PHÍ TÀI CHÍNH | D45: 0 | E45: 0 | F45: 0 | G45: 0 | H45: 0 | I45: 0 | J45: 0 | K45: 0 | L45: 0 | M45: 0 | N45: 0 | O45: 0 | P45: 0 | Q45: 0 | R45: 0 | S45: 0 | X45: 0
A46: 35 | B46: 13.1 | C46: Trong đó: chi phí lãi vay | D46: 0 | E46: 0 | F46: 0 | G46: 0 | H46: 0 | I46: 0 | J46: 0 | K46: 0 | L46: 0 | M46: 0 | N46: 0 | O46: 0 | P46: 0 | Q46: 0 | R46: 0 | S46: 0 | X46: 0
A47: 36 | B47: 14 | C47: LỢI NHUẬN TRƯỚC THUẾ | D47: -14326768377 | E47: -2284911122 | F47: 4205129440 | G47: -13487538 | H47: -3.4900378e+08 | I47: 1.5398542e+08 | J47: 2.1763032e+08 | K47: 2.5548024e+08 | L47: 2.1544976e+08 | M47: 2.0254252e+08 | N47: 1.8665436e+08 | O47: 1.978947e+08 | P47: 2.5943346e+08 | Q47: 2.4045284e+08 | R47: 2.3490706e+08 | S47: 1.8019393e+09 | V47: 4205129440 | X47: 0
A48: 37 | B48: 15 | C48: THUẾ TNDN | D48: 0 | E48: 0 | F48: 0 | S48: 0 | X48: 0
A49: 38 | B49: 16 | C49: LỢI NHUẬN SAU THUẾ | D49: -14326768377 | E49: -2284911122 | F49: 4205129440 | G49: -13487538 | H49: -3.4900378e+08 | I49: 1.5398542e+08 | J49: 2.1763032e+08 | K49: 2.5548024e+08 | L49: 2.1544976e+08 | M49: 2.0254252e+08 | N49: 1.8665436e+08 | O49: 1.978947e+08 | P49: 2.5943346e+08 | Q49: 2.4045284e+08 | R49: 2.3490706e+08 | S49: 1.8019393e+09 | V49: 4205129440 | X49: 0
A50: 39 | B50: 16.1 | C50: % LNST/doanh thu | D50: -0.1815453 | E50: -0.030660439 | F50: 0.041120726 | G50: -0.0018056694 | H50: -0.062298046 | I50: 0.01902931 | J50: 0.024973428 | K50: 0.029316767 | L50: 0.024723205 | M50: 0.023242079 | N50: 0.021418887 | O50: 0.022708734 | P50: 0.029770406 | Q50: 0.027592349 | R50: 0.026955962 | S50: 0.01809285 | X50: 0.041120726
A51: 26 | B51: 17 | C51: Khấu hao tài sản | D51: 1036408270 | E51: 1395798298 | F51: 2130924335 | G51: 1.1075802e+08 | H51: 1.0473237e+08 | I51: 1.1276657e+08 | J51: 1.1477512e+08 | K51: 1.1477512e+08 | L51: 1.1477512e+08 | M51: 1.1477512e+08 | N51: 1.1477512e+08 | O51: 1.1477512e+08 | P51: 1.1477512e+08 | Q51: 1.1477512e+08 | R51: 1.1477512e+08 | S51: 1.361233e+09 | U51: -0.36120069 | V51: 2130924335 | X51: 0
A52: 41 | B52: 18 | C52: LỢI NHUẬN KHÔNG BAO GỒM KHẤU HAO, LÃI VAY | D52: -13290360107 | E52: -889112824 | F52: 6336053775 | G52: 97270481 | H52: -2.442714e+08 | I52: 2.6675198e+08 | J52: 3.3240543e+08 | K52: 3.7025535e+08 | L52: 3.3022487e+08 | M52: 3.1731763e+08 | N52: 3.0142947e+08 | O52: 3.1266981e+08 | P52: 3.7420857e+08 | Q52: 3.5522796e+08 | R52: 3.4968218e+08 | S52: 3.1631723e+09
A53: 42 | B53: 18.1 | C53: % LN không gồm khấu hao/doanh thu | D53: -0.16841219 | E53: -0.0119307 | F53: 0.061958409 | G53: 0.013022268 | H53: -0.043603056 | I53: 0.032964851 | J53: 0.038144057 | K53: 0.042487396 | L53: 0.037893834 | M53: 0.036412708 | N53: 0.034589516 | O53: 0.035879363 | P53: 0.042941035 | Q53: 0.040762978 | R53: 0.040126591 | S53: 0.031760672 | X53: 0.061958409
X54: 0
B56: 1. Hòa vốn (Bao gồm khấu hao) | D56: Thực tế năm 2023 | E56: Thực tế năm 2024 | F56: KQKD 2025 | G56: T1 | H56: T2 | I56: T3 | J56: T4 | K56: T5 | L56: T6 | M56: T7 | N56: T8 | O56: T9 | P56: T10 | Q56: T11 | R56: T12 | S56: Kế hoạch 2026
B57: Sản lượng NVL hòa vốn (tấn) | D57: -2856939.5 | E57: 8662919.1 | F57: 5511009.8 | G57: 601629.18 | H57: 720518.9 | I57: 544782.69 | J57: 554511.22 | K57: 534245.85 | L57: 556646.15 | M57: 561001.6 | N57: 569882.21 | O57: 563406.49 | P57: 531286.09 | Q57: 540997.39 | R57: 545833.12 | S57: 6749217.8
B58: Sản lượng thành phẩm hòa vốn (tấn) | D58: -2594752.9 | E58: 7940684 | F58: 5005254.3 | G58: 541764.23 | H58: 648823.86 | I58: 490574.23 | J58: 499334.73 | K58: 481085.86 | L58: 501257.22 | M58: 505179.29 | N58: 513176.24 | O58: 507344.88 | P58: 478420.62 | Q58: 487165.59 | R58: 491520.14 | S58: 6077638.7
B59: Doanh thu hòa vốn (triệu đồng) | D59: -3.6224122e+10 | E59: 1.2089115e+11 | F59: 7.2125402e+10 | G59: 7.5824153e+09 | H59: 9.0807987e+09 | I59: 6.8659711e+09 | J59: 6.9885811e+09 | K59: 6.7331739e+09 | L59: 7.0154879e+09 | M59: 7.0703803e+09 | N59: 7.1823039e+09 | O59: 7.1006894e+09 | P59: 6.6958717e+09 | Q59: 6.8182644e+09 | R59: 6.8792098e+09 | S59: 8.5061319e+10
B60: 2. Hòa vốn (Không bao gồm khấu hao) | D60: Thực tế năm 2023 | E60: Thực tế năm 2024 | F60: KQKD 2025 | G60: T1 | H60: T2 | I60: T3 | J60: T4 | K60: T5 | L60: T6 | M60: T7 | N60: T8 | O60: T9 | P60: T10 | Q60: T11 | R60: T12 | S60: Kế hoạch 2026
B61: Sản lượng NVL hòa vốn (tấn) | D61: -2205461.6 | E61: 6579324.4 | F61: 4349549.8 | G61: 528414.8 | H61: 637704.37 | I61: 473514.37 | J61: 482270.26 | K61: 463603.65 | L61: 484811.48 | M61: 487056.67 | N61: 495103.53 | O61: 489119.56 | P61: 460410.86 | Q61: 469162.72 | R61: 474665.45 | S61: 5877786.9
B62: Sản lượng thành phẩm hòa vốn (tấn) | D62: -2003062.3 | E62: 6030800.4 | F62: 3950383.6 | G62: 475835.03 | H62: 574249.77 | I62: 426397.45 | J62: 434282.09 | K62: 417472.89 | L62: 436570.44 | M62: 438592.23 | N62: 445838.39 | O62: 440449.85 | P62: 414597.8 | Q62: 422478.81 | R62: 427433.99 | S62: 5292919.3
B63: Doanh thu hòa vốn (triệu đồng) | D63: -2.7963809e+10 | E63: 9.1814561e+10 | F63: 5.6924781e+10 | G63: 6.6596843e+09 | H63: 8.0370759e+09 | I63: 5.9677667e+09 | J63: 6.0781184e+09 | K63: 5.8428605e+09 | L63: 6.1101457e+09 | M63: 6.1384422e+09 | N63: 6.2398578e+09 | O63: 6.164441e+09 | P63: 5.8026214e+09 | Q63: 5.9129222e+09 | R63: 5.9822739e+09 | S63: 7.4078557e+10

Sheet PL-KH26-DaiLoc
E1: 22617107745 | R1: 2.3161896e+10
R2: 1.6873505e+10
B3: MỤC TIÊU KẾT QUẢ KINH DOANH NĂM 2026 | F3: 13307.439 | G3: 13277.288 | H3: 13317.825 | I3: 13140.123 | J3: 13150.499 | K3: 13155.331 | L3: 13178.937 | M3: 13179.046 | N3: 13117.508 | O3: 14300000000 | P3: 14300000000 | Q3: 14300000000 | R3: ĐVT: Triệu đồng
B4: STT | C4: Mục phí | D4: Thực tế năm 2024 | E4: KQKD 2025 | F4: T1 | G4: T2 | H4: T3 | I4: T4 | J4: T5 | K4: T6 | L4: T7 | M4: T8 | N4: T9 | O4: T10 | P4: T11 | Q4: T12 | R4: KH 2026
B5: 1 | C5: SẢN LƯỢNG BÁN (TẤN) | D5: 0 | E5: 9805731 | F5: 760725 | G5: 591675 | H5: 845250 | I5: 1055250 | J5: 1055250 | K5: 1055250 | L5: 1055250 | M5: 1055250 | N5: 1055250 | O5: 1057212 | P5: 1057212 | Q5: 1057212 | R5: 11700786
B6: 1.1 | C6: Chai PET | D6: 0 | E6: 7883386 | F6: 519750 | G6: 404250 | H6: 577500 | I6: 720000 | J6: 720000 | K6: 720000 | L6: 720000 | M6: 720000 | N6: 720000 | O6: 78000 | P6: 78000 | Q6: 78000 | R6: 6055500
B7: 1.2 | C7: Vảy PET | D7: 0 | E7: 1688932 | F7: 240975 | G7: 187425 | H7: 267750 | I7: 335250 | J7: 335250 | K7: 335250 | L7: 335250 | M7: 335250 | N7: 335250 | O7: 979212 | P7: 979212 | Q7: 979212 | R7: 5645286
B8: 1.3 | C8: Vảy HD | D8: 0 | E8: 233413 | F8: 0 | G8: 0 | H8: 0 | I8: 0 | J8: 0 | K8: 0 | L8: 0 | M8: 0 | N8: 0 | O8: 0 | P8: 0 | Q8: 0 | R8: 0
B9: 1.4 | C9: Dây Đai PET | F9: 0 | G9: 0 | H9: 0 | I9: 0 | J9: 0 | K9: 0 | L9: 0 | M9: 0 | N9: 0 | O9: 0 | P9: 0 | Q9: 0 | R9: 0
B10: 2 | C10: DOANH THU | D10: 64684339330 | E10: 173927684403 | F10: 11515218750 | G10: 8956281250 | H10: 12794687500 | I10: 15974312500 | J10: 15974312500 | K10: 15974312500 | L10: 15974312500 | M10: 15974312500 | N10: 15974312500 | O10: 17334395000 | P10: 17334395000 | Q10: 17334395000 | R10: 181115247500
B11: 2.1 | C11: Chai PET | D11: 64684339330 | E11: 140227158729 | F11: 7626150000 | G11: 5931450000 | H11: 8473500000 | I11: 10563750000 | J11: 10563750000 | K11: 10563750000 | L11: 10563750000 | M11: 10563750000 | N11: 10563750000 | O11: 924300000 | P11: 924300000 | Q11: 924300000 | R11: 88186500000
B12: 2.2 | C12: Vảy PET | D12: 0 | E12: 30731028704 | F12: 3889068750 | G12: 3024831250 | H12: 4321187500 | I12: 5410562500 | J12: 5410562500 | K12: 5410562500 | L12: 5410562500 | M12: 5410562500 | N12: 5410562500 | O12: 16410095000 | P12: 16410095000 | Q12: 16410095000 | R12: 92928747500
B13: 2.3 | C13: Vảy HD | D13: 0 | E13: 2969496970 | F13: 0 | G13: 0 | H13: 0 | I13: 0 | J13: 0 | K13: 0 | L13: 0 | M13: 0 | N13: 0 | O13: 0 | P13: 0 | Q13: 0 | R13: 0
B14: 2.4 | C14: Dây Đai PET | F14: 0 | G14: 0 | H14: 0 | I14: 0 | J14: 0 | K14: 0 | L14: 0 | M14: 0 | N14: 0 | O14: 0 | P14: 0 | Q14: 0 | R14: 0
B15: 2.4 | C15: Khác | D15: 0 | E15: 0 | F15: 0 | G15: 0 | H15: 0 | I15: 0 | J15: 0 | K15: 0 | L15: 0 | M15: 0 | N15: 0 | O15: 0 | P15: 0 | Q15: 0 | R15: 0
B16: 3 | C16: BIẾN PHÍ | D16: 0 | E16: 1.5804639e+11 | F16: 1.0382402e+10 | G16: 8.057362e+09 | H16: 1.1544781e+10 | I16: 1.4225483e+10 | J16: 1.4236432e+10 | K16: 1.4241531e+10 | L16: 1.4266442e+10 | M16: 1.4266557e+10 | N16: 1.420162e+10 | O16: 1.5207174e+10 | P16: 1.5205807e+10 | Q16: 1.5196076e+10 | R16: 1.6103167e+11
B17: 3.1 | C17: BIẾN PHÍ SẢN XUẤT | D17: 0 | E17: 1.5491849e+11 | F17: 1.0123301e+10 | G17: 7.8558393e+09 | H17: 1.1256891e+10 | I17: 1.3866114e+10 | J17: 1.3877064e+10 | K17: 1.3882163e+10 | L17: 1.3907073e+10 | M17: 1.3907188e+10 | N17: 1.3842251e+10 | O17: 1.4877517e+10 | P17: 1.487615e+10 | Q17: 1.4866419e+10 | R17: 1.5713797e+11
B18: 3.1.1 | C18: Nguyên vật liệu chính (nhựa, gồm hao hụt) | D18: 0 | E18: 1.4456918e+11 | F18: 9000000000 | G18: 7000000000 | H18: 10000000000 | I18: 12500000000 | J18: 12500000000 | K18: 12500000000 | L18: 12500000000 | M18: 12500000000 | N18: 12500000000 | O18: 13000000000 | P18: 13000000000 | Q18: 13000000000 | R18: 140000000000
B19: 3.1.2 | C19: Trong đó: i/ Hao hụt CĐ phân loại chai | D19: 0 | E19: 1.3748236e+10 | F19: 1125000000 | G19: 875000000 | H19: 1250000000 | I19: 1575000000 | J19: 1575000000 | K19: 1575000000 | L19: 1575000000 | M19: 1575000000 | N19: 1575000000 | O19: 1638000000 | P19: 1638000000 | Q19: 1638000000 | R19: 17614000000
C20: ii/ Hao hụt CĐ băm vảy | D20: 0 | E20: 1.715399e+09 | F20: 267750000 | G20: 208250000 | H20: 297500000 | I20: 372500000 | J20: 372500000 | K20: 372500000 | L20: 372500000 | M20: 372500000 | N20: 372500000 | O20: 1192360000 | P20: 1192360000 | Q20: 1192360000 | R20: 6585580000
B21: 3.1.3 | C21: % chi phí nguyên liệu/doanh thu | D21: 0 | E21: 0.83120281 | F21: 0.78157438 | G21: 0.78157438 | H21: 0.78157438 | I21: 0.78250629 | J21: 0.78250629 | K21: 0.78250629 | L21: 0.78250629 | M21: 0.78250629 | N21: 0.78250629 | O21: 0.74995407 | P21: 0.74995407 | Q21: 0.74995407 | R21: 0.77298848
B22: 3.1.4 | C22: Vật tư tiêu hao(dao băm, dao tách nhãn, bùn, nhãn, dao jumbo, dây đai) | D22: 0 | E22: 2.7789895e+09 | F22: 3.0802692e+08 | G22: 2.3889538e+08 | H22: 3.3811419e+08 | I22: 4.2242376e+08 | J22: 4.2112376e+08 | K22: 4.2078209e+08 | L22: 4.2015876e+08 | M22: 4.2027376e+08 | N22: 4.2000876e+08 | O22: 6.7165656e+08 | P22: 6.7011656e+08 | Q22: 6.7023156e+08 | R22: 5.4218121e+09
B23: 3.1.5 | C23: Điện sản xuất | D23: 0 | E23: 1409501660 | F23: 1.1567843e+08 | G23: 89972114 | H23: 1.2853159e+08 | I23: 1.6071292e+08 | J23: 1.6071292e+08 | K23: 1.6071292e+08 | L23: 1.6071292e+08 | M23: 1.6071292e+08 | N23: 1.6071292e+08 | O23: 3.4009604e+08 | P23: 3.4009604e+08 | Q23: 3.4009604e+08 | R23: 2.3187478e+09
B24: 3.1.6 | C24: Nhân công trực tiếp | D24: 0 | E24: 6160821040 | F24: 6.995961e+08 | G24: 5.2697176e+08 | H24: 7.902456e+08 | I24: 7.8297773e+08 | J24: 7.9522688e+08 | K24: 8.0066773e+08 | L24: 826201238 | M24: 826201238 | N24: 7.6152914e+08 | O24: 8.6576475e+08 | P24: 8.6593773e+08 | Q24: 8.5609124e+08 | R24: 9.3974111e+09 | S24: 9050781100
B25: 3.2 | C25: BIẾN PHÍ BÁN HÀNG | D25: 0 | E25: 3127900000 | F25: 259100625 | G25: 2.0152271e+08 | H25: 2.8788958e+08 | I25: 359368750 | J25: 359368750 | K25: 359368750 | L25: 359368750 | M25: 359368750 | N25: 359368750 | O25: 3.2965703e+08 | P25: 3.2965703e+08 | Q25: 3.2965703e+08 | R25: 3.8936965e+09 | S25: -3.4663001e+08
C26: Chi phí vận chuyển | D26: 0 | E26: 3127900000 | F26: 259100625 | G26: 2.0152271e+08 | H26: 2.8788958e+08 | I26: 359368750 | J26: 359368750 | K26: 359368750 | L26: 359368750 | M26: 359368750 | N26: 359368750 | O26: 3.2965703e+08 | P26: 3.2965703e+08 | Q26: 3.2965703e+08 | R26: 3.8936965e+09
B27: 4 | C27: LÃI SAU BIẾN PHÍ | D27: 64684339330 | E27: 1.5881292e+10 | F27: 1.1328167e+09 | G27: 8.9891929e+08 | H27: 1.2499065e+09 | I27: 1.7488293e+09 | J27: 1.7378802e+09 | K27: 1.732781e+09 | L27: 1.7078708e+09 | M27: 1.7077558e+09 | N27: 1.7726929e+09 | O27: 2.1272206e+09 | P27: 2.1285876e+09 | Q27: 2.1383191e+09 | R27: 2.008358e+10 | S27: 2.0887573e+11 | T27: #DIV/0!
B28: 4.1 | C28: % lãi biến phí/doanh thu | D28: 0 | E28: 0.091309744 | F28: 0.09837561 | G28: 0.10036747 | H28: 0.097689493 | I28: 0.1094776 | J28: 0.10879217 | K28: 0.10847296 | L28: 0.10691357 | M28: 0.10690637 | N28: 0.11097147 | O28: 0.12271675 | P28: 0.12279561 | Q28: 0.12335701 | R28: 0.1108884 | S28: 1.7406311e+10 | T28: #DIV/0!
B29: 5 | C29: CHI PHÍ SẢN XUẤT CHUNG | D29: 0 | E29: 11547786451 | F29: 9.8327029e+08 | G29: 9.7009247e+08 | H29: 9.4610202e+08 | I29: 9.8519882e+08 | J29: 9.9516998e+08 | K29: 1.0293843e+09 | L29: 1.031294e+09 | M29: 1.0384301e+09 | N29: 1.0926207e+09 | O29: 1.0841983e+09 | P29: 1.124734e+09 | Q29: 1.120583e+09 | R29: 1.2401078e+10 | S29: 1.695734e+10 | T29: #DIV/0!
B30: 5.1 | C30: Lương gián tiếp Sản xuất | D30: 0 | E30: 3749845944 | F30: 2.9691432e+08 | G30: 2.9460366e+08 | H30: 2.8225475e+08 | I30: 3.0506017e+08 | J30: 2.8977549e+08 | K30: 3.0532267e+08 | L30: 2.9807777e+08 | M30: 2.9807777e+08 | N30: 3.0496893e+08 | O30: 2.9016716e+08 | P30: 3.0532267e+08 | Q30: 2.9807777e+08 | R30: 3.5686231e+09
B31: 5.2 | C31: Chi phí thuê xưởng | D31: 0 | E31: 5585152224 | F31: 461679352 | G31: 461679352 | H31: 461679352 | I31: 461679352 | J31: 461679352 | K31: 461679352 | L31: 461679352 | M31: 461679352 | N31: 461679352 | O31: 461679352 | P31: 461679352 | Q31: 461679352 | R31: 5540152224
B32: 5.3 | C32: Chi phí sản xuất (Ngoài lương, BOM, thuê xưởng, khấu hao) | D32: 0 | E32: 2212788283 | F32: 2.2467662e+08 | G32: 2.1380946e+08 | H32: 2.0216791e+08 | I32: 2.184593e+08 | J32: 2.4371514e+08 | K32: 2.6238226e+08 | L32: 2.7153692e+08 | M32: 2.7867294e+08 | N32: 3.2597238e+08 | O32: 3.3235184e+08 | P32: 3.5773196e+08 | Q32: 3.6082585e+08 | R32: 3.2923026e+09
B33: 6 | C33: CHI PHÍ KHẤU HAO, CCDC | D33: 0 | E33: 7149747131 | F33: 3.7748461e+08 | G33: 3.7748461e+08 | H33: 3.7492098e+08 | I33: 3.7492098e+08 | J33: 3.7492098e+08 | K33: 3.7492098e+08 | L33: 3.7492098e+08 | M33: 3.7492098e+08 | N33: 3.7492098e+08 | O33: 3.9228209e+08 | P33: 3.9228209e+08 | Q33: 3.9228209e+08 | R33: 4.5562623e+09
B34: 7 | C34: LỢI NHUẬN GỘP | D34: 64684339330 | E34: -2.8162412e+09 | F34: -2.2793823e+08 | G34: -4.486578e+08 | H34: -71116452 | I34: 3.8870955e+08 | J34: 3.6778923e+08 | K34: 3.2847575e+08 | L34: 3.0165582e+08 | M34: 2.944048e+08 | N34: 3.051513e+08 | O34: 6.5074018e+08 | P34: 6.1157158e+08 | Q34: 6.2545408e+08 | R34: 3.1262398e+09
B35: 7.1 | C35: % lãi gộp/doanh thu | D35: 0 | E35: -0.016192024 | F35: -0.01979452 | G35: -0.050094206 | H35: -0.0055582798 | I35: 0.024333413 | J35: 0.023023791 | K35: 0.020562747 | L35: 0.018883806 | M35: 0.018429889 | N35: 0.019102625 | O35: 0.037540404 | P35: 0.035280815 | Q35: 0.036081679 | R35: 0.017261053
B36: 8 | C36: CHI PHÍ BÁN HÀNG & MKT & R&D | D36: 0 | E36: 0 | F36: 0 | G36: 0 | H36: 0 | I36: 0 | J36: 0 | K36: 0 | L36: 0 | M36: 0 | N36: 0 | O36: 0 | P36: 0 | Q36: 0 | R36: 0
B37: 8.1 | C37: Lương | D37: 0 | E37: 0 | F37: 0 | G37: 0 | H37: 0 | I37: 0 | J37: 0 | K37: 0 | L37: 0 | M37: 0 | N37: 0 | O37: 0 | P37: 0 | Q37: 0 | R37: 0
B38: 8.2 | C38: Chi phí bán hàng (ngoài lương, khấu hao) | D38: 0 | E38: 0 | F38: 0 | G38: 0 | H38: 0 | I38: 0 | J38: 0 | K38: 0 | L38: 0 | M38: 0 | N38: 0 | O38: 0 | P38: 0 | Q38: 0 | R38: 0
B39: 83 | C39: Khấu hao tài sản | D39: 0 | E39: 0 | F39: 0 | G39: 0 | H39: 0 | I39: 0 | J39: 0 | K39: 0 | L39: 0 | M39: 0 | N39: 0 | O39: 0 | P39: 0 | Q39: 0 | R39: 0
B40: 9 | C40: CHI PHÍ QUẢN LÝ | D40: 0 | E40: 3919574163 | F40: 5.5148923e+08 | G40: 4.8534478e+08 | H40: 5.1455941e+08 | I40: 5.1939125e+08 | J40: 5.0091629e+08 | K40: 6.637032e+08 | L40: 4.8847633e+08 | M40: 5.1885133e+08 | N40: 4.9754154e+08 | O40: 4.7906152e+08 | P40: 4.9459824e+08 | Q40: 4.9062235e+08 | R40: 6.2045555e+09 | S40: 6.2045555e+09
B41: 9.1 | C41: Lương | D41: 0 | E41: 2289784061 | F41: 3.2479914e+08 | G41: 3.2569102e+08 | H41: 3.0965466e+08 | I41: 3.3272325e+08 | J41: 3.1993578e+08 | K41: 3.3302825e+08 | L41: 3.2580138e+08 | M41: 3.2580138e+08 | N41: 3.3340988e+08 | O41: 3.1779652e+08 | P41: 3.3333325e+08 | Q41: 3.2549638e+08 | R41: 3.9074709e+09 | S41: Chuyển CP lương Bp MH + An toàn: 627 -> 642
B42: 9.2 | C42: Chi phí quản lý (ngoài lương, khấu hao) | D42: 0 | E42: 1543688629 | F42: 2.2404662e+08 | G42: 1.5701029e+08 | H42: 2.0226129e+08 | I42: 1.8402454e+08 | J42: 1.7833704e+08 | K42: 3.2803148e+08 | L42: 1.6003148e+08 | M42: 1.9040648e+08 | N42: 1.6148819e+08 | O42: 1.5862153e+08 | P42: 1.5862153e+08 | Q42: 1.624825e+08 | R42: 2.265363e+09 | S42: PS: lương GĐ
B43: 9.3 | C43: Khấu hao tài sản | D43: 0 | E43: 86101473 | F43: 2643466 | G43: 2643466 | H43: 2643466 | I43: 2643466 | J43: 2643466 | K43: 2643466 | L43: 2643466 | M43: 2643466 | N43: 2643466 | O43: 2643466 | P43: 2643466 | Q43: 2643466 | R43: 31721592
B44: 10 | C44: DOANH THU/CHI PHÍ KHÁC | D44: 0 | E44: 82396393 | F44: 0 | G44: 0 | H44: 0 | I44: 0 | J44: 0 | K44: 0 | L44: 0 | M44: 0 | N44: 0 | O44: 0 | P44: 0 | Q44: 0 | R44: 0
B45: 11 | C45: LỢI NHUẬN THUẦN TỪ HOẠT ĐỘNG KINH DOANH | D45: 64684339330 | E45: -6.653419e+09 | F45: -7.7942746e+08 | G45: -9.3400257e+08 | H45: -5.8567586e+08 | I45: -1.3068171e+08 | J45: -1.3312706e+08 | K45: -3.3522744e+08 | L45: -1.8682051e+08 | M45: -2.2444654e+08 | N45: -1.9239024e+08 | O45: 1.7167867e+08 | P45: 1.1697334e+08 | Q45: 1.3483173e+08 | R45: -3.0783157e+09
B46: 12 | C46: DOANH THU TÀI CHÍNH | D46: 0 | E46: 0 | F46: 0 | G46: 0 | H46: 0 | I46: 0 | J46: 0 | K46: 0 | L46: 0 | M46: 0 | N46: 0 | O46: 0 | P46: 0 | Q46: 0 | R46: 0
B47: 13 | C47: CHI PHÍ TÀI CHÍNH | D47: 0 | E47: 0 | F47: 0 | G47: 0 | H47: 0 | I47: 0 | J47: 0 | K47: 0 | L47: 0 | M47: 0 | N47: 0 | O47: 0 | P47: 0 | Q47: 0 | R47: 0
B48: 13.1 | C48: Trong đó: chi phí lãi vay | D48: 0 | E48: 0 | F48: 0 | G48: 0 | H48: 0 | I48: 0 | J48: 0 | K48: 0 | L48: 0 | M48: 0 | N48: 0 | O48: 0 | P48: 0 | Q48: 0 | R48: 0
B49: 14 | C49: LỢI NHUẬN TRƯỚC THUẾ | D49: 64684339330 | E49: -6.653419e+09 | F49: -7.7942746e+08 | G49: -9.3400257e+08 | H49: -5.8567586e+08 | I49: -1.3068171e+08 | J49: -1.3312706e+08 | K49: -3.3522744e+08 | L49: -1.8682051e+08 | M49: -2.2444654e+08 | N49: -1.9239024e+08 | O49: 1.7167867e+08 | P49: 1.1697334e+08 | Q49: 1.3483173e+08 | R49: -3.0783157e+09
B50: 15 | C50: THUẾ TNDN | D50: 0 | E50: 0 | R50: 0
B51: 16 | C51: LỢI NHUẬN SAU THUẾ | D51: 64684339330 | E51: -6.7797608e+09 | F51: -7.7942746e+08 | G51: -9.3400257e+08 | H51: -5.8567586e+08 | I51: -1.3068171e+08 | J51: -1.3312706e+08 | K51: -3.3522744e+08 | L51: -1.8682051e+08 | M51: -2.2444654e+08 | N51: -1.9239024e+08 | O51: 1.7167867e+08 | P51: 1.1697334e+08 | Q51: 1.3483173e+08 | R51: -3.0783157e+09
B52: 16.1 | C52: % LNST/doanh thu | D52: 0.37864333 | E52: -0.038980343 | F52: -0.067686726 | G52: -0.10428464 | H52: -0.045774925 | I52: -0.0081807406 | J52: -0.0083338208 | K52: -0.020985407 | L52: -0.011695058 | M52: -0.014050466 | N52: -0.012043726 | O52: 0.0099039319 | P52: 0.0067480484 | Q52: 0.0077782772 | R52: -0.016996447
B53: 17 | C53: Khấu hao tài sản | D53: 0 | E53: 7235848604 | F53: 3.8012808e+08 | G53: 3.8012808e+08 | H53: 3.7756444e+08 | I53: 3.7756444e+08 | J53: 3.7756444e+08 | K53: 3.7756444e+08 | L53: 3.7756444e+08 | M53: 3.7756444e+08 | N53: 3.7756444e+08 | O53: 3.9492555e+08 | P53: 3.9492555e+08 | Q53: 3.9492555e+08 | R53: 4.5879839e+09
B54: 18 | C54: LỢI NHUẬN KHÔNG BAO GỒM KHẤU HAO, LÃI VAY | D54: 64684339330 | E54: 5.8242961e+08 | F54: -3.9929938e+08 | G54: -5.5387449e+08 | H54: -2.0811142e+08 | I54: 2.4688273e+08 | J54: 2.4443738e+08 | K54: 42336998 | L54: 1.9074393e+08 | M54: 1.5311791e+08 | N54: 1.851742e+08 | O54: 5.6660422e+08 | P54: 5.1189889e+08 | Q54: 5.2975728e+08 | R54: 1.5096683e+09
B55: 18.1 | C55: % LN không gồm khấu hao/doanh thu | D55: 2.2164681e-12 | E55: 0.0033486883 | F55: -0.034675796 | G55: -0.061842017 | H55: -0.016265456 | I55: 0.015454983 | J55: 0.015301903 | K55: 0.0026503174 | L55: 0.011940666 | M55: 0.009585258 | N55: 0.011591998 | O55: 0.032686703 | P55: 0.029530819 | Q55: 0.030561048 | R55: 0.0083354012
B58: 1. Hòa vốn (Bao gồm khấu hao) | D58: Thực tế năm 2024 | E58: KQKD 2025 | F58: T1 | G58: T2 | H58: T3 | I58: T4 | J58: T5 | K58: T6 | L58: T7 | M58: T8 | N58: T9 | O58: T10 | P58: T11 | Q58: T12 | R58: KH 2026
B59: Sản lượng NVL hòa vốn (tấn) | D59: 0 | E59: 15458400 | F59: 1482857.3 | G59: 1393139 | H59: 1433406.9 | I59: 1310797.2 | J59: 1313087.6 | K59: 1455615.5 | L59: 1353073.9 | M59: 1379954.9 | N59: 1352027.3 | O59: 1183488.7 | P59: 1216641.7 | Q59: 1206211.9 | R59: 15826760
B60: Sản lượng thành phẩm hòa vốn (tấn) | D60: 0 | E60: 13964687 | F60: 1284137.1 | G60: 1206442.1 | H60: 1241313.6 | I60: 1134103.8 | J60: 1136085.5 | K60: 1259400.9 | L60: 1170681.6 | M60: 1193939.2 | N60: 1169776.2 | O60: 971889.05 | P60: 999114.5 | Q60: 990549.49 | R60: 13494227
B61: Doanh thu hòa vốn (triệu đồng) | D61: 0 | E61: 2.4769654e+11 | F61: 1.9438193e+10 | G61: 1.8262111e+10 | H61: 1.8789967e+10 | I61: 1.7167997e+10 | J61: 1.7197995e+10 | K61: 1.9064736e+10 | L61: 1.772171e+10 | M61: 1.8073781e+10 | N61: 1.7708004e+10 | O61: 1.5935412e+10 | P61: 1.6381809e+10 | Q61: 1.6241375e+10 | R61: 2.0887573e+11
B62: 2. Hòa vốn (Không bao gồm khấu hao) | D62: Thực tế năm 2024 | E62: KQKD 2025 | F62: T1 | G62: T2 | H62: T3 | I62: T4 | J62: T5 | K62: T6 | L62: T7 | M62: T8 | N62: T9 | O62: T10 | P62: T11 | Q62: T12 | R62: KH 2026
B63: Sản lượng NVL hòa vốn (tấn) | D63: 0 | E63: 10512823 | F63: 1188085.5 | G63: 1104217.1 | H63: 1138566.7 | I63: 1047478.5 | J63: 1048109.9 | K63: 1189858.1 | L63: 1083440.2 | M63: 1110303 | N63: 1092253.4 | O63: 944480.85 | P63: 977787.33 | Q63: 968444.56 | R63: 12691744
B64: Sản lượng thành phẩm hòa vốn (tấn) | D64: 0 | E64: 9496990.9 | F64: 1028868.1 | G64: 956239.09 | H64: 985985.47 | I64: 906280.06 | J64: 906826.33 | K64: 1029467.1 | L64: 937394.17 | M64: 960635.96 | N64: 945019.36 | O64: 775614.14 | P64: 802965.65 | Q64: 795293.3 | R64: 10821246
B65: Doanh thu hòa vốn (triệu đồng) | D65: 0 | E65: 1.6845145e+11 | F65: 1.5574145e+10 | G65: 1.4474748e+10 | H65: 1.4925023e+10 | I65: 1.3719214e+10 | J65: 1.3727484e+10 | K65: 1.5584012e+10 | L65: 1.4190218e+10 | M65: 1.4542051e+10 | N65: 1.4305648e+10 | O65: 1.2717224e+10 | P65: 1.3165688e+10 | Q65: 1.303989e+10 | R65: 1.6750094e+11

Sheet PL-KH26-TanDaiPhat
A2: PHẦN II-KẾT QUẢ HOẠT ĐỘNG KINH DOANH | B2: T01.2026 | C2: T02.2026 | D2: T03.2026 | E2: T04.2026 | F2: T05.2026 | G2: T06.2026 | H2: T07.2026 | I2: T08.2026 | J2: T09.2026 | K2: T10.2026 | L2: T11.2026 | M2: T12.2026 | N2: 2026
A3: Sản lượng (Tấn)
A4: 1.Doanh thu bán hàng và cung cấp dịch vụ | B4: 0 | C4: 0 | D4: 0 | E4: 0 | F4: 0 | G4: 0 | H4: 0 | I4: 0 | J4: 0 | K4: 0 | L4: 0 | M4: 0 | N4: 0
A5: 2.Các khoản giảm trừ doanh thu | B5: 0 | C5: 0 | D5: 0 | E5: 0 | F5: 0 | G5: 0 | H5: 0 | I5: 0 | J5: 0 | K5: 0 | L5: 0 | M5: 0 | N5: 0
A6: 3.Doanh thu thuần về bán hàng và cung cấp dịch vụ | B6: 0 | C6: 0 | D6: 0 | E6: 0 | F6: 0 | G6: 0 | H6: 0 | I6: 0 | J6: 0 | K6: 0 | L6: 0 | M6: 0 | N6: 0
A7: 4.Giá vốn hàng bán | N7: 0
A8: 5.Lợi nhuận gộp về bán hàng | B8: 0 | C8: 0 | D8: 0 | E8: 0 | F8: 0 | G8: 0 | H8: 0 | I8: 0 | J8: 0 | K8: 0 | L8: 0 | M8: 0 | N8: 0
A9: 6.Lãi/lỗ của hoạt động bán, thanh lý bất động sản đầu tư | B9: 0 | C9: 0 | D9: 0 | E9: 0 | F9: 0 | G9: 0 | H9: 0 | I9: 0 | J9: 0 | K9: 0 | L9: 0 | M9: 0 | N9: 0
A10: 7.Doanh thu hoạt động tài chính | B10: 5548.1111 | C10: 5548.1111 | D10: 5548.1111 | E10: 5548.1111 | F10: 5548.1111 | G10: 5548.1111 | H10: 5548.1111 | I10: 5548.1111 | J10: 5548.1111 | K10: 5548.1111 | L10: 5548.1111 | M10: 5548.1111 | N10: 66577.333
A11: 8.Chi phí tài chính | B11: 0 | C11: 0 | D11: 0 | E11: 0 | F11: 0 | G11: 0 | H11: 0 | I11: 0 | J11: 0 | K11: 0 | L11: 0 | M11: 0 | N11: 0
A12: Trong đó: Chi phí lãi vay | B12: 0 | C12: 0 | D12: 0 | E12: 0 | F12: 0 | G12: 0 | H12: 0 | I12: 0 | J12: 0 | K12: 0 | L12: 0 | M12: 0 | N12: 0
A13: 9.Chi phí bán hàng | B13: 0 | C13: 0 | D13: 0 | E13: 0 | F13: 0 | G13: 0 | H13: 0 | I13: 0 | J13: 0 | K13: 0 | L13: 0 | M13: 0 | N13: 0
A14: 10.Chi phí quản lý doanh nghiệp | B14: 4984737 | C14: 4584737 | D14: 4584737 | E14: 4984737 | F14: 4584737 | G14: 4584737 | H14: 4584737 | I14: 4984737 | J14: 4584737 | K14: 4584737 | L14: 4984737 | M14: 4584737 | N14: 56616844
A15: 11.Lợi nhuận thuần từ hoạt động kinh doanh | B15: -4979188.9 | C15: -4579188.9 | D15: -4579188.9 | E15: -4979188.9 | F15: -4579188.9 | G15: -4579188.9 | H15: -4579188.9 | I15: -4979188.9 | J15: -4579188.9 | K15: -4579188.9 | L15: -4979188.9 | M15: -4579188.9 | N15: -56550267
A16: 12.Thu nhập khác | B16: 0 | C16: 0 | D16: 0 | E16: 0 | F16: 0 | G16: 0 | H16: 0 | I16: 0 | J16: 0 | K16: 0 | L16: 0 | M16: 0 | N16: 0
A17: 13.Chi phí khác | B17: 0 | C17: 0 | D17: 0 | E17: 0 | F17: 0 | G17: 0 | H17: 0 | I17: 0 | J17: 0 | K17: 0 | L17: 0 | M17: 0 | N17: 0
A18: 14.Lợi nhuận khác | B18: 0 | C18: 0 | D18: 0 | E18: 0 | F18: 0 | G18: 0 | H18: 0 | I18: 0 | J18: 0 | K18: 0 | L18: 0 | M18: 0 | N18: 0
A19: 15.Tổng lợi nhuận kế toán trước thuế | B19: -4979188.9 | C19: -4579188.9 | D19: -4579188.9 | E19: -4979188.9 | F19: -4579188.9 | G19: -4579188.9 | H19: -4579188.9 | I19: -4979188.9 | J19: -4579188.9 | K19: -4579188.9 | L19: -4979188.9 | M19: -4579188.9 | N19: -56550267
... A22: 18.Lợi nhuận sau thuế thu nhập doanh nghiệp | B22: -4979188.9 | C22: -4579188.9 | D22: -4579188.9 | E22: -4979188.9 | F22: -4579188.9 | G22: -4579188.9 | H22: -4579188.9 | I22: -4979188.9 | J22: -4579188.9 | K22: -4579188.9 | L22: -4979188.9 | M22: -4579188.9 | N22: -56550267

Sheet Consol PL-DTRG-Cũ
B1: GROUP TÁI CHẾ | C1: =C17-C21-C27 -> 0 | Q1: Phân bổ LG nội bộ | R1: 0
B2: VND
A3: Index PL | B3: PHẦN II-KẾT QUẢ HOẠT ĐỘNG KINH DOANH | C3: HỢP NHẤT | Q3: ĐIỀU CHỈNH | AE3: TỔNG | AS3: DTR | BG3: 3 TRẠM | BU3: ĐỒNG LÂM | CI3: KHÁNH NGA | CW3: ĐẠI LỘC | DK3: TÂN ĐẠI PHÁT | DY3: LƯU CÔNG THỨC
C4: 1 | D4: 2 | E4: 3 | F4: 4 | G4: 5 | H4: 6 | I4: 7 | J4: 8 | K4: 9 | L4: 10 | M4: 11 | N4: 12 | O4: TỔNG | Q4: 1 | R4: 2 | S4: 3 | T4: 4 | U4: 5 | V4: 6 | W4: 7 | X4: 8 | Y4: 9 | Z4: 10 | AA4: 11 | AB4: 12 | AC4: TỔNG | AE4: 1 | AF4: 2 | AG4: 3 | AH4: 4 | AI4: 5 | AJ4: 6 | AK4: 7 | AL4: 8 | AM4: 9 | AN4: 10 | AO4: 11 | AP4: 12 | AQ4: TỔNG | AS4: 1 | AT4: 2 | AU4: 3 | AV4: 4 | AW4: 5 | AX4: 6 | AY4: 7 | AZ4: 8 | BA4: 9 | BB4: 10 | BC4: 11 | BD4: 12 | BE4: TỔNG | BG4: 1 | BH4: 2 | BI4: 3 | BJ4: 4 | BK4: 5 | BL4: 6 | BM4: 7 | BN4: 8 | BO4: 9 | BP4: 10 | BQ4: 11 | BR4: 12 | BS4: TỔNG | BU4: 1 | BV4: 2 | BW4: 3 | BX4: 4 | BY4: 5 | BZ4: 6 | CA4: 7 | CB4: 8 | CC4: 9 | CD4: 10 | CE4: 11 | CF4: 12 | CG4: TỔNG | CI4: 1 | CJ4: 2 | CK4: 3 | CL4: 4 | CM4: 5 | CN4: 6 | CO4: 7 | CP4: 8 | CQ4: 9 | CR4: 10 | CS4: 11 | CT4: 12 | CU4: TỔNG | CW4: 1 | CX4: 2 | CY4: 3 | CZ4: 4 | DA4: 5 | DB4: 6 | DC4: 7 | DD4: 8 | DE4: 9 | DF4: 10 | DG4: 11 | DH4: 12 | DI4: TỔNG | DK4: 1 | DL4: 2 | DM4: 3 | DN4: 4 | DO4: 5 | DP4: 6 | DQ4: 7 | DR4: 8 | DS4: 9 | DT4: 10 | DU4: 11 | DV4: 12 | DW4: TỔNG | DY4: 1 | DZ4: 2 | EA4: 3 | EB4: 4 | EC4: 5 | ED4: 6 | EE4: 7 | EF4: 8 | EG4: 9 | EH4: 10 | EI4: 11 | EJ4: 12 | EK4: TỔNG
A5: 1 | B5: Sản lượng (tấn) | C5: =SUM(C6:C8) -> 4318.2229 | D5: =SUM(D6:D8) -> 4253.3146 | E5: =SUM(E6:E8) -> 4678.5574 | F5: =SUM(F6:F8) -> 4394.2315 | G5: =SUM(G6:G8) -> 4663.4364 | H5: =SUM(H6:H8) -> 4691.9522 | I5: =SUM(I6:I8) -> 4689.4225 | J5: =SUM(J6:J8) -> 4562.8495 | ... O5: =SUM(O6:O8) -> 55000 | Q5: =SUM(Q6:Q8) -> -2101.955 | R5: =SUM(R6:R8) -> -1488.218 | S5: =SUM(S6:S8) -> -2386.5423 | T5: =SUM(T6:T8) -> -2581.6969 | U5: =SUM(U6:U8) -> -2580.5419 | V5: =SUM(V6:V8) -> -2584.9947 | W5: =SUM(W6:W8) -> -2625.7476 | X5: =SUM(X6:X8) -> -2584.9947 | ... AC5: =SUM(AC6:AC8) -> -29233.917 | AE5: =SUM(AE6:AE8) -> 6420.1779 | AF5: =SUM(AF6:AF8) -> 5741.5326 | AG5: =SUM(AG6:AG8) -> 7065.0997 | AH5: =SUM(AH6:AH8) -> 6975.9284 | AI5: =SUM(AI6:AI8) -> 7243.9783 | AJ5: =SUM(AJ6:AJ8) -> 7276.9469 | AK5: =SUM(AK6:AK8) -> 7315.1701 | AL5: =SUM(AL6:AL8) -> 7147.8442 | ... AQ5: =SUM(AQ6:AQ8) -> 84233.917 | AS5: =SUM(AS6:AS8) -> 4318.2229 | AT5: =SUM(AT6:AT8) -> 4253.3146 | AU5: =SUM(AU6:AU8) -> 4678.5574 | AV5: =SUM(AV6:AV8) -> 4394.2315 | AW5: =SUM(AW6:AW8) -> 4663.4364 | AX5: =SUM(AX6:AX8) -> 4691.9522 | AY5: =SUM(AY6:AY8) -> 4689.4225 | AZ5: =SUM(AZ6:AZ8) -> 4562.8495 | ... BE5: =SUM(BE6:BE8) -> 55000 | BG5: =SUM(BG6:BG8) -> 2101.955 | BH5: =SUM(BH6:BH8) -> 1488.218 | BI5: =SUM(BI6:BI8) -> 2386.5423 | BJ5: =SUM(BJ6:BJ8) -> 2581.6969 | BK5: =SUM(BK6:BK8) -> 2580.5419 | BL5: =SUM(BL6:BL8) -> 2584.9947 | BM5: =SUM(BM6:BM8) -> 2625.7476 | BN5: =SUM(BN6:BN8) -> 2584.9947 | ... BS5: =SUM(BS6:BS8) -> 29233.917 | BU5: =SUM(BU6:BU8) -> 798.98 | BV5: =SUM(BV6:BV8) -> 489.618 | BW5: =SUM(BW6:BW8) -> 953.61727 | BX5: =SUM(BX6:BX8) -> 1018.8219 | BY5: =SUM(BY6:BY8) -> 1018.8219 | BZ5: =SUM(BZ6:BZ8) -> 1059.5747 | CA5: =SUM(CA6:CA8) -> 1100.3276 | CB5: =SUM(CB6:CB8) -> 1059.5747 | ... CG5: =SUM(CG6:CG8) -> 11696.882 | CI5: =SUM(CI6:CI8) -> 533.7 | CJ5: =SUM(CJ6:CJ8) -> 400.275 | CK5: =SUM(CK6:CK8) -> 578.175 | CL5: =SUM(CL6:CL8) -> 622.65 | CM5: =SUM(CM6:CM8) -> 622.65 | CN5: =SUM(CN6:CN8) -> 622.65 | CO5: =SUM(CO6:CO8) -> 622.65 | CP5: =SUM(CP6:CP8) -> 622.65 | ... CU5: =SUM(CU6:CU8) -> 7116 | CW5: =SUM(CW6:CW8) -> 769.275 | CX5: =SUM(CX6:CX8) -> 598.325 | CY5: =SUM(CY6:CY8) -> 854.75 | CZ5: =SUM(CZ6:CZ8) -> 940.225 | DA5: =SUM(DA6:DA8) -> 939.07 | DB5: =SUM(DB6:DB8) -> 902.77 | DC5: =SUM(DC6:DC8) -> 902.77 | DD5: =SUM(DD6:DD8) -> 902.77 | ... DI5: =SUM(DI6:DI8) -> 10421.035 | DK5: =SUM(DK6:DK8) -> 0 | DL5: =SUM(DL6:DL8) -> 0 | DM5: =SUM(DM6:DM8) -> 0 | DN5: =SUM(DN6:DN8) -> 0 | DO5: =SUM(DO6:DO8) -> 0 | DP5: =SUM(DP6:DP8) -> 0 | DQ5: =SUM(DQ6:DQ8) -> 0 | DR5: =SUM(DR6:DR8) -> 0 | ... DW5: =SUM(DW6:DW8) -> 0 | DY5: =SUM(DY6:DY8) -> 0 | DZ5: =SUM(DZ6:DZ8) -> 0 | EA5: =SUM(EA6:EA8) -> 0 | EB5: =SUM(EB6:EB8) -> 0 | EC5: =SUM(EC6:EC8) -> 0 | ED5: =SUM(ED6:ED8) -> 0 | EE5: =SUM(EE6:EE8) -> 0 | EF5: =SUM(EF6:EF8) -> 0 | ... EK5: =SUM(EK6:EK8) -> 0
A6: SL-BN | B6: Bán ngoài | C6: =Q6+AE6 -> 4318.2229 | D6: =R6+AF6 -> 4253.3146 | E6: =S6+AG6 -> 4678.5574 | F6: =T6+AH6 -> 4394.2315 | G6: =U6+AI6 -> 4663.4364 | H6: =V6+AJ6 -> 4691.9522 | I6: =W6+AK6 -> 4689.4225 | J6: =X6+AL6 -> 4562.8495 | ... N6: =AB6+AP6 -> 4784.5204 | O6: =SUM(C6:N6) -> 55000 | AC6: =SUM(Q6:AB6) -> 0 | AE6: =AS6+BU6+CI6+CW6+DK6 -> 4318.2229 | AF6: =AT6+BV6+CJ6+CX6+DL6 -> 4253.3146 | AG6: =AU6+BW6+CK6+CY6+DM6 -> 4678.5574 | AH6: =AV6+BX6+CL6+CZ6+DN6 -> 4394.2315 | AI6: =AW6+BY6+CM6+DA6+DO6 -> 4663.4364 | AJ6: =AX6+BZ6+CN6+DB6+DP6 -> 4691.9522 | AK6: =AY6+CA6+CO6+DC6+DQ6 -> 4689.4225 | AL6: =AZ6+CB6+CP6+DD6+DR6 -> 4562.8495 | ... AP6: =BD6+CF6+CT6+DH6+DV6 -> 4784.5204 | AQ6: =SUM(AE6:AP6) -> 55000 | AS6: 4318.2229 | AT6: 4253.3146 | AU6: 4678.5574 | AV6: 4394.2315 | AW6: 4663.4364 | AX6: 4691.9522 | AY6: 4689.4225 | AZ6: 4562.8495 | BA6: 4774.6231 | BB6: 4468.6263 | BC6: 4720.2431 | BD6: 4784.5204 | BE6: =SUM(AS6:BD6) -> 55000 | BG6: =BU6+CI6+CW6 -> 0 | BH6: =BV6+CJ6+CX6 -> 0 | BI6: =BW6+CK6+CY6 -> 0 | BJ6: =BX6+CL6+CZ6 -> 0 | BK6: =BY6+CM6+DA6 -> 0 | BL6: =BZ6+CN6+DB6 -> 0 | BM6: =CA6+CO6+DC6 -> 0 | BN6: =CB6+CP6+DD6 -> 0 | ... BR6: =CF6+CT6+DH6 -> 0 | BS6: =SUM(BG6:BR6) -> 0 | CG6: =SUM(BU6:CF6) -> 0 | CU6: =SUM(CI6:CT6) -> 0 | DI6: =SUM(CW6:DH6) -> 0 | DW6: =SUM(DK6:DV6) -> 0 | EK6: =SUM(DY6:EJ6) -> 0
